{
"type": "FeatureCollection",
"name": "bairros_sao_gabriel",
"crs": { "type": "name", "properties": { "name": "urn:ogc:def:crs:OGC:1.3:CRS84" } },
"features": [
{ "type": "Feature", "properties": { "name": "Jardim Primavera", "code_muni": 4318309.0, "name_muni": "São Gabriel" }, "geometry": { "type": "Polygon", "coordinates": [ [ [ -54.326722, -30.3189653 ], [ -54.3267187, -30.3189862 ], [ -54.326718, -30.3190024 ], [ -54.3267226, -30.3190329 ], [ -54.3267781, -30.3191618 ], [ -54.3270294, -30.3197051 ], [ -54.3272088, -30.3201059 ], [ -54.3272866, -30.3203449 ], [ -54.3273671, -30.3207894 ], [ -54.3275119, -30.3219146 ], [ -54.3275363, -30.3222395 ], [ -54.3275495, -30.3224147 ], [ -54.3275531, -30.322448 ], [ -54.3275718, -30.3226112 ], [ -54.3275832, -30.3227754 ], [ -54.3275868, -30.3228216 ], [ -54.3276069, -30.3230555 ], [ -54.3276235, -30.3232483 ], [ -54.3276672, -30.323806 ], [ -54.3277609, -30.3248491 ], [ -54.3278253, -30.3252667 ], [ -54.3278551, -30.3254364 ], [ -54.3314668, -30.3251442 ], [ -54.3336043, -30.3250169 ], [ -54.3338137, -30.325001599999986 ], [ -54.3354925, -30.324797100000012 ], [ -54.3358259, -30.3248548 ], [ -54.3359735, -30.324844 ], [ -54.3359563, -30.3247593 ], [ -54.3359831, -30.3246481 ], [ -54.335951, -30.324555499999988 ], [ -54.3358651, -30.324449 ], [ -54.3358276, -30.3241203 ], [ -54.3358061, -30.3240184 ], [ -54.3357525, -30.323935 ], [ -54.3356827, -30.323861 ], [ -54.3355808, -30.3237915 ], [ -54.3355218, -30.3237591 ], [ -54.335495, -30.3236989 ], [ -54.3355486, -30.3235553 ], [ -54.3355647, -30.3234581 ], [ -54.3355647, -30.3233423 ], [ -54.3355433, -30.3232034 ], [ -54.3355111, -30.323078400000011 ], [ -54.3354628, -30.3229256 ], [ -54.3354145, -30.3228191 ], [ -54.3353716, -30.3227172 ], [ -54.3353287, -30.3226246 ], [ -54.3353012, -30.3225589 ], [ -54.3352463, -30.3225123 ], [ -54.3351618, -30.3223085 ], [ -54.335127, -30.3222507 ], [ -54.3351203, -30.3221858 ], [ -54.3350894, -30.3221384 ], [ -54.3350384, -30.322062 ], [ -54.335025, -30.3220064 ], [ -54.3350197, -30.3219358 ], [ -54.3350371, -30.3218686 ], [ -54.3350089, -30.3216985 ], [ -54.3350116, -30.32162210000001 ], [ -54.3349928, -30.321404399999988 ], [ -54.3349647, -30.3211602 ], [ -54.3349365, -30.3208916 ], [ -54.3349231, -30.3206751 ], [ -54.3349137, -30.3205478 ], [ -54.3349003, -30.3204494 ], [ -54.3348574, -30.3203197 ], [ -54.334785, -30.320241 ], [ -54.3347018, -30.320158799999987 ], [ -54.3345409, -30.3200662 ], [ -54.3344685, -30.320006 ], [ -54.334337, -30.3198925 ], [ -54.3342378, -30.3198045 ], [ -54.3341815, -30.3196494 ], [ -54.3341278, -30.3195475 ], [ -54.3340232, -30.3194109 ], [ -54.3339079, -30.3192674 ], [ -54.3337389, -30.3191863 ], [ -54.33361020000001, -30.3191007 ], [ -54.3334761, -30.3191192 ], [ -54.3333795, -30.3191169 ], [ -54.3332159, -30.3190891 ], [ -54.3331012, -30.3190613 ], [ -54.332947, -30.319060199999985 ], [ -54.3326533, -30.3190497 ], [ -54.3325098, -30.3190474 ], [ -54.3323851, -30.3190474 ], [ -54.3322979, -30.3190254 ], [ -54.3322228, -30.3189652 ], [ -54.3321249, -30.3189293 ], [ -54.3319599, -30.3189016 ], [ -54.3317092, -30.3188344 ], [ -54.331575, -30.318793899999989 ], [ -54.3313417, -30.3187499 ], [ -54.331056, -30.3187314 ], [ -54.3309233, -30.3187186 ], [ -54.3305437, -30.3187163 ], [ -54.33036, -30.3187256 ], [ -54.3301092, -30.3187047 ], [ -54.3299228, -30.3186897 ], [ -54.3296975, -30.318692 ], [ -54.3294132, -30.3186793 ], [ -54.3292388, -30.3186827 ], [ -54.3289746, -30.3186642 ], [ -54.3287762, -30.3185982 ], [ -54.3286944, -30.3185461 ], [ -54.3286233, -30.3185334 ], [ -54.3284436, -30.3185346 ], [ -54.3283537, -30.318555400000012 ], [ -54.328225, -30.3185531 ], [ -54.3280627, -30.3185508 ], [ -54.3278702, -30.3185612 ], [ -54.3276972, -30.3185496 ], [ -54.3275698, -30.3185554 ], [ -54.327315, -30.3185519 ], [ -54.3272051, -30.3185438 ], [ -54.3270025, -30.3186249 ], [ -54.3269167, -30.318692 ], [ -54.3268403, -30.3187638 ], [ -54.3267933, -30.318824 ], [ -54.3267652, -30.3188958 ], [ -54.3267298, -30.3189319 ], [ -54.326722, -30.3189653 ] ] ] } },
{ "type": "Feature", "properties": { "name": "São Bento", "code_muni": 4318309.0, "name_muni": "São Gabriel" }, "geometry": { "type": "Polygon", "coordinates": [ [ [ -54.3419221, -30.3335822 ], [ -54.3409082, -30.3339364 ], [ -54.340947, -30.3340058 ], [ -54.3410656, -30.334176 ], [ -54.3411648, -30.3342454 ], [ -54.3412077, -30.334294 ], [ -54.3414009, -30.3344654 ], [ -54.3414221, -30.3344925 ], [ -54.3414786, -30.3345649 ], [ -54.3415312, -30.334644399999984 ], [ -54.341543, -30.334662200000011 ], [ -54.3416243, -30.3347514 ], [ -54.3417603, -30.3349006 ], [ -54.3418515, -30.3349793 ], [ -54.3419158, -30.335009400000011 ], [ -54.3420452, -30.3351084 ], [ -54.3421029, -30.3351552 ], [ -54.3424094, -30.3353057 ], [ -54.3424871, -30.3354075 ], [ -54.3425435, -30.3354538 ], [ -54.342699, -30.3357224 ], [ -54.3427898, -30.3358199 ], [ -54.3430611, -30.3361113 ], [ -54.343227400000011, -30.3362363 ], [ -54.3433642, -30.3363474 ], [ -54.343493, -30.3364493 ], [ -54.3435439, -30.3364979 ], [ -54.3436378, -30.336511799999986 ], [ -54.3438417, -30.3363937 ], [ -54.3440535, -30.336359 ], [ -54.3443057, -30.3363845 ], [ -54.3443649, -30.3363932 ], [ -54.3444099, -30.3364065 ], [ -54.3444441, -30.3364279 ], [ -54.3444737, -30.3364565 ], [ -54.3445534, -30.3366215 ], [ -54.3445683, -30.336653 ], [ -54.3445858, -30.3366899 ], [ -54.3447467, -30.3370048 ], [ -54.3448047, -30.3370949 ], [ -54.3449967, -30.337476399999989 ], [ -54.3463529, -30.3364395 ], [ -54.3463259, -30.3363804 ], [ -54.3462092, -30.3361257 ], [ -54.3462632, -30.3351052 ], [ -54.3462814, -30.334851 ], [ -54.3463077, -30.334482400000013 ], [ -54.3463152, -30.3343785 ], [ -54.3463655, -30.3336745 ], [ -54.3463718, -30.3335867 ], [ -54.3463753, -30.3335377 ], [ -54.3463796, -30.3334773 ], [ -54.3464207, -30.3329035 ], [ -54.3464363, -30.3326851 ], [ -54.3463376, -30.3327159 ], [ -54.3460848, -30.3327949 ], [ -54.3458201, -30.332256900000012 ], [ -54.3457784, -30.3321789 ], [ -54.345751, -30.3321359 ], [ -54.3457007, -30.3321562 ], [ -54.3444489, -30.3326165 ], [ -54.3444178, -30.3326287 ], [ -54.3436005, -30.3329456 ], [ -54.3431507, -30.3331226 ], [ -54.3429132, -30.3332269 ], [ -54.3419221, -30.3335822 ] ] ] } },
{ "type": "Feature", "properties": { "name": "Baltar", "code_muni": 4318309.0, "name_muni": "São Gabriel" }, "geometry": { "type": "Polygon", "coordinates": [ [ [ -54.3113516, -30.340729 ], [ -54.3118491, -30.3406532 ], [ -54.312609, -30.34041 ], [ -54.3136604, -30.3400302 ], [ -54.3138567, -30.339940399999985 ], [ -54.3133283, -30.3389116 ], [ -54.3126702, -30.3377169 ], [ -54.3123052, -30.335533499999986 ], [ -54.3123011, -30.3355238 ], [ -54.3122919, -30.3355176 ], [ -54.3122788, -30.3355177 ], [ -54.3122553, -30.3355219 ], [ -54.3119726, -30.3356206 ], [ -54.3117392, -30.3357039 ], [ -54.3115085, -30.3357595 ], [ -54.3112242, -30.3357988 ], [ -54.3108782, -30.3357988 ], [ -54.3105859, -30.3358382 ], [ -54.310272, -30.3358359 ], [ -54.3099743, -30.3357919 ], [ -54.3096471, -30.3357062 ], [ -54.3091697, -30.3356461 ], [ -54.3087807, -30.3355558 ], [ -54.3083006, -30.335500199999984 ], [ -54.3078876, -30.3354308 ], [ -54.3075925, -30.3352224 ], [ -54.3072599, -30.3350743 ], [ -54.306879, -30.3350141 ], [ -54.3063265, -30.3350094 ], [ -54.306071, -30.3349589 ], [ -54.3059751, -30.33494 ], [ -54.3058966, -30.3350586 ], [ -54.3058209, -30.3351495 ], [ -54.3057257, -30.3352571 ], [ -54.3056117, -30.3353613 ], [ -54.3054105, -30.3355002 ], [ -54.3050337, -30.335804600000014 ], [ -54.3047567, -30.3360247 ], [ -54.3047225, -30.3360558 ], [ -54.3047044, -30.33609 ], [ -54.3047152, -30.3361181 ], [ -54.30474, -30.3361453 ], [ -54.304766, -30.3361693 ], [ -54.3047773, -30.3361882 ], [ -54.3047911, -30.3362081 ], [ -54.3048728, -30.3363047 ], [ -54.3048707, -30.3363492 ], [ -54.3048573, -30.3363944 ], [ -54.3048178, -30.3364505 ], [ -54.3044999, -30.3367387 ], [ -54.3037275, -30.3375188 ], [ -54.3035102, -30.3377619 ], [ -54.303478, -30.3378267 ], [ -54.3034753, -30.3379159 ], [ -54.3035316, -30.338076699999988 ], [ -54.3036215, -30.3382781 ], [ -54.3036637, -30.3384188 ], [ -54.3036765, -30.3385606 ], [ -54.303706, -30.3391254 ], [ -54.3037576, -30.3396156 ], [ -54.3038246, -30.3398876 ], [ -54.30386690000001, -30.3399819 ], [ -54.3039333, -30.340056 ], [ -54.3040013, -30.3401403 ], [ -54.304103, -30.3402851 ], [ -54.3042237, -30.3404726 ], [ -54.3043712, -30.340725 ], [ -54.3046206, -30.3409611 ], [ -54.3048808, -30.3411185 ], [ -54.305149, -30.3412134 ], [ -54.3054119, -30.341303699999987 ], [ -54.3056365, -30.3413882 ], [ -54.3059191, -30.3414762 ], [ -54.3062917, -30.3415562 ], [ -54.3065583, -30.341624299999985 ], [ -54.3068187, -30.3416701 ], [ -54.3069936, -30.3417172 ], [ -54.3070723, -30.3417769 ], [ -54.3071083, -30.3418487 ], [ -54.3071657, -30.3419435 ], [ -54.3072273, -30.3419732 ], [ -54.3073139, -30.3420048 ], [ -54.3073848, -30.3420609 ], [ -54.3074243, -30.3421311 ], [ -54.3074839, -30.3422759 ], [ -54.3075147, -30.3425745 ], [ -54.3074973, -30.3427273 ], [ -54.3074745, -30.3429125 ], [ -54.3075343, -30.3430873 ], [ -54.3079258, -30.342973099999988 ], [ -54.308027, -30.3428661 ], [ -54.3085045, -30.3427521 ], [ -54.3091911, -30.3425883 ], [ -54.3095237, -30.3426161 ], [ -54.3097276, -30.3425606 ], [ -54.3099207, -30.3423059 ], [ -54.3106663, -30.3412272 ], [ -54.3106636, -30.3411659 ], [ -54.3107012, -30.341076800000014 ], [ -54.31072, -30.3409078 ], [ -54.3107228, -30.3408112 ], [ -54.3107213, -30.3407574 ], [ -54.3113516, -30.340729 ] ] ] } },
{ "type": "Feature", "properties": { "name": "Morro do Sabiá", "code_muni": 4318309.0, "name_muni": "São Gabriel" }, "geometry": { "type": "Polygon", "coordinates": [ [ [ -54.312441, -30.3599876 ], [ -54.3123578, -30.3598534 ], [ -54.3121352, -30.3596057 ], [ -54.311639, -30.3592748 ], [ -54.3113252, -30.3591961 ], [ -54.3110729, -30.3591657 ], [ -54.3109216, -30.3592295 ], [ -54.3107903, -30.3592861 ], [ -54.3105936, -30.3593252 ], [ -54.3102806, -30.3593203 ], [ -54.3102206, -30.3593063 ], [ -54.3101781, -30.3592761 ], [ -54.3101506, -30.3592405 ], [ -54.3100644, -30.359113299999986 ], [ -54.3100244, -30.3590788 ], [ -54.3099682, -30.359060500000012 ], [ -54.3098733, -30.3590497 ], [ -54.3098208, -30.3590497 ], [ -54.3097133, -30.3590605 ], [ -54.3096421, -30.3590605 ], [ -54.3095634, -30.359036800000013 ], [ -54.3094122, -30.3588891 ], [ -54.3092773, -30.3586831 ], [ -54.3091273, -30.3584966 ], [ -54.3090311, -30.3583705 ], [ -54.3089899, -30.3582637 ], [ -54.3089661, -30.3581753 ], [ -54.3089386, -30.3580912 ], [ -54.3088043, -30.3578427 ], [ -54.308795, -30.3577247 ], [ -54.3087912, -30.3576654 ], [ -54.3088, -30.357606100000012 ], [ -54.3088512, -30.3574767 ], [ -54.3088799, -30.3574055 ], [ -54.3088737, -30.357322499999984 ], [ -54.3088624, -30.357269699999989 ], [ -54.3088099, -30.3571834 ], [ -54.3086813, -30.3570411 ], [ -54.3086038, -30.356985 ], [ -54.3085213, -30.3569602 ], [ -54.3083839, -30.3569171 ], [ -54.3081902, -30.3568395 ], [ -54.308019, -30.3567575 ], [ -54.3077716, -30.3566292 ], [ -54.3076079, -30.3564912 ], [ -54.3075005, -30.3563694 ], [ -54.3073068, -30.356223799999984 ], [ -54.3072069, -30.356184 ], [ -54.3071606, -30.3561753 ], [ -54.3071094, -30.3561753 ], [ -54.3070669, -30.3561829 ], [ -54.306987, -30.3562228 ], [ -54.3069195, -30.3562885 ], [ -54.3068158, -30.356346799999987 ], [ -54.3067705, -30.3563573 ], [ -54.3067252, -30.3563521 ], [ -54.3066434, -30.3563241 ], [ -54.3065546, -30.356248599999986 ], [ -54.3064572, -30.3561225 ], [ -54.3064022, -30.3560093 ], [ -54.3063822, -30.3559263 ], [ -54.3064097, -30.355854 ], [ -54.3064322, -30.355799 ], [ -54.3065059, -30.35569340000001 ], [ -54.3065759, -30.355610399999986 ], [ -54.3066096, -30.3555306 ], [ -54.3066246, -30.3553807 ], [ -54.3066458, -30.3552675 ], [ -54.306654, -30.3551381 ], [ -54.3066733, -30.3550734 ], [ -54.3066896, -30.3550368 ], [ -54.3067108, -30.3549376 ], [ -54.3067371, -30.3548179 ], [ -54.3067933, -30.3547058 ], [ -54.3068545, -30.3546389 ], [ -54.306957, -30.3545958 ], [ -54.3070819, -30.3545656 ], [ -54.3072581, -30.3545537 ], [ -54.3074005, -30.3545462 ], [ -54.307513, -30.3545095 ], [ -54.30763790000001, -30.3544545 ], [ -54.3076767, -30.3544039 ], [ -54.3077241, -30.3543025 ], [ -54.3078041, -30.3541613 ], [ -54.3078691, -30.3540933 ], [ -54.3079715, -30.3540287 ], [ -54.3080952, -30.3539467 ], [ -54.3081465, -30.3538497 ], [ -54.3081927, -30.3537181 ], [ -54.3082189, -30.3535704 ], [ -54.3082252, -30.3535241 ], [ -54.3081902, -30.3534518 ], [ -54.3081608, -30.3533893 ], [ -54.308089, -30.3532351 ], [ -54.3079366, -30.3530033 ], [ -54.3078466, -30.352861 ], [ -54.3078116, -30.3527812 ], [ -54.3077941, -30.3527262 ], [ -54.3078016, -30.3526248 ], [ -54.3078766, -30.352448 ], [ -54.3079516, -30.3522108 ], [ -54.308079, -30.3518065 ], [ -54.3082214, -30.351373 ], [ -54.3082452, -30.3512479 ], [ -54.3082452, -30.3511574 ], [ -54.3082202, -30.3509967 ], [ -54.3081977, -30.3508684 ], [ -54.3081684, -30.3508205 ], [ -54.308149, -30.3507692 ], [ -54.3081427, -30.3507369 ], [ -54.308144, -30.3507056 ], [ -54.308154, -30.3506732 ], [ -54.3082064, -30.3506118 ], [ -54.3082239, -30.3505762 ], [ -54.3082277, -30.3505546 ], [ -54.3082214, -30.3505093 ], [ -54.3081602, -30.3503347 ], [ -54.3081115, -30.3502301 ], [ -54.3079978, -30.3500985 ], [ -54.3078966, -30.3499993 ], [ -54.3077616, -30.3498462 ], [ -54.3076227, -30.3496483 ], [ -54.2996416, -30.3507842 ], [ -54.2995472, -30.350803899999988 ], [ -54.2991093, -30.3508392 ], [ -54.2986185, -30.3508392 ], [ -54.2976341, -30.3508276 ], [ -54.2967477, -30.3508115 ], [ -54.2960999, -30.350904 ], [ -54.2960465, -30.3509118 ], [ -54.295532, -30.3509815 ], [ -54.2948312, -30.3510823 ], [ -54.2941075, -30.3512117 ], [ -54.2939712, -30.3512395 ], [ -54.2928625, -30.3514526 ], [ -54.2918847, -30.351641 ], [ -54.2918298, -30.351651600000011 ], [ -54.2911029, -30.3517882 ], [ -54.2904951, -30.3518742 ], [ -54.2899737, -30.351947899999985 ], [ -54.289094, -30.3520752 ], [ -54.2882035, -30.352184 ], [ -54.2879433, -30.3522141 ], [ -54.2874927, -30.3522835 ], [ -54.2870845, -30.3523097 ], [ -54.2868483, -30.3523328 ], [ -54.2866921, -30.3523548 ], [ -54.2866075, -30.3523734 ], [ -54.2862806, -30.3524423 ], [ -54.2861562, -30.3524651 ], [ -54.2854236, -30.3525996 ], [ -54.284958, -30.3526851 ], [ -54.2847148, -30.3527235 ], [ -54.283729, -30.352879 ], [ -54.2835203, -30.352911899999985 ], [ -54.2834077, -30.3529351 ], [ -54.2829888, -30.3530032 ], [ -54.2812297, -30.3533726 ], [ -54.280012, -30.3536479 ], [ -54.2794078, -30.3538204 ], [ -54.279202, -30.3540414 ], [ -54.2790571, -30.3542544 ], [ -54.2790142, -30.3544094 ], [ -54.2789605, -30.3549097 ], [ -54.2789069, -30.3554093 ], [ -54.2788077, -30.3562448 ], [ -54.2787943, -30.356342 ], [ -54.2787453, -30.356731 ], [ -54.2776323, -30.3565456 ], [ -54.2773904, -30.358461199999986 ], [ -54.2785389, -30.3587072 ], [ -54.300195, -30.3632944 ], [ -54.3023159, -30.3634513 ], [ -54.3034566, -30.3631416 ], [ -54.3125292, -30.3601652 ], [ -54.312441, -30.3599876 ] ] ] } },
{ "type": "Feature", "properties": { "name": "Bonfim", "code_muni": 4318309.0, "name_muni": "São Gabriel" }, "geometry": { "type": "Polygon", "coordinates": [ [ [ -54.2915025, -30.3397625 ], [ -54.2910056, -30.3399925 ], [ -54.2902854, -30.3402432 ], [ -54.2895316, -30.3404856 ], [ -54.2881296, -30.3409808 ], [ -54.2870277, -30.3414055 ], [ -54.286706, -30.3415319 ], [ -54.2863627, -30.3416645 ], [ -54.2860649, -30.3418797 ], [ -54.2858837, -30.3420445 ], [ -54.2857482, -30.3422094 ], [ -54.285504, -30.3426589 ], [ -54.2852056, -30.343208 ], [ -54.2850405, -30.3435277 ], [ -54.2843004, -30.3448434 ], [ -54.2835152, -30.3462195 ], [ -54.2827497, -30.3473793 ], [ -54.2825802, -30.347636099999985 ], [ -54.2794078, -30.3538204 ], [ -54.280012, -30.3536479 ], [ -54.2812297, -30.3533726 ], [ -54.2829888, -30.3530032 ], [ -54.2834077, -30.3529351 ], [ -54.2835203, -30.352911899999985 ], [ -54.283729, -30.352879 ], [ -54.2847148, -30.3527235 ], [ -54.284958, -30.3526851 ], [ -54.2854236, -30.3525996 ], [ -54.2861562, -30.3524651 ], [ -54.2862806, -30.3524423 ], [ -54.2866075, -30.3523734 ], [ -54.2866921, -30.3523548 ], [ -54.2868483, -30.3523328 ], [ -54.2870845, -30.3523097 ], [ -54.2874927, -30.3522835 ], [ -54.2879433, -30.3522141 ], [ -54.2882035, -30.352184 ], [ -54.289094, -30.3520752 ], [ -54.2899737, -30.351947899999985 ], [ -54.2904951, -30.3518742 ], [ -54.2911029, -30.3517882 ], [ -54.2918298, -30.351651600000011 ], [ -54.2918847, -30.351641 ], [ -54.2928625, -30.3514526 ], [ -54.2939712, -30.3512395 ], [ -54.2941075, -30.3512117 ], [ -54.2948312, -30.3510823 ], [ -54.295532, -30.3509815 ], [ -54.2960465, -30.3509118 ], [ -54.2960999, -30.350904 ], [ -54.2967477, -30.3508115 ], [ -54.2976341, -30.3508276 ], [ -54.2986185, -30.3508392 ], [ -54.2991093, -30.3508392 ], [ -54.2995472, -30.350803899999988 ], [ -54.2996416, -30.3507842 ], [ -54.3076227, -30.3496483 ], [ -54.3075743, -30.3495471 ], [ -54.3075261, -30.3494406 ], [ -54.3074215, -30.349174399999988 ], [ -54.3073055, -30.3489101 ], [ -54.3072985, -30.3488987 ], [ -54.3072552, -30.348873500000014 ], [ -54.3071506, -30.3488503 ], [ -54.3070594, -30.348848 ], [ -54.3070111, -30.3487786 ], [ -54.3069923, -30.3486837 ], [ -54.306985, -30.3486292 ], [ -54.307003, -30.3484684 ], [ -54.3070039, -30.348379 ], [ -54.3070111, -30.3482393 ], [ -54.3070054, -30.3481166 ], [ -54.3069971, -30.3480361 ], [ -54.3070058, -30.3479383 ], [ -54.3070118, -30.347835899999989 ], [ -54.3069729, -30.3476785 ], [ -54.3069206, -30.347572 ], [ -54.3068951, -30.3474968 ], [ -54.3069003, -30.3474092 ], [ -54.3069144, -30.3473402 ], [ -54.3069272, -30.3473087 ], [ -54.3070328, -30.347138 ], [ -54.3070942, -30.3470782 ], [ -54.3071807, -30.346989900000011 ], [ -54.3072758, -30.3469115 ], [ -54.3073952, -30.3468473 ], [ -54.3075641, -30.3467834 ], [ -54.3076986, -30.3466987 ], [ -54.3078286, -30.3466552 ], [ -54.3079731, -30.346605199999988 ], [ -54.3080902, -30.3465397 ], [ -54.3081567, -30.3464839 ], [ -54.3082019, -30.3464332 ], [ -54.3082563, -30.346362 ], [ -54.3083443, -30.3462674 ], [ -54.308443, -30.3461803 ], [ -54.3085486, -30.3460662 ], [ -54.3086047, -30.3460105 ], [ -54.3086415, -30.345963499999989 ], [ -54.3086839, -30.3459049 ], [ -54.3087759, -30.345839600000012 ], [ -54.3089865, -30.3457677 ], [ -54.3090017, -30.3457294 ], [ -54.3089942, -30.3457024 ], [ -54.3089905, -30.3456609 ], [ -54.3089924, -30.3456189 ], [ -54.3090411, -30.3455752 ], [ -54.3091685, -30.3454782 ], [ -54.3092769, -30.3454177 ], [ -54.3094235, -30.3453479 ], [ -54.3094613, -30.345269 ], [ -54.3095135, -30.34495290000001 ], [ -54.3093225, -30.3447018 ], [ -54.3091401, -30.3445432 ], [ -54.3089564, -30.3443638 ], [ -54.3088183, -30.3442608 ], [ -54.3086391, -30.3441711 ], [ -54.3084347, -30.3441138 ], [ -54.3082261, -30.344082 ], [ -54.308015, -30.3438951 ], [ -54.3078594, -30.3437087 ], [ -54.3076515, -30.3433731 ], [ -54.3075343, -30.3430873 ], [ -54.3074745, -30.3429125 ], [ -54.3074973, -30.3427273 ], [ -54.3075147, -30.3425745 ], [ -54.3074839, -30.3422759 ], [ -54.3074243, -30.3421311 ], [ -54.3073848, -30.3420609 ], [ -54.3073139, -30.3420048 ], [ -54.3072273, -30.3419732 ], [ -54.3071657, -30.3419435 ], [ -54.3071083, -30.3418487 ], [ -54.3070723, -30.3417769 ], [ -54.3069936, -30.3417172 ], [ -54.3068187, -30.3416701 ], [ -54.3065583, -30.341624299999985 ], [ -54.3062917, -30.3415562 ], [ -54.3059191, -30.3414762 ], [ -54.3056365, -30.3413882 ], [ -54.3054119, -30.341303699999987 ], [ -54.305149, -30.3412134 ], [ -54.3048808, -30.3411185 ], [ -54.3046206, -30.3409611 ], [ -54.3043712, -30.340725 ], [ -54.3042237, -30.3404726 ], [ -54.304103, -30.3402851 ], [ -54.3040013, -30.3401403 ], [ -54.3039333, -30.340056 ], [ -54.30386690000001, -30.3399819 ], [ -54.3038246, -30.3398876 ], [ -54.3037576, -30.3396156 ], [ -54.303706, -30.3391254 ], [ -54.3036765, -30.3385606 ], [ -54.3036637, -30.3384188 ], [ -54.3036215, -30.3382781 ], [ -54.3035316, -30.338076699999988 ], [ -54.3034753, -30.3379159 ], [ -54.303478, -30.3378267 ], [ -54.3035102, -30.3377619 ], [ -54.3037275, -30.3375188 ], [ -54.3044999, -30.3367387 ], [ -54.3048178, -30.3364505 ], [ -54.3048573, -30.3363944 ], [ -54.3048707, -30.3363492 ], [ -54.3048728, -30.3363047 ], [ -54.3047911, -30.3362081 ], [ -54.3047773, -30.3361882 ], [ -54.304766, -30.3361693 ], [ -54.30474, -30.3361453 ], [ -54.3047152, -30.3361181 ], [ -54.3047044, -30.33609 ], [ -54.3047225, -30.3360558 ], [ -54.3047567, -30.3360247 ], [ -54.3050337, -30.335804600000014 ], [ -54.3054105, -30.3355002 ], [ -54.3056117, -30.3353613 ], [ -54.3057257, -30.3352571 ], [ -54.3058209, -30.3351495 ], [ -54.3058966, -30.3350586 ], [ -54.3059751, -30.33494 ], [ -54.3060623, -30.334772199999986 ], [ -54.3061361, -30.3346541 ], [ -54.3062591, -30.3345486 ], [ -54.3062654, -30.3345427 ], [ -54.3063285, -30.334501 ], [ -54.3063741, -30.334457 ], [ -54.306429, -30.3343992 ], [ -54.3064558, -30.3343459 ], [ -54.306472, -30.3342927 ], [ -54.3064961, -30.3342383 ], [ -54.3065444, -30.334166499999988 ], [ -54.3066142, -30.3341005 ], [ -54.3066799, -30.3340693 ], [ -54.306763, -30.3340519 ], [ -54.3068543, -30.3340462 ], [ -54.3069347, -30.334038 ], [ -54.3070084, -30.3340253 ], [ -54.3071077, -30.333992900000013 ], [ -54.3071959, -30.3339528 ], [ -54.3072184, -30.33394460000002 ], [ -54.3075094, -30.33372 ], [ -54.307622, -30.3335984 ], [ -54.3077226, -30.333464199999987 ], [ -54.3077841, -30.3333472 ], [ -54.3078473, -30.3331933 ], [ -54.3078976, -30.3330808 ], [ -54.3079593, -30.3329534 ], [ -54.3080391, -30.3327975 ], [ -54.3080981, -30.3326204 ], [ -54.3081491, -30.3324444 ], [ -54.3081765, -30.3323018 ], [ -54.3081765, -30.3322161 ], [ -54.3081343, -30.3320578 ], [ -54.3080911, -30.3319474 ], [ -54.3080364, -30.3318645 ], [ -54.3080056, -30.3318217 ], [ -54.3079962, -30.3317823 ], [ -54.3080243, -30.3317291 ], [ -54.3080767, -30.3316758 ], [ -54.3081719, -30.3315867 ], [ -54.3081853, -30.3315358 ], [ -54.3081893, -30.3314675 ], [ -54.3081974, -30.3313691 ], [ -54.3082322, -30.3312915 ], [ -54.3083532, -30.3311365 ], [ -54.308493, -30.330922 ], [ -54.3086996, -30.330459 ], [ -54.3087673, -30.3302335 ], [ -54.3088558, -30.3297798 ], [ -54.308888, -30.329532 ], [ -54.3089202, -30.3292427 ], [ -54.308939, -30.329025 ], [ -54.308939, -30.3288491 ], [ -54.3089095, -30.3286928 ], [ -54.3088062, -30.32854 ], [ -54.3086547, -30.3283641 ], [ -54.3085643, -30.328268699999985 ], [ -54.308487, -30.3281823 ], [ -54.3083543, -30.3280365 ], [ -54.3082188, -30.3279103 ], [ -54.3081504, -30.327839700000013 ], [ -54.3080579, -30.3276961 ], [ -54.307956, -30.3274994 ], [ -54.3078098, -30.3273118 ], [ -54.307622, -30.3271081 ], [ -54.3074369, -30.3269044 ], [ -54.3072599, -30.3266914 ], [ -54.3071124, -30.3264182 ], [ -54.3068978, -30.325911099999988 ], [ -54.3067154, -30.325538399999985 ], [ -54.3063962, -30.3250267 ], [ -54.3063158, -30.3248346 ], [ -54.3062675, -30.3245521 ], [ -54.3062863, -30.324272 ], [ -54.3062568, -30.3240497 ], [ -54.3060985, -30.3237973 ], [ -54.3058893, -30.3235681 ], [ -54.3057686, -30.3233829 ], [ -54.305664, -30.3231351 ], [ -54.3055767, -30.323009899999981 ], [ -54.3055353, -30.3229384 ], [ -54.3055031, -30.3228631 ], [ -54.3054966, -30.322766 ], [ -54.3054977, -30.322705700000011 ], [ -54.3055031, -30.3225678 ], [ -54.3055165, -30.3224244 ], [ -54.3055246, -30.3222645 ], [ -54.3055312, -30.3221686 ], [ -54.3055218, -30.3220343 ], [ -54.305487, -30.3219058 ], [ -54.3054374, -30.3217761 ], [ -54.3053931, -30.321643 ], [ -54.3053958, -30.3215237 ], [ -54.3054119, -30.3214472 ], [ -54.3054134, -30.321403600000011 ], [ -54.3054146, -30.3213709 ], [ -54.3053985, -30.3212968 ], [ -54.305326, -30.3211903 ], [ -54.3052831, -30.3211035 ], [ -54.3051986, -30.3207412 ], [ -54.3051638, -30.32063 ], [ -54.3051356, -30.3205913 ], [ -54.3051115, -30.3205583 ], [ -54.3050458, -30.320493399999989 ], [ -54.3049774, -30.3204228 ], [ -54.3049406, -30.320379 ], [ -54.3048204, -30.3202619 ], [ -54.3047346, -30.3201589 ], [ -54.3046622, -30.3200362 ], [ -54.304604500000011, -30.3199852 ], [ -54.304516, -30.3199482 ], [ -54.3044355, -30.3199351 ], [ -54.3044101, -30.3199297 ], [ -54.3043068, -30.3199204 ], [ -54.3042196, -30.3199077 ], [ -54.3041499, -30.3198834 ], [ -54.3040882, -30.3198324 ], [ -54.3040453, -30.3197618 ], [ -54.3039743, -30.3196332 ], [ -54.3038375, -30.3194307 ], [ -54.3037691, -30.3193715 ], [ -54.3036765, -30.3193346 ], [ -54.3035706, -30.319316099999988 ], [ -54.3035114, -30.3193096 ], [ -54.3034757, -30.3193042 ], [ -54.3031487, -30.3192553 ], [ -54.3029376, -30.3192374 ], [ -54.3027793, -30.3192418 ], [ -54.3026546, -30.319244300000012 ], [ -54.302558, -30.319231499999987 ], [ -54.3024776, -30.3192025 ], [ -54.302365, -30.3191702 ], [ -54.3023249, -30.319155699999985 ], [ -54.302288, -30.319143 ], [ -54.3021651, -30.3190811 ], [ -54.3020967, -30.3190081 ], [ -54.3020363, -30.318934 ], [ -54.3019908, -30.3188611 ], [ -54.3019505, -30.3187626 ], [ -54.301925, -30.3186157 ], [ -54.3018848, -30.3182081 ], [ -54.3018566, -30.317957 ], [ -54.3018231, -30.3177879 ], [ -54.3017963, -30.3176351 ], [ -54.3017748, -30.31748 ], [ -54.3017507, -30.3170945 ], [ -54.3017051, -30.3167912 ], [ -54.3016058, -30.3164647 ], [ -54.301469, -30.3160479 ], [ -54.3014181, -30.3156403 ], [ -54.3014771, -30.315443599999988 ], [ -54.3016606, -30.31509 ], [ -54.3017131, -30.314955 ], [ -54.3017373, -30.3147397 ], [ -54.3018258, -30.3140381 ], [ -54.3018848, -30.3137325 ], [ -54.301984, -30.3134856 ], [ -54.300077, -30.3155987 ], [ -54.2984892, -30.3163767 ], [ -54.2958713, -30.3176177 ], [ -54.2953348, -30.335287199999989 ], [ -54.2951739, -30.3385559 ], [ -54.2924776, -30.3393286 ], [ -54.2915025, -30.3397625 ] ] ] } },
{ "type": "Feature", "properties": { "name": "Universitário", "code_muni": 4318309.0, "name_muni": "São Gabriel" }, "geometry": { "type": "Polygon", "coordinates": [ [ [ -54.3498062, -30.3362246 ], [ -54.3497563, -30.3405102 ], [ -54.3496955, -30.3446789 ], [ -54.3497065, -30.3452996 ], [ -54.3508042, -30.344887 ], [ -54.3520575, -30.3443482 ], [ -54.3610252, -30.3403557 ], [ -54.3615744, -30.3380678 ], [ -54.362315, -30.336028 ], [ -54.3689668, -30.3347224 ], [ -54.3687412, -30.3280883 ], [ -54.3657717, -30.328866 ], [ -54.3646817, -30.3292074 ], [ -54.363828, -30.329402499999986 ], [ -54.3632047, -30.3295829 ], [ -54.3622661, -30.3298628 ], [ -54.3611609, -30.330154799999988 ], [ -54.3594114, -30.3306213 ], [ -54.3582259, -30.3309396 ], [ -54.3573733, -30.3311674 ], [ -54.3570216, -30.3312614 ], [ -54.3533135, -30.3321851 ], [ -54.3512374, -30.3328102 ], [ -54.3500619, -30.3335915 ], [ -54.3498212, -30.333808 ], [ -54.349805, -30.3338199 ], [ -54.3498062, -30.3362246 ] ] ] } },
{ "type": "Feature", "properties": { "name": "Vila Maria", "code_muni": 4318309.0, "name_muni": "São Gabriel" }, "geometry": { "type": "Polygon", "coordinates": [ [ [ -54.3136853, -30.3495393 ], [ -54.3148412, -30.3498277 ], [ -54.3159647, -30.3500461 ], [ -54.3164076, -30.3501129 ], [ -54.3171405, -30.3501592 ], [ -54.3179291, -30.3501818 ], [ -54.3183388, -30.3502183 ], [ -54.318666, -30.3502663 ], [ -54.3189758, -30.3503704 ], [ -54.3193379, -30.3504266 ], [ -54.3207287, -30.350397 ], [ -54.320785, -30.3503967 ], [ -54.3204045, -30.3495871 ], [ -54.3184041, -30.3454148 ], [ -54.3181337, -30.3448793 ], [ -54.3181068, -30.3448517 ], [ -54.3180826, -30.3448355 ], [ -54.318039, -30.3448308 ], [ -54.317978, -30.3448337 ], [ -54.3177634, -30.3448615 ], [ -54.3174684, -30.344930900000012 ], [ -54.317278, -30.345137 ], [ -54.3169212, -30.3453036 ], [ -54.3168196, -30.3453378 ], [ -54.3166999, -30.34538 ], [ -54.3163124, -30.3454842 ], [ -54.3159718, -30.3454564 ], [ -54.3158276, -30.3454657 ], [ -54.3156606, -30.3455044 ], [ -54.3151067, -30.3453731 ], [ -54.3149927, -30.3453453 ], [ -54.3144187, -30.3452249 ], [ -54.3140888, -30.3452457 ], [ -54.3144965, -30.3449911 ], [ -54.3143678, -30.3445698 ], [ -54.3137817, -30.344500399999987 ], [ -54.3135363, -30.3443858 ], [ -54.3134042, -30.344262600000011 ], [ -54.3133814, -30.3442469 ], [ -54.3133629, -30.3442403 ], [ -54.3133435, -30.344236800000019 ], [ -54.3133158, -30.3442378 ], [ -54.3130947, -30.344315400000013 ], [ -54.3115086, -30.344954 ], [ -54.3100441, -30.345435499999986 ], [ -54.3089865, -30.3457677 ], [ -54.3087759, -30.345839600000012 ], [ -54.3086839, -30.3459049 ], [ -54.3086415, -30.345963499999989 ], [ -54.3086047, -30.3460105 ], [ -54.3085486, -30.3460662 ], [ -54.308443, -30.3461803 ], [ -54.3083443, -30.3462674 ], [ -54.3082563, -30.346362 ], [ -54.3082019, -30.3464332 ], [ -54.3081567, -30.3464839 ], [ -54.3080902, -30.3465397 ], [ -54.3079731, -30.346605199999988 ], [ -54.3078286, -30.3466552 ], [ -54.3076986, -30.3466987 ], [ -54.3075641, -30.3467834 ], [ -54.3073952, -30.3468473 ], [ -54.3072758, -30.3469115 ], [ -54.3071807, -30.346989900000011 ], [ -54.3070942, -30.3470782 ], [ -54.3070328, -30.347138 ], [ -54.3069272, -30.3473087 ], [ -54.3069144, -30.3473402 ], [ -54.3069003, -30.3474092 ], [ -54.3068951, -30.3474968 ], [ -54.3069206, -30.347572 ], [ -54.3069729, -30.3476785 ], [ -54.3070118, -30.347835899999989 ], [ -54.3070058, -30.3479383 ], [ -54.3069971, -30.3480361 ], [ -54.3070054, -30.3481166 ], [ -54.3070111, -30.3482393 ], [ -54.3070039, -30.348379 ], [ -54.307003, -30.3484684 ], [ -54.306985, -30.3486292 ], [ -54.3069923, -30.3486837 ], [ -54.3070111, -30.3487786 ], [ -54.3070594, -30.348848 ], [ -54.3071506, -30.3488503 ], [ -54.3072552, -30.348873500000014 ], [ -54.3072985, -30.3488987 ], [ -54.3073055, -30.3489101 ], [ -54.3074215, -30.349174399999988 ], [ -54.3075261, -30.3494406 ], [ -54.3075743, -30.3495471 ], [ -54.3076227, -30.3496483 ], [ -54.3090785, -30.349342699999987 ], [ -54.3102479, -30.3493242 ], [ -54.3133264, -30.3494491 ], [ -54.3136853, -30.3495393 ] ] ] } },
{ "type": "Feature", "properties": { "name": "Jardim Europa", "code_muni": 4318309.0, "name_muni": "São Gabriel" }, "geometry": { "type": "Polygon", "coordinates": [ [ [ -54.3254492, -30.3556211 ], [ -54.3252621, -30.3554015 ], [ -54.3251402, -30.355260900000012 ], [ -54.3243751, -30.354376899999988 ], [ -54.3240142, -30.353924 ], [ -54.3239927, -30.3538928 ], [ -54.3239237, -30.3537964 ], [ -54.323878, -30.3537325 ], [ -54.323551, -30.353198 ], [ -54.3235147, -30.3531386 ], [ -54.3230829, -30.3525003 ], [ -54.322784, -30.3519806 ], [ -54.3224185, -30.3513865 ], [ -54.3220711, -30.3508518 ], [ -54.3218672, -30.3507037 ], [ -54.3215024, -30.350555599999989 ], [ -54.3209017, -30.350370899999987 ], [ -54.3208093, -30.3503923 ], [ -54.320785, -30.3503967 ], [ -54.3207287, -30.350397 ], [ -54.3193379, -30.3504266 ], [ -54.3189758, -30.3503704 ], [ -54.318666, -30.3502663 ], [ -54.3183388, -30.3502183 ], [ -54.3179291, -30.3501818 ], [ -54.3171405, -30.3501592 ], [ -54.3164076, -30.3501129 ], [ -54.3159647, -30.3500461 ], [ -54.3148412, -30.3498277 ], [ -54.3136853, -30.3495393 ], [ -54.3133264, -30.3494491 ], [ -54.3102479, -30.3493242 ], [ -54.3090785, -30.349342699999987 ], [ -54.3076227, -30.3496483 ], [ -54.3077616, -30.3498462 ], [ -54.3078966, -30.3499993 ], [ -54.3079978, -30.3500985 ], [ -54.3081115, -30.3502301 ], [ -54.3081602, -30.3503347 ], [ -54.3082214, -30.3505093 ], [ -54.3082277, -30.3505546 ], [ -54.3082239, -30.3505762 ], [ -54.3082064, -30.3506118 ], [ -54.308154, -30.3506732 ], [ -54.308144, -30.3507056 ], [ -54.3081427, -30.3507369 ], [ -54.308149, -30.3507692 ], [ -54.3081684, -30.3508205 ], [ -54.3081977, -30.3508684 ], [ -54.3082202, -30.3509967 ], [ -54.3082452, -30.3511574 ], [ -54.3082452, -30.3512479 ], [ -54.3082214, -30.351373 ], [ -54.308079, -30.3518065 ], [ -54.3079516, -30.3522108 ], [ -54.3078766, -30.352448 ], [ -54.3078016, -30.3526248 ], [ -54.3077941, -30.3527262 ], [ -54.3078116, -30.3527812 ], [ -54.3078466, -30.352861 ], [ -54.3079366, -30.3530033 ], [ -54.308089, -30.3532351 ], [ -54.3081608, -30.3533893 ], [ -54.3081902, -30.3534518 ], [ -54.3082252, -30.3535241 ], [ -54.3082189, -30.3535704 ], [ -54.3081927, -30.3537181 ], [ -54.3081465, -30.3538497 ], [ -54.3080952, -30.3539467 ], [ -54.3079715, -30.3540287 ], [ -54.3078691, -30.3540933 ], [ -54.3078041, -30.3541613 ], [ -54.3077241, -30.3543025 ], [ -54.3076767, -30.3544039 ], [ -54.30763790000001, -30.3544545 ], [ -54.307513, -30.3545095 ], [ -54.3074005, -30.3545462 ], [ -54.3072581, -30.3545537 ], [ -54.3070819, -30.3545656 ], [ -54.306957, -30.3545958 ], [ -54.3068545, -30.3546389 ], [ -54.3067933, -30.3547058 ], [ -54.3067371, -30.3548179 ], [ -54.3067108, -30.3549376 ], [ -54.3066896, -30.3550368 ], [ -54.3066733, -30.3550734 ], [ -54.306654, -30.3551381 ], [ -54.3066458, -30.3552675 ], [ -54.3066246, -30.3553807 ], [ -54.3066096, -30.3555306 ], [ -54.3065759, -30.355610399999986 ], [ -54.3065059, -30.35569340000001 ], [ -54.3064322, -30.355799 ], [ -54.3064097, -30.355854 ], [ -54.3063822, -30.3559263 ], [ -54.3064022, -30.3560093 ], [ -54.3064572, -30.3561225 ], [ -54.3065546, -30.356248599999986 ], [ -54.3066434, -30.3563241 ], [ -54.3067252, -30.3563521 ], [ -54.3067705, -30.3563573 ], [ -54.3068158, -30.356346799999987 ], [ -54.3069195, -30.3562885 ], [ -54.306987, -30.3562228 ], [ -54.3070669, -30.3561829 ], [ -54.3071094, -30.3561753 ], [ -54.3071606, -30.3561753 ], [ -54.3072069, -30.356184 ], [ -54.3073068, -30.356223799999984 ], [ -54.3075005, -30.3563694 ], [ -54.3076079, -30.3564912 ], [ -54.3077716, -30.3566292 ], [ -54.308019, -30.3567575 ], [ -54.3081902, -30.3568395 ], [ -54.3083839, -30.3569171 ], [ -54.3085213, -30.3569602 ], [ -54.3086038, -30.356985 ], [ -54.3086813, -30.3570411 ], [ -54.3088099, -30.3571834 ], [ -54.3088624, -30.357269699999989 ], [ -54.3088737, -30.357322499999984 ], [ -54.3088799, -30.3574055 ], [ -54.3088512, -30.3574767 ], [ -54.3088, -30.357606100000012 ], [ -54.3087912, -30.3576654 ], [ -54.308795, -30.3577247 ], [ -54.3088043, -30.3578427 ], [ -54.3089386, -30.3580912 ], [ -54.3089661, -30.3581753 ], [ -54.3089899, -30.3582637 ], [ -54.3090311, -30.3583705 ], [ -54.3091273, -30.3584966 ], [ -54.3092773, -30.3586831 ], [ -54.3094122, -30.3588891 ], [ -54.3095634, -30.359036800000013 ], [ -54.3096421, -30.3590605 ], [ -54.3097133, -30.3590605 ], [ -54.3098208, -30.3590497 ], [ -54.3098733, -30.3590497 ], [ -54.3099682, -30.359060500000012 ], [ -54.3100244, -30.3590788 ], [ -54.3100644, -30.359113299999986 ], [ -54.3101506, -30.3592405 ], [ -54.3101781, -30.3592761 ], [ -54.3102206, -30.3593063 ], [ -54.3102806, -30.3593203 ], [ -54.3105936, -30.3593252 ], [ -54.3107903, -30.3592861 ], [ -54.3109216, -30.3592295 ], [ -54.3110729, -30.3591657 ], [ -54.3113252, -30.3591961 ], [ -54.311639, -30.3592748 ], [ -54.3121352, -30.3596057 ], [ -54.3123578, -30.3598534 ], [ -54.312441, -30.3599876 ], [ -54.3125292, -30.3601652 ], [ -54.3134458, -30.3598621 ], [ -54.3160656, -30.3589932 ], [ -54.3178225, -30.3584701 ], [ -54.3199548, -30.3577793 ], [ -54.3204544, -30.3575854 ], [ -54.3220059, -30.3570748 ], [ -54.3237442, -30.3565313 ], [ -54.325361, -30.3560123 ], [ -54.3256452, -30.3559144 ], [ -54.3254492, -30.3556211 ] ] ] } },
{ "type": "Feature", "properties": { "name": "Zona Sul", "code_muni": 4318309.0, "name_muni": "São Gabriel" }, "geometry": { "type": "Polygon", "coordinates": [ [ [ -54.3289325, -30.3460856 ], [ -54.3287525, -30.3461542 ], [ -54.328127, -30.346422 ], [ -54.3275322, -30.3466682 ], [ -54.3273432, -30.346739600000014 ], [ -54.3268493, -30.3469383 ], [ -54.3263146, -30.34716460000001 ], [ -54.3248038, -30.347744099999986 ], [ -54.3241705, -30.3479826 ], [ -54.3241203, -30.3480029 ], [ -54.3228876, -30.3485472 ], [ -54.3227842, -30.3485961 ], [ -54.3218096, -30.3490245 ], [ -54.32080650000001, -30.3494145 ], [ -54.3204886, -30.3495453 ], [ -54.3204208, -30.3495799 ], [ -54.3204045, -30.3495871 ], [ -54.320785, -30.3503967 ], [ -54.3208093, -30.3503923 ], [ -54.3209017, -30.350370899999987 ], [ -54.3215024, -30.350555599999989 ], [ -54.3218672, -30.3507037 ], [ -54.3220711, -30.3508518 ], [ -54.3224185, -30.3513865 ], [ -54.322784, -30.3519806 ], [ -54.3230829, -30.3525003 ], [ -54.3235147, -30.3531386 ], [ -54.323551, -30.353198 ], [ -54.323878, -30.3537325 ], [ -54.3239237, -30.3537964 ], [ -54.3239927, -30.3538928 ], [ -54.3240142, -30.353924 ], [ -54.3243751, -30.354376899999988 ], [ -54.3251402, -30.355260900000012 ], [ -54.3252621, -30.3554015 ], [ -54.3254492, -30.3556211 ], [ -54.3256452, -30.3559144 ], [ -54.3256929, -30.3558989 ], [ -54.3259663, -30.3558028 ], [ -54.3261241, -30.3557509 ], [ -54.3264049, -30.35565840000001 ], [ -54.3265752, -30.3556023 ], [ -54.3267476, -30.3555506 ], [ -54.3270205, -30.3554589 ], [ -54.3284284, -30.355008 ], [ -54.3291524, -30.3547738 ], [ -54.3300158, -30.3544557 ], [ -54.3308349, -30.354028 ], [ -54.3315822, -30.353541399999987 ], [ -54.3322809, -30.3529471 ], [ -54.3320408, -30.352464 ], [ -54.3312536, -30.3512049 ], [ -54.3308473, -30.3505371 ], [ -54.33060050000001, -30.34994 ], [ -54.3290103, -30.3460782 ], [ -54.3289325, -30.3460856 ] ] ] } },
{ "type": "Feature", "properties": { "name": "Santa Isabel", "code_muni": 4318309.0, "name_muni": "São Gabriel" }, "geometry": { "type": "Polygon", "coordinates": [ [ [ -54.3333355, -30.3593051 ], [ -54.3335109, -30.3592398 ], [ -54.3334411, -30.3591427 ], [ -54.3334329, -30.3591261 ], [ -54.3334196, -30.3590464 ], [ -54.3334188, -30.3589828 ], [ -54.3334196, -30.3589257 ], [ -54.3333514, -30.3589284 ], [ -54.3315419, -30.3590332 ], [ -54.3315654, -30.3595906 ], [ -54.3307005, -30.3596426 ], [ -54.329989, -30.3591378 ], [ -54.330402, -30.359554400000011 ], [ -54.3305361, -30.3598553 ], [ -54.3305898, -30.3600775 ], [ -54.3303913, -30.3603182 ], [ -54.3303055, -30.3605913 ], [ -54.3301982, -30.3606607 ], [ -54.3300748, -30.3608412 ], [ -54.3298441, -30.3609118 ], [ -54.3296907, -30.3610218 ], [ -54.3304288, -30.361368899999984 ], [ -54.3303932, -30.3618876 ], [ -54.3298709, -30.3694966 ], [ -54.3326293, -30.3694572 ], [ -54.3328157, -30.3675896 ], [ -54.3329767, -30.3658909 ], [ -54.3330096, -30.3656035 ], [ -54.3330348, -30.3653827 ], [ -54.3330891, -30.3649492 ], [ -54.3332133, -30.3635843 ], [ -54.3333227, -30.36221 ], [ -54.3334515, -30.360789 ], [ -54.3334515, -30.3606547 ], [ -54.3332614, -30.359682 ], [ -54.3332639, -30.3595 ], [ -54.3333355, -30.3593051 ] ] ] } },
{ "type": "Feature", "properties": { "name": "Bela Vista", "code_muni": 4318309.0, "name_muni": "São Gabriel" }, "geometry": { "type": "Polygon", "coordinates": [ [ [ -54.3324821, -30.3533505 ], [ -54.3322809, -30.3529471 ], [ -54.3315822, -30.353541399999987 ], [ -54.3308349, -30.354028 ], [ -54.3300158, -30.3544557 ], [ -54.3291524, -30.3547738 ], [ -54.3284284, -30.355008 ], [ -54.3270205, -30.3554589 ], [ -54.3267476, -30.3555506 ], [ -54.3265752, -30.3556023 ], [ -54.3264049, -30.35565840000001 ], [ -54.3261241, -30.3557509 ], [ -54.3259663, -30.3558028 ], [ -54.3256929, -30.3558989 ], [ -54.3256452, -30.3559144 ], [ -54.325361, -30.3560123 ], [ -54.3237442, -30.3565313 ], [ -54.3220059, -30.3570748 ], [ -54.3204544, -30.3575854 ], [ -54.3199548, -30.3577793 ], [ -54.3178225, -30.3584701 ], [ -54.3160656, -30.3589932 ], [ -54.3134458, -30.3598621 ], [ -54.3125292, -30.3601652 ], [ -54.3125534, -30.3606842 ], [ -54.3126109, -30.3613591 ], [ -54.3126496, -30.3615456 ], [ -54.3126808, -30.3616577 ], [ -54.3127021, -30.361736399999987 ], [ -54.3127333, -30.3618464 ], [ -54.3127658, -30.361982199999989 ], [ -54.3128295, -30.3621493 ], [ -54.3128795, -30.3623617 ], [ -54.3129734, -30.3627324 ], [ -54.3188451, -30.3611014 ], [ -54.3244641, -30.3595405 ], [ -54.3258637, -30.3591517 ], [ -54.3264569, -30.3594295 ], [ -54.3276429, -30.3599849 ], [ -54.329393, -30.3608045 ], [ -54.3296907, -30.3610218 ], [ -54.3298441, -30.3609118 ], [ -54.3300748, -30.3608412 ], [ -54.3301982, -30.3606607 ], [ -54.3303055, -30.3605913 ], [ -54.3303913, -30.3603182 ], [ -54.3305898, -30.3600775 ], [ -54.3305361, -30.3598553 ], [ -54.330402, -30.359554400000011 ], [ -54.329989, -30.3591378 ], [ -54.3307005, -30.3596426 ], [ -54.3315654, -30.3595906 ], [ -54.3315419, -30.3590332 ], [ -54.3333514, -30.3589284 ], [ -54.3334196, -30.3589257 ], [ -54.3334204, -30.3589107 ], [ -54.3334443, -30.3586801 ], [ -54.3334637, -30.3583711 ], [ -54.3334785, -30.3577387 ], [ -54.333479, -30.3574008 ], [ -54.3335149, -30.3572582 ], [ -54.3335182, -30.3570644 ], [ -54.333531, -30.3564359 ], [ -54.3335363, -30.3559817 ], [ -54.3335224, -30.3558043 ], [ -54.333414500000011, -30.3557043 ], [ -54.3333481, -30.3556423 ], [ -54.3331215, -30.354584 ], [ -54.3330428, -30.3543029 ], [ -54.3330127, -30.3542142 ], [ -54.3329678, -30.3540998 ], [ -54.3329449, -30.3540497 ], [ -54.3329138, -30.353982 ], [ -54.3328992, -30.3539501 ], [ -54.3327852, -30.3537521 ], [ -54.3327373, -30.3536713 ], [ -54.3324821, -30.3533505 ] ] ] } },
{ "type": "Feature", "properties": { "name": "San Isidro", "code_muni": 4318309.0, "name_muni": "São Gabriel" }, "geometry": { "type": "Polygon", "coordinates": [ [ [ -54.3497563, -30.3405102 ], [ -54.3498062, -30.3362246 ], [ -54.349805, -30.3338199 ], [ -54.3495181, -30.334021499999988 ], [ -54.3490192, -30.3344139 ], [ -54.3489247, -30.3345007 ], [ -54.3486645, -30.3347027 ], [ -54.3484506, -30.334849 ], [ -54.3484226, -30.3348675 ], [ -54.3482712, -30.334983099999985 ], [ -54.348202, -30.3350376 ], [ -54.3477135, -30.335411800000013 ], [ -54.3476379, -30.3354713 ], [ -54.3466553, -30.3362101 ], [ -54.3463529, -30.3364395 ], [ -54.3449967, -30.337476399999989 ], [ -54.3432937, -30.3387901 ], [ -54.3428602, -30.3391381 ], [ -54.342602, -30.3393719 ], [ -54.3423754, -30.3395675 ], [ -54.3417699, -30.339983 ], [ -54.341155, -30.3404009 ], [ -54.3406903, -30.3407626 ], [ -54.3397987, -30.341480499999985 ], [ -54.3395421, -30.3417176 ], [ -54.3393841, -30.3418779 ], [ -54.3392426, -30.3420299 ], [ -54.3390392, -30.3422798 ], [ -54.3388596, -30.3425336 ], [ -54.3386329, -30.3428916 ], [ -54.3381002, -30.3438606 ], [ -54.3380156, -30.3440166 ], [ -54.3382797, -30.3441463 ], [ -54.3395748, -30.3448372 ], [ -54.3405885, -30.3451859 ], [ -54.3409243, -30.3452365 ], [ -54.3412732, -30.3452271 ], [ -54.3416351, -30.345185600000015 ], [ -54.3419929, -30.345119 ], [ -54.3424883, -30.344936 ], [ -54.3452266, -30.3439194 ], [ -54.3465999, -30.343426300000012 ], [ -54.3479959, -30.3428915 ], [ -54.3482494, -30.3427794 ], [ -54.3484211, -30.3426821 ], [ -54.34871050000001, -30.342483 ], [ -54.3490528, -30.3421983 ], [ -54.3491989, -30.3420213 ], [ -54.3493252, -30.3418386 ], [ -54.3495846, -30.3412519 ], [ -54.349618, -30.3411399 ], [ -54.3496556, -30.3410189 ], [ -54.3496791, -30.340902 ], [ -54.3497563, -30.3405102 ] ] ] } },
{ "type": "Feature", "properties": { "name": "Trilha", "code_muni": 4318309.0, "name_muni": "São Gabriel" }, "geometry": { "type": "Polygon", "coordinates": [ [ [ -54.3333355, -30.3593051 ], [ -54.3332639, -30.3595 ], [ -54.3332614, -30.359682 ], [ -54.3334515, -30.3606547 ], [ -54.3334515, -30.360789 ], [ -54.3333227, -30.36221 ], [ -54.3332133, -30.3635843 ], [ -54.3330891, -30.3649492 ], [ -54.3330348, -30.3653827 ], [ -54.3330096, -30.3656035 ], [ -54.3329767, -30.3658909 ], [ -54.3328157, -30.3675896 ], [ -54.3326293, -30.3694572 ], [ -54.3331003, -30.3694318 ], [ -54.3374992, -30.3693392 ], [ -54.3403316, -30.369172599999988 ], [ -54.3423701, -30.3689319 ], [ -54.3458462, -30.368154300000011 ], [ -54.3494724, -30.3668154 ], [ -54.3486969, -30.3662963 ], [ -54.3482444, -30.3659226 ], [ -54.3478723, -30.3655455 ], [ -54.3473509, -30.3649329 ], [ -54.3467823, -30.3643405 ], [ -54.3462673, -30.3638012 ], [ -54.3460339, -30.3635652 ], [ -54.3457077, -30.3632843 ], [ -54.345033, -30.3627559 ], [ -54.34432, -30.3621928 ], [ -54.3435658, -30.361660799999989 ], [ -54.3430781, -30.3613851 ], [ -54.342571, -30.361149 ], [ -54.3421072, -30.3609268 ], [ -54.3416243, -30.3607127 ], [ -54.3411535, -30.3605161 ], [ -54.3408242, -30.3604024 ], [ -54.3403562, -30.3602711 ], [ -54.3393129, -30.3599784 ], [ -54.3388951, -30.3598612 ], [ -54.3378959, -30.3596005 ], [ -54.3368654, -30.3593625 ], [ -54.3363552, -30.3592512 ], [ -54.3360206, -30.3591981 ], [ -54.335895, -30.3591886 ], [ -54.3355502, -30.3591972 ], [ -54.334873, -30.3592533 ], [ -54.3343075, -30.3593452 ], [ -54.3338233, -30.3593649 ], [ -54.3336664, -30.3593382 ], [ -54.3336329, -30.3593167 ], [ -54.3335109, -30.3592398 ], [ -54.3333355, -30.3593051 ] ] ] } },
{ "type": "Feature", "properties": { "name": "Gabrielense", "code_muni": 4318309.0, "name_muni": "São Gabriel" }, "geometry": { "type": "Polygon", "coordinates": [ [ [ -54.3480563, -30.3611282 ], [ -54.3466294, -30.3575454 ], [ -54.3435331, -30.3554528 ], [ -54.3429389, -30.3550287 ], [ -54.3422952, -30.355151 ], [ -54.3414202, -30.3553248 ], [ -54.3411862, -30.3553732 ], [ -54.3409477, -30.3554299 ], [ -54.3401681, -30.3555906 ], [ -54.3399417, -30.3556482 ], [ -54.3398121, -30.355692399999988 ], [ -54.3387361, -30.356279 ], [ -54.338369, -30.3564978 ], [ -54.3377524, -30.356851 ], [ -54.3358735, -30.3570408 ], [ -54.3358479, -30.3570432 ], [ -54.3358326, -30.3563966 ], [ -54.3358252, -30.3556683 ], [ -54.3358155, -30.355004 ], [ -54.3358104, -30.3546497 ], [ -54.3358065, -30.354373299999988 ], [ -54.3358034, -30.3541361 ], [ -54.3358225, -30.3539567 ], [ -54.3359678, -30.3534063 ], [ -54.3362975, -30.353425699999985 ], [ -54.3366462, -30.3533238 ], [ -54.3368501, -30.3532127 ], [ -54.3370915, -30.3530368 ], [ -54.337306, -30.3524976 ], [ -54.3373168, -30.3523448 ], [ -54.3372604, -30.3521226 ], [ -54.3371531, -30.3520069 ], [ -54.3369522, -30.351935 ], [ -54.3347094, -30.3520275 ], [ -54.3346885, -30.3517744 ], [ -54.3346665, -30.351509099999987 ], [ -54.3346174, -30.3509376 ], [ -54.3345906, -30.3506258 ], [ -54.3345291, -30.3502847 ], [ -54.3342864, -30.3506254 ], [ -54.3339539, -30.351024399999989 ], [ -54.3329313, -30.3522985 ], [ -54.3322809, -30.3529471 ], [ -54.3324821, -30.3533505 ], [ -54.3327373, -30.3536713 ], [ -54.3327852, -30.3537521 ], [ -54.3328992, -30.3539501 ], [ -54.3329138, -30.353982 ], [ -54.3329449, -30.3540497 ], [ -54.3329678, -30.3540998 ], [ -54.3330127, -30.3542142 ], [ -54.3330428, -30.3543029 ], [ -54.3331215, -30.354584 ], [ -54.3333481, -30.3556423 ], [ -54.333414500000011, -30.3557043 ], [ -54.3335224, -30.3558043 ], [ -54.3335363, -30.3559817 ], [ -54.333531, -30.3564359 ], [ -54.3335182, -30.3570644 ], [ -54.3335149, -30.3572582 ], [ -54.333479, -30.3574008 ], [ -54.3334785, -30.3577387 ], [ -54.3334637, -30.3583711 ], [ -54.3334443, -30.3586801 ], [ -54.3334204, -30.3589107 ], [ -54.3334196, -30.3589257 ], [ -54.3334188, -30.3589828 ], [ -54.3334196, -30.3590464 ], [ -54.3334329, -30.3591261 ], [ -54.3334411, -30.3591427 ], [ -54.3335109, -30.3592398 ], [ -54.3336329, -30.3593167 ], [ -54.3336664, -30.3593382 ], [ -54.3338233, -30.3593649 ], [ -54.3343075, -30.3593452 ], [ -54.334873, -30.3592533 ], [ -54.3355502, -30.3591972 ], [ -54.335895, -30.3591886 ], [ -54.3360206, -30.3591981 ], [ -54.3363552, -30.3592512 ], [ -54.3368654, -30.3593625 ], [ -54.3378959, -30.3596005 ], [ -54.3388951, -30.3598612 ], [ -54.3393129, -30.3599784 ], [ -54.3403562, -30.3602711 ], [ -54.3408242, -30.3604024 ], [ -54.3411535, -30.3605161 ], [ -54.3416243, -30.3607127 ], [ -54.3421072, -30.3609268 ], [ -54.342571, -30.361149 ], [ -54.3430781, -30.3613851 ], [ -54.3435658, -30.361660799999989 ], [ -54.34432, -30.3621928 ], [ -54.345033, -30.3627559 ], [ -54.3457077, -30.3632843 ], [ -54.3460339, -30.3635652 ], [ -54.3462673, -30.3638012 ], [ -54.3467823, -30.3643405 ], [ -54.3473509, -30.3649329 ], [ -54.3478723, -30.3655455 ], [ -54.3482444, -30.3659226 ], [ -54.3486969, -30.3662963 ], [ -54.3494724, -30.3668154 ], [ -54.3494802, -30.3656007 ], [ -54.3495045, -30.3648802 ], [ -54.3495034, -30.3642114 ], [ -54.3495152, -30.3632883 ], [ -54.3495294, -30.3617235 ], [ -54.3495204, -30.3608528 ], [ -54.3480563, -30.3611282 ] ] ] } },
{ "type": "Feature", "properties": { "name": "Élbio Vargas", "code_muni": 4318309.0, "name_muni": "São Gabriel" }, "geometry": { "type": "Polygon", "coordinates": [ [ [ -54.3346174, -30.3509376 ], [ -54.3346665, -30.351509099999987 ], [ -54.3346885, -30.3517744 ], [ -54.3347094, -30.3520275 ], [ -54.3369522, -30.351935 ], [ -54.3371531, -30.3520069 ], [ -54.3372604, -30.3521226 ], [ -54.3373168, -30.3523448 ], [ -54.337306, -30.3524976 ], [ -54.3370915, -30.3530368 ], [ -54.3368501, -30.3532127 ], [ -54.3366462, -30.3533238 ], [ -54.3362975, -30.353425699999985 ], [ -54.3359678, -30.3534063 ], [ -54.3358225, -30.3539567 ], [ -54.3358034, -30.3541361 ], [ -54.3358065, -30.354373299999988 ], [ -54.3358104, -30.3546497 ], [ -54.3358155, -30.355004 ], [ -54.3358252, -30.3556683 ], [ -54.3358326, -30.3563966 ], [ -54.3358479, -30.3570432 ], [ -54.3358735, -30.3570408 ], [ -54.3377524, -30.356851 ], [ -54.338369, -30.3564978 ], [ -54.3387361, -30.356279 ], [ -54.3398121, -30.355692399999988 ], [ -54.3399417, -30.3556482 ], [ -54.3401681, -30.3555906 ], [ -54.3409477, -30.3554299 ], [ -54.3411862, -30.3553732 ], [ -54.3414202, -30.3553248 ], [ -54.3422952, -30.355151 ], [ -54.3429389, -30.3550287 ], [ -54.3435331, -30.3554528 ], [ -54.3466294, -30.3575454 ], [ -54.3480563, -30.3611282 ], [ -54.3495204, -30.3608528 ], [ -54.3494464, -30.3608328 ], [ -54.349258, -30.3608134 ], [ -54.3489924, -30.3605889 ], [ -54.3488449, -30.3603575 ], [ -54.3487537, -30.3601862 ], [ -54.3484909, -30.3601423 ], [ -54.3483299, -30.3599062 ], [ -54.3481743, -30.3596378 ], [ -54.3483085, -30.3590129 ], [ -54.3482923, -30.3587165 ], [ -54.3480778, -30.3583833 ], [ -54.3479973, -30.3581681 ], [ -54.3481315, -30.357966699999984 ], [ -54.3481287, -30.3577492 ], [ -54.3483836, -30.3569183 ], [ -54.3485659, -30.3562401 ], [ -54.3485069, -30.3561267 ], [ -54.348346, -30.3559439 ], [ -54.3481126, -30.3559578 ], [ -54.348016, -30.3558444 ], [ -54.3477585, -30.355571200000011 ], [ -54.3477908, -30.3552935 ], [ -54.3476942, -30.3550343 ], [ -54.3477023, -30.3547218 ], [ -54.3478445, -30.3544441 ], [ -54.3478686, -30.3542543 ], [ -54.3478686, -30.353965 ], [ -54.3479544, -30.353735800000013 ], [ -54.348, -30.353610799999984 ], [ -54.3480026, -30.3534488 ], [ -54.3478337, -30.3533122 ], [ -54.3476808, -30.3532915 ], [ -54.3475467, -30.3532452 ], [ -54.3473482, -30.3531942 ], [ -54.3471926, -30.3530229 ], [ -54.3469674, -30.3530045 ], [ -54.3467849, -30.3528702 ], [ -54.3465248, -30.352763799999988 ], [ -54.3463477, -30.3526665 ], [ -54.3461386, -30.3525716 ], [ -54.3457952, -30.3524721 ], [ -54.3455243, -30.352273 ], [ -54.3454063, -30.3521018 ], [ -54.3453016, -30.3520716 ], [ -54.3451595, -30.3520901 ], [ -54.3450255, -30.3521411 ], [ -54.3449472, -30.3520753 ], [ -54.3448162, -30.3519652 ], [ -54.3447116, -30.3518032 ], [ -54.3445373, -30.3517129 ], [ -54.3443817, -30.3517662 ], [ -54.344269, -30.35178 ], [ -54.3441054, -30.3517708 ], [ -54.3439043, -30.351706 ], [ -54.3437326, -30.3517384 ], [ -54.3436691, -30.351744899999989 ], [ -54.3435529, -30.3517568 ], [ -54.3433571, -30.351743 ], [ -54.3432203, -30.3517499 ], [ -54.3430942, -30.3517245 ], [ -54.3429943, -30.3517392 ], [ -54.3429682, -30.351743 ], [ -54.3429279, -30.3517175 ], [ -54.3428126, -30.3516851 ], [ -54.3427885, -30.3516759 ], [ -54.3427401, -30.3516249 ], [ -54.3426946, -30.3515879 ], [ -54.3425766, -30.3515903 ], [ -54.3425015, -30.351581 ], [ -54.3423808, -30.3515533 ], [ -54.3423137, -30.3515092 ], [ -54.3421823, -30.3515185 ], [ -54.3421126, -30.3515023 ], [ -54.3420777, -30.3514907 ], [ -54.3420344, -30.3514957 ], [ -54.3419577, -30.3510714 ], [ -54.3417297, -30.3496525 ], [ -54.34167, -30.349227 ], [ -54.3415891, -30.348747 ], [ -54.3415165, -30.3483829 ], [ -54.3413302, -30.3484225 ], [ -54.3409813, -30.3485015 ], [ -54.3397951, -30.3487699 ], [ -54.3373737, -30.3492869 ], [ -54.3371852, -30.34933160000001 ], [ -54.3362499, -30.3495349 ], [ -54.3357577, -30.3496448 ], [ -54.3353351, -30.3497411 ], [ -54.33514910000001, -30.3497907 ], [ -54.3348216, -30.3498764 ], [ -54.3345291, -30.3502847 ], [ -54.3345906, -30.3506258 ], [ -54.3346174, -30.3509376 ] ] ] } },
{ "type": "Feature", "properties": { "name": "Doutor Dácio", "code_muni": 4318309.0, "name_muni": "São Gabriel" }, "geometry": { "type": "Polygon", "coordinates": [ [ [ -54.3496556, -30.3410189 ], [ -54.349618, -30.3411399 ], [ -54.3495846, -30.3412519 ], [ -54.3493252, -30.3418386 ], [ -54.3491989, -30.3420213 ], [ -54.3490528, -30.3421983 ], [ -54.34871050000001, -30.342483 ], [ -54.3484211, -30.3426821 ], [ -54.3482494, -30.3427794 ], [ -54.3479959, -30.3428915 ], [ -54.3465999, -30.343426300000012 ], [ -54.3452266, -30.3439194 ], [ -54.3424883, -30.344936 ], [ -54.3419929, -30.345119 ], [ -54.3416351, -30.345185600000015 ], [ -54.3412732, -30.3452271 ], [ -54.3409243, -30.3452365 ], [ -54.3405885, -30.3451859 ], [ -54.3395748, -30.3448372 ], [ -54.3382797, -30.3441463 ], [ -54.3380156, -30.3440166 ], [ -54.3379232, -30.3441909 ], [ -54.3355931, -30.3485015 ], [ -54.3349673, -30.3496523 ], [ -54.3348216, -30.3498764 ], [ -54.33514910000001, -30.3497907 ], [ -54.3353351, -30.3497411 ], [ -54.3357577, -30.3496448 ], [ -54.3362499, -30.3495349 ], [ -54.3371852, -30.34933160000001 ], [ -54.3373737, -30.3492869 ], [ -54.3397951, -30.3487699 ], [ -54.3409813, -30.3485015 ], [ -54.3413302, -30.3484225 ], [ -54.3415165, -30.3483829 ], [ -54.3415891, -30.348747 ], [ -54.34167, -30.349227 ], [ -54.3417297, -30.3496525 ], [ -54.3419577, -30.3510714 ], [ -54.3420344, -30.3514957 ], [ -54.3420777, -30.3514907 ], [ -54.3421126, -30.3515023 ], [ -54.3421823, -30.3515185 ], [ -54.3423137, -30.3515092 ], [ -54.3423808, -30.3515533 ], [ -54.3425015, -30.351581 ], [ -54.3425766, -30.3515903 ], [ -54.3426946, -30.3515879 ], [ -54.3427401, -30.3516249 ], [ -54.3427885, -30.3516759 ], [ -54.3428126, -30.3516851 ], [ -54.3429279, -30.3517175 ], [ -54.3429682, -30.351743 ], [ -54.3429943, -30.3517392 ], [ -54.3430942, -30.3517245 ], [ -54.3432203, -30.3517499 ], [ -54.3433571, -30.351743 ], [ -54.3435529, -30.3517568 ], [ -54.3436691, -30.351744899999989 ], [ -54.3437326, -30.3517384 ], [ -54.3439043, -30.351706 ], [ -54.3441054, -30.3517708 ], [ -54.344269, -30.35178 ], [ -54.3443817, -30.3517662 ], [ -54.3445373, -30.3517129 ], [ -54.3447116, -30.3518032 ], [ -54.3448162, -30.3519652 ], [ -54.3449472, -30.3520753 ], [ -54.3450255, -30.3521411 ], [ -54.3451595, -30.3520901 ], [ -54.3453016, -30.3520716 ], [ -54.3454063, -30.3521018 ], [ -54.3455243, -30.352273 ], [ -54.3457952, -30.3524721 ], [ -54.3461386, -30.3525716 ], [ -54.3463477, -30.3526665 ], [ -54.3465248, -30.352763799999988 ], [ -54.3467849, -30.3528702 ], [ -54.3469674, -30.3530045 ], [ -54.3471926, -30.3530229 ], [ -54.3473482, -30.3531942 ], [ -54.3475467, -30.3532452 ], [ -54.3476808, -30.3532915 ], [ -54.3478337, -30.3533122 ], [ -54.3480026, -30.3534488 ], [ -54.348, -30.353610799999984 ], [ -54.3479544, -30.353735800000013 ], [ -54.3478686, -30.353965 ], [ -54.3478686, -30.3542543 ], [ -54.3478445, -30.3544441 ], [ -54.3477023, -30.3547218 ], [ -54.3476942, -30.3550343 ], [ -54.3477908, -30.3552935 ], [ -54.3477585, -30.355571200000011 ], [ -54.348016, -30.3558444 ], [ -54.3481126, -30.3559578 ], [ -54.348346, -30.3559439 ], [ -54.3485069, -30.3561267 ], [ -54.3485659, -30.3562401 ], [ -54.3483836, -30.3569183 ], [ -54.3481287, -30.3577492 ], [ -54.3481315, -30.357966699999984 ], [ -54.3479973, -30.3581681 ], [ -54.3480778, -30.3583833 ], [ -54.3482923, -30.3587165 ], [ -54.3483085, -30.3590129 ], [ -54.3481743, -30.3596378 ], [ -54.3483299, -30.3599062 ], [ -54.3484909, -30.3601423 ], [ -54.3487537, -30.3601862 ], [ -54.3488449, -30.3603575 ], [ -54.3489924, -30.3605889 ], [ -54.349258, -30.3608134 ], [ -54.3494464, -30.3608328 ], [ -54.3495204, -30.3608528 ], [ -54.3495194, -30.3606311 ], [ -54.3495346, -30.3591983 ], [ -54.3495793, -30.3560223 ], [ -54.3496124, -30.355050500000011 ], [ -54.3496283, -30.353723 ], [ -54.3496441, -30.3517451 ], [ -54.3496864, -30.3463101 ], [ -54.3497065, -30.3452996 ], [ -54.3496955, -30.3446789 ], [ -54.3497563, -30.3405102 ], [ -54.3496791, -30.340902 ], [ -54.3496556, -30.3410189 ] ] ] } },
{ "type": "Feature", "properties": { "name": "Vieira", "code_muni": 4318309.0, "name_muni": "São Gabriel" }, "geometry": { "type": "Polygon", "coordinates": [ [ [ -54.3370701, -30.3211371 ], [ -54.3326927, -30.3170805 ], [ -54.325777, -30.3137272 ], [ -54.3262037, -30.3148917 ], [ -54.3262569, -30.3151091 ], [ -54.3262888, -30.3152695 ], [ -54.3263954, -30.3159549 ], [ -54.3264323, -30.3161787 ], [ -54.32649, -30.3173087 ], [ -54.3265128, -30.318136400000011 ], [ -54.3265624, -30.3185173 ], [ -54.3266832, -30.3189477 ], [ -54.3267005, -30.3189883 ], [ -54.3267226, -30.3190329 ], [ -54.326718, -30.3190024 ], [ -54.3267187, -30.3189862 ], [ -54.326722, -30.3189653 ], [ -54.3267298, -30.3189319 ], [ -54.3267652, -30.3188958 ], [ -54.3267933, -30.318824 ], [ -54.3268403, -30.3187638 ], [ -54.3269167, -30.318692 ], [ -54.3270025, -30.3186249 ], [ -54.3272051, -30.3185438 ], [ -54.327315, -30.3185519 ], [ -54.3275698, -30.3185554 ], [ -54.3276972, -30.3185496 ], [ -54.3278702, -30.3185612 ], [ -54.3280627, -30.3185508 ], [ -54.328225, -30.3185531 ], [ -54.3283537, -30.318555400000012 ], [ -54.3284436, -30.3185346 ], [ -54.3286233, -30.3185334 ], [ -54.3286944, -30.3185461 ], [ -54.3287762, -30.3185982 ], [ -54.3289746, -30.3186642 ], [ -54.3292388, -30.3186827 ], [ -54.3294132, -30.3186793 ], [ -54.3296975, -30.318692 ], [ -54.3299228, -30.3186897 ], [ -54.3301092, -30.3187047 ], [ -54.33036, -30.3187256 ], [ -54.3305437, -30.3187163 ], [ -54.3309233, -30.3187186 ], [ -54.331056, -30.3187314 ], [ -54.3313417, -30.3187499 ], [ -54.331575, -30.318793899999989 ], [ -54.3317092, -30.3188344 ], [ -54.3319599, -30.3189016 ], [ -54.3321249, -30.3189293 ], [ -54.3322228, -30.3189652 ], [ -54.3322979, -30.3190254 ], [ -54.3323851, -30.3190474 ], [ -54.3325098, -30.3190474 ], [ -54.3326533, -30.3190497 ], [ -54.332947, -30.319060199999985 ], [ -54.3331012, -30.3190613 ], [ -54.3332159, -30.3190891 ], [ -54.3333795, -30.3191169 ], [ -54.3334761, -30.3191192 ], [ -54.33361020000001, -30.3191007 ], [ -54.3337389, -30.3191863 ], [ -54.3339079, -30.3192674 ], [ -54.3340232, -30.3194109 ], [ -54.3341278, -30.3195475 ], [ -54.3341815, -30.3196494 ], [ -54.3342378, -30.3198045 ], [ -54.334337, -30.3198925 ], [ -54.3344685, -30.320006 ], [ -54.3345409, -30.3200662 ], [ -54.3347018, -30.320158799999987 ], [ -54.334785, -30.320241 ], [ -54.3348574, -30.3203197 ], [ -54.3349003, -30.3204494 ], [ -54.3349137, -30.3205478 ], [ -54.3349231, -30.3206751 ], [ -54.3349365, -30.3208916 ], [ -54.3349647, -30.3211602 ], [ -54.3349928, -30.321404399999988 ], [ -54.3350116, -30.32162210000001 ], [ -54.3350089, -30.3216985 ], [ -54.3350371, -30.3218686 ], [ -54.3350197, -30.3219358 ], [ -54.335025, -30.3220064 ], [ -54.3350384, -30.322062 ], [ -54.3350894, -30.3221384 ], [ -54.3351203, -30.3221858 ], [ -54.335127, -30.3222507 ], [ -54.3351618, -30.3223085 ], [ -54.3352463, -30.3225123 ], [ -54.3353012, -30.3225589 ], [ -54.3353287, -30.3226246 ], [ -54.3353716, -30.3227172 ], [ -54.3354145, -30.3228191 ], [ -54.3354628, -30.3229256 ], [ -54.3355111, -30.323078400000011 ], [ -54.3355433, -30.3232034 ], [ -54.3355647, -30.3233423 ], [ -54.3355647, -30.3234581 ], [ -54.3355486, -30.3235553 ], [ -54.335495, -30.3236989 ], [ -54.3355218, -30.3237591 ], [ -54.3355808, -30.3237915 ], [ -54.3356827, -30.323861 ], [ -54.3357525, -30.323935 ], [ -54.3358061, -30.3240184 ], [ -54.3358276, -30.3241203 ], [ -54.3358651, -30.324449 ], [ -54.335951, -30.324555499999988 ], [ -54.3359831, -30.3246481 ], [ -54.3359563, -30.3247593 ], [ -54.3359735, -30.324844 ], [ -54.3360851, -30.3251436 ], [ -54.3361602, -30.3252362 ], [ -54.3361655, -30.3252871 ], [ -54.3362245, -30.3253751 ], [ -54.3361948, -30.3253779 ], [ -54.3362943, -30.3254585 ], [ -54.3363318, -30.3255187 ], [ -54.3363747, -30.3255788 ], [ -54.3364928, -30.3257918 ], [ -54.3364874, -30.3258937 ], [ -54.3364691, -30.32593 ], [ -54.3364337, -30.3260002 ], [ -54.3363801, -30.3260743 ], [ -54.3364016, -30.3261762 ], [ -54.3363855, -30.3262225 ], [ -54.3364003, -30.3262608 ], [ -54.3364177, -30.3263058 ], [ -54.3364713, -30.3263799 ], [ -54.3365263, -30.3264442 ], [ -54.3366591, -30.3265929 ], [ -54.3367181, -30.3266855 ], [ -54.3367663, -30.326755 ], [ -54.3368307, -30.3268152 ], [ -54.3368844, -30.3269877 ], [ -54.336905, -30.3270247 ], [ -54.3369595, -30.3271022 ], [ -54.3370399, -30.3271671 ], [ -54.3371526, -30.327181 ], [ -54.3372438, -30.3271624 ], [ -54.337335, -30.3271671 ], [ -54.3375556, -30.327079099999988 ], [ -54.3376146, -30.3270513 ], [ -54.3377641, -30.3270189 ], [ -54.3378599, -30.3270641 ], [ -54.3379327, -30.327181699999986 ], [ -54.33796190000001, -30.3272283 ], [ -54.3379912, -30.3272785 ], [ -54.339543, -30.3265027 ], [ -54.3405524, -30.3259652 ], [ -54.3406035, -30.3260235 ], [ -54.3406698, -30.32597 ], [ -54.3407142, -30.3259483 ], [ -54.3415103, -30.3254949 ], [ -54.3417387, -30.3253822 ], [ -54.3426249, -30.3249497 ], [ -54.342877, -30.3248421 ], [ -54.3431754, -30.32468 ], [ -54.3437185, -30.3244028 ], [ -54.3438446, -30.3243287 ], [ -54.3445708, -30.3240179 ], [ -54.3448035, -30.323894 ], [ -54.346038, -30.323277 ], [ -54.3461506, -30.3232237 ], [ -54.3462908, -30.3231572 ], [ -54.3470203, -30.3227966 ], [ -54.3476617, -30.3224302 ], [ -54.3482689, -30.3219909 ], [ -54.348629, -30.321702 ], [ -54.3488375, -30.321527200000013 ], [ -54.3493478, -30.3211406 ], [ -54.3494095, -30.3210694 ], [ -54.3494631, -30.3209756 ], [ -54.3495007, -30.3207996 ], [ -54.3495838, -30.3199389 ], [ -54.3497858, -30.3184866 ], [ -54.3498243, -30.318382 ], [ -54.3499126, -30.318292 ], [ -54.3500159, -30.3182377 ], [ -54.3501752, -30.3182167 ], [ -54.35023, -30.3182146 ], [ -54.3502629, -30.3180333 ], [ -54.3370701, -30.3211371 ] ] ] } },
{ "type": "Feature", "properties": { "name": "Andrade", "code_muni": 4318309.0, "name_muni": "São Gabriel" }, "geometry": { "type": "Polygon", "coordinates": [ [ [ -54.3159171, -30.3212089 ], [ -54.3159413, -30.3211548 ], [ -54.3159379, -30.3210243 ], [ -54.3158963, -30.3203865 ], [ -54.3173365, -30.3202478 ], [ -54.31743010000001, -30.3202432 ], [ -54.3174328, -30.3201657 ], [ -54.31743010000001, -30.3200685 ], [ -54.3174059, -30.3199435 ], [ -54.3174153, -30.3198346 ], [ -54.3174274, -30.3195649 ], [ -54.3174623, -30.3194561 ], [ -54.3175132, -30.3192593 ], [ -54.3175548, -30.3190937 ], [ -54.3176084, -30.3189536 ], [ -54.31765, -30.3188251 ], [ -54.3176768, -30.3186943 ], [ -54.3176782, -30.3186144 ], [ -54.317642, -30.3185218 ], [ -54.3176286, -30.3184396 ], [ -54.3175937, -30.3183273 ], [ -54.317536, -30.3181954 ], [ -54.3175427, -30.318101 ], [ -54.3175783, -30.3180431 ], [ -54.3176259, -30.3179557 ], [ -54.3176886, -30.3178776 ], [ -54.3177503, -30.317785 ], [ -54.3178334, -30.3176599 ], [ -54.3180104, -30.3175025 ], [ -54.3181955, -30.3173566 ], [ -54.3183779, -30.3172015 ], [ -54.3185174, -30.3171413 ], [ -54.3186716, -30.3169595 ], [ -54.3187306, -30.316827499999984 ], [ -54.3187732, -30.3167222 ], [ -54.3187397, -30.3166701 ], [ -54.3186927, -30.3165925 ], [ -54.3186512, -30.3165208 ], [ -54.31866320000001, -30.3164744 ], [ -54.3186659, -30.316442 ], [ -54.3185989, -30.3163876 ], [ -54.3185519, -30.3163679 ], [ -54.3184956, -30.3163459 ], [ -54.3184258, -30.3162163 ], [ -54.3183856, -30.3161445 ], [ -54.318277, -30.3159824 ], [ -54.3182046, -30.31588630000001 ], [ -54.3181482, -30.3158041 ], [ -54.3181093, -30.315752 ], [ -54.3180812, -30.315693 ], [ -54.3180852, -30.3156583 ], [ -54.3180839, -30.3156224 ], [ -54.3180731, -30.3155934 ], [ -54.3180436, -30.3155749 ], [ -54.31799130000001, -30.3155714 ], [ -54.3179565, -30.315559799999988 ], [ -54.3179417, -30.315517 ], [ -54.3179176, -30.3154418 ], [ -54.3178827, -30.3153526 ], [ -54.3178572, -30.3153098 ], [ -54.317821, -30.3152635 ], [ -54.3177667, -30.3151714 ], [ -54.3177687, -30.3151338 ], [ -54.3173258, -30.3148444 ], [ -54.3169771, -30.3143072 ], [ -54.3165479, -30.3136187 ], [ -54.3108566, -30.3138966 ], [ -54.3109471, -30.3141715 ], [ -54.3113246, -30.3153507 ], [ -54.3114546, -30.3157572 ], [ -54.3116077, -30.3163078 ], [ -54.3118144, -30.3168821 ], [ -54.3118917, -30.3171038 ], [ -54.312022, -30.317506800000011 ], [ -54.3121147, -30.31779340000001 ], [ -54.3122971, -30.3181639 ], [ -54.3124059, -30.3185053 ], [ -54.312494, -30.3188423 ], [ -54.3125791, -30.3192677 ], [ -54.3127461, -30.320103 ], [ -54.3127672, -30.3202183 ], [ -54.3128443, -30.3206552 ], [ -54.3129694, -30.3213287 ], [ -54.3130147, -30.3215723 ], [ -54.3130267, -30.3216481 ], [ -54.3130782, -30.3218469 ], [ -54.3133416, -30.3228636 ], [ -54.3141787, -30.3226923 ], [ -54.314067, -30.3222669 ], [ -54.3139383, -30.3217576 ], [ -54.3138203, -30.3211 ], [ -54.3158568, -30.3212362 ], [ -54.3159171, -30.3212089 ] ] ] } },
{ "type": "Feature", "properties": { "name": "Medeiros", "code_muni": 4318309.0, "name_muni": "São Gabriel" }, "geometry": { "type": "Polygon", "coordinates": [ [ [ -54.31743010000001, -30.3202432 ], [ -54.3173365, -30.3202478 ], [ -54.3158963, -30.3203865 ], [ -54.3159379, -30.3210243 ], [ -54.3159413, -30.3211548 ], [ -54.3159171, -30.3212089 ], [ -54.3158568, -30.3212362 ], [ -54.3138203, -30.3211 ], [ -54.3139383, -30.3217576 ], [ -54.314067, -30.3222669 ], [ -54.3141787, -30.3226923 ], [ -54.3133416, -30.3228636 ], [ -54.3135337, -30.32362130000001 ], [ -54.3135661, -30.3237509 ], [ -54.3135776, -30.3237971 ], [ -54.3144425, -30.3236191 ], [ -54.3153759, -30.3234246 ], [ -54.3167599, -30.3231421 ], [ -54.3169102, -30.323683899999985 ], [ -54.3180738, -30.323421400000012 ], [ -54.3183772, -30.3233437 ], [ -54.3182978, -30.3231611 ], [ -54.318161, -30.3230373 ], [ -54.318106, -30.3229331 ], [ -54.3181301, -30.3228277 ], [ -54.3180389, -30.3226414 ], [ -54.3179531, -30.3226437 ], [ -54.3178981, -30.3226182 ], [ -54.3178867, -30.3225569 ], [ -54.3177942, -30.3224069 ], [ -54.3177794, -30.322341 ], [ -54.3177167, -30.3219977 ], [ -54.3176564, -30.3218704 ], [ -54.3174194, -30.3214241 ], [ -54.3173536, -30.3212285 ], [ -54.3172852, -30.3209379 ], [ -54.3172611, -30.320736499999988 ], [ -54.3172504, -30.3205802 ], [ -54.3172893, -30.3204864 ], [ -54.317351, -30.3204146 ], [ -54.3174314, -30.3203452 ], [ -54.31743010000001, -30.3202432 ] ] ] } },
{ "type": "Feature", "properties": { "name": "São Gregório", "code_muni": 4318309.0, "name_muni": "São Gabriel" }, "geometry": { "type": "Polygon", "coordinates": [ [ [ -54.3186733, -30.323951099999988 ], [ -54.3185425, -30.3237237 ], [ -54.3185079, -30.323644 ], [ -54.3183772, -30.3233437 ], [ -54.3180738, -30.323421400000012 ], [ -54.3169102, -30.323683899999985 ], [ -54.3167599, -30.3231421 ], [ -54.3153759, -30.3234246 ], [ -54.3144425, -30.3236191 ], [ -54.3135776, -30.3237971 ], [ -54.3136018, -30.3238925 ], [ -54.3137988, -30.3246684 ], [ -54.3138215, -30.3247579 ], [ -54.3139569, -30.32528 ], [ -54.3139932, -30.32542 ], [ -54.3143258, -30.3266471 ], [ -54.3145445, -30.3270913 ], [ -54.3147818, -30.3275732 ], [ -54.3148594, -30.3275344 ], [ -54.3159936, -30.327108 ], [ -54.3167174, -30.3268323 ], [ -54.3165938, -30.3265524 ], [ -54.3163578, -30.3259824 ], [ -54.3163125, -30.325872900000011 ], [ -54.3162413, -30.325705299999985 ], [ -54.3160854, -30.3251849 ], [ -54.31596, -30.3247878 ], [ -54.3170675, -30.3244856 ], [ -54.3171355, -30.324467 ], [ -54.3172818, -30.3244255 ], [ -54.3187007, -30.3240063 ], [ -54.3186733, -30.323951099999988 ] ] ] } },
{ "type": "Feature", "properties": { "name": "São Clemente", "code_muni": 4318309.0, "name_muni": "São Gabriel" }, "geometry": { "type": "Polygon", "coordinates": [ [ [ -54.3187007, -30.3240063 ], [ -54.3172818, -30.3244255 ], [ -54.3171355, -30.324467 ], [ -54.3170675, -30.3244856 ], [ -54.31596, -30.3247878 ], [ -54.3160854, -30.3251849 ], [ -54.3162413, -30.325705299999985 ], [ -54.3163125, -30.325872900000011 ], [ -54.3163578, -30.3259824 ], [ -54.3165938, -30.3265524 ], [ -54.3167174, -30.3268323 ], [ -54.3159936, -30.327108 ], [ -54.3148594, -30.3275344 ], [ -54.3147818, -30.3275732 ], [ -54.3153, -30.3285584 ], [ -54.3160593, -30.330152099999985 ], [ -54.3166543, -30.3313823 ], [ -54.3167559, -30.3316536 ], [ -54.3168266, -30.3316251 ], [ -54.3171841, -30.3315137 ], [ -54.3185308, -30.3313978 ], [ -54.318607, -30.3315504 ], [ -54.3189142, -30.3321677 ], [ -54.3191046, -30.3325447 ], [ -54.3205316, -30.3318079 ], [ -54.3216061, -30.3312798 ], [ -54.3217013, -30.331222599999986 ], [ -54.3218522, -30.3311157 ], [ -54.3223715, -30.3303976 ], [ -54.3224875, -30.3302426 ], [ -54.3224252, -30.3301995 ], [ -54.3224049, -30.3301784 ], [ -54.3222252, -30.3299562 ], [ -54.3220938, -30.3297756 ], [ -54.3219194, -30.3296413 ], [ -54.3218202, -30.3295337 ], [ -54.3217102, -30.329301 ], [ -54.3216807, -30.3291251 ], [ -54.32167530000001, -30.32898620000001 ], [ -54.321619, -30.328784699999989 ], [ -54.3215198, -30.3287014 ], [ -54.3214462, -30.3286087 ], [ -54.3213866, -30.328529 ], [ -54.3213589, -30.3284752 ], [ -54.3212837, -30.3283171 ], [ -54.3211845, -30.3281157 ], [ -54.3211389, -30.3280069 ], [ -54.3210048, -30.3279281 ], [ -54.3208948, -30.3277661 ], [ -54.3208197, -30.327590099999988 ], [ -54.3207312, -30.3273239 ], [ -54.3206454, -30.327016 ], [ -54.3206239, -30.3267034 ], [ -54.3205971, -30.3265252 ], [ -54.3205864, -30.3263191 ], [ -54.3206212, -30.3261269 ], [ -54.3205622, -30.3259394 ], [ -54.3204737, -30.3257635 ], [ -54.3202001, -30.3254 ], [ -54.3201089, -30.3252356 ], [ -54.3199775, -30.3251823 ], [ -54.3198005, -30.3250805 ], [ -54.3196342, -30.3249392 ], [ -54.3195376, -30.3248212 ], [ -54.3193579, -30.3247679 ], [ -54.3191192, -30.3246429 ], [ -54.318977, -30.3245364 ], [ -54.3188671, -30.3244368 ], [ -54.3187866, -30.3242192 ], [ -54.3187307, -30.3240681 ], [ -54.3187007, -30.3240063 ] ] ] } },
{ "type": "Feature", "properties": { "name": "Menino Jesus", "code_muni": 4318309.0, "name_muni": "São Gabriel" }, "geometry": { "type": "Polygon", "coordinates": [ [ [ -54.312022, -30.317506800000011 ], [ -54.3118917, -30.3171038 ], [ -54.3118144, -30.3168821 ], [ -54.3116077, -30.3163078 ], [ -54.3114546, -30.3157572 ], [ -54.3113246, -30.3153507 ], [ -54.3109471, -30.3141715 ], [ -54.3108566, -30.3138966 ], [ -54.301984, -30.3134856 ], [ -54.3018848, -30.3137325 ], [ -54.3018258, -30.3140381 ], [ -54.3017373, -30.3147397 ], [ -54.3017131, -30.314955 ], [ -54.3016606, -30.31509 ], [ -54.3014771, -30.315443599999988 ], [ -54.3014181, -30.3156403 ], [ -54.301469, -30.3160479 ], [ -54.3016058, -30.3164647 ], [ -54.3017051, -30.3167912 ], [ -54.3017507, -30.3170945 ], [ -54.3017748, -30.31748 ], [ -54.3017963, -30.3176351 ], [ -54.3018231, -30.3177879 ], [ -54.3018566, -30.317957 ], [ -54.3018848, -30.3182081 ], [ -54.301925, -30.3186157 ], [ -54.3019505, -30.3187626 ], [ -54.3019908, -30.3188611 ], [ -54.3020363, -30.318934 ], [ -54.3020967, -30.3190081 ], [ -54.3021651, -30.3190811 ], [ -54.302288, -30.319143 ], [ -54.3023249, -30.319155699999985 ], [ -54.302365, -30.3191702 ], [ -54.3024776, -30.3192025 ], [ -54.302558, -30.319231499999987 ], [ -54.3026546, -30.319244300000012 ], [ -54.3027793, -30.3192418 ], [ -54.3029376, -30.3192374 ], [ -54.3031487, -30.3192553 ], [ -54.3034757, -30.3193042 ], [ -54.3035114, -30.3193096 ], [ -54.3035706, -30.319316099999988 ], [ -54.3036765, -30.3193346 ], [ -54.3037691, -30.3193715 ], [ -54.3038375, -30.3194307 ], [ -54.3039743, -30.3196332 ], [ -54.3040453, -30.3197618 ], [ -54.3040882, -30.3198324 ], [ -54.3041499, -30.3198834 ], [ -54.3042196, -30.3199077 ], [ -54.3043068, -30.3199204 ], [ -54.3044101, -30.3199297 ], [ -54.3044355, -30.3199351 ], [ -54.304516, -30.3199482 ], [ -54.304604500000011, -30.3199852 ], [ -54.3046622, -30.3200362 ], [ -54.3047346, -30.3201589 ], [ -54.3048204, -30.3202619 ], [ -54.3049406, -30.320379 ], [ -54.3049774, -30.3204228 ], [ -54.3050458, -30.320493399999989 ], [ -54.3051115, -30.3205583 ], [ -54.3051356, -30.3205913 ], [ -54.3051638, -30.32063 ], [ -54.3051986, -30.3207412 ], [ -54.3052831, -30.3211035 ], [ -54.305326, -30.3211903 ], [ -54.3053985, -30.3212968 ], [ -54.3054146, -30.3213709 ], [ -54.3054134, -30.321403600000011 ], [ -54.3054119, -30.3214472 ], [ -54.3053958, -30.3215237 ], [ -54.3053931, -30.321643 ], [ -54.3054374, -30.3217761 ], [ -54.305487, -30.3219058 ], [ -54.3055218, -30.3220343 ], [ -54.3055312, -30.3221686 ], [ -54.3055246, -30.3222645 ], [ -54.3103792, -30.3218485 ], [ -54.3104666, -30.3218449 ], [ -54.311063, -30.3218118 ], [ -54.3123346, -30.3216974 ], [ -54.3127064, -30.3216649 ], [ -54.3130267, -30.3216481 ], [ -54.3130147, -30.3215723 ], [ -54.3129694, -30.3213287 ], [ -54.3128443, -30.3206552 ], [ -54.3127672, -30.3202183 ], [ -54.3127461, -30.320103 ], [ -54.3125791, -30.3192677 ], [ -54.312494, -30.3188423 ], [ -54.3124059, -30.3185053 ], [ -54.3122971, -30.3181639 ], [ -54.3121147, -30.31779340000001 ], [ -54.312022, -30.317506800000011 ] ] ] } },
{ "type": "Feature", "properties": { "name": "Três de Outubro", "code_muni": 4318309.0, "name_muni": "São Gabriel" }, "geometry": { "type": "Polygon", "coordinates": [ [ [ -54.3130782, -30.3218469 ], [ -54.3130267, -30.3216481 ], [ -54.3127064, -30.3216649 ], [ -54.3123346, -30.3216974 ], [ -54.311063, -30.3218118 ], [ -54.3104666, -30.3218449 ], [ -54.3103792, -30.3218485 ], [ -54.3055246, -30.3222645 ], [ -54.3055165, -30.3224244 ], [ -54.3055031, -30.3225678 ], [ -54.3054977, -30.322705700000011 ], [ -54.3054966, -30.322766 ], [ -54.3055031, -30.3228631 ], [ -54.3055353, -30.3229384 ], [ -54.3055767, -30.323009899999981 ], [ -54.305664, -30.3231351 ], [ -54.3057686, -30.3233829 ], [ -54.3058893, -30.3235681 ], [ -54.3060985, -30.3237973 ], [ -54.3062568, -30.3240497 ], [ -54.3062863, -30.324272 ], [ -54.3062675, -30.3245521 ], [ -54.3063158, -30.3248346 ], [ -54.3063962, -30.3250267 ], [ -54.3067154, -30.325538399999985 ], [ -54.3068978, -30.325911099999988 ], [ -54.3071124, -30.3264182 ], [ -54.3072599, -30.3266914 ], [ -54.3074369, -30.3269044 ], [ -54.307622, -30.3271081 ], [ -54.3078098, -30.3273118 ], [ -54.307956, -30.3274994 ], [ -54.3080579, -30.3276961 ], [ -54.3081504, -30.327839700000013 ], [ -54.3082188, -30.3279103 ], [ -54.3083543, -30.3280365 ], [ -54.308487, -30.3281823 ], [ -54.3085643, -30.328268699999985 ], [ -54.3086547, -30.3283641 ], [ -54.3088062, -30.32854 ], [ -54.3089095, -30.3286928 ], [ -54.308939, -30.3288491 ], [ -54.308939, -30.329025 ], [ -54.3089202, -30.3292427 ], [ -54.308888, -30.329532 ], [ -54.3088558, -30.3297798 ], [ -54.3087673, -30.3302335 ], [ -54.3086996, -30.330459 ], [ -54.308493, -30.330922 ], [ -54.3083532, -30.3311365 ], [ -54.3082322, -30.3312915 ], [ -54.3081974, -30.3313691 ], [ -54.3081893, -30.3314675 ], [ -54.3081853, -30.3315358 ], [ -54.3081719, -30.3315867 ], [ -54.3080767, -30.3316758 ], [ -54.3080243, -30.3317291 ], [ -54.3079962, -30.3317823 ], [ -54.3080056, -30.3318217 ], [ -54.3080364, -30.3318645 ], [ -54.3080911, -30.3319474 ], [ -54.3081343, -30.3320578 ], [ -54.3081765, -30.3322161 ], [ -54.3081765, -30.3323018 ], [ -54.3081491, -30.3324444 ], [ -54.3080981, -30.3326204 ], [ -54.3080391, -30.3327975 ], [ -54.3079593, -30.3329534 ], [ -54.3080241, -30.3329855 ], [ -54.3085393, -30.3332408 ], [ -54.3088773, -30.3332223 ], [ -54.3088478, -30.3331248 ], [ -54.3088343, -30.332847 ], [ -54.3088066, -30.332604 ], [ -54.3087862, -30.3324256 ], [ -54.3087871, -30.3320066 ], [ -54.308998, -30.3315713 ], [ -54.3092556, -30.3310551 ], [ -54.309387, -30.330393 ], [ -54.3094218, -30.3302426 ], [ -54.3097356, -30.330129 ], [ -54.3100227, -30.330173 ], [ -54.3102319, -30.3304601 ], [ -54.310331, -30.3308213 ], [ -54.3109426, -30.3310921 ], [ -54.3116453, -30.3311789 ], [ -54.3124554, -30.3312727 ], [ -54.3131299, -30.3311685 ], [ -54.3143356, -30.3313421 ], [ -54.3144421, -30.3313578 ], [ -54.3146322, -30.331700599999987 ], [ -54.3149079, -30.332187 ], [ -54.3150096, -30.3323034 ], [ -54.3150159, -30.3323044 ], [ -54.3150678, -30.3323125 ], [ -54.3151242, -30.3323008 ], [ -54.3158216, -30.3320323 ], [ -54.3167559, -30.3316536 ], [ -54.3166543, -30.3313823 ], [ -54.3160593, -30.330152099999985 ], [ -54.3153, -30.3285584 ], [ -54.3147818, -30.3275732 ], [ -54.3145445, -30.3270913 ], [ -54.3143258, -30.3266471 ], [ -54.3139932, -30.32542 ], [ -54.3139569, -30.32528 ], [ -54.3138215, -30.3247579 ], [ -54.3137988, -30.3246684 ], [ -54.3136018, -30.3238925 ], [ -54.3135776, -30.3237971 ], [ -54.3135661, -30.3237509 ], [ -54.3135337, -30.32362130000001 ], [ -54.3133416, -30.3228636 ], [ -54.3130782, -30.3218469 ] ] ] } },
{ "type": "Feature", "properties": { "name": "Santo Antônio", "code_muni": 4318309.0, "name_muni": "São Gabriel" }, "geometry": { "type": "Polygon", "coordinates": [ [ [ -54.3290103, -30.3460782 ], [ -54.33060050000001, -30.34994 ], [ -54.3308473, -30.3505371 ], [ -54.3312536, -30.3512049 ], [ -54.3320408, -30.352464 ], [ -54.3322809, -30.3529471 ], [ -54.3329313, -30.3522985 ], [ -54.3339539, -30.351024399999989 ], [ -54.3342864, -30.3506254 ], [ -54.3345291, -30.3502847 ], [ -54.3348216, -30.3498764 ], [ -54.3349673, -30.3496523 ], [ -54.3355931, -30.3485015 ], [ -54.3379232, -30.3441909 ], [ -54.3380156, -30.3440166 ], [ -54.3377827, -30.343885300000014 ], [ -54.336711, -30.3433572 ], [ -54.3362258, -30.3430679 ], [ -54.3344371, -30.342144 ], [ -54.333521, -30.3416544 ], [ -54.3337534, -30.342460699999986 ], [ -54.3321374, -30.342792 ], [ -54.3314347, -30.3429616 ], [ -54.3313944, -30.342992 ], [ -54.3313415, -30.343051 ], [ -54.3310961, -30.3432126 ], [ -54.330748, -30.3434361 ], [ -54.3306771, -30.3434875 ], [ -54.3305771, -30.3435431 ], [ -54.3292388, -30.344084 ], [ -54.32807, -30.3444801 ], [ -54.3280936, -30.3445193 ], [ -54.3282547, -30.3448657 ], [ -54.3283473, -30.3450648 ], [ -54.328393, -30.3451624 ], [ -54.328593, -30.3455255 ], [ -54.3286586, -30.3456749 ], [ -54.3290103, -30.3460782 ] ] ] } },
{ "type": "Feature", "properties": { "name": "São Sebastião", "code_muni": 4318309.0, "name_muni": "São Gabriel" }, "geometry": { "type": "Polygon", "coordinates": [ [ [ -54.3302063, -30.340491 ], [ -54.3306542, -30.3414309 ], [ -54.330677, -30.341481800000015 ], [ -54.3311895, -30.3425652 ], [ -54.3313944, -30.342992 ], [ -54.3314347, -30.3429616 ], [ -54.3321374, -30.342792 ], [ -54.3337534, -30.342460699999986 ], [ -54.333521, -30.3416544 ], [ -54.3335108, -30.341611899999986 ], [ -54.3334308, -30.3411672 ], [ -54.3333521, -30.3408237 ], [ -54.3332927, -30.3404664 ], [ -54.3332853, -30.3403504 ], [ -54.3332903, -30.3402366 ], [ -54.33330680000001, -30.3399686 ], [ -54.3333258, -30.3393118 ], [ -54.3333303, -30.3388926 ], [ -54.3333393, -30.3381715 ], [ -54.3333615, -30.3377975 ], [ -54.3333611, -30.3376522 ], [ -54.3333377, -30.3375268 ], [ -54.3332123, -30.3371645 ], [ -54.3331282, -30.336981 ], [ -54.3330676, -30.33688 ], [ -54.3330421, -30.3368919 ], [ -54.3323789, -30.3371456 ], [ -54.3314462, -30.3374992 ], [ -54.3307357, -30.3377732 ], [ -54.3300781, -30.3380176 ], [ -54.32932180000001, -30.3383064 ], [ -54.3281159, -30.3387423 ], [ -54.3280633, -30.3387601 ], [ -54.3280144, -30.3387768 ], [ -54.3295344, -30.339559699999985 ], [ -54.3293042, -30.3396455 ], [ -54.3299729, -30.3399865 ], [ -54.3302063, -30.340491 ] ] ] } },
{ "type": "Feature", "properties": { "name": "Leal", "code_muni": 4318309.0, "name_muni": "São Gabriel" }, "geometry": { "type": "Polygon", "coordinates": [ [ [ -54.3466553, -30.3362101 ], [ -54.3476379, -30.3354713 ], [ -54.3477135, -30.335411800000013 ], [ -54.348202, -30.3350376 ], [ -54.3482712, -30.334983099999985 ], [ -54.3484226, -30.3348675 ], [ -54.3484506, -30.334849 ], [ -54.3486645, -30.3347027 ], [ -54.3489247, -30.3345007 ], [ -54.3490192, -30.3344139 ], [ -54.3495181, -30.334021499999988 ], [ -54.349805, -30.3338199 ], [ -54.3498186, -30.333169 ], [ -54.3498242, -30.3328392 ], [ -54.3498444, -30.3316721 ], [ -54.3498977, -30.327142599999988 ], [ -54.3492308, -30.3274239 ], [ -54.3482438, -30.3278129 ], [ -54.3474364, -30.3281699 ], [ -54.3469966, -30.3283489 ], [ -54.3462113, -30.3286694 ], [ -54.3452721, -30.3290227 ], [ -54.3450145, -30.3291206 ], [ -54.3449032, -30.3291629 ], [ -54.3448259, -30.3291922 ], [ -54.3444516, -30.3293357 ], [ -54.3443252, -30.329386 ], [ -54.3440384, -30.3294961 ], [ -54.3438819, -30.3295561 ], [ -54.3430444, -30.3298774 ], [ -54.3426973, -30.3300411 ], [ -54.3426781, -30.330048099999988 ], [ -54.3415738, -30.3304993 ], [ -54.3413893, -30.3305836 ], [ -54.3412385, -30.3306416 ], [ -54.3407775, -30.3307888 ], [ -54.3402161, -30.3310294 ], [ -54.3400488, -30.3311013 ], [ -54.3400106, -30.3311174 ], [ -54.3399659, -30.3311359 ], [ -54.3399941, -30.3311844 ], [ -54.3399866, -30.3313018 ], [ -54.3401, -30.3313748 ], [ -54.3401885, -30.331391 ], [ -54.3402287, -30.3314651 ], [ -54.3403414, -30.3314998 ], [ -54.3404808, -30.3315993 ], [ -54.340631, -30.331668799999985 ], [ -54.340859, -30.3318517 ], [ -54.3408966, -30.3319582 ], [ -54.3407786, -30.3320739 ], [ -54.3407196, -30.3322013 ], [ -54.3407786, -30.3324073 ], [ -54.3407625, -30.3325601 ], [ -54.3406257, -30.3327059 ], [ -54.3405654, -30.332972900000012 ], [ -54.3404862, -30.3333241 ], [ -54.3404374, -30.333402 ], [ -54.3403977, -30.3334653 ], [ -54.3404704, -30.3335672 ], [ -54.340505, -30.333615699999989 ], [ -54.3406498, -30.3336458 ], [ -54.3407383, -30.3337083 ], [ -54.3408188, -30.3337315 ], [ -54.3408644, -30.333803299999989 ], [ -54.3408716, -30.3338459 ], [ -54.3408771, -30.3338788 ], [ -54.3409082, -30.3339364 ], [ -54.3419221, -30.3335822 ], [ -54.3429132, -30.3332269 ], [ -54.3431507, -30.3331226 ], [ -54.3436005, -30.3329456 ], [ -54.3444178, -30.3326287 ], [ -54.3444489, -30.3326165 ], [ -54.3457007, -30.3321562 ], [ -54.345751, -30.3321359 ], [ -54.3457784, -30.3321789 ], [ -54.3458201, -30.332256900000012 ], [ -54.3460848, -30.3327949 ], [ -54.3463376, -30.3327159 ], [ -54.3464363, -30.3326851 ], [ -54.3464207, -30.3329035 ], [ -54.3463796, -30.3334773 ], [ -54.3463753, -30.3335377 ], [ -54.3463718, -30.3335867 ], [ -54.3463655, -30.3336745 ], [ -54.3463152, -30.3343785 ], [ -54.3463077, -30.334482400000013 ], [ -54.3462814, -30.334851 ], [ -54.3462632, -30.3351052 ], [ -54.3462092, -30.3361257 ], [ -54.3463259, -30.3363804 ], [ -54.3463529, -30.3364395 ], [ -54.3466553, -30.3362101 ] ] ] } },
{ "type": "Feature", "properties": { "name": "Vivenda", "code_muni": 4318309.0, "name_muni": "São Gabriel" }, "geometry": { "type": "Polygon", "coordinates": [ [ [ -54.3380326, -30.3373369 ], [ -54.337113, -30.3377272 ], [ -54.3359807, -30.3382397 ], [ -54.3333258, -30.3393118 ], [ -54.33330680000001, -30.3399686 ], [ -54.3332903, -30.3402366 ], [ -54.3332853, -30.3403504 ], [ -54.3332927, -30.3404664 ], [ -54.3333521, -30.3408237 ], [ -54.3334308, -30.3411672 ], [ -54.3335108, -30.341611899999986 ], [ -54.333521, -30.3416544 ], [ -54.3344371, -30.342144 ], [ -54.3362258, -30.3430679 ], [ -54.336711, -30.3433572 ], [ -54.3377827, -30.343885300000014 ], [ -54.3380156, -30.3440166 ], [ -54.3381002, -30.3438606 ], [ -54.3386329, -30.3428916 ], [ -54.3388596, -30.3425336 ], [ -54.3390392, -30.3422798 ], [ -54.3392426, -30.3420299 ], [ -54.3393841, -30.3418779 ], [ -54.3395421, -30.3417176 ], [ -54.3397987, -30.341480499999985 ], [ -54.3406903, -30.3407626 ], [ -54.341155, -30.3404009 ], [ -54.3417699, -30.339983 ], [ -54.3423754, -30.3395675 ], [ -54.342602, -30.3393719 ], [ -54.3428602, -30.3391381 ], [ -54.3432937, -30.3387901 ], [ -54.3449967, -30.337476399999989 ], [ -54.3448047, -30.3370949 ], [ -54.3447467, -30.3370048 ], [ -54.3445858, -30.3366899 ], [ -54.3445683, -30.336653 ], [ -54.3445534, -30.3366215 ], [ -54.3444737, -30.3364565 ], [ -54.3444441, -30.3364279 ], [ -54.3444099, -30.3364065 ], [ -54.3443649, -30.3363932 ], [ -54.3443057, -30.3363845 ], [ -54.3440535, -30.336359 ], [ -54.3438417, -30.3363937 ], [ -54.3436378, -30.336511799999986 ], [ -54.3435439, -30.3364979 ], [ -54.343493, -30.3364493 ], [ -54.3433642, -30.3363474 ], [ -54.343227400000011, -30.3362363 ], [ -54.3430611, -30.3361113 ], [ -54.3427898, -30.3358199 ], [ -54.342699, -30.3357224 ], [ -54.3425435, -30.3354538 ], [ -54.3424258, -30.3354773 ], [ -54.3422554, -30.3355421 ], [ -54.342084, -30.3356053 ], [ -54.3402372, -30.3362861 ], [ -54.3401557, -30.3363162 ], [ -54.3396242, -30.3365121 ], [ -54.3380312, -30.337239 ], [ -54.3379072, -30.3371212 ], [ -54.3380326, -30.3373369 ] ] ] } },
{ "type": "Feature", "properties": { "name": "Jardim das Hortênsias", "code_muni": 4318309.0, "name_muni": "São Gabriel" }, "geometry": { "type": "Polygon", "coordinates": [ [ [ -54.34086, -30.3339526 ], [ -54.3407942, -30.333972899999988 ], [ -54.3406253, -30.3340377 ], [ -54.3401988, -30.334199 ], [ -54.3401047, -30.3342349 ], [ -54.3393591, -30.3345132 ], [ -54.3384676, -30.3348455 ], [ -54.3376213, -30.3351639 ], [ -54.3372764, -30.3352863 ], [ -54.3370654, -30.33536 ], [ -54.3369791, -30.335394 ], [ -54.336165800000011, -30.3356989 ], [ -54.3357103, -30.3358684 ], [ -54.3349536, -30.3361483 ], [ -54.3346457, -30.3362615 ], [ -54.3343318, -30.336378 ], [ -54.3339918, -30.3365131 ], [ -54.3337639, -30.3366036 ], [ -54.3332679, -30.336800699999987 ], [ -54.3331184, -30.336858100000011 ], [ -54.3330676, -30.33688 ], [ -54.3331282, -30.336981 ], [ -54.3332123, -30.3371645 ], [ -54.3333377, -30.3375268 ], [ -54.3333611, -30.3376522 ], [ -54.3333615, -30.3377975 ], [ -54.3333393, -30.3381715 ], [ -54.3333303, -30.3388926 ], [ -54.3333258, -30.3393118 ], [ -54.3359807, -30.3382397 ], [ -54.337113, -30.3377272 ], [ -54.3380326, -30.3373369 ], [ -54.3379072, -30.3371212 ], [ -54.3380312, -30.337239 ], [ -54.3396242, -30.3365121 ], [ -54.3401557, -30.3363162 ], [ -54.3402372, -30.3362861 ], [ -54.342084, -30.3356053 ], [ -54.3422554, -30.3355421 ], [ -54.3424258, -30.3354773 ], [ -54.3425435, -30.3354538 ], [ -54.3424871, -30.3354075 ], [ -54.3424094, -30.3353057 ], [ -54.3421029, -30.3351552 ], [ -54.3420452, -30.3351084 ], [ -54.3419158, -30.335009400000011 ], [ -54.3418515, -30.3349793 ], [ -54.3417603, -30.3349006 ], [ -54.3416243, -30.3347514 ], [ -54.341543, -30.334662200000011 ], [ -54.3415312, -30.334644399999984 ], [ -54.3414786, -30.3345649 ], [ -54.3414221, -30.3344925 ], [ -54.3414009, -30.3344654 ], [ -54.3412077, -30.334294 ], [ -54.3411648, -30.3342454 ], [ -54.3410656, -30.334176 ], [ -54.340947, -30.3340058 ], [ -54.3409082, -30.3339364 ], [ -54.34086, -30.3339526 ] ] ] } },
{ "type": "Feature", "properties": { "name": "Trindade", "code_muni": 4318309.0, "name_muni": "São Gabriel" }, "geometry": { "type": "Polygon", "coordinates": [ [ [ -54.3399659, -30.3311359 ], [ -54.33993, -30.3311512 ], [ -54.3398924, -30.3311664 ], [ -54.3398296, -30.3311896 ], [ -54.3396224, -30.3312647 ], [ -54.3395357, -30.3312981 ], [ -54.3394242, -30.3313425 ], [ -54.3391068, -30.3314641 ], [ -54.3386929, -30.3316198 ], [ -54.3382456, -30.331802700000015 ], [ -54.33796610000001, -30.3319135 ], [ -54.3371077, -30.3322562 ], [ -54.3369932, -30.3322995 ], [ -54.3368957, -30.3323344 ], [ -54.3366685, -30.3324244 ], [ -54.3362024, -30.332613899999984 ], [ -54.3357214, -30.3328085 ], [ -54.3355265, -30.3328881 ], [ -54.3354973, -30.3328998 ], [ -54.3352327, -30.3330017 ], [ -54.3341474, -30.3334324 ], [ -54.3339606, -30.3335102 ], [ -54.3333046, -30.333783 ], [ -54.3327822, -30.3339831 ], [ -54.3317147, -30.3343829 ], [ -54.3314721, -30.3344685 ], [ -54.3314111, -30.3344856 ], [ -54.3330676, -30.33688 ], [ -54.3331184, -30.336858100000011 ], [ -54.3332679, -30.336800699999987 ], [ -54.3337639, -30.3366036 ], [ -54.3339918, -30.3365131 ], [ -54.3343318, -30.336378 ], [ -54.3346457, -30.3362615 ], [ -54.3349536, -30.3361483 ], [ -54.3357103, -30.3358684 ], [ -54.336165800000011, -30.3356989 ], [ -54.3369791, -30.335394 ], [ -54.3370654, -30.33536 ], [ -54.3372764, -30.3352863 ], [ -54.3376213, -30.3351639 ], [ -54.3384676, -30.3348455 ], [ -54.3393591, -30.3345132 ], [ -54.3401047, -30.3342349 ], [ -54.3401988, -30.334199 ], [ -54.3406253, -30.3340377 ], [ -54.3407942, -30.333972899999988 ], [ -54.34086, -30.3339526 ], [ -54.3409082, -30.3339364 ], [ -54.3408771, -30.3338788 ], [ -54.3408716, -30.3338459 ], [ -54.3408644, -30.333803299999989 ], [ -54.3408188, -30.3337315 ], [ -54.3407383, -30.3337083 ], [ -54.3406498, -30.3336458 ], [ -54.340505, -30.333615699999989 ], [ -54.3404704, -30.3335672 ], [ -54.3403977, -30.3334653 ], [ -54.3404374, -30.333402 ], [ -54.3404862, -30.3333241 ], [ -54.3405654, -30.332972900000012 ], [ -54.3406257, -30.3327059 ], [ -54.3407625, -30.3325601 ], [ -54.3407786, -30.3324073 ], [ -54.3407196, -30.3322013 ], [ -54.3407786, -30.3320739 ], [ -54.3408966, -30.3319582 ], [ -54.340859, -30.3318517 ], [ -54.340631, -30.331668799999985 ], [ -54.3404808, -30.3315993 ], [ -54.3403414, -30.3314998 ], [ -54.3402287, -30.3314651 ], [ -54.3401885, -30.331391 ], [ -54.3401, -30.3313748 ], [ -54.3399866, -30.3313018 ], [ -54.3399941, -30.3311844 ], [ -54.3399659, -30.3311359 ] ] ] } },
{ "type": "Feature", "properties": { "name": "Vargas", "code_muni": 4318309.0, "name_muni": "São Gabriel" }, "geometry": { "type": "Polygon", "coordinates": [ [ [ -54.3292259, -30.3316781 ], [ -54.325251, -30.3331467 ], [ -54.3252923, -30.3332228 ], [ -54.3253449, -30.33332 ], [ -54.3254844, -30.3334485 ], [ -54.3255971, -30.3335387 ], [ -54.3256829, -30.3336267 ], [ -54.3257583, -30.3337762 ], [ -54.3258683, -30.3338989 ], [ -54.3259863, -30.3339915 ], [ -54.32600510000001, -30.3341536 ], [ -54.3260077, -30.33427390000001 ], [ -54.326026, -30.3343304 ], [ -54.3260453, -30.3343897 ], [ -54.326174, -30.3344962 ], [ -54.3263242, -30.334600300000012 ], [ -54.3264262, -30.3346791 ], [ -54.3264423, -30.334811 ], [ -54.3264503, -30.334945300000015 ], [ -54.326473, -30.3349851 ], [ -54.3265281, -30.3350819 ], [ -54.3265925, -30.33523 ], [ -54.326681, -30.3353319 ], [ -54.3267151, -30.3353573 ], [ -54.326799, -30.3354199 ], [ -54.326886, -30.3354692 ], [ -54.3269787, -30.3355217 ], [ -54.3270645, -30.335524 ], [ -54.3271074, -30.3355426 ], [ -54.3271504, -30.3356305 ], [ -54.3271249, -30.33573 ], [ -54.3270962, -30.3357931 ], [ -54.3270935, -30.3358492 ], [ -54.3271423, -30.3359222 ], [ -54.3272571, -30.3359314 ], [ -54.3273743, -30.3359049 ], [ -54.3273977, -30.3359559 ], [ -54.3274561, -30.3360831 ], [ -54.3274186, -30.3363319 ], [ -54.3274508, -30.3364431 ], [ -54.3275339, -30.3365287 ], [ -54.3276761, -30.3365889 ], [ -54.3278746, -30.3366213 ], [ -54.3279979, -30.336656 ], [ -54.3280704, -30.3367371 ], [ -54.3281321, -30.336825 ], [ -54.3280496, -30.3369558 ], [ -54.3279289, -30.3369593 ], [ -54.3277277, -30.3370403 ], [ -54.3276124, -30.337112099999985 ], [ -54.3276231, -30.3372903 ], [ -54.3276875, -30.3374871 ], [ -54.3277733, -30.337644499999989 ], [ -54.3278591, -30.3378552 ], [ -54.3279477, -30.338089 ], [ -54.3280389, -30.3385439 ], [ -54.328039, -30.3386989 ], [ -54.3280144, -30.3387768 ], [ -54.3280633, -30.3387601 ], [ -54.3281159, -30.3387423 ], [ -54.32932180000001, -30.3383064 ], [ -54.3300781, -30.3380176 ], [ -54.3307357, -30.3377732 ], [ -54.3314462, -30.3374992 ], [ -54.3323789, -30.3371456 ], [ -54.3330421, -30.3368919 ], [ -54.3330676, -30.33688 ], [ -54.3314111, -30.3344856 ], [ -54.3294016, -30.3315959 ], [ -54.3292259, -30.3316781 ] ] ] } },
{ "type": "Feature", "properties": { "name": "Cidade Nova", "code_muni": 4318309.0, "name_muni": "São Gabriel" }, "geometry": { "type": "Polygon", "coordinates": [ [ [ -54.3399527, -30.3311115 ], [ -54.3399084, -30.3310293 ], [ -54.3398398, -30.3309095 ], [ -54.3396252, -30.3306131 ], [ -54.3395018, -30.330414 ], [ -54.3394106, -30.3303585 ], [ -54.3392819, -30.330127 ], [ -54.3392122, -30.3299834 ], [ -54.3390459, -30.3298167 ], [ -54.3390351, -30.3297102 ], [ -54.3391009, -30.3296061 ], [ -54.3391983, -30.3294545 ], [ -54.3392104, -30.3293711 ], [ -54.3391313, -30.3293214 ], [ -54.3390488, -30.3293162 ], [ -54.3390151, -30.329269199999988 ], [ -54.3389922, -30.328812 ], [ -54.3389278, -30.3285342 ], [ -54.3389225, -30.328436899999989 ], [ -54.3389493, -30.3283397 ], [ -54.3390298, -30.3283073 ], [ -54.3391424, -30.3281684 ], [ -54.3391961, -30.3280526 ], [ -54.33918, -30.3278905 ], [ -54.339121, -30.327788699999989 ], [ -54.339062, -30.3276776 ], [ -54.3390137, -30.3275016 ], [ -54.3388796, -30.3273071 ], [ -54.3387347, -30.3273164 ], [ -54.3385845, -30.3273395 ], [ -54.3384719, -30.3273812 ], [ -54.3383324, -30.327409 ], [ -54.3382358, -30.3273905 ], [ -54.3381235, -30.3273766 ], [ -54.338043, -30.3273616 ], [ -54.3379912, -30.3272785 ], [ -54.3364634, -30.3280421 ], [ -54.336433, -30.3280573 ], [ -54.3355304, -30.3285116 ], [ -54.3342722, -30.3291448 ], [ -54.3320326, -30.3302718 ], [ -54.3302388, -30.3311746 ], [ -54.3294016, -30.3315959 ], [ -54.3314111, -30.3344856 ], [ -54.3314721, -30.3344685 ], [ -54.3317147, -30.3343829 ], [ -54.3327822, -30.3339831 ], [ -54.3333046, -30.333783 ], [ -54.3339606, -30.3335102 ], [ -54.3341474, -30.3334324 ], [ -54.3352327, -30.3330017 ], [ -54.3354973, -30.3328998 ], [ -54.3355265, -30.3328881 ], [ -54.3357214, -30.3328085 ], [ -54.3362024, -30.332613899999984 ], [ -54.3366685, -30.3324244 ], [ -54.3368957, -30.3323344 ], [ -54.3369932, -30.3322995 ], [ -54.3371077, -30.3322562 ], [ -54.33796610000001, -30.3319135 ], [ -54.3382456, -30.331802700000015 ], [ -54.3386929, -30.3316198 ], [ -54.3391068, -30.3314641 ], [ -54.3394242, -30.3313425 ], [ -54.3395357, -30.3312981 ], [ -54.3396224, -30.3312647 ], [ -54.3398296, -30.3311896 ], [ -54.3398924, -30.3311664 ], [ -54.33993, -30.3311512 ], [ -54.3399659, -30.3311359 ], [ -54.3399527, -30.3311115 ] ] ] } },
{ "type": "Feature", "properties": { "name": "Esplanada", "code_muni": 4318309.0, "name_muni": "São Gabriel" }, "geometry": { "type": "Polygon", "coordinates": [ [ [ -54.3400106, -30.3311174 ], [ -54.3400488, -30.3311013 ], [ -54.3402161, -30.3310294 ], [ -54.3407775, -30.3307888 ], [ -54.3412385, -30.3306416 ], [ -54.3413893, -30.3305836 ], [ -54.3415738, -30.3304993 ], [ -54.3426781, -30.330048099999988 ], [ -54.3426973, -30.3300411 ], [ -54.3430444, -30.3298774 ], [ -54.3438819, -30.3295561 ], [ -54.3440384, -30.3294961 ], [ -54.3443252, -30.329386 ], [ -54.3444516, -30.3293357 ], [ -54.3448259, -30.3291922 ], [ -54.3449032, -30.3291629 ], [ -54.3450145, -30.3291206 ], [ -54.3452721, -30.3290227 ], [ -54.3462113, -30.3286694 ], [ -54.3469966, -30.3283489 ], [ -54.3468846, -30.3281564 ], [ -54.346423, -30.3273321 ], [ -54.3453098, -30.325344 ], [ -54.3452357, -30.3252086 ], [ -54.3451562, -30.3250681 ], [ -54.344946, -30.3246931 ], [ -54.3445708, -30.3240179 ], [ -54.3438446, -30.3243287 ], [ -54.3437185, -30.3244028 ], [ -54.3431754, -30.32468 ], [ -54.342877, -30.3248421 ], [ -54.3426249, -30.3249497 ], [ -54.3417387, -30.3253822 ], [ -54.3415103, -30.3254949 ], [ -54.3407142, -30.3259483 ], [ -54.3406698, -30.32597 ], [ -54.3406035, -30.3260235 ], [ -54.3405524, -30.3259652 ], [ -54.339543, -30.3265027 ], [ -54.3379912, -30.3272785 ], [ -54.338043, -30.3273616 ], [ -54.3381235, -30.3273766 ], [ -54.3382358, -30.3273905 ], [ -54.3383324, -30.327409 ], [ -54.3384719, -30.3273812 ], [ -54.3385845, -30.3273395 ], [ -54.3387347, -30.3273164 ], [ -54.3388796, -30.3273071 ], [ -54.3390137, -30.3275016 ], [ -54.339062, -30.3276776 ], [ -54.339121, -30.327788699999989 ], [ -54.33918, -30.3278905 ], [ -54.3391961, -30.3280526 ], [ -54.3391424, -30.3281684 ], [ -54.3390298, -30.3283073 ], [ -54.3389493, -30.3283397 ], [ -54.3389225, -30.328436899999989 ], [ -54.3389278, -30.3285342 ], [ -54.3389922, -30.328812 ], [ -54.3390151, -30.329269199999988 ], [ -54.3390488, -30.3293162 ], [ -54.3391313, -30.3293214 ], [ -54.3392104, -30.3293711 ], [ -54.3391983, -30.3294545 ], [ -54.3391009, -30.3296061 ], [ -54.3390351, -30.3297102 ], [ -54.3390459, -30.3298167 ], [ -54.3392122, -30.3299834 ], [ -54.3392819, -30.330127 ], [ -54.3394106, -30.3303585 ], [ -54.3395018, -30.330414 ], [ -54.3396252, -30.3306131 ], [ -54.3398398, -30.3309095 ], [ -54.3399084, -30.3310293 ], [ -54.3399527, -30.3311115 ], [ -54.3399659, -30.3311359 ], [ -54.3400106, -30.3311174 ] ] ] } },
{ "type": "Feature", "properties": { "name": "Novo Horizonte", "code_muni": 4318309.0, "name_muni": "São Gabriel" }, "geometry": { "type": "Polygon", "coordinates": [ [ [ -54.3498977, -30.327142599999988 ], [ -54.3499117, -30.326553 ], [ -54.3499171, -30.3238234 ], [ -54.34992230000001, -30.3211536 ], [ -54.3499472, -30.3206162 ], [ -54.3500009, -30.319455 ], [ -54.3500438, -30.3191714 ], [ -54.3500872, -30.3188446 ], [ -54.35023, -30.3182146 ], [ -54.3501752, -30.3182167 ], [ -54.3500159, -30.3182377 ], [ -54.3499126, -30.318292 ], [ -54.3498243, -30.318382 ], [ -54.3497858, -30.3184866 ], [ -54.3495838, -30.3199389 ], [ -54.3495007, -30.3207996 ], [ -54.3494631, -30.3209756 ], [ -54.3494095, -30.3210694 ], [ -54.3493478, -30.3211406 ], [ -54.3488375, -30.321527200000013 ], [ -54.348629, -30.321702 ], [ -54.3482689, -30.3219909 ], [ -54.3476617, -30.3224302 ], [ -54.3470203, -30.3227966 ], [ -54.3462908, -30.3231572 ], [ -54.3461506, -30.3232237 ], [ -54.346038, -30.323277 ], [ -54.3448035, -30.323894 ], [ -54.3445708, -30.3240179 ], [ -54.344946, -30.3246931 ], [ -54.3451562, -30.3250681 ], [ -54.3452357, -30.3252086 ], [ -54.3453098, -30.325344 ], [ -54.346423, -30.3273321 ], [ -54.3468846, -30.3281564 ], [ -54.3469966, -30.3283489 ], [ -54.3474364, -30.3281699 ], [ -54.3482438, -30.3278129 ], [ -54.3492308, -30.3274239 ], [ -54.3498977, -30.327142599999988 ] ] ] } },
{ "type": "Feature", "properties": { "name": "Mariana", "code_muni": 4318309.0, "name_muni": "São Gabriel" }, "geometry": { "type": "Polygon", "coordinates": [ [ [ -54.33796190000001, -30.3272283 ], [ -54.3379327, -30.327181699999986 ], [ -54.3378599, -30.3270641 ], [ -54.3377641, -30.3270189 ], [ -54.3376146, -30.3270513 ], [ -54.3375556, -30.327079099999988 ], [ -54.337335, -30.3271671 ], [ -54.3372438, -30.3271624 ], [ -54.3371526, -30.327181 ], [ -54.3370399, -30.3271671 ], [ -54.3369595, -30.3271022 ], [ -54.336905, -30.3270247 ], [ -54.3368844, -30.3269877 ], [ -54.3368307, -30.3268152 ], [ -54.3367663, -30.326755 ], [ -54.3367181, -30.3266855 ], [ -54.3366591, -30.3265929 ], [ -54.3365263, -30.3264442 ], [ -54.3364713, -30.3263799 ], [ -54.3364177, -30.3263058 ], [ -54.3364003, -30.3262608 ], [ -54.3363855, -30.3262225 ], [ -54.3364016, -30.3261762 ], [ -54.3363801, -30.3260743 ], [ -54.3364337, -30.3260002 ], [ -54.3364691, -30.32593 ], [ -54.3364874, -30.3258937 ], [ -54.3364928, -30.3257918 ], [ -54.3363747, -30.3255788 ], [ -54.3363318, -30.3255187 ], [ -54.3362943, -30.3254585 ], [ -54.3361948, -30.3253779 ], [ -54.3362245, -30.3253751 ], [ -54.3361655, -30.3252871 ], [ -54.3361602, -30.3252362 ], [ -54.3360851, -30.3251436 ], [ -54.3359735, -30.324844 ], [ -54.3358259, -30.3248548 ], [ -54.3354925, -30.324797100000012 ], [ -54.3338137, -30.325001599999986 ], [ -54.3336043, -30.3250169 ], [ -54.3314668, -30.3251442 ], [ -54.3278551, -30.3254364 ], [ -54.327877, -30.3255877 ], [ -54.3279189, -30.325832 ], [ -54.3280393, -30.3264928 ], [ -54.32808690000001, -30.3267756 ], [ -54.3281342, -30.327014299999988 ], [ -54.3281625, -30.3271535 ], [ -54.3288999, -30.330168 ], [ -54.3290824, -30.3309142 ], [ -54.3293345, -30.3314929 ], [ -54.3294016, -30.3315959 ], [ -54.3302388, -30.3311746 ], [ -54.3320326, -30.3302718 ], [ -54.3342722, -30.3291448 ], [ -54.3355304, -30.3285116 ], [ -54.336433, -30.3280573 ], [ -54.3364634, -30.3280421 ], [ -54.3379912, -30.3272785 ], [ -54.33796190000001, -30.3272283 ] ] ] } },
{ "type": "Feature", "properties": { "name": "Independência", "code_muni": 4318309.0, "name_muni": "São Gabriel" }, "geometry": { "type": "Polygon", "coordinates": [ [ [ -54.3227026, -30.33041 ], [ -54.3229199, -30.330491 ], [ -54.323113, -30.3305743 ], [ -54.3232847, -30.3307364 ], [ -54.3233276, -30.330873 ], [ -54.3233356, -30.3310165 ], [ -54.3234054, -30.3311485 ], [ -54.3234268, -30.3312688 ], [ -54.3234644, -30.331373 ], [ -54.3235609, -30.3314147 ], [ -54.323687, -30.3314147 ], [ -54.3240062, -30.3314193 ], [ -54.3240089, -30.3315258 ], [ -54.3239606, -30.3316578 ], [ -54.3240062, -30.3317782 ], [ -54.3240625, -30.3318198 ], [ -54.3241591, -30.3318337 ], [ -54.3241966, -30.3318083 ], [ -54.3242905, -30.3318684 ], [ -54.3242905, -30.3319286 ], [ -54.3242529, -30.3319911 ], [ -54.3242369, -30.3320351 ], [ -54.3242798, -30.3320745 ], [ -54.3244032, -30.3321 ], [ -54.324497, -30.3321393 ], [ -54.3246231, -30.3321879 ], [ -54.3246633, -30.332299 ], [ -54.3247545, -30.3324449 ], [ -54.3248833, -30.3324796 ], [ -54.3248706, -30.3326411 ], [ -54.3249047, -30.3327482 ], [ -54.3251558, -30.3330318 ], [ -54.3252193, -30.3330906 ], [ -54.325251, -30.3331467 ], [ -54.3292259, -30.3316781 ], [ -54.3294016, -30.3315959 ], [ -54.3293345, -30.3314929 ], [ -54.3290824, -30.3309142 ], [ -54.3288999, -30.330168 ], [ -54.3281625, -30.3271535 ], [ -54.3281342, -30.327014299999988 ], [ -54.32808690000001, -30.3267756 ], [ -54.3280393, -30.3264928 ], [ -54.3279189, -30.325832 ], [ -54.327877, -30.3255877 ], [ -54.3278551, -30.3254364 ], [ -54.3278253, -30.3252667 ], [ -54.3277609, -30.3248491 ], [ -54.3276672, -30.323806 ], [ -54.3276235, -30.3232483 ], [ -54.3276069, -30.3230555 ], [ -54.3275868, -30.3228216 ], [ -54.3275832, -30.3227754 ], [ -54.3275718, -30.3226112 ], [ -54.3275531, -30.322448 ], [ -54.3275495, -30.3224147 ], [ -54.3275363, -30.3222395 ], [ -54.3275119, -30.3219146 ], [ -54.3273671, -30.3207894 ], [ -54.3272866, -30.3203449 ], [ -54.3272088, -30.3201059 ], [ -54.3270294, -30.3197051 ], [ -54.3267781, -30.3191618 ], [ -54.3267226, -30.3190329 ], [ -54.3267005, -30.3189883 ], [ -54.3266832, -30.3189477 ], [ -54.3265624, -30.3185173 ], [ -54.3265128, -30.318136400000011 ], [ -54.32649, -30.3173087 ], [ -54.3264323, -30.3161787 ], [ -54.3263954, -30.3159549 ], [ -54.3262888, -30.3152695 ], [ -54.3262569, -30.3151091 ], [ -54.3262037, -30.3148917 ], [ -54.325777, -30.3137272 ], [ -54.3166439, -30.3135663 ], [ -54.3165479, -30.3136187 ], [ -54.3169771, -30.3143072 ], [ -54.3173258, -30.3148444 ], [ -54.3177687, -30.3151338 ], [ -54.3177667, -30.3151714 ], [ -54.317821, -30.3152635 ], [ -54.3178572, -30.3153098 ], [ -54.3178827, -30.3153526 ], [ -54.3179176, -30.3154418 ], [ -54.3179417, -30.315517 ], [ -54.3179565, -30.315559799999988 ], [ -54.31799130000001, -30.3155714 ], [ -54.3180436, -30.3155749 ], [ -54.3180731, -30.3155934 ], [ -54.3180839, -30.3156224 ], [ -54.3180852, -30.3156583 ], [ -54.3180812, -30.315693 ], [ -54.3181093, -30.315752 ], [ -54.3181482, -30.3158041 ], [ -54.3182046, -30.31588630000001 ], [ -54.318277, -30.3159824 ], [ -54.3183856, -30.3161445 ], [ -54.3184258, -30.3162163 ], [ -54.3184956, -30.3163459 ], [ -54.3185519, -30.3163679 ], [ -54.3185989, -30.3163876 ], [ -54.3186659, -30.316442 ], [ -54.31866320000001, -30.3164744 ], [ -54.3186512, -30.3165208 ], [ -54.3186927, -30.3165925 ], [ -54.3187397, -30.3166701 ], [ -54.3187732, -30.3167222 ], [ -54.3187306, -30.316827499999984 ], [ -54.3186716, -30.3169595 ], [ -54.3185174, -30.3171413 ], [ -54.3183779, -30.3172015 ], [ -54.3181955, -30.3173566 ], [ -54.3180104, -30.3175025 ], [ -54.3178334, -30.3176599 ], [ -54.3177503, -30.317785 ], [ -54.3176886, -30.3178776 ], [ -54.3176259, -30.3179557 ], [ -54.3175783, -30.3180431 ], [ -54.3175427, -30.318101 ], [ -54.317536, -30.3181954 ], [ -54.3175937, -30.3183273 ], [ -54.3176286, -30.3184396 ], [ -54.317642, -30.3185218 ], [ -54.3176782, -30.3186144 ], [ -54.3176768, -30.3186943 ], [ -54.31765, -30.3188251 ], [ -54.3176084, -30.3189536 ], [ -54.3175548, -30.3190937 ], [ -54.3175132, -30.3192593 ], [ -54.3174623, -30.3194561 ], [ -54.3174274, -30.3195649 ], [ -54.3174153, -30.3198346 ], [ -54.3174059, -30.3199435 ], [ -54.31743010000001, -30.3200685 ], [ -54.3174328, -30.3201657 ], [ -54.31743010000001, -30.3202432 ], [ -54.3174314, -30.3203452 ], [ -54.317351, -30.3204146 ], [ -54.3172893, -30.3204864 ], [ -54.3172504, -30.3205802 ], [ -54.3172611, -30.320736499999988 ], [ -54.3172852, -30.3209379 ], [ -54.3173536, -30.3212285 ], [ -54.3174194, -30.3214241 ], [ -54.3176564, -30.3218704 ], [ -54.3177167, -30.3219977 ], [ -54.3177794, -30.322341 ], [ -54.3177942, -30.3224069 ], [ -54.3178867, -30.3225569 ], [ -54.3178981, -30.3226182 ], [ -54.3179531, -30.3226437 ], [ -54.3180389, -30.3226414 ], [ -54.3181301, -30.3228277 ], [ -54.318106, -30.3229331 ], [ -54.318161, -30.3230373 ], [ -54.3182978, -30.3231611 ], [ -54.3183772, -30.3233437 ], [ -54.3185079, -30.323644 ], [ -54.3185425, -30.3237237 ], [ -54.3186733, -30.323951099999988 ], [ -54.3187007, -30.3240063 ], [ -54.3187307, -30.3240681 ], [ -54.3187866, -30.3242192 ], [ -54.3188671, -30.3244368 ], [ -54.318977, -30.3245364 ], [ -54.3191192, -30.3246429 ], [ -54.3193579, -30.3247679 ], [ -54.3195376, -30.3248212 ], [ -54.3196342, -30.3249392 ], [ -54.3198005, -30.3250805 ], [ -54.3199775, -30.3251823 ], [ -54.3201089, -30.3252356 ], [ -54.3202001, -30.3254 ], [ -54.3204737, -30.3257635 ], [ -54.3205622, -30.3259394 ], [ -54.3206212, -30.3261269 ], [ -54.3205864, -30.3263191 ], [ -54.3205971, -30.3265252 ], [ -54.3206239, -30.3267034 ], [ -54.3206454, -30.327016 ], [ -54.3207312, -30.3273239 ], [ -54.3208197, -30.327590099999988 ], [ -54.3208948, -30.3277661 ], [ -54.3210048, -30.3279281 ], [ -54.3211389, -30.3280069 ], [ -54.3211845, -30.3281157 ], [ -54.3212837, -30.3283171 ], [ -54.3213589, -30.3284752 ], [ -54.3213866, -30.328529 ], [ -54.3214462, -30.3286087 ], [ -54.3215198, -30.3287014 ], [ -54.321619, -30.328784699999989 ], [ -54.32167530000001, -30.32898620000001 ], [ -54.3216807, -30.3291251 ], [ -54.3217102, -30.329301 ], [ -54.3218202, -30.3295337 ], [ -54.3219194, -30.3296413 ], [ -54.3220938, -30.3297756 ], [ -54.3222252, -30.3299562 ], [ -54.3224049, -30.3301784 ], [ -54.3224252, -30.3301995 ], [ -54.3224875, -30.3302426 ], [ -54.3225552, -30.3302895 ], [ -54.3227026, -30.33041 ] ] ] } },
{ "type": "Feature", "properties": { "name": "Centro", "code_muni": 4318309.0, "name_muni": "São Gabriel" }, "geometry": { "type": "Polygon", "coordinates": [ [ [ -54.3204208, -30.3495799 ], [ -54.3204886, -30.3495453 ], [ -54.32080650000001, -30.3494145 ], [ -54.3218096, -30.3490245 ], [ -54.3227842, -30.3485961 ], [ -54.3228876, -30.3485472 ], [ -54.3241203, -30.3480029 ], [ -54.3241705, -30.3479826 ], [ -54.3248038, -30.347744099999986 ], [ -54.3263146, -30.34716460000001 ], [ -54.3268493, -30.3469383 ], [ -54.3273432, -30.346739600000014 ], [ -54.3275322, -30.3466682 ], [ -54.328127, -30.346422 ], [ -54.3287525, -30.3461542 ], [ -54.3289325, -30.3460856 ], [ -54.3290103, -30.3460782 ], [ -54.3286586, -30.3456749 ], [ -54.328593, -30.3455255 ], [ -54.328393, -30.3451624 ], [ -54.3283473, -30.3450648 ], [ -54.3282547, -30.3448657 ], [ -54.3280936, -30.3445193 ], [ -54.32807, -30.3444801 ], [ -54.3292388, -30.344084 ], [ -54.3305771, -30.3435431 ], [ -54.3306771, -30.3434875 ], [ -54.330748, -30.3434361 ], [ -54.3310961, -30.3432126 ], [ -54.3313415, -30.343051 ], [ -54.3313944, -30.342992 ], [ -54.3311895, -30.3425652 ], [ -54.330677, -30.341481800000015 ], [ -54.3306542, -30.3414309 ], [ -54.3302063, -30.340491 ], [ -54.3299729, -30.3399865 ], [ -54.3293042, -30.3396455 ], [ -54.3295344, -30.339559699999985 ], [ -54.3280144, -30.3387768 ], [ -54.328039, -30.3386989 ], [ -54.3280389, -30.3385439 ], [ -54.3279477, -30.338089 ], [ -54.3278591, -30.3378552 ], [ -54.3277733, -30.337644499999989 ], [ -54.3276875, -30.3374871 ], [ -54.3276231, -30.3372903 ], [ -54.3276124, -30.337112099999985 ], [ -54.3277277, -30.3370403 ], [ -54.3279289, -30.3369593 ], [ -54.3280496, -30.3369558 ], [ -54.3281321, -30.336825 ], [ -54.3280704, -30.3367371 ], [ -54.3279979, -30.336656 ], [ -54.3278746, -30.3366213 ], [ -54.3276761, -30.3365889 ], [ -54.3275339, -30.3365287 ], [ -54.3274508, -30.3364431 ], [ -54.3274186, -30.3363319 ], [ -54.3274561, -30.3360831 ], [ -54.3273977, -30.3359559 ], [ -54.3273743, -30.3359049 ], [ -54.3272571, -30.3359314 ], [ -54.3271423, -30.3359222 ], [ -54.3270935, -30.3358492 ], [ -54.3270962, -30.3357931 ], [ -54.3271249, -30.33573 ], [ -54.3271504, -30.3356305 ], [ -54.3271074, -30.3355426 ], [ -54.3270645, -30.335524 ], [ -54.3269787, -30.3355217 ], [ -54.326886, -30.3354692 ], [ -54.326799, -30.3354199 ], [ -54.3267151, -30.3353573 ], [ -54.326681, -30.3353319 ], [ -54.3265925, -30.33523 ], [ -54.3265281, -30.3350819 ], [ -54.326473, -30.3349851 ], [ -54.3264503, -30.334945300000015 ], [ -54.3264423, -30.334811 ], [ -54.3264262, -30.3346791 ], [ -54.3263242, -30.334600300000012 ], [ -54.326174, -30.3344962 ], [ -54.3260453, -30.3343897 ], [ -54.326026, -30.3343304 ], [ -54.3260077, -30.33427390000001 ], [ -54.32600510000001, -30.3341536 ], [ -54.3259863, -30.3339915 ], [ -54.3258683, -30.3338989 ], [ -54.3257583, -30.3337762 ], [ -54.3256829, -30.3336267 ], [ -54.3255971, -30.3335387 ], [ -54.3254844, -30.3334485 ], [ -54.3253449, -30.33332 ], [ -54.3252923, -30.3332228 ], [ -54.325251, -30.3331467 ], [ -54.3252193, -30.3330906 ], [ -54.3251558, -30.3330318 ], [ -54.3249047, -30.3327482 ], [ -54.3248706, -30.3326411 ], [ -54.3248833, -30.3324796 ], [ -54.3247545, -30.3324449 ], [ -54.3246633, -30.332299 ], [ -54.3246231, -30.3321879 ], [ -54.324497, -30.3321393 ], [ -54.3244032, -30.3321 ], [ -54.3242798, -30.3320745 ], [ -54.3242369, -30.3320351 ], [ -54.3242529, -30.3319911 ], [ -54.3242905, -30.3319286 ], [ -54.3242905, -30.3318684 ], [ -54.3241966, -30.3318083 ], [ -54.3241591, -30.3318337 ], [ -54.3240625, -30.3318198 ], [ -54.3240062, -30.3317782 ], [ -54.3239606, -30.3316578 ], [ -54.3240089, -30.3315258 ], [ -54.3240062, -30.3314193 ], [ -54.323687, -30.3314147 ], [ -54.3235609, -30.3314147 ], [ -54.3234644, -30.331373 ], [ -54.3234268, -30.3312688 ], [ -54.3234054, -30.3311485 ], [ -54.3233356, -30.3310165 ], [ -54.3233276, -30.330873 ], [ -54.3232847, -30.3307364 ], [ -54.323113, -30.3305743 ], [ -54.3229199, -30.330491 ], [ -54.3227026, -30.33041 ], [ -54.3225552, -30.3302895 ], [ -54.3224875, -30.3302426 ], [ -54.3223715, -30.3303976 ], [ -54.3218522, -30.3311157 ], [ -54.3217013, -30.331222599999986 ], [ -54.3216061, -30.3312798 ], [ -54.3205316, -30.3318079 ], [ -54.3191046, -30.3325447 ], [ -54.3189142, -30.3321677 ], [ -54.318607, -30.3315504 ], [ -54.3185308, -30.3313978 ], [ -54.3171841, -30.3315137 ], [ -54.3168266, -30.3316251 ], [ -54.3167559, -30.3316536 ], [ -54.3158216, -30.3320323 ], [ -54.3151242, -30.3323008 ], [ -54.3150678, -30.3323125 ], [ -54.3150159, -30.3323044 ], [ -54.3150096, -30.3323034 ], [ -54.3149079, -30.332187 ], [ -54.3146322, -30.331700599999987 ], [ -54.3144421, -30.3313578 ], [ -54.3143356, -30.3313421 ], [ -54.3131299, -30.3311685 ], [ -54.3124554, -30.3312727 ], [ -54.3116453, -30.3311789 ], [ -54.3109426, -30.3310921 ], [ -54.310331, -30.3308213 ], [ -54.3102319, -30.3304601 ], [ -54.3100227, -30.330173 ], [ -54.3097356, -30.330129 ], [ -54.3094218, -30.3302426 ], [ -54.309387, -30.330393 ], [ -54.3092556, -30.3310551 ], [ -54.308998, -30.3315713 ], [ -54.3087871, -30.3320066 ], [ -54.3087862, -30.3324256 ], [ -54.3088066, -30.332604 ], [ -54.3088343, -30.332847 ], [ -54.3088478, -30.3331248 ], [ -54.3088773, -30.3332223 ], [ -54.3085393, -30.3332408 ], [ -54.3080241, -30.3329855 ], [ -54.3079593, -30.3329534 ], [ -54.3078976, -30.3330808 ], [ -54.3078473, -30.3331933 ], [ -54.3077841, -30.3333472 ], [ -54.3077226, -30.333464199999987 ], [ -54.307622, -30.3335984 ], [ -54.3075094, -30.33372 ], [ -54.3072184, -30.33394460000002 ], [ -54.3071959, -30.3339528 ], [ -54.3071077, -30.333992900000013 ], [ -54.3070084, -30.3340253 ], [ -54.3069347, -30.334038 ], [ -54.3068543, -30.3340462 ], [ -54.306763, -30.3340519 ], [ -54.3066799, -30.3340693 ], [ -54.3066142, -30.3341005 ], [ -54.3065444, -30.334166499999988 ], [ -54.3064961, -30.3342383 ], [ -54.306472, -30.3342927 ], [ -54.3064558, -30.3343459 ], [ -54.306429, -30.3343992 ], [ -54.3063741, -30.334457 ], [ -54.3063285, -30.334501 ], [ -54.3062654, -30.3345427 ], [ -54.3062591, -30.3345486 ], [ -54.3061361, -30.3346541 ], [ -54.3060623, -30.334772199999986 ], [ -54.3059751, -30.33494 ], [ -54.306071, -30.3349589 ], [ -54.3063265, -30.3350094 ], [ -54.306879, -30.3350141 ], [ -54.3072599, -30.3350743 ], [ -54.3075925, -30.3352224 ], [ -54.3078876, -30.3354308 ], [ -54.3083006, -30.335500199999984 ], [ -54.3087807, -30.3355558 ], [ -54.3091697, -30.3356461 ], [ -54.3096471, -30.3357062 ], [ -54.3099743, -30.3357919 ], [ -54.310272, -30.3358359 ], [ -54.3105859, -30.3358382 ], [ -54.3108782, -30.3357988 ], [ -54.3112242, -30.3357988 ], [ -54.3115085, -30.3357595 ], [ -54.3117392, -30.3357039 ], [ -54.3119726, -30.3356206 ], [ -54.3122553, -30.3355219 ], [ -54.3122788, -30.3355177 ], [ -54.3122919, -30.3355176 ], [ -54.3123011, -30.3355238 ], [ -54.3123052, -30.335533499999986 ], [ -54.3126702, -30.3377169 ], [ -54.3133283, -30.3389116 ], [ -54.3138567, -30.339940399999985 ], [ -54.3136604, -30.3400302 ], [ -54.312609, -30.34041 ], [ -54.3118491, -30.3406532 ], [ -54.3113516, -30.340729 ], [ -54.3107213, -30.3407574 ], [ -54.3107228, -30.3408112 ], [ -54.31072, -30.3409078 ], [ -54.3107012, -30.341076800000014 ], [ -54.3106636, -30.3411659 ], [ -54.3106663, -30.3412272 ], [ -54.3099207, -30.3423059 ], [ -54.3097276, -30.3425606 ], [ -54.3095237, -30.3426161 ], [ -54.3091911, -30.3425883 ], [ -54.3085045, -30.3427521 ], [ -54.308027, -30.3428661 ], [ -54.3079258, -30.342973099999988 ], [ -54.3075343, -30.3430873 ], [ -54.3076515, -30.3433731 ], [ -54.3078594, -30.3437087 ], [ -54.308015, -30.3438951 ], [ -54.3082261, -30.344082 ], [ -54.3084347, -30.3441138 ], [ -54.3086391, -30.3441711 ], [ -54.3088183, -30.3442608 ], [ -54.3089564, -30.3443638 ], [ -54.3091401, -30.3445432 ], [ -54.3093225, -30.3447018 ], [ -54.3095135, -30.34495290000001 ], [ -54.3094613, -30.345269 ], [ -54.3094235, -30.3453479 ], [ -54.3092769, -30.3454177 ], [ -54.3091685, -30.3454782 ], [ -54.3090411, -30.3455752 ], [ -54.3089924, -30.3456189 ], [ -54.3089905, -30.3456609 ], [ -54.3089942, -30.3457024 ], [ -54.3090017, -30.3457294 ], [ -54.3089865, -30.3457677 ], [ -54.3100441, -30.345435499999986 ], [ -54.3115086, -30.344954 ], [ -54.3130947, -30.344315400000013 ], [ -54.3133158, -30.3442378 ], [ -54.3133435, -30.344236800000019 ], [ -54.3133629, -30.3442403 ], [ -54.3133814, -30.3442469 ], [ -54.3134042, -30.344262600000011 ], [ -54.3135363, -30.3443858 ], [ -54.3137817, -30.344500399999987 ], [ -54.3143678, -30.3445698 ], [ -54.3144965, -30.3449911 ], [ -54.3140888, -30.3452457 ], [ -54.3144187, -30.3452249 ], [ -54.3149927, -30.3453453 ], [ -54.3151067, -30.3453731 ], [ -54.3156606, -30.3455044 ], [ -54.3158276, -30.3454657 ], [ -54.3159718, -30.3454564 ], [ -54.3163124, -30.3454842 ], [ -54.3166999, -30.34538 ], [ -54.3168196, -30.3453378 ], [ -54.3169212, -30.3453036 ], [ -54.317278, -30.345137 ], [ -54.3174684, -30.344930900000012 ], [ -54.3177634, -30.3448615 ], [ -54.317978, -30.3448337 ], [ -54.318039, -30.3448308 ], [ -54.3180826, -30.3448355 ], [ -54.3181068, -30.3448517 ], [ -54.3181337, -30.3448793 ], [ -54.3184041, -30.3454148 ], [ -54.3204045, -30.3495871 ], [ -54.3204208, -30.3495799 ] ] ] } },
{ "type": "Feature", "properties": { "name": "Corredor da Balança", "code_muni": 4318309.0, "name_muni": "São Gabriel" }, "geometry": { "type": "Polygon", "coordinates": [ [ [ -54.35023, -30.3182146 ], [ -54.3500872, -30.3188446 ], [ -54.3500438, -30.3191714 ], [ -54.3500009, -30.319455 ], [ -54.3499472, -30.3206162 ], [ -54.34992230000001, -30.3211536 ], [ -54.3499171, -30.3238234 ], [ -54.3499117, -30.326553 ], [ -54.3498977, -30.327142599999988 ], [ -54.3498444, -30.3316721 ], [ -54.3498242, -30.3328392 ], [ -54.3498186, -30.333169 ], [ -54.349805, -30.3338199 ], [ -54.3498212, -30.333808 ], [ -54.3500619, -30.3335915 ], [ -54.3512374, -30.3328102 ], [ -54.3533135, -30.3321851 ], [ -54.3570216, -30.3312614 ], [ -54.3573733, -30.3311674 ], [ -54.3582259, -30.3309396 ], [ -54.3594114, -30.3306213 ], [ -54.3611609, -30.330154799999988 ], [ -54.3622661, -30.3298628 ], [ -54.3632047, -30.3295829 ], [ -54.363828, -30.329402499999986 ], [ -54.3646817, -30.3292074 ], [ -54.3657717, -30.328866 ], [ -54.3687412, -30.3280883 ], [ -54.3686105, -30.3278121 ], [ -54.3645278, -30.31097 ], [ -54.3502629, -30.3180333 ], [ -54.35023, -30.3182146 ] ] ] } }
]
}
