{
"type": "FeatureCollection",
"name": "bairros_uruguaiana",
"crs": { "type": "name", "properties": { "name": "urn:ogc:def:crs:OGC:1.3:CRS84" } },
"features": [
{ "type": "Feature", "properties": { "name": "Centro", "code_muni": 4322400.0, "name_muni": "Uruguaiana" }, "geometry": { "type": "Polygon", "coordinates": [ [ [ -57.0856176, -29.7485277 ], [ -57.0849062, -29.7485474 ], [ -57.0832444, -29.7484771 ], [ -57.0821594, -29.7484967 ], [ -57.081757, -29.7485293 ], [ -57.08167, -29.7485388 ], [ -57.0800935, -29.7485276 ], [ -57.0800263, -29.7496591 ], [ -57.0800236, -29.7510033 ], [ -57.0799792, -29.7525374 ], [ -57.0799678, -29.7540141 ], [ -57.0799407, -29.7554219 ], [ -57.0799252, -29.756888299999989 ], [ -57.0799025, -29.7581707 ], [ -57.0799992, -29.7582937 ], [ -57.079997, -29.7584212 ], [ -57.0799026, -29.7585919 ], [ -57.0799037, -29.7588462 ], [ -57.0799059, -29.7591124 ], [ -57.0799279, -29.7597053 ], [ -57.0798955, -29.7610912 ], [ -57.079876, -29.762029200000011 ], [ -57.0798816, -29.7624881 ], [ -57.0814927, -29.7625003 ], [ -57.0831304, -29.7625266 ], [ -57.0846902, -29.7625243 ], [ -57.0863486, -29.7625371 ], [ -57.087554, -29.7625461 ], [ -57.0879444, -29.762549 ], [ -57.0895519, -29.7625612 ], [ -57.0911947, -29.7625736 ], [ -57.0912144, -29.761195599999986 ], [ -57.0912346, -29.7597842 ], [ -57.0912527, -29.7585216 ], [ -57.0912545, -29.7583939 ], [ -57.0912743, -29.7570049 ], [ -57.0912946, -29.7555834 ], [ -57.0913151, -29.7541538 ], [ -57.0913361, -29.7526763 ], [ -57.0913566, -29.751250599999988 ], [ -57.09137040000001, -29.7502833 ], [ -57.0914251, -29.7491581 ], [ -57.0911059, -29.7490533 ], [ -57.0909262, -29.7489811 ], [ -57.0907022, -29.7488763 ], [ -57.0904313, -29.7487086 ], [ -57.090324, -29.7485771 ], [ -57.0903174, -29.748461800000012 ], [ -57.0856176, -29.7485277 ] ] ] } },
{ "type": "Feature", "properties": { "name": "São Miguel", "code_muni": 4322400.0, "name_muni": "Uruguaiana" }, "geometry": { "type": "Polygon", "coordinates": [ [ [ -57.0846902, -29.7625243 ], [ -57.0831304, -29.7625266 ], [ -57.0814927, -29.7625003 ], [ -57.0798816, -29.7624881 ], [ -57.07988, -29.76311230000001 ], [ -57.0798613, -29.7638742 ], [ -57.07984660000001, -29.7648695 ], [ -57.0798408, -29.7652619 ], [ -57.0798204, -29.7666497 ], [ -57.0797999, -29.7680475 ], [ -57.0797899, -29.7687271 ], [ -57.0797794, -29.769435099999988 ], [ -57.0798109, -29.7708352 ], [ -57.0797682, -29.7721742 ], [ -57.0797184, -29.7735875 ], [ -57.08132040000001, -29.7735983 ], [ -57.0823497, -29.7736147 ], [ -57.0829877, -29.7736213 ], [ -57.0829708, -29.7750087 ], [ -57.082953, -29.7754181 ], [ -57.0829087, -29.776259 ], [ -57.0837346, -29.7761022 ], [ -57.0840088, -29.776054 ], [ -57.0845065, -29.7762213 ], [ -57.0849021, -29.7763246 ], [ -57.0853658, -29.7763891 ], [ -57.0861779, -29.7764379 ], [ -57.0877678, -29.7764813 ], [ -57.0877692, -29.776088800000011 ], [ -57.087775, -29.775923 ], [ -57.0877878, -29.7750732 ], [ -57.0878061, -29.77367 ], [ -57.0893911, -29.7736852 ], [ -57.0894089, -29.7723173 ], [ -57.0894201, -29.7709163 ], [ -57.0894375, -29.7701934 ], [ -57.0894512, -29.7695141 ], [ -57.0894746, -29.7681436 ], [ -57.0894826, -29.7675609 ], [ -57.0894939, -29.7667454 ], [ -57.0895133, -29.7653477 ], [ -57.0895325, -29.7639663 ], [ -57.0895519, -29.7625612 ], [ -57.0879444, -29.762549 ], [ -57.087554, -29.7625461 ], [ -57.0863486, -29.7625371 ], [ -57.0846902, -29.7625243 ] ] ] } },
{ "type": "Feature", "properties": { "name": "Mascarenhas de Moraes", "code_muni": 4322400.0, "name_muni": "Uruguaiana" }, "geometry": { "type": "Polygon", "coordinates": [ [ [ -57.0757839, -29.7484265 ], [ -57.076148, -29.7483226 ], [ -57.0768905, -29.7482891 ], [ -57.078432, -29.7482789 ], [ -57.0797804, -29.7482698 ], [ -57.0798652, -29.7482885 ], [ -57.0799442, -29.7483516 ], [ -57.0800217, -29.7484593 ], [ -57.0800935, -29.7485276 ], [ -57.08167, -29.7485388 ], [ -57.081757, -29.7485293 ], [ -57.0821594, -29.7484967 ], [ -57.0832444, -29.7484771 ], [ -57.0849062, -29.7485474 ], [ -57.0856176, -29.7485277 ], [ -57.0903174, -29.748461800000012 ], [ -57.089919, -29.7481393 ], [ -57.0898372, -29.7480566 ], [ -57.0896387, -29.7478493 ], [ -57.0895328, -29.7477713 ], [ -57.0893919, -29.7477108 ], [ -57.0892873, -29.7476933 ], [ -57.0891103, -29.7476677 ], [ -57.0889306, -29.7476258 ], [ -57.088598, -29.7474919 ], [ -57.0884183, -29.7473848 ], [ -57.0871013, -29.746473 ], [ -57.0870316, -29.7464171 ], [ -57.0869914, -29.7463287 ], [ -57.086986, -29.746177299999985 ], [ -57.0869646, -29.7461214 ], [ -57.0869029, -29.746086500000011 ], [ -57.0867983, -29.746065500000011 ], [ -57.085771, -29.7457534 ], [ -57.0854759, -29.7456556 ], [ -57.0852533, -29.7455671 ], [ -57.0849609, -29.7454088 ], [ -57.0845774, -29.7450851 ], [ -57.0841455, -29.7447334 ], [ -57.0839363, -29.7444959 ], [ -57.08376470000001, -29.7441163 ], [ -57.0836547, -29.7436529 ], [ -57.0836011, -29.7435271 ], [ -57.0834911, -29.743385 ], [ -57.0831934, -29.7430823 ], [ -57.0824772, -29.742267200000011 ], [ -57.082099, -29.7419016 ], [ -57.0815948, -29.741345 ], [ -57.0814151, -29.7411843 ], [ -57.0812595, -29.741072499999987 ], [ -57.0810905, -29.7410096 ], [ -57.0807606, -29.740914099999987 ], [ -57.0804521, -29.7408722 ], [ -57.0801541, -29.7408581 ], [ -57.0799288, -29.7407987 ], [ -57.0797139, -29.7407231 ], [ -57.0795296, -29.740633899999985 ], [ -57.0792143, -29.7403691 ], [ -57.0790775, -29.7401805 ], [ -57.0789555, -29.7399767 ], [ -57.0788831, -29.7398137 ], [ -57.0788428, -29.7396763 ], [ -57.0788911, -29.7395808 ], [ -57.0789595, -29.7395249 ], [ -57.0790127, -29.7394967 ], [ -57.0787893, -29.7391387 ], [ -57.0783524, -29.7388333 ], [ -57.0768817, -29.7388796 ], [ -57.0755282, -29.7393052 ], [ -57.0747715, -29.7397587 ], [ -57.0745903, -29.7403416 ], [ -57.0742813, -29.7419332 ], [ -57.0738017, -29.7428123 ], [ -57.0733754, -29.7442373 ], [ -57.0736525, -29.7455883 ], [ -57.0737591, -29.7464673 ], [ -57.0733328, -29.7470965 ], [ -57.0726081, -29.7474019 ], [ -57.0727759, -29.7477489 ], [ -57.0726587, -29.7479131 ], [ -57.0724829, -29.7479756 ], [ -57.0724775, -29.7481398 ], [ -57.0724163, -29.7482971 ], [ -57.0747069, -29.748511900000011 ], [ -57.0753847, -29.7485766 ], [ -57.0757839, -29.7484265 ] ] ] } },
{ "type": "Feature", "properties": { "name": "Santo Antônio", "code_muni": 4322400.0, "name_muni": "Uruguaiana" }, "geometry": { "type": "Polygon", "coordinates": [ [ [ -57.0747069, -29.748511900000011 ], [ -57.0743126, -29.7486807 ], [ -57.0738794, -29.7489403 ], [ -57.0734502, -29.749271 ], [ -57.072942, -29.7497368 ], [ -57.0703302, -29.7522017 ], [ -57.0695168, -29.7529666 ], [ -57.0688546, -29.7535585 ], [ -57.0683757, -29.753943499999988 ], [ -57.0686868, -29.7539309 ], [ -57.0703387, -29.7538998 ], [ -57.071978, -29.7539005 ], [ -57.0736145, -29.7539728 ], [ -57.0743956, -29.7539786 ], [ -57.0752005, -29.7539845 ], [ -57.0767993, -29.7539964 ], [ -57.077693, -29.754003 ], [ -57.077761, -29.7540035 ], [ -57.0783911, -29.754008 ], [ -57.0799678, -29.7540141 ], [ -57.0799792, -29.7525374 ], [ -57.0800236, -29.7510033 ], [ -57.0800263, -29.7496591 ], [ -57.0800935, -29.7485276 ], [ -57.0800217, -29.7484593 ], [ -57.0799442, -29.7483516 ], [ -57.0798652, -29.7482885 ], [ -57.0797804, -29.7482698 ], [ -57.078432, -29.7482789 ], [ -57.0768905, -29.7482891 ], [ -57.076148, -29.7483226 ], [ -57.0757839, -29.7484265 ], [ -57.0753847, -29.7485766 ], [ -57.0747069, -29.748511900000011 ] ] ] } },
{ "type": "Feature", "properties": { "name": "Bela Vista", "code_muni": 4322400.0, "name_muni": "Uruguaiana" }, "geometry": { "type": "Polygon", "coordinates": [ [ [ -57.105718, -29.7611682 ], [ -57.1050721, -29.7604377 ], [ -57.1047235, -29.7600698 ], [ -57.1045464, -29.7599301 ], [ -57.10427820000001, -29.7597392 ], [ -57.1033984, -29.7592269 ], [ -57.1026045, -29.7586355 ], [ -57.1018696, -29.7579649 ], [ -57.1011776, -29.7572523 ], [ -57.1005392, -29.7566516 ], [ -57.0998257, -29.7559623 ], [ -57.0992732, -29.7554268 ], [ -57.0989889, -29.7550449 ], [ -57.0984042, -29.7544721 ], [ -57.0979536, -29.753862 ], [ -57.0975888, -29.7534847 ], [ -57.0972776, -29.7532053 ], [ -57.096709, -29.7528001 ], [ -57.0962691, -29.7524275 ], [ -57.0957059, -29.7518593 ], [ -57.0953679, -29.7515846 ], [ -57.0950407, -29.751347 ], [ -57.094751, -29.7511747 ], [ -57.0945364, -29.7510629 ], [ -57.0943218, -29.7509745 ], [ -57.0940375, -29.7508743 ], [ -57.0938391, -29.7507928 ], [ -57.0935118, -29.7506205 ], [ -57.0926321, -29.750057 ], [ -57.0922351, -29.7497356 ], [ -57.09208490000001, -29.749512 ], [ -57.0918757, -29.7493118 ], [ -57.0916611, -29.7492093 ], [ -57.0914251, -29.7491581 ], [ -57.09137040000001, -29.7502833 ], [ -57.0913566, -29.751250599999988 ], [ -57.0913361, -29.7526763 ], [ -57.0913151, -29.7541538 ], [ -57.0912946, -29.7555834 ], [ -57.0912743, -29.7570049 ], [ -57.0912545, -29.7583939 ], [ -57.0912527, -29.7585216 ], [ -57.0912346, -29.7597842 ], [ -57.0912144, -29.761195599999986 ], [ -57.0927776, -29.7612095 ], [ -57.094385, -29.7612238 ], [ -57.0959675, -29.7612378 ], [ -57.0975913, -29.7612598 ], [ -57.0986542, -29.7612741 ], [ -57.0991884, -29.7612814 ], [ -57.1007524, -29.7613025 ], [ -57.1017729, -29.76126970000001 ], [ -57.105718, -29.7611682 ] ] ] } },
{ "type": "Feature", "properties": { "name": "Santana", "code_muni": 4322400.0, "name_muni": "Uruguaiana" }, "geometry": { "type": "Polygon", "coordinates": [ [ [ -57.0783911, -29.754008 ], [ -57.077761, -29.7540035 ], [ -57.077693, -29.754003 ], [ -57.0767993, -29.7539964 ], [ -57.0752005, -29.7539845 ], [ -57.0743956, -29.7539786 ], [ -57.0736145, -29.7539728 ], [ -57.071978, -29.7539005 ], [ -57.0703387, -29.7538998 ], [ -57.0686868, -29.7539309 ], [ -57.0683757, -29.753943499999988 ], [ -57.0678139, -29.7543318 ], [ -57.0673607, -29.7546393 ], [ -57.0668874, -29.7549468 ], [ -57.0660249, -29.7553991 ], [ -57.0650085, -29.7559096 ], [ -57.0619525, -29.7573616 ], [ -57.061623, -29.7575465 ], [ -57.0613337, -29.7577313 ], [ -57.0612624, -29.7577782 ], [ -57.0610619, -29.7579162 ], [ -57.0608169, -29.758101 ], [ -57.0605573, -29.758339 ], [ -57.0603547, -29.7585163 ], [ -57.0601037, -29.7587697 ], [ -57.0598795, -29.759017299999986 ], [ -57.0595583, -29.7594136 ], [ -57.0595014, -29.7596223 ], [ -57.0594955, -29.7597759 ], [ -57.0595232, -29.7598797 ], [ -57.059551, -29.7599487 ], [ -57.0596246, -29.7600585 ], [ -57.0597183, -29.7601742 ], [ -57.059889, -29.7602902 ], [ -57.0600503, -29.7603332 ], [ -57.0602019, -29.7603546 ], [ -57.0603349, -29.7603354 ], [ -57.0606728, -29.7601874 ], [ -57.061289, -29.7599176 ], [ -57.0617235, -29.7597817 ], [ -57.062044, -29.7596799 ], [ -57.0624856, -29.7595741 ], [ -57.0628909, -29.7594628 ], [ -57.0632133, -29.7593846 ], [ -57.0643662, -29.7590846 ], [ -57.0658487, -29.758702 ], [ -57.0671241, -29.7583822 ], [ -57.0677315, -29.75824 ], [ -57.0680982, -29.7581969 ], [ -57.0686997, -29.758171700000013 ], [ -57.0703516, -29.7582073 ], [ -57.0719573, -29.7581855 ], [ -57.0735069, -29.7582386 ], [ -57.0751142, -29.758253 ], [ -57.076734, -29.7582679 ], [ -57.0775337, -29.7582753 ], [ -57.07832, -29.758282599999987 ], [ -57.0798042, -29.7582906 ], [ -57.0798341, -29.7582908 ], [ -57.0799025, -29.7581707 ], [ -57.0799252, -29.756888299999989 ], [ -57.0799407, -29.7554219 ], [ -57.0799678, -29.7540141 ], [ -57.0783911, -29.754008 ] ] ] } },
{ "type": "Feature", "properties": { "name": "Francisca Tarragó", "code_muni": 4322400.0, "name_muni": "Uruguaiana" }, "geometry": { "type": "Polygon", "coordinates": [ [ [ -57.1007524, -29.7613025 ], [ -57.0991884, -29.7612814 ], [ -57.0986542, -29.7612741 ], [ -57.0975913, -29.7612598 ], [ -57.0975432, -29.7626474 ], [ -57.097528, -29.7638138 ], [ -57.0975029, -29.7654112 ], [ -57.0974802, -29.7668243 ], [ -57.0974683, -29.7674702 ], [ -57.0974546, -29.7682117 ], [ -57.0974292, -29.7695793 ], [ -57.099013, -29.7695951 ], [ -57.115522, -29.7694903 ], [ -57.1150822, -29.7692435 ], [ -57.1148568, -29.7690526 ], [ -57.1146557, -29.7687546 ], [ -57.1145403, -29.7685427 ], [ -57.1144491, -29.7684193 ], [ -57.1143419, -29.7682587 ], [ -57.1142185, -29.7681166 ], [ -57.1140575, -29.7679537 ], [ -57.1138322, -29.767765099999988 ], [ -57.1135318, -29.767506600000011 ], [ -57.1131241, -29.7671877 ], [ -57.112754, -29.7669129 ], [ -57.1119788, -29.7663029 ], [ -57.1111393, -29.7656254 ], [ -57.1102059, -29.76495950000001 ], [ -57.1094871, -29.7644053 ], [ -57.1082693, -29.7634507 ], [ -57.1071696, -29.7624169 ], [ -57.106365, -29.7617463 ], [ -57.105968, -29.7613877 ], [ -57.105718, -29.7611682 ], [ -57.1017729, -29.76126970000001 ], [ -57.1007524, -29.7613025 ] ] ] } },
{ "type": "Feature", "properties": { "name": "São João", "code_muni": 4322400.0, "name_muni": "Uruguaiana" }, "geometry": { "type": "Polygon", "coordinates": [ [ [ -57.0659676, -29.7658576 ], [ -57.0662726, -29.7659583 ], [ -57.0667376, -29.7661016 ], [ -57.0677066, -29.766311 ], [ -57.0685576, -29.7664949 ], [ -57.0688672, -29.766449 ], [ -57.069105, -29.7664457 ], [ -57.0693656, -29.7664621 ], [ -57.0699422, -29.7665161 ], [ -57.0702504, -29.7665457 ], [ -57.0702462, -29.7667162 ], [ -57.0702422, -29.7668814 ], [ -57.0706802, -29.7672338 ], [ -57.0718167, -29.7681521 ], [ -57.0723562, -29.7686178 ], [ -57.073441, -29.7695056 ], [ -57.0734389, -29.769383 ], [ -57.0741891, -29.76938950000001 ], [ -57.0750117, -29.769396 ], [ -57.0765931, -29.769406599999986 ], [ -57.0765771, -29.7707713 ], [ -57.0765554, -29.7714857 ], [ -57.0765377, -29.7721335 ], [ -57.0771459, -29.7721429 ], [ -57.0781481, -29.7721483 ], [ -57.0797682, -29.7721742 ], [ -57.0798109, -29.7708352 ], [ -57.0797794, -29.769435099999988 ], [ -57.0797899, -29.7687271 ], [ -57.0797999, -29.7680475 ], [ -57.0798204, -29.7666497 ], [ -57.0798408, -29.7652619 ], [ -57.07984660000001, -29.7648695 ], [ -57.0798613, -29.7638742 ], [ -57.07988, -29.76311230000001 ], [ -57.0798816, -29.7624881 ], [ -57.079876, -29.762029200000011 ], [ -57.0798955, -29.7610912 ], [ -57.0799279, -29.7597053 ], [ -57.0799059, -29.7591124 ], [ -57.0799037, -29.7588462 ], [ -57.0799026, -29.7585919 ], [ -57.0798375, -29.7584229 ], [ -57.0794576, -29.7584175 ], [ -57.0783179, -29.7584093 ], [ -57.0774784, -29.7584032 ], [ -57.076732, -29.758397799999987 ], [ -57.0751117, -29.758386 ], [ -57.073496, -29.7583642 ], [ -57.0719575, -29.7583469 ], [ -57.0703502, -29.7583466 ], [ -57.0686967, -29.7583101 ], [ -57.0681609, -29.758329 ], [ -57.0677836, -29.7583588 ], [ -57.0674645, -29.7584197 ], [ -57.0671217, -29.7585211 ], [ -57.067103, -29.7595852 ], [ -57.0670784, -29.7609846 ], [ -57.0670161, -29.7622163 ], [ -57.0670207, -29.762289 ], [ -57.0670225, -29.7623182 ], [ -57.0670354, -29.7623985 ], [ -57.0670459, -29.7624348 ], [ -57.0675556, -29.763342 ], [ -57.0677097, -29.763591 ], [ -57.0677536, -29.763662 ], [ -57.0671088, -29.7643582 ], [ -57.0658516, -29.7658208 ], [ -57.0659676, -29.7658576 ] ] ] } },
{ "type": "Feature", "properties": { "name": "Nova Esperança", "code_muni": 4322400.0, "name_muni": "Uruguaiana" }, "geometry": { "type": "Polygon", "coordinates": [ [ [ -57.0959675, -29.7612378 ], [ -57.094385, -29.7612238 ], [ -57.0927776, -29.7612095 ], [ -57.0912144, -29.761195599999986 ], [ -57.0911947, -29.7625736 ], [ -57.0895519, -29.7625612 ], [ -57.0895325, -29.7639663 ], [ -57.0895133, -29.7653477 ], [ -57.0894939, -29.7667454 ], [ -57.0894826, -29.7675609 ], [ -57.0894746, -29.7681436 ], [ -57.0894512, -29.7695141 ], [ -57.0894375, -29.7701934 ], [ -57.0894201, -29.7709163 ], [ -57.0894089, -29.7723173 ], [ -57.0893911, -29.7736852 ], [ -57.0901848, -29.7736936 ], [ -57.0906984, -29.773699 ], [ -57.0910152, -29.7737023 ], [ -57.0925761, -29.7737187 ], [ -57.0932248, -29.7737206 ], [ -57.0941623, -29.7737354 ], [ -57.0957461, -29.7737556 ], [ -57.0973997, -29.7738138 ], [ -57.0973635, -29.772375 ], [ -57.0974278, -29.770985 ], [ -57.0974292, -29.7695793 ], [ -57.0974546, -29.7682117 ], [ -57.0974683, -29.7674702 ], [ -57.0974802, -29.7668243 ], [ -57.0975029, -29.7654112 ], [ -57.097528, -29.7638138 ], [ -57.0975432, -29.7626474 ], [ -57.0975913, -29.7612598 ], [ -57.0959675, -29.7612378 ] ] ] } },
{ "type": "Feature", "properties": { "name": "Cabo Luís Quevedo", "code_muni": 4322400.0, "name_muni": "Uruguaiana" }, "geometry": { "type": "Polygon", "coordinates": [ [ [ -57.1068035, -29.7833849 ], [ -57.1076202, -29.7833889 ], [ -57.1093929, -29.780665299999988 ], [ -57.1094228, -29.7796369 ], [ -57.1278219, -29.7798376 ], [ -57.128121, -29.7791825 ], [ -57.128656, -29.7780109 ], [ -57.1295661, -29.776689 ], [ -57.128858, -29.7763863 ], [ -57.1283591, -29.7760883 ], [ -57.1276027, -29.7756367 ], [ -57.1269751, -29.7753107 ], [ -57.1259397, -29.7747473 ], [ -57.1250224, -29.774100099999988 ], [ -57.124089, -29.7734296 ], [ -57.1236277, -29.773085 ], [ -57.1232092, -29.7728476 ], [ -57.122431400000011, -29.7725449 ], [ -57.1219969, -29.7724425 ], [ -57.121836, -29.772368 ], [ -57.1216053, -29.7721724 ], [ -57.1213478, -29.7719815 ], [ -57.1209669, -29.7717487 ], [ -57.1203339, -29.7715391 ], [ -57.1197599, -29.7712551 ], [ -57.1194488, -29.7711061 ], [ -57.1189016, -29.7708779 ], [ -57.1185261, -29.7707243 ], [ -57.1182364, -29.7706265 ], [ -57.1179575, -29.7705613 ], [ -57.117523, -29.7705194 ], [ -57.115522, -29.7694903 ], [ -57.099013, -29.7695951 ], [ -57.0974292, -29.7695793 ], [ -57.0974278, -29.770985 ], [ -57.0973635, -29.772375 ], [ -57.0973997, -29.7738138 ], [ -57.0973991, -29.7739051 ], [ -57.0973232, -29.7752013 ], [ -57.0973071, -29.7766215 ], [ -57.0972873, -29.7780437 ], [ -57.0972269, -29.779430099999988 ], [ -57.0972115, -29.7808542 ], [ -57.0987859, -29.7808779 ], [ -57.0995432, -29.7808893 ], [ -57.1003996, -29.7809022 ], [ -57.1009316, -29.7809102 ], [ -57.101234, -29.7809147 ], [ -57.1014674, -29.7809182 ], [ -57.1019993, -29.7809262 ], [ -57.1025474, -29.7809344 ], [ -57.1030443, -29.7809419 ], [ -57.1035866, -29.7809501 ], [ -57.1041479, -29.7809585 ], [ -57.1043719, -29.7809619 ], [ -57.1046283, -29.7809657 ], [ -57.1051526, -29.7809736 ], [ -57.1057179, -29.7809821 ], [ -57.1059797, -29.780986 ], [ -57.1062253, -29.780989699999989 ], [ -57.106755, -29.7809977 ], [ -57.1067266, -29.7823875 ], [ -57.1067076, -29.7833173 ], [ -57.1067071, -29.7833843 ], [ -57.1068035, -29.7833849 ] ] ] } },
{ "type": "Feature", "properties": { "name": "Alexandre Zachia", "code_muni": 4322400.0, "name_muni": "Uruguaiana" }, "geometry": { "type": "Polygon", "coordinates": [ [ [ -57.0877878, -29.7750732 ], [ -57.087775, -29.775923 ], [ -57.0877692, -29.776088800000011 ], [ -57.0877678, -29.7764813 ], [ -57.0877735, -29.7779057 ], [ -57.0893196, -29.7779281 ], [ -57.0898882, -29.7779298 ], [ -57.0909274, -29.7779514 ], [ -57.0916303, -29.7779578 ], [ -57.0924832, -29.7779904 ], [ -57.0940864, -29.7779972 ], [ -57.0956718, -29.7780201 ], [ -57.0964509, -29.7780314 ], [ -57.0972873, -29.7780437 ], [ -57.0973071, -29.7766215 ], [ -57.0973232, -29.7752013 ], [ -57.0973991, -29.7739051 ], [ -57.0973997, -29.7738138 ], [ -57.0957461, -29.7737556 ], [ -57.0941623, -29.7737354 ], [ -57.0932248, -29.7737206 ], [ -57.0925761, -29.7737187 ], [ -57.0910152, -29.7737023 ], [ -57.0906984, -29.773699 ], [ -57.0901848, -29.7736936 ], [ -57.0893911, -29.7736852 ], [ -57.0878061, -29.77367 ], [ -57.0877878, -29.7750732 ] ] ] } },
{ "type": "Feature", "properties": { "name": "Tabajara Brites", "code_muni": 4322400.0, "name_muni": "Uruguaiana" }, "geometry": { "type": "Polygon", "coordinates": [ [ [ -57.1067076, -29.7833173 ], [ -57.1067266, -29.7823875 ], [ -57.106755, -29.7809977 ], [ -57.1062253, -29.780989699999989 ], [ -57.1059797, -29.780986 ], [ -57.1057179, -29.7809821 ], [ -57.1051526, -29.7809736 ], [ -57.1046283, -29.7809657 ], [ -57.1043719, -29.7809619 ], [ -57.1041479, -29.7809585 ], [ -57.1035866, -29.7809501 ], [ -57.1030443, -29.7809419 ], [ -57.1025474, -29.7809344 ], [ -57.1019993, -29.7809262 ], [ -57.1014674, -29.7809182 ], [ -57.101234, -29.7809147 ], [ -57.1009316, -29.7809102 ], [ -57.1003996, -29.7809022 ], [ -57.0995432, -29.7808893 ], [ -57.0987859, -29.7808779 ], [ -57.0972115, -29.7808542 ], [ -57.0971596, -29.7821508 ], [ -57.0971529, -29.7821826 ], [ -57.0970474, -29.8018626 ], [ -57.0981328, -29.8019025 ], [ -57.0988752, -29.801574099999986 ], [ -57.1000397, -29.8016499 ], [ -57.1011896, -29.8015109 ], [ -57.1041737, -29.801233 ], [ -57.1062989, -29.8005762 ], [ -57.1067422, -29.8003195 ], [ -57.1072588, -29.7998342 ], [ -57.107904, -29.7996468 ], [ -57.109144, -29.7995776 ], [ -57.1104912, -29.7994899 ], [ -57.1113996, -29.7995843 ], [ -57.1135694, -29.7996597 ], [ -57.1143365, -29.79985060000001 ], [ -57.1150446, -29.8000973 ], [ -57.115522, -29.80024160000001 ], [ -57.1156722, -29.8001671 ], [ -57.11586, -29.8000414 ], [ -57.1160746, -29.7999856 ], [ -57.116316, -29.7997947 ], [ -57.1164125, -29.7990732 ], [ -57.1164715, -29.7988265 ], [ -57.1165037, -29.7986449 ], [ -57.1166968, -29.798565799999988 ], [ -57.1169785, -29.7985309 ], [ -57.1170187, -29.7985134 ], [ -57.1170522, -29.798497099999988 ], [ -57.1170495, -29.7984645 ], [ -57.1170321, -29.7982841 ], [ -57.1170133, -29.7981515 ], [ -57.1171448, -29.797960599999989 ], [ -57.1174639, -29.797686 ], [ -57.1175846, -29.7975207 ], [ -57.1177456, -29.7973345 ], [ -57.1178287, -29.797222799999989 ], [ -57.1193384, -29.7962245 ], [ -57.1198249, -29.7960234 ], [ -57.1210676, -29.7955099 ], [ -57.122334, -29.7951688 ], [ -57.1230764, -29.7950236 ], [ -57.1241463, -29.7946004 ], [ -57.124925, -29.7947773 ], [ -57.125813, -29.7944678 ], [ -57.1265481, -29.7938109 ], [ -57.1270939, -29.7935203 ], [ -57.1275961, -29.793488799999988 ], [ -57.1283312, -29.7932487 ], [ -57.1290591, -29.7929582 ], [ -57.1298233, -29.7929329 ], [ -57.1311989, -29.793034 ], [ -57.1324507, -29.7927561 ], [ -57.1330257, -29.7922255 ], [ -57.1333896, -29.7919097 ], [ -57.1335934, -29.7913539 ], [ -57.1334915, -29.790438 ], [ -57.1331276, -29.7898127 ], [ -57.1331276, -29.789579 ], [ -57.1337389, -29.7886568 ], [ -57.133819, -29.7882841 ], [ -57.1344464, -29.7876282 ], [ -57.1344636, -29.7875492 ], [ -57.1343613, -29.787418899999984 ], [ -57.1343651, -29.7872901 ], [ -57.1345848, -29.7871128 ], [ -57.1350688, -29.7868541 ], [ -57.1356439, -29.7866559 ], [ -57.1358858, -29.7864275 ], [ -57.1359507, -29.7860688 ], [ -57.1357188, -29.785440599999987 ], [ -57.1354911, -29.785298 ], [ -57.1349965, -29.785219 ], [ -57.134783, -29.7851338 ], [ -57.1345648, -29.7850336 ], [ -57.1342178, -29.7850637 ], [ -57.1338695, -29.7852632 ], [ -57.1334827, -29.785536100000016 ], [ -57.1330569, -29.7856503 ], [ -57.1325397, -29.7856682 ], [ -57.1320226, -29.7853882 ], [ -57.1312473, -29.784666799999989 ], [ -57.1309994, -29.784256 ], [ -57.1302845, -29.7838567 ], [ -57.1289876, -29.7837056 ], [ -57.1284289, -29.783478 ], [ -57.1280147, -29.78321110000001 ], [ -57.1278058, -29.7828919 ], [ -57.1276009, -29.7823539 ], [ -57.1276311, -29.7812027 ], [ -57.1278219, -29.7798376 ], [ -57.1094228, -29.7796369 ], [ -57.1093929, -29.780665299999988 ], [ -57.1076202, -29.7833889 ], [ -57.1068035, -29.7833849 ], [ -57.1067071, -29.7833843 ], [ -57.1067076, -29.7833173 ] ] ] } },
{ "type": "Feature", "properties": { "name": "Ipiranga", "code_muni": 4322400.0, "name_muni": "Uruguaiana" }, "geometry": { "type": "Polygon", "coordinates": [ [ [ -57.0750117, -29.769396 ], [ -57.0741891, -29.76938950000001 ], [ -57.0734389, -29.769383 ], [ -57.073441, -29.7695056 ], [ -57.0723562, -29.7686178 ], [ -57.0717511, -29.7693087 ], [ -57.0712787, -29.7699054 ], [ -57.0708143, -29.7704576 ], [ -57.0703938, -29.7709606 ], [ -57.0698919, -29.7714945 ], [ -57.0693182, -29.7721553 ], [ -57.0688443, -29.7727194 ], [ -57.0683554, -29.7732803 ], [ -57.0678991, -29.7738804 ], [ -57.0674243, -29.77442760000001 ], [ -57.0676663, -29.7745836 ], [ -57.0679031, -29.7747363 ], [ -57.0681274, -29.774881 ], [ -57.0683475, -29.7750229 ], [ -57.06871180000001, -29.7752472 ], [ -57.0699771, -29.7760448 ], [ -57.0688745, -29.7773144 ], [ -57.0687368, -29.7774892 ], [ -57.0685792, -29.7776978 ], [ -57.0673421, -29.7791224 ], [ -57.0672732, -29.7792032 ], [ -57.0672482, -29.7792426 ], [ -57.0672395, -29.7792681 ], [ -57.0672168, -29.7793903 ], [ -57.0655654, -29.7797086 ], [ -57.0648033, -29.7798505 ], [ -57.0644142, -29.7799281 ], [ -57.0642462, -29.7799589 ], [ -57.0641216, -29.7799988 ], [ -57.0640929, -29.7800699 ], [ -57.0640891, -29.7801305 ], [ -57.0641004, -29.7801874 ], [ -57.0641137, -29.7802567 ], [ -57.0648933, -29.7807663 ], [ -57.0651749, -29.7808872 ], [ -57.0659711, -29.7812275 ], [ -57.0685394, -29.782319 ], [ -57.068804, -29.7824345 ], [ -57.0698849, -29.7829036 ], [ -57.0700599, -29.7829763 ], [ -57.0705032, -29.7831579 ], [ -57.071338, -29.7835106 ], [ -57.0719093, -29.7837509 ], [ -57.0724183, -29.7839791 ], [ -57.0727354, -29.7841269 ], [ -57.0739478, -29.784628499999986 ], [ -57.074438, -29.784835100000013 ], [ -57.0747142, -29.7849475 ], [ -57.0751776, -29.7851305 ], [ -57.0755799, -29.785293100000011 ], [ -57.0774481, -29.7859147 ], [ -57.077383, -29.7856656 ], [ -57.0768922, -29.7838539 ], [ -57.0766404, -29.7838644 ], [ -57.075645, -29.7839214 ], [ -57.0752855, -29.7838999 ], [ -57.0748879, -29.7838155 ], [ -57.0745955, -29.7837166 ], [ -57.0746165, -29.7822635 ], [ -57.0750613, -29.7815619 ], [ -57.0751104, -29.7807462 ], [ -57.075134, -29.7803553 ], [ -57.0749011, -29.7803174 ], [ -57.0749375, -29.7799132 ], [ -57.0751632, -29.7797615 ], [ -57.0753333, -29.7776743 ], [ -57.0757036, -29.7776049 ], [ -57.0762887, -29.777505 ], [ -57.0773136, -29.7773083 ], [ -57.0771343, -29.7765179 ], [ -57.0769547, -29.7758329 ], [ -57.0767852, -29.7751308 ], [ -57.0766488, -29.7744464 ], [ -57.0765516, -29.7740131 ], [ -57.0765158, -29.7737269 ], [ -57.0765004, -29.7735351 ], [ -57.0765135, -29.772887 ], [ -57.0765377, -29.7721335 ], [ -57.0765554, -29.7714857 ], [ -57.0765771, -29.7707713 ], [ -57.0765931, -29.769406599999986 ], [ -57.0750117, -29.769396 ] ] ] } },
{ "type": "Feature", "properties": { "name": "Vila Júlia", "code_muni": 4322400.0, "name_muni": "Uruguaiana" }, "geometry": { "type": "Polygon", "coordinates": [ [ [ -57.0897661, -29.7881279 ], [ -57.0898761, -29.7880324 ], [ -57.0899327, -29.7879652 ], [ -57.0899978, -29.7878683 ], [ -57.090034, -29.7877967 ], [ -57.0901037, -29.7876175 ], [ -57.0900477, -29.7873678 ], [ -57.0897949, -29.786558899999989 ], [ -57.0888669, -29.7837623 ], [ -57.0887891, -29.783489 ], [ -57.0885497, -29.7826254 ], [ -57.0884226, -29.7821403 ], [ -57.0883365, -29.781544 ], [ -57.0879393, -29.779031 ], [ -57.0877735, -29.7779057 ], [ -57.0877678, -29.7764813 ], [ -57.0861779, -29.7764379 ], [ -57.0853658, -29.7763891 ], [ -57.0849021, -29.7763246 ], [ -57.0845065, -29.7762213 ], [ -57.0840088, -29.776054 ], [ -57.0837346, -29.7761022 ], [ -57.0829087, -29.776259 ], [ -57.082953, -29.7754181 ], [ -57.0829708, -29.7750087 ], [ -57.0829877, -29.7736213 ], [ -57.0823497, -29.7736147 ], [ -57.08132040000001, -29.7735983 ], [ -57.0797184, -29.7735875 ], [ -57.0797682, -29.7721742 ], [ -57.0781481, -29.7721483 ], [ -57.0771459, -29.7721429 ], [ -57.0765377, -29.7721335 ], [ -57.0765135, -29.772887 ], [ -57.0765004, -29.7735351 ], [ -57.0765158, -29.7737269 ], [ -57.0765516, -29.7740131 ], [ -57.0766488, -29.7744464 ], [ -57.0767852, -29.7751308 ], [ -57.0769547, -29.7758329 ], [ -57.0771343, -29.7765179 ], [ -57.0773136, -29.7773083 ], [ -57.0762887, -29.777505 ], [ -57.0757036, -29.7776049 ], [ -57.0753333, -29.7776743 ], [ -57.0751632, -29.7797615 ], [ -57.0749375, -29.7799132 ], [ -57.0749011, -29.7803174 ], [ -57.075134, -29.7803553 ], [ -57.0751104, -29.7807462 ], [ -57.0750613, -29.7815619 ], [ -57.0746165, -29.7822635 ], [ -57.0745955, -29.7837166 ], [ -57.0748879, -29.7838155 ], [ -57.0752855, -29.7838999 ], [ -57.075645, -29.7839214 ], [ -57.0766404, -29.7838644 ], [ -57.0768922, -29.7838539 ], [ -57.077383, -29.7856656 ], [ -57.0774481, -29.7859147 ], [ -57.0786443, -29.786247 ], [ -57.079282, -29.7864198 ], [ -57.0807653, -29.786737 ], [ -57.0815525, -29.7868813 ], [ -57.0851266, -29.7875593 ], [ -57.0872787, -29.7879635 ], [ -57.0886403, -29.7882128 ], [ -57.0891499, -29.7883129 ], [ -57.0893412, -29.7882981 ], [ -57.0895395, -29.7882588 ], [ -57.0896702, -29.7882029 ], [ -57.0897661, -29.7881279 ] ] ] } },
{ "type": "Feature", "properties": { "name": "Rui Ramos", "code_muni": 4322400.0, "name_muni": "Uruguaiana" }, "geometry": { "type": "Polygon", "coordinates": [ [ [ -57.0702487, -29.7675083 ], [ -57.0702216, -29.7676166 ], [ -57.0701884, -29.7677443 ], [ -57.0701305, -29.7678192 ], [ -57.0693852, -29.7687655 ], [ -57.0688685, -29.7693948 ], [ -57.06843090000001, -29.7699523 ], [ -57.0681889, -29.7702607 ], [ -57.0678498, -29.7708191 ], [ -57.0676826, -29.7710944 ], [ -57.0675746, -29.77127 ], [ -57.0674739, -29.7715091 ], [ -57.0674464, -29.7716381 ], [ -57.0674132, -29.7717933 ], [ -57.0672999, -29.7726054 ], [ -57.0672107, -29.7732451 ], [ -57.0671868, -29.7734168 ], [ -57.0669993, -29.7741535 ], [ -57.0666822, -29.775236599999989 ], [ -57.0663814, -29.7761888 ], [ -57.0661628, -29.7769088 ], [ -57.0661355, -29.7770293 ], [ -57.06588, -29.7781552 ], [ -57.0655838, -29.779543300000011 ], [ -57.0655732, -29.7795932 ], [ -57.0655705, -29.779605699999987 ], [ -57.0655654, -29.7797086 ], [ -57.0672168, -29.7793903 ], [ -57.0672395, -29.7792681 ], [ -57.0672482, -29.7792426 ], [ -57.0672732, -29.7792032 ], [ -57.0673421, -29.7791224 ], [ -57.0685792, -29.7776978 ], [ -57.0687368, -29.7774892 ], [ -57.0688745, -29.7773144 ], [ -57.0699771, -29.7760448 ], [ -57.06871180000001, -29.7752472 ], [ -57.0683475, -29.7750229 ], [ -57.0681274, -29.774881 ], [ -57.0679031, -29.7747363 ], [ -57.0676663, -29.7745836 ], [ -57.0674243, -29.77442760000001 ], [ -57.0678991, -29.7738804 ], [ -57.0683554, -29.7732803 ], [ -57.0688443, -29.7727194 ], [ -57.0693182, -29.7721553 ], [ -57.0698919, -29.7714945 ], [ -57.0703938, -29.7709606 ], [ -57.0708143, -29.7704576 ], [ -57.0712787, -29.7699054 ], [ -57.0717511, -29.7693087 ], [ -57.0723562, -29.7686178 ], [ -57.0718167, -29.7681521 ], [ -57.0706802, -29.7672338 ], [ -57.0702422, -29.7668814 ], [ -57.0702487, -29.7675083 ] ] ] } },
{ "type": "Feature", "properties": { "name": "Aeroporto", "code_muni": 4322400.0, "name_muni": "Uruguaiana" }, "geometry": { "type": "Polygon", "coordinates": [ [ [ -57.0582374, -29.7732471 ], [ -57.0581298, -29.773064 ], [ -57.0577472, -29.7725113 ], [ -57.0576085, -29.7723484 ], [ -57.0574384, -29.772196399999984 ], [ -57.0572494, -29.7720672 ], [ -57.057029, -29.771938 ], [ -57.0565995, -29.7718014 ], [ -57.0562081, -29.771769 ], [ -57.0558038, -29.7717903 ], [ -57.0554356, -29.7718334 ], [ -57.0547598, -29.7719582 ], [ -57.052778, -29.7724693 ], [ -57.0524549, -29.7725417 ], [ -57.0523197, -29.772572 ], [ -57.0505779, -29.7729724 ], [ -57.0497565, -29.773181 ], [ -57.0404048, -29.7753544 ], [ -57.0400963, -29.7754271 ], [ -57.039391, -29.7755989 ], [ -57.0389917, -29.7757002 ], [ -57.0377675, -29.7759719 ], [ -57.0374305, -29.776053699999988 ], [ -57.0367687, -29.7762256 ], [ -57.035042, -29.7766686 ], [ -57.034896, -29.7767077 ], [ -57.034148, -29.776908100000011 ], [ -57.0334564, -29.7771033 ], [ -57.0327146, -29.7773367 ], [ -57.0320976, -29.777565 ], [ -57.0314743, -29.7778151 ], [ -57.0303179, -29.7783554 ], [ -57.0293915, -29.7788271 ], [ -57.0293133, -29.778867 ], [ -57.0288157, -29.779156700000019 ], [ -57.0275636, -29.7799589 ], [ -57.0328898, -29.7892747 ], [ -57.0459697, -29.7929463 ], [ -57.0461098, -29.7929186 ], [ -57.046167, -29.7926973 ], [ -57.0461946, -29.792545900000011 ], [ -57.0467743, -29.787031 ], [ -57.0468073, -29.7869283 ], [ -57.0473862, -29.7858462 ], [ -57.0487804, -29.7832175 ], [ -57.0488772, -29.7830472 ], [ -57.0495054, -29.7828767 ], [ -57.0499412, -29.7827669 ], [ -57.0504109, -29.7826635 ], [ -57.0510211, -29.7825405 ], [ -57.05122990000001, -29.782504 ], [ -57.0513341, -29.782481 ], [ -57.0529191, -29.7821971 ], [ -57.0534782, -29.782097 ], [ -57.0536494, -29.7820663 ], [ -57.054834, -29.781823 ], [ -57.0555065, -29.7816918 ], [ -57.0558705, -29.7816208 ], [ -57.0561092, -29.781573 ], [ -57.0596197, -29.7808689 ], [ -57.060759, -29.7806404 ], [ -57.060802, -29.7806318 ], [ -57.0608851, -29.7806151 ], [ -57.0616013, -29.7804715 ], [ -57.0622851, -29.780334399999987 ], [ -57.0623674, -29.780318 ], [ -57.0626119, -29.7802694 ], [ -57.0627914, -29.7802078 ], [ -57.0629528, -29.780144699999987 ], [ -57.0629952, -29.780068 ], [ -57.0630102, -29.7799998 ], [ -57.0629973, -29.7798753 ], [ -57.0622203, -29.7791481 ], [ -57.0616995, -29.7786756 ], [ -57.0615384, -29.7785479 ], [ -57.0612473, -29.778279 ], [ -57.0609305, -29.777958 ], [ -57.0606388, -29.7776425 ], [ -57.0604121, -29.7773803 ], [ -57.0601289, -29.7770076 ], [ -57.0598144, -29.7765586 ], [ -57.0594866, -29.7760224 ], [ -57.0591877, -29.7754576 ], [ -57.0589972, -29.7750544 ], [ -57.0588067, -29.7746076 ], [ -57.0586602, -29.7741986 ], [ -57.0585451, -29.7738277 ], [ -57.0582374, -29.7732471 ] ] ] } },
{ "type": "Feature", "properties": { "name": "Distrito Rodoviário", "code_muni": 4322400.0, "name_muni": "Uruguaiana" }, "geometry": { "type": "Polygon", "coordinates": [ [ [ -57.0579438, -29.7682825 ], [ -57.057584, -29.7682597 ], [ -57.0565544, -29.768199 ], [ -57.056238, -29.7682231 ], [ -57.0559238, -29.7682998 ], [ -57.0554058, -29.7684723 ], [ -57.0547556, -29.7686947 ], [ -57.0544901, -29.7687577 ], [ -57.0541604, -29.7687771 ], [ -57.0527817, -29.7687475 ], [ -57.0510604, -29.7687341 ], [ -57.0479663, -29.7686703 ], [ -57.0457104, -29.7686238 ], [ -57.0455934, -29.7686214 ], [ -57.0451593, -29.7686211 ], [ -57.0447673, -29.7686174 ], [ -57.0445101, -29.7685824 ], [ -57.041698, -29.7680776 ], [ -57.0393115, -29.7676511 ], [ -57.0375204, -29.7673828 ], [ -57.0366592, -29.7672498 ], [ -57.0348515, -29.766990400000012 ], [ -57.0335499, -29.7668302 ], [ -57.033267, -29.7670709 ], [ -57.0328217, -29.7673746 ], [ -57.0322492, -29.7677151 ], [ -57.0318358, -29.7683317 ], [ -57.0314965, -29.7684973 ], [ -57.0309982, -29.7686446 ], [ -57.0307862, -29.7689574 ], [ -57.0298745, -29.7688746 ], [ -57.0275636, -29.7799589 ], [ -57.0288157, -29.779156700000019 ], [ -57.0293133, -29.778867 ], [ -57.0293915, -29.7788271 ], [ -57.0303179, -29.7783554 ], [ -57.0314743, -29.7778151 ], [ -57.0320976, -29.777565 ], [ -57.0327146, -29.7773367 ], [ -57.0334564, -29.7771033 ], [ -57.034148, -29.776908100000011 ], [ -57.034896, -29.7767077 ], [ -57.035042, -29.7766686 ], [ -57.0367687, -29.7762256 ], [ -57.0374305, -29.776053699999988 ], [ -57.0377675, -29.7759719 ], [ -57.0389917, -29.7757002 ], [ -57.039391, -29.7755989 ], [ -57.0400963, -29.7754271 ], [ -57.0404048, -29.7753544 ], [ -57.0497565, -29.773181 ], [ -57.0505779, -29.7729724 ], [ -57.0523197, -29.772572 ], [ -57.0524549, -29.7725417 ], [ -57.052778, -29.7724693 ], [ -57.0547598, -29.7719582 ], [ -57.0557946, -29.7716669 ], [ -57.0563398, -29.7714603 ], [ -57.056769, -29.7712429 ], [ -57.0569521, -29.7711025 ], [ -57.0571415, -29.7709403 ], [ -57.0573045, -29.7707679 ], [ -57.0574676, -29.7705901 ], [ -57.0577107, -29.7702624 ], [ -57.0578943, -29.7698952 ], [ -57.0579903, -29.7696919 ], [ -57.058055, -29.769505 ], [ -57.0581183, -29.7692511 ], [ -57.0581816, -29.7689208 ], [ -57.0581844, -29.7685597 ], [ -57.0579438, -29.7682825 ] ] ] } },
{ "type": "Feature", "properties": { "name": "Jóquei Clube", "code_muni": 4322400.0, "name_muni": "Uruguaiana" }, "geometry": { "type": "Polygon", "coordinates": [ [ [ -57.0724775, -29.7481398 ], [ -57.0724829, -29.7479756 ], [ -57.0726587, -29.7479131 ], [ -57.0727759, -29.7477489 ], [ -57.0726081, -29.7474019 ], [ -57.0703936, -29.747708899999989 ], [ -57.0697575, -29.7475248 ], [ -57.0697575, -29.746898900000012 ], [ -57.0703936, -29.7462361 ], [ -57.0702663, -29.7441375 ], [ -57.069291, -29.7435852 ], [ -57.0682733, -29.7438797 ], [ -57.0679764, -29.7449475 ], [ -57.0670859, -29.7460152 ], [ -57.0659409, -29.746052 ], [ -57.0648808, -29.7455366 ], [ -57.0631421, -29.7448002 ], [ -57.0621668, -29.7436588 ], [ -57.0617012, -29.7435044 ], [ -57.0611373, -29.7436695 ], [ -57.0602774, -29.7440851 ], [ -57.059792, -29.7440638 ], [ -57.0583502, -29.7438429 ], [ -57.0570356, -29.7431802 ], [ -57.0564838, -29.7431975 ], [ -57.0560178, -29.7434011 ], [ -57.055721, -29.7437693 ], [ -57.0547033, -29.7439902 ], [ -57.0544915, -29.7443772 ], [ -57.0542368, -29.7446897 ], [ -57.0538778, -29.744692 ], [ -57.0532614, -29.7443216 ], [ -57.0524229, -29.7443179 ], [ -57.051438, -29.7445793 ], [ -57.0506323, -29.7453525 ], [ -57.0486816, -29.7457575 ], [ -57.0483808, -29.7461782 ], [ -57.0471549, -29.7478929 ], [ -57.0452043, -29.7502124 ], [ -57.0446792, -29.75158780000001 ], [ -57.0443254, -29.751828 ], [ -57.0427447, -29.7516851 ], [ -57.0419692, -29.7517881 ], [ -57.0416421, -29.7520533 ], [ -57.0408364, -29.7537836 ], [ -57.0404353, -29.7540515 ], [ -57.0402851, -29.7541518 ], [ -57.0401494, -29.7543579 ], [ -57.039437, -29.7554403 ], [ -57.0385465, -29.7562502 ], [ -57.0381381, -29.7563521 ], [ -57.0378707, -29.7564695 ], [ -57.037787, -29.7573685 ], [ -57.0377408, -29.7577596 ], [ -57.036935, -29.7593426 ], [ -57.0368502, -29.7609256 ], [ -57.0358749, -29.7619932 ], [ -57.0352388, -29.7637234 ], [ -57.0339666, -29.7647541 ], [ -57.0338363, -29.7654598 ], [ -57.034009, -29.7656281 ], [ -57.0375387, -29.765221799999985 ], [ -57.0379107, -29.7651625 ], [ -57.038236, -29.7650982 ], [ -57.0401993, -29.7646623 ], [ -57.0404635, -29.7646237 ], [ -57.0406404, -29.7646069 ], [ -57.0418323, -29.7645995 ], [ -57.0419151, -29.7645962 ], [ -57.0421668, -29.764593 ], [ -57.042621, -29.7645716 ], [ -57.0427207, -29.764564 ], [ -57.0431567, -29.7644871 ], [ -57.0432827, -29.7644534 ], [ -57.043582, -29.7643716 ], [ -57.0442714, -29.7641678 ], [ -57.0446286, -29.7640855 ], [ -57.044903, -29.7640423 ], [ -57.0452124, -29.7640093 ], [ -57.0469213, -29.7638809 ], [ -57.048206, -29.763795599999987 ], [ -57.0489936, -29.7637344 ], [ -57.0499884, -29.7636571 ], [ -57.051775, -29.7635182 ], [ -57.0521978, -29.7634833 ], [ -57.0534261, -29.7633943 ], [ -57.0545957, -29.7632407 ], [ -57.0549204, -29.7631691 ], [ -57.0550277, -29.7631453 ], [ -57.0555223, -29.7629868 ], [ -57.0557034, -29.762907 ], [ -57.0562079, -29.7626849 ], [ -57.0564982, -29.7625221 ], [ -57.0569715, -29.7622532 ], [ -57.0576098, -29.761891 ], [ -57.058082, -29.7616301 ], [ -57.0583402, -29.7614694 ], [ -57.0584653, -29.7613359 ], [ -57.0585637, -29.7612024 ], [ -57.0588782, -29.7605944 ], [ -57.0590301, -29.760251 ], [ -57.0590872, -29.7601496 ], [ -57.059296, -29.759810699999985 ], [ -57.0595583, -29.7594136 ], [ -57.0598795, -29.759017299999986 ], [ -57.0601037, -29.7587697 ], [ -57.0603547, -29.7585163 ], [ -57.0605573, -29.758339 ], [ -57.0608169, -29.758101 ], [ -57.0610619, -29.7579162 ], [ -57.0612624, -29.7577782 ], [ -57.0613337, -29.7577313 ], [ -57.061623, -29.7575465 ], [ -57.0619525, -29.7573616 ], [ -57.0650085, -29.7559096 ], [ -57.0660249, -29.7553991 ], [ -57.0668874, -29.7549468 ], [ -57.0673607, -29.7546393 ], [ -57.0678139, -29.7543318 ], [ -57.0683757, -29.753943499999988 ], [ -57.0688546, -29.7535585 ], [ -57.0695168, -29.7529666 ], [ -57.0703302, -29.7522017 ], [ -57.072942, -29.7497368 ], [ -57.0734502, -29.749271 ], [ -57.0738794, -29.7489403 ], [ -57.0743126, -29.7486807 ], [ -57.0747069, -29.748511900000011 ], [ -57.0724163, -29.7482971 ], [ -57.0724775, -29.7481398 ] ] ] } },
{ "type": "Feature", "properties": { "name": "Santo Inácio", "code_muni": 4322400.0, "name_muni": "Uruguaiana" }, "geometry": { "type": "Polygon", "coordinates": [ [ [ -57.0337709, -29.7658355 ], [ -57.0335426, -29.7665095 ], [ -57.0335499, -29.7668302 ], [ -57.0348515, -29.766990400000012 ], [ -57.0366592, -29.7672498 ], [ -57.0375204, -29.7673828 ], [ -57.0393115, -29.7676511 ], [ -57.041698, -29.7680776 ], [ -57.0445101, -29.7685824 ], [ -57.0447673, -29.7686174 ], [ -57.0451593, -29.7686211 ], [ -57.0455934, -29.7686214 ], [ -57.0457104, -29.7686238 ], [ -57.0479663, -29.7686703 ], [ -57.0510604, -29.7687341 ], [ -57.0527817, -29.7687475 ], [ -57.0541604, -29.7687771 ], [ -57.0544901, -29.7687577 ], [ -57.0547556, -29.7686947 ], [ -57.0554058, -29.7684723 ], [ -57.0559238, -29.7682998 ], [ -57.056238, -29.7682231 ], [ -57.0565544, -29.768199 ], [ -57.057584, -29.7682597 ], [ -57.0579438, -29.7682825 ], [ -57.0581883, -29.7680684 ], [ -57.0582481, -29.7636245 ], [ -57.0581789, -29.7631266 ], [ -57.0580648, -29.7628983 ], [ -57.0578732, -29.7626845 ], [ -57.057655, -29.7625623 ], [ -57.05738130000001, -29.762457899999987 ], [ -57.0572351, -29.7624334 ], [ -57.0571017, -29.7624133 ], [ -57.0569551, -29.76242 ], [ -57.0567509, -29.7624615 ], [ -57.0564982, -29.7625221 ], [ -57.0562079, -29.7626849 ], [ -57.0557034, -29.762907 ], [ -57.0555223, -29.7629868 ], [ -57.0550277, -29.7631453 ], [ -57.0549204, -29.7631691 ], [ -57.0545957, -29.7632407 ], [ -57.0534261, -29.7633943 ], [ -57.0521978, -29.7634833 ], [ -57.051775, -29.7635182 ], [ -57.0499884, -29.7636571 ], [ -57.0489936, -29.7637344 ], [ -57.048206, -29.763795599999987 ], [ -57.0469213, -29.7638809 ], [ -57.0452124, -29.7640093 ], [ -57.044903, -29.7640423 ], [ -57.0446286, -29.7640855 ], [ -57.0442714, -29.7641678 ], [ -57.043582, -29.7643716 ], [ -57.0432827, -29.7644534 ], [ -57.0431567, -29.7644871 ], [ -57.0427207, -29.764564 ], [ -57.042621, -29.7645716 ], [ -57.0421668, -29.764593 ], [ -57.0419151, -29.7645962 ], [ -57.0418323, -29.7645995 ], [ -57.0406404, -29.7646069 ], [ -57.0404635, -29.7646237 ], [ -57.0401993, -29.7646623 ], [ -57.038236, -29.7650982 ], [ -57.0379107, -29.7651625 ], [ -57.0375387, -29.765221799999985 ], [ -57.034009, -29.7656281 ], [ -57.0337709, -29.7658355 ] ] ] } },
{ "type": "Feature", "properties": { "name": "Jardim do Salso", "code_muni": 4322400.0, "name_muni": "Uruguaiana" }, "geometry": { "type": "Polygon", "coordinates": [ [ [ -57.0596197, -29.7808689 ], [ -57.0561092, -29.781573 ], [ -57.0558705, -29.7816208 ], [ -57.0555065, -29.7816918 ], [ -57.054834, -29.781823 ], [ -57.0536494, -29.7820663 ], [ -57.0534782, -29.782097 ], [ -57.0529191, -29.7821971 ], [ -57.0513341, -29.782481 ], [ -57.05122990000001, -29.782504 ], [ -57.0510211, -29.7825405 ], [ -57.0504109, -29.7826635 ], [ -57.0499412, -29.7827669 ], [ -57.0495054, -29.7828767 ], [ -57.0488772, -29.7830472 ], [ -57.0487804, -29.7832175 ], [ -57.0473862, -29.7858462 ], [ -57.0468073, -29.7869283 ], [ -57.0467743, -29.787031 ], [ -57.0461946, -29.792545900000011 ], [ -57.046167, -29.7926973 ], [ -57.0461098, -29.7929186 ], [ -57.0463145, -29.7930558 ], [ -57.0466413, -29.7931964 ], [ -57.0470221, -29.7933327 ], [ -57.0472408, -29.7933639 ], [ -57.0475445, -29.7933237 ], [ -57.0481518, -29.7934041 ], [ -57.0484271, -29.7936475 ], [ -57.0491649, -29.7943198 ], [ -57.0531607, -29.7895577 ], [ -57.0542868, -29.7882765 ], [ -57.0551884, -29.787209 ], [ -57.0560357, -29.7861781 ], [ -57.056895, -29.7851777 ], [ -57.0570166, -29.7852601 ], [ -57.0589623, -29.7829187 ], [ -57.0593378, -29.7825695 ], [ -57.0606172, -29.7812565 ], [ -57.060759, -29.7806404 ], [ -57.0596197, -29.7808689 ] ] ] } },
{ "type": "Feature", "properties": { "name": "União das Vilas", "code_muni": 4322400.0, "name_muni": "Uruguaiana" }, "geometry": { "type": "Polygon", "coordinates": [ [ [ -57.0651749, -29.7808872 ], [ -57.0648933, -29.7807663 ], [ -57.0642692, -29.7805357 ], [ -57.0636449, -29.7803384 ], [ -57.0633882, -29.7802702 ], [ -57.063235, -29.780238 ], [ -57.0630466, -29.7802247 ], [ -57.0628603, -29.7802381 ], [ -57.0626119, -29.7802694 ], [ -57.0623674, -29.780318 ], [ -57.0622851, -29.780334399999987 ], [ -57.0616013, -29.7804715 ], [ -57.0608851, -29.7806151 ], [ -57.060802, -29.7806318 ], [ -57.060759, -29.7806404 ], [ -57.0606172, -29.7812565 ], [ -57.0593378, -29.7825695 ], [ -57.0589623, -29.7829187 ], [ -57.0570166, -29.7852601 ], [ -57.056895, -29.7851777 ], [ -57.0560357, -29.7861781 ], [ -57.0551884, -29.787209 ], [ -57.0542868, -29.7882765 ], [ -57.0531607, -29.7895577 ], [ -57.0491649, -29.7943198 ], [ -57.0498269, -29.794514 ], [ -57.0506504, -29.7947819 ], [ -57.0510724, -29.7947819 ], [ -57.051369, -29.7950172 ], [ -57.0514429, -29.7952196 ], [ -57.0515931, -29.7953893 ], [ -57.0517208, -29.7954876 ], [ -57.0521438, -29.7956261 ], [ -57.0523487, -29.795961 ], [ -57.0525546, -29.7963183 ], [ -57.052846, -29.79659 ], [ -57.0529251, -29.7967649 ], [ -57.0528986, -29.7969785 ], [ -57.0532956, -29.797274 ], [ -57.0536954, -29.7973251 ], [ -57.053841, -29.7976093 ], [ -57.0540885, -29.7976725 ], [ -57.0542559, -29.7976093 ], [ -57.0544378, -29.7976662 ], [ -57.0549546, -29.7977167 ], [ -57.0553476, -29.7978556 ], [ -57.055464, -29.798222 ], [ -57.0558934, -29.798582 ], [ -57.0560463, -29.7985693 ], [ -57.0564248, -29.7988725 ], [ -57.0567959, -29.7991378 ], [ -57.05710160000001, -29.7991378 ], [ -57.0572545, -29.7990493 ], [ -57.0574219, -29.7992072 ], [ -57.0575092, -29.7995041 ], [ -57.0577567, -29.7997062 ], [ -57.0582589, -29.7998641 ], [ -57.05855, -29.8001357 ], [ -57.0590158, -29.800123 ], [ -57.059336, -29.7999715 ], [ -57.0594088, -29.7997378 ], [ -57.0595034, -29.7997441 ], [ -57.0595689, -29.7998515 ], [ -57.059649, -29.7998136 ], [ -57.0597873, -29.7999209 ], [ -57.0599256, -29.800142 ], [ -57.0607335, -29.8002683 ], [ -57.0611701, -29.8001104 ], [ -57.0616287, -29.800022 ], [ -57.0634555, -29.8000551 ], [ -57.0638085, -29.799902 ], [ -57.0639086, -29.7996872 ], [ -57.0641815, -29.799632 ], [ -57.0643089, -29.7996667 ], [ -57.0644053, -29.7998436 ], [ -57.0645782, -29.8000093 ], [ -57.0649733, -29.8000204 ], [ -57.0652111, -29.7999422 ], [ -57.0649356, -29.7991197 ], [ -57.0643433, -29.7975472 ], [ -57.0643622, -29.7974274 ], [ -57.064383, -29.7973536 ], [ -57.0643698, -29.797291199999986 ], [ -57.0643055, -29.7972633 ], [ -57.0642639, -29.7971829 ], [ -57.0643093, -29.7970846 ], [ -57.0642638, -29.7970173 ], [ -57.0642826, -29.7969616 ], [ -57.06433340000001, -29.7969454 ], [ -57.0643013, -29.796894300000012 ], [ -57.0643655, -29.7968201 ], [ -57.0644002, -29.7964116 ], [ -57.0643574, -29.7962538 ], [ -57.0643332, -29.796088799999989 ], [ -57.0643289, -29.7958495 ], [ -57.0643182, -29.7955501 ], [ -57.0643367, -29.7953191 ], [ -57.0642721, -29.7951168 ], [ -57.064261, -29.7948476 ], [ -57.0642458, -29.7946799 ], [ -57.0642541, -29.7942525 ], [ -57.0642728, -29.7941967 ], [ -57.0643159, -29.7937741 ], [ -57.0642972, -29.793586500000014 ], [ -57.064353, -29.7934658 ], [ -57.0643718, -29.7932152 ], [ -57.0644333, -29.793113 ], [ -57.0643718, -29.7930457 ], [ -57.0643049, -29.7930713 ], [ -57.0642541, -29.7929854 ], [ -57.0643076, -29.7924331 ], [ -57.064353, -29.7923866 ], [ -57.06446, -29.7923774 ], [ -57.0645322, -29.7923913 ], [ -57.0645696, -29.7922984 ], [ -57.0645322, -29.7922451 ], [ -57.0645055, -29.7921592 ], [ -57.0646312, -29.7920803 ], [ -57.0646472, -29.7919782 ], [ -57.0647007, -29.7918993 ], [ -57.0646846, -29.7918436 ], [ -57.0646017, -29.7918343 ], [ -57.064575, -29.7918853 ], [ -57.0645269, -29.7918389 ], [ -57.0643878, -29.7917902 ], [ -57.0643851, -29.7915813 ], [ -57.0643611, -29.7914374 ], [ -57.064238, -29.791439799999988 ], [ -57.06423, -29.7913632 ], [ -57.0642862, -29.7912541 ], [ -57.0642621, -29.7911218 ], [ -57.064468, -29.7910452 ], [ -57.0645242, -29.7911334 ], [ -57.064559, -29.7911427 ], [ -57.0645643, -29.7909895 ], [ -57.0646124, -29.7908874 ], [ -57.0645723, -29.7908363 ], [ -57.0644466, -29.7908201 ], [ -57.0644092, -29.790729599999985 ], [ -57.0644359, -29.7906785 ], [ -57.0644359, -29.7905416 ], [ -57.0645108, -29.7905021 ], [ -57.064583, -29.7903791 ], [ -57.064682, -29.790349 ], [ -57.0647207, -29.790248 ], [ -57.0647568, -29.790154 ], [ -57.0647328, -29.7900287 ], [ -57.0646231, -29.7899544 ], [ -57.064559, -29.789843 ], [ -57.0644172, -29.7898245 ], [ -57.0643744, -29.7896991 ], [ -57.0644707, -29.7894879 ], [ -57.0644814, -29.7893023 ], [ -57.0647301, -29.7892698 ], [ -57.0664644, -29.7889129 ], [ -57.0702356, -29.7880865 ], [ -57.0682454, -29.7833144 ], [ -57.0682565, -29.7826289 ], [ -57.068319, -29.7825945 ], [ -57.0685394, -29.782319 ], [ -57.0659711, -29.7812275 ], [ -57.0651749, -29.7808872 ] ] ] } },
{ "type": "Feature", "properties": { "name": "Salso de Baixo", "code_muni": 4322400.0, "name_muni": "Uruguaiana" }, "geometry": { "type": "Polygon", "coordinates": [ [ [ -57.0644814, -29.7893023 ], [ -57.0644707, -29.7894879 ], [ -57.0643744, -29.7896991 ], [ -57.0644172, -29.7898245 ], [ -57.064559, -29.789843 ], [ -57.0646231, -29.7899544 ], [ -57.0647328, -29.7900287 ], [ -57.0647568, -29.790154 ], [ -57.0647207, -29.790248 ], [ -57.064682, -29.790349 ], [ -57.064583, -29.7903791 ], [ -57.0645108, -29.7905021 ], [ -57.0644359, -29.7905416 ], [ -57.0644359, -29.7906785 ], [ -57.0644092, -29.790729599999985 ], [ -57.0644466, -29.7908201 ], [ -57.0645723, -29.7908363 ], [ -57.0646124, -29.7908874 ], [ -57.0645643, -29.7909895 ], [ -57.064559, -29.7911427 ], [ -57.0645242, -29.7911334 ], [ -57.064468, -29.7910452 ], [ -57.0642621, -29.7911218 ], [ -57.0642862, -29.7912541 ], [ -57.06423, -29.7913632 ], [ -57.064238, -29.791439799999988 ], [ -57.0643611, -29.7914374 ], [ -57.0643851, -29.7915813 ], [ -57.0643878, -29.7917902 ], [ -57.0645269, -29.7918389 ], [ -57.064575, -29.7918853 ], [ -57.0646017, -29.7918343 ], [ -57.0646846, -29.7918436 ], [ -57.0647007, -29.7918993 ], [ -57.0646472, -29.7919782 ], [ -57.0646312, -29.7920803 ], [ -57.0645055, -29.7921592 ], [ -57.0645322, -29.7922451 ], [ -57.0645696, -29.7922984 ], [ -57.0645322, -29.7923913 ], [ -57.06446, -29.7923774 ], [ -57.064353, -29.7923866 ], [ -57.0643076, -29.7924331 ], [ -57.0642541, -29.7929854 ], [ -57.0643049, -29.7930713 ], [ -57.0643718, -29.7930457 ], [ -57.0644333, -29.793113 ], [ -57.0643718, -29.7932152 ], [ -57.064353, -29.7934658 ], [ -57.0642972, -29.793586500000014 ], [ -57.0643159, -29.7937741 ], [ -57.0642728, -29.7941967 ], [ -57.0642541, -29.7942525 ], [ -57.0642458, -29.7946799 ], [ -57.064261, -29.7948476 ], [ -57.0642721, -29.7951168 ], [ -57.0643367, -29.7953191 ], [ -57.0643182, -29.7955501 ], [ -57.0643289, -29.7958495 ], [ -57.0643332, -29.796088799999989 ], [ -57.0643574, -29.7962538 ], [ -57.0644002, -29.7964116 ], [ -57.0643655, -29.7968201 ], [ -57.0643013, -29.796894300000012 ], [ -57.06433340000001, -29.7969454 ], [ -57.0642826, -29.7969616 ], [ -57.0642638, -29.7970173 ], [ -57.0643093, -29.7970846 ], [ -57.0642639, -29.7971829 ], [ -57.0643055, -29.7972633 ], [ -57.0643698, -29.797291199999986 ], [ -57.064383, -29.7973536 ], [ -57.0643622, -29.7974274 ], [ -57.0643433, -29.7975472 ], [ -57.0649356, -29.7991197 ], [ -57.0652111, -29.7999422 ], [ -57.0653954, -29.7998815 ], [ -57.0658176, -29.7999951 ], [ -57.0666473, -29.8000457 ], [ -57.06752070000001, -29.7999572 ], [ -57.0690491, -29.7993383 ], [ -57.0692092, -29.7991615 ], [ -57.069544, -29.7992246 ], [ -57.0697624, -29.7990604 ], [ -57.0697624, -29.7983909 ], [ -57.0702864, -29.7979235 ], [ -57.0718294, -29.7979614 ], [ -57.0730084, -29.7981004 ], [ -57.0737071, -29.7981635 ], [ -57.0742166, -29.7986941 ], [ -57.074566, -29.7992878 ], [ -57.0749735, -29.7996415 ], [ -57.0752792, -29.799502499999988 ], [ -57.0761772, -29.8000083 ], [ -57.0774772, -29.8007404 ], [ -57.0777356, -29.80082410000001 ], [ -57.0786854, -29.801132 ], [ -57.079168, -29.801121 ], [ -57.0800101, -29.8007151 ], [ -57.0804994, -29.8003694 ], [ -57.08131920000001, -29.8002236 ], [ -57.0816247, -29.7999474 ], [ -57.082308, -29.7988819 ], [ -57.0825969, -29.7976666 ], [ -57.0828777, -29.7974562 ], [ -57.0837656, -29.7972035 ], [ -57.0847118, -29.7966098 ], [ -57.0856725, -29.796294 ], [ -57.0862693, -29.7964582 ], [ -57.0869826, -29.7964582 ], [ -57.0874445, -29.7966716 ], [ -57.0882053, -29.7968877 ], [ -57.0884681, -29.7970725 ], [ -57.0888604, -29.7971151 ], [ -57.0894522, -29.7974344 ], [ -57.0899375, -29.7975659 ], [ -57.0904616, -29.7975825 ], [ -57.0912476, -29.7978856 ], [ -57.0917922, -29.7982503 ], [ -57.0919259, -29.7981292 ], [ -57.0916942, -29.7970977 ], [ -57.0912134, -29.794967199999984 ], [ -57.0909271, -29.7937084 ], [ -57.0909086, -29.7936268 ], [ -57.0905352, -29.791985 ], [ -57.0903173, -29.7908988 ], [ -57.090259, -29.7904487 ], [ -57.090244, -29.7895083 ], [ -57.0901215, -29.7891172 ], [ -57.0900035, -29.7889106 ], [ -57.0899096, -29.788793 ], [ -57.0897554, -29.788633 ], [ -57.0896249, -29.7885217 ], [ -57.0895315, -29.7884759 ], [ -57.0894134, -29.7884172 ], [ -57.0891499, -29.7883129 ], [ -57.0886403, -29.7882128 ], [ -57.0872787, -29.7879635 ], [ -57.0851266, -29.7875593 ], [ -57.0815525, -29.7868813 ], [ -57.0807653, -29.786737 ], [ -57.079282, -29.7864198 ], [ -57.0786443, -29.786247 ], [ -57.0774481, -29.7859147 ], [ -57.0755799, -29.785293100000011 ], [ -57.0751776, -29.7851305 ], [ -57.0747142, -29.7849475 ], [ -57.074438, -29.784835100000013 ], [ -57.0739478, -29.784628499999986 ], [ -57.0727354, -29.7841269 ], [ -57.0724183, -29.7839791 ], [ -57.0719093, -29.7837509 ], [ -57.071338, -29.7835106 ], [ -57.0705032, -29.7831579 ], [ -57.0700599, -29.7829763 ], [ -57.0698849, -29.7829036 ], [ -57.068804, -29.7824345 ], [ -57.0685394, -29.782319 ], [ -57.068319, -29.7825945 ], [ -57.0682565, -29.7826289 ], [ -57.0682454, -29.7833144 ], [ -57.0702356, -29.7880865 ], [ -57.0664644, -29.7889129 ], [ -57.0647301, -29.7892698 ], [ -57.0644814, -29.7893023 ] ] ] } },
{ "type": "Feature", "properties": { "name": "Rio Branco", "code_muni": 4322400.0, "name_muni": "Uruguaiana" }, "geometry": { "type": "Polygon", "coordinates": [ [ [ -57.0902281, -29.7884619 ], [ -57.0902315, -29.7886813 ], [ -57.0902389, -29.789052 ], [ -57.090244, -29.7895083 ], [ -57.090259, -29.7904487 ], [ -57.0903173, -29.7908988 ], [ -57.0905352, -29.791985 ], [ -57.0909086, -29.7936268 ], [ -57.0909271, -29.7937084 ], [ -57.0912134, -29.794967199999984 ], [ -57.0916942, -29.7970977 ], [ -57.0919259, -29.7981292 ], [ -57.0922811, -29.798353 ], [ -57.0928251, -29.798658799999984 ], [ -57.0931836, -29.7987446 ], [ -57.0937513, -29.7990099 ], [ -57.0943772, -29.7997172 ], [ -57.0953234, -29.8004625 ], [ -57.0956291, -29.801233 ], [ -57.0957783, -29.8015148 ], [ -57.0959795, -29.8016847 ], [ -57.0964193, -29.801840599999988 ], [ -57.0970474, -29.8018626 ], [ -57.0971529, -29.7821826 ], [ -57.0971596, -29.7821508 ], [ -57.0972115, -29.7808542 ], [ -57.0972269, -29.779430099999988 ], [ -57.0972873, -29.7780437 ], [ -57.0964509, -29.7780314 ], [ -57.0956718, -29.7780201 ], [ -57.0940864, -29.7779972 ], [ -57.0924832, -29.7779904 ], [ -57.0916303, -29.7779578 ], [ -57.0909274, -29.7779514 ], [ -57.0898882, -29.7779298 ], [ -57.0893196, -29.7779281 ], [ -57.0877735, -29.7779057 ], [ -57.0879393, -29.779031 ], [ -57.0883365, -29.781544 ], [ -57.0884226, -29.7821403 ], [ -57.0885497, -29.7826254 ], [ -57.0887891, -29.783489 ], [ -57.0888669, -29.7837623 ], [ -57.0897949, -29.786558899999989 ], [ -57.0900477, -29.7873678 ], [ -57.0901037, -29.7876175 ], [ -57.0901399, -29.7877612 ], [ -57.0901631, -29.7879378 ], [ -57.0901803, -29.7880239 ], [ -57.0902158, -29.7883233 ], [ -57.0902281, -29.7884619 ] ] ] } },
{ "type": "Feature", "properties": { "name": "Cidade Nova", "code_muni": 4322400.0, "name_muni": "Uruguaiana" }, "geometry": { "type": "Polygon", "coordinates": [ [ [ -57.0658937, -29.7588397 ], [ -57.0656759, -29.7588963 ], [ -57.0652127, -29.7590167 ], [ -57.0644165, -29.7592326 ], [ -57.0636399, -29.7594392 ], [ -57.0631305, -29.7596567 ], [ -57.0629588, -29.759704 ], [ -57.0625778, -29.75978 ], [ -57.0623747, -29.7597866 ], [ -57.0619897, -29.7598066 ], [ -57.0613144, -29.760005 ], [ -57.0604954, -29.7603488 ], [ -57.0600645, -29.7605795 ], [ -57.0596946, -29.7607746 ], [ -57.0593661, -29.760943 ], [ -57.0590907, -29.761107 ], [ -57.0589234, -29.761238799999987 ], [ -57.0588028, -29.7613647 ], [ -57.0585317, -29.7616981 ], [ -57.0584739, -29.7618085 ], [ -57.0583861, -29.7619973 ], [ -57.05833470000001, -29.7621889 ], [ -57.0583009, -29.7623614 ], [ -57.0582481, -29.7636245 ], [ -57.0581883, -29.7680684 ], [ -57.0584905, -29.7683126 ], [ -57.0611654, -29.7684598 ], [ -57.0624525, -29.7685306 ], [ -57.0633048, -29.768361 ], [ -57.0634825, -29.7683257 ], [ -57.0641906, -29.7678414 ], [ -57.0650274, -29.7667797 ], [ -57.0658516, -29.7658208 ], [ -57.0671088, -29.7643582 ], [ -57.0677536, -29.763662 ], [ -57.0677097, -29.763591 ], [ -57.0675556, -29.763342 ], [ -57.0670459, -29.7624348 ], [ -57.0670354, -29.7623985 ], [ -57.0670225, -29.7623182 ], [ -57.0670207, -29.762289 ], [ -57.0670161, -29.7622163 ], [ -57.0670784, -29.7609846 ], [ -57.067103, -29.7595852 ], [ -57.0671217, -29.7585211 ], [ -57.0658937, -29.7588397 ] ] ] } },
{ "type": "Feature", "properties": { "name": "Emílio Brandi", "code_muni": 4322400.0, "name_muni": "Uruguaiana" }, "geometry": { "type": "Polygon", "coordinates": [ [ [ -57.0581844, -29.7685597 ], [ -57.0581816, -29.7689208 ], [ -57.0581211, -29.7708497 ], [ -57.0581281, -29.7713044 ], [ -57.0582074, -29.7721637 ], [ -57.0583002, -29.7727872 ], [ -57.0585451, -29.7738277 ], [ -57.0586602, -29.7741986 ], [ -57.0588067, -29.7746076 ], [ -57.0589972, -29.7750544 ], [ -57.0591877, -29.7754576 ], [ -57.0594866, -29.7760224 ], [ -57.0596722, -29.7759233 ], [ -57.0607694, -29.7752796 ], [ -57.0611548, -29.7750535 ], [ -57.0616814, -29.7746944 ], [ -57.0617095, -29.7746466 ], [ -57.0617066, -29.774608 ], [ -57.0615442, -29.7743763 ], [ -57.0614542, -29.7742478 ], [ -57.061344, -29.773985 ], [ -57.0611752, -29.7734196 ], [ -57.0610137, -29.7728556 ], [ -57.0609009, -29.7723179 ], [ -57.0608768, -29.7719014 ], [ -57.060904, -29.7715731 ], [ -57.0609504, -29.7710125 ], [ -57.0609981, -29.770437 ], [ -57.0610465, -29.7698531 ], [ -57.0610807, -29.769285899999989 ], [ -57.0611289, -29.7686928 ], [ -57.0611654, -29.7684598 ], [ -57.0584905, -29.7683126 ], [ -57.0581844, -29.7685597 ] ] ] } },
{ "type": "Feature", "properties": { "name": "Cidade Alegria", "code_muni": 4322400.0, "name_muni": "Uruguaiana" }, "geometry": { "type": "Polygon", "coordinates": [ [ [ -57.0650274, -29.7667797 ], [ -57.0641906, -29.7678414 ], [ -57.0634825, -29.7683257 ], [ -57.0633048, -29.768361 ], [ -57.0624525, -29.7685306 ], [ -57.0611654, -29.7684598 ], [ -57.0611289, -29.7686928 ], [ -57.0610807, -29.769285899999989 ], [ -57.0610465, -29.7698531 ], [ -57.0609981, -29.770437 ], [ -57.0609504, -29.7710125 ], [ -57.060904, -29.7715731 ], [ -57.0608768, -29.7719014 ], [ -57.0609009, -29.7723179 ], [ -57.0610137, -29.7728556 ], [ -57.0611752, -29.7734196 ], [ -57.061344, -29.773985 ], [ -57.0614542, -29.7742478 ], [ -57.0615442, -29.7743763 ], [ -57.0617066, -29.774608 ], [ -57.0617095, -29.7746466 ], [ -57.0616814, -29.7746944 ], [ -57.0611548, -29.7750535 ], [ -57.0607694, -29.7752796 ], [ -57.0596722, -29.7759233 ], [ -57.0594866, -29.7760224 ], [ -57.0598144, -29.7765586 ], [ -57.0601289, -29.7770076 ], [ -57.0604121, -29.7773803 ], [ -57.0606388, -29.7776425 ], [ -57.0609305, -29.777958 ], [ -57.0612473, -29.778279 ], [ -57.0615384, -29.7785479 ], [ -57.0616995, -29.7786756 ], [ -57.0622203, -29.7791481 ], [ -57.0626494, -29.7794322 ], [ -57.0627627, -29.7794963 ], [ -57.06292, -29.779574100000012 ], [ -57.0635078, -29.7798291 ], [ -57.0637283, -29.7798935 ], [ -57.063825, -29.779908599999985 ], [ -57.0639197, -29.7799166 ], [ -57.0640005, -29.7799122 ], [ -57.0641127, -29.7798914 ], [ -57.0642462, -29.7799589 ], [ -57.0644142, -29.7799281 ], [ -57.0648033, -29.7798505 ], [ -57.0655654, -29.7797086 ], [ -57.0655705, -29.779605699999987 ], [ -57.0655732, -29.7795932 ], [ -57.0655838, -29.779543300000011 ], [ -57.06588, -29.7781552 ], [ -57.0661355, -29.7770293 ], [ -57.0661628, -29.7769088 ], [ -57.0663814, -29.7761888 ], [ -57.0666822, -29.775236599999989 ], [ -57.0669993, -29.7741535 ], [ -57.0671868, -29.7734168 ], [ -57.0672107, -29.7732451 ], [ -57.0672999, -29.7726054 ], [ -57.0674132, -29.7717933 ], [ -57.0674464, -29.7716381 ], [ -57.0674739, -29.7715091 ], [ -57.0675746, -29.77127 ], [ -57.0676826, -29.7710944 ], [ -57.0678498, -29.7708191 ], [ -57.0681889, -29.7702607 ], [ -57.06843090000001, -29.7699523 ], [ -57.0688685, -29.7693948 ], [ -57.0693852, -29.7687655 ], [ -57.0701305, -29.7678192 ], [ -57.0701884, -29.7677443 ], [ -57.0702216, -29.7676166 ], [ -57.0702487, -29.7675083 ], [ -57.0702422, -29.7668814 ], [ -57.0702462, -29.7667162 ], [ -57.0702504, -29.7665457 ], [ -57.0699422, -29.7665161 ], [ -57.0693656, -29.7664621 ], [ -57.069105, -29.7664457 ], [ -57.0688672, -29.766449 ], [ -57.0685576, -29.7664949 ], [ -57.0677066, -29.766311 ], [ -57.0667376, -29.7661016 ], [ -57.0662726, -29.7659583 ], [ -57.0659676, -29.7658576 ], [ -57.0658516, -29.7658208 ], [ -57.0650274, -29.7667797 ] ] ] } },
{ "type": "Feature", "properties": { "name": "Inhanduí", "code_muni": 4322400.0, "name_muni": "Uruguaiana" }, "geometry": { "type": "MultiPolygon", "coordinates": [ [ [ [ -56.1511917, -30.0549874 ], [ -56.1523809, -30.0542514 ], [ -56.15277813558361, -30.053969085707358 ], [ -56.150267888, -30.055011696 ], [ -56.150682067547763, -30.055631141712613 ], [ -56.1511917, -30.0549874 ] ] ], [ [ [ -56.1534535, -30.053489100000011 ], [ -56.1544845, -30.0517323 ], [ -56.1546443, -30.0507739 ], [ -56.1538804, -30.0483329 ], [ -56.1538199, -30.047402 ], [ -56.1550134, -30.0424137 ], [ -56.15498010000001, -30.0409795 ], [ -56.154817, -30.0407193 ], [ -56.1541401, -30.0403854 ], [ -56.1536984, -30.039871 ], [ -56.1536864, -30.039624 ], [ -56.1543663, -30.0390188 ], [ -56.1553936, -30.0374578 ], [ -56.1558339, -30.03573140000001 ], [ -56.1560639, -30.0348302 ], [ -56.1563531, -30.0336962 ], [ -56.156653, -30.0326978 ], [ -56.1581944, -30.0312212 ], [ -56.1584066, -30.0308177 ], [ -56.1589789, -30.0297293 ], [ -56.160835, -30.0290467 ], [ -56.1610828, -30.028993499999984 ], [ -56.1614111, -30.0290851 ], [ -56.1616213, -30.0290745 ], [ -56.1619804, -30.0288985 ], [ -56.1622566, -30.0287294 ], [ -56.1625454, -30.0285526 ], [ -56.162936, -30.0283869 ], [ -56.1646686, -30.027652 ], [ -56.1650284, -30.0274994 ], [ -56.1654292, -30.0272421 ], [ -56.1659284, -30.026921600000016 ], [ -56.1661365, -30.0268556 ], [ -56.1665832, -30.0268115 ], [ -56.1668299, -30.026885 ], [ -56.1671073, -30.0269661 ], [ -56.1673985, -30.0269435 ], [ -56.167636, -30.0268652 ], [ -56.1680037, -30.0265042 ], [ -56.1686749, -30.0259364 ], [ -56.1689838, -30.0253239 ], [ -56.1690456, -30.025201299999988 ], [ -56.1697382, -30.0235057 ], [ -56.1696805, -30.02284070000001 ], [ -56.1694866, -30.0222577 ], [ -56.1694008, -30.0217181 ], [ -56.1694866, -30.0212156 ], [ -56.1695439, -30.0211465 ], [ -56.1698873, -30.0207323 ], [ -56.1704167, -30.0201747 ], [ -56.1708496, -30.0194963 ], [ -56.1712182, -30.0188923 ], [ -56.1713414, -30.0188269 ], [ -56.1718077, -30.0185792 ], [ -56.1728115, -30.0182014 ], [ -56.1749754, -30.0161369 ], [ -56.175051994161294, -30.016076048290714 ], [ -56.170244912, -30.019149465999906 ], [ -56.167361797999909, -30.026259635 ], [ -56.159552006, -30.02912577 ], [ -56.155563006, -30.032572806 ], [ -56.155404123, -30.035819088 ], [ -56.152816093, -30.039474855 ], [ -56.153968752, -30.042039576 ], [ -56.153130145363008, -30.053718911098866 ], [ -56.1534535, -30.053489100000011 ] ] ], [ [ [ -56.1768353, -30.014986 ], [ -56.1777704, -30.0147784 ], [ -56.1785982, -30.0145151 ], [ -56.1793657, -30.0139002 ], [ -56.1798235, -30.0134276 ], [ -56.1802757, -30.0129608 ], [ -56.1809283, -30.0119843 ], [ -56.181576, -30.0104839 ], [ -56.1816695, -30.0102674 ], [ -56.1821382, -30.0094056 ], [ -56.1829037, -30.008110399999989 ], [ -56.1834263, -30.0070956 ], [ -56.1838933, -30.005297099999979 ], [ -56.1841023, -30.0042718 ], [ -56.1842995, -30.0032166 ], [ -56.1848704, -30.002129 ], [ -56.1852878, -30.0017533 ], [ -56.1858069, -30.0015802 ], [ -56.186367, -30.0013935 ], [ -56.1880862, -29.9999613 ], [ -56.1886108, -29.9998299 ], [ -56.1915773, -29.9998174 ], [ -56.1932386, -29.9991882 ], [ -56.19453510000001, -29.9981873 ], [ -56.196579503247754, -29.997719137239287 ], [ -56.193493227, -29.997580823999979 ], [ -56.190436102, -29.999786922999881 ], [ -56.187783727999893, -29.9995640829999 ], [ -56.184590042, -30.001412514999984 ], [ -56.178922895, -30.013600932 ], [ -56.176551894031341, -30.015117014430903 ], [ -56.1768353, -30.014986 ] ] ], [ [ [ -56.1991673, -29.997761899999986 ], [ -56.1998568, -29.997407 ], [ -56.2018367, -29.9952062 ], [ -56.2035309, -29.9943088 ], [ -56.2051257, -29.9940427 ], [ -56.20593, -29.993979 ], [ -56.2081514, -29.993904 ], [ -56.2102445, -29.9930407 ], [ -56.2104102, -29.9929343 ], [ -56.2131305, -29.991187399999987 ], [ -56.214297, -29.9904383 ], [ -56.2148627, -29.9899729 ], [ -56.2181004, -29.987309199999988 ], [ -56.2190875, -29.9870396 ], [ -56.2217363, -29.9863162 ], [ -56.2220491, -29.9859855 ], [ -56.2224569, -29.9855544 ], [ -56.2232955, -29.983222199999986 ], [ -56.223312406810997, -29.983206438830923 ], [ -56.222635966, -29.982895003999907 ], [ -56.220433698, -29.986021566 ], [ -56.21642879599991, -29.987560674999902 ], [ -56.209781227, -29.992771811 ], [ -56.204034701999902, -29.993897896999986 ], [ -56.200129379, -29.99278728 ], [ -56.1993865479999, -29.996328291999895 ], [ -56.197560328824359, -29.997701333110776 ], [ -56.1991673, -29.997761899999986 ] ] ], [ [ [ -56.2444506, -29.9760743 ], [ -56.2445662, -29.9752546 ], [ -56.2448275, -29.973402300000011 ], [ -56.244687799305474, -29.972855637803669 ], [ -56.243960875438042, -29.97675202451261 ], [ -56.2444506, -29.9760743 ] ] ], [ [ [ -56.2452784, -29.9630974 ], [ -56.245529500000011, -29.9624565 ], [ -56.245861156707655, -29.962042760276702 ], [ -56.244747652999898, -29.962593190999897 ], [ -56.245272872215757, -29.965239791470356 ], [ -56.2452784, -29.9630974 ] ] ], [ [ [ -56.2478017, -29.960217799999988 ], [ -56.2480758, -29.9596392 ], [ -56.2480066, -29.9594695 ], [ -56.247426209673236, -29.959125479441443 ], [ -56.247626581588825, -29.960559878520993 ], [ -56.2478017, -29.960217799999988 ] ] ], [ [ [ -56.247640746176216, -29.957890554754869 ], [ -56.247286335, -29.958124122 ], [ -56.247322572460419, -29.958383547668966 ], [ -56.247640746176216, -29.957890554754869 ] ] ], [ [ [ -56.2513871, -29.955517 ], [ -56.2515701, -29.9558096 ], [ -56.2519011, -29.9556768 ], [ -56.2528651, -29.9547968 ], [ -56.2535254, -29.9541939 ], [ -56.254235162502994, -29.953544295439066 ], [ -56.251315507773548, -29.955468667930592 ], [ -56.2513871, -29.955517 ] ] ], [ [ [ -56.2610622, -29.9500708 ], [ -56.26131980000001, -29.9499412 ], [ -56.261855699283529, -29.94967167778421 ], [ -56.260529746251699, -29.950105600878114 ], [ -56.2610622, -29.9500708 ] ] ], [ [ [ -56.2634162, -29.9481633 ], [ -56.2639457, -29.9471891 ], [ -56.2640436, -29.9465833 ], [ -56.264302, -29.944985 ], [ -56.2652665, -29.942643 ], [ -56.2657919, -29.9420686 ], [ -56.266326251230019, -29.9414845062045 ], [ -56.26523549599991, -29.942425843999988 ], [ -56.262545610072436, -29.949093658533791 ], [ -56.2634162, -29.9481633 ] ] ], [ [ [ -56.2787591, -29.930879 ], [ -56.2789999, -29.9306126 ], [ -56.2791108, -29.9304899 ], [ -56.279107632821976, -29.930452157759266 ], [ -56.278390747324401, -29.931071032199448 ], [ -56.2787591, -29.930879 ] ] ], [ [ [ -56.283769, -29.9218783 ], [ -56.2839889, -29.9214692 ], [ -56.28408550000001, -29.9208461 ], [ -56.2842411, -29.9202836 ], [ -56.2842894, -29.9199303 ], [ -56.2843992, -29.9196143 ], [ -56.2845254, -29.9192514 ], [ -56.2844587, -29.918602300000011 ], [ -56.284361353286663, -29.917655561818481 ], [ -56.283432359315924, -29.922254116280165 ], [ -56.283769, -29.9218783 ] ] ], [ [ [ -56.2879631, -29.9097732 ], [ -56.2881732, -29.9095428 ], [ -56.2891911, -29.9088966 ], [ -56.2896967, -29.9085756 ], [ -56.2909268, -29.9079574 ], [ -56.2913704, -29.9074409 ], [ -56.2922843, -29.906382499999985 ], [ -56.2923285, -29.9061656 ], [ -56.2925506, -29.9050787 ], [ -56.2920356, -29.9032558 ], [ -56.291872534870514, -29.903076342651662 ], [ -56.291274567999899, -29.906835880999882 ], [ -56.28565732, -29.911240043 ], [ -56.285381892487628, -29.912603554426568 ], [ -56.2879631, -29.9097732 ] ] ], [ [ [ -56.2928725, -29.89961 ], [ -56.2933747, -29.898029199999986 ], [ -56.2936308, -29.8972232 ], [ -56.295655, -29.8950345 ], [ -56.298580200000011, -29.8918714 ], [ -56.2989664, -29.8898994 ], [ -56.298950837665288, -29.889116621796312 ], [ -56.292694927999889, -29.897905557999898 ], [ -56.292313812400508, -29.900301850259908 ], [ -56.2928725, -29.89961 ] ] ], [ [ [ -56.3028147, -29.8852618 ], [ -56.3032794, -29.8850624 ], [ -56.3056269, -29.8838218 ], [ -56.3062212, -29.8832109 ], [ -56.3066008, -29.8823024 ], [ -56.3078477, -29.8804172 ], [ -56.307999, -29.8792699 ], [ -56.30785, -29.8783087 ], [ -56.306776, -29.8752821 ], [ -56.306251607884128, -29.8738044383656 ], [ -56.307542267, -29.877568589999985 ], [ -56.306784985, -29.881236595000015 ], [ -56.302612824142649, -29.88534840242033 ], [ -56.3028147, -29.8852618 ] ] ], [ [ [ -56.3059315, -29.8705147 ], [ -56.305277475854929, -29.869119383839781 ], [ -56.305019641999891, -29.870211116999911 ], [ -56.30613241683853, -29.873456804113921 ], [ -56.3059315, -29.8705147 ] ] ], [ [ [ -56.3247296, -29.8577555 ], [ -56.3260968, -29.8574978 ], [ -56.3275499, -29.8576495 ], [ -56.3282276, -29.8575222 ], [ -56.328552702961936, -29.856928081779653 ], [ -56.328415461, -29.856997796 ], [ -56.324693877795561, -29.857744902971831 ], [ -56.3247296, -29.8577555 ] ] ], [ [ [ -56.339825756465238, -29.851301879228071 ], [ -56.339450803, -29.851391498999895 ], [ -56.3391943852804, -29.851521783744367 ], [ -56.339825756465238, -29.851301879228071 ] ] ], [ [ [ -56.3425485, -29.8507705 ], [ -56.343256238677121, -29.850481884849302 ], [ -56.340524126423723, -29.851134954660733 ], [ -56.3425485, -29.8507705 ] ] ], [ [ [ -56.3495778, -29.8491481 ], [ -56.3500283, -29.8490437 ], [ -56.3504619, -29.8488102 ], [ -56.350632298106319, -29.84871843490172 ], [ -56.348925210266636, -29.849126602143933 ], [ -56.3495778, -29.8491481 ] ] ], [ [ [ -56.3514583, -29.8482736 ], [ -56.3528719, -29.8471431 ], [ -56.3537169, -29.8470036 ], [ -56.3542883, -29.8461585 ], [ -56.3553522, -29.8454493 ], [ -56.3559172, -29.8445572 ], [ -56.3562931, -29.844407 ], [ -56.3564897, -29.8436709 ], [ -56.3570855, -29.8428064 ], [ -56.3577455, -29.842262099999985 ], [ -56.3597765, -29.8387589 ], [ -56.360004232372063, -29.838396846241661 ], [ -56.351205051594732, -29.848409985257796 ], [ -56.3514583, -29.8482736 ] ] ], [ [ [ -56.3621417, -29.8360103 ], [ -56.362601683407433, -29.835440601341411 ], [ -56.36180006441608, -29.836352971942816 ], [ -56.3621417, -29.8360103 ] ] ], [ [ [ -56.3642067, -29.833452699999985 ], [ -56.3648969, -29.832622700000012 ], [ -56.365333, -29.8315186 ], [ -56.365266868123463, -29.830889235596661 ], [ -56.363788987450896, -29.833970068373848 ], [ -56.3642067, -29.833452699999985 ] ] ], [ [ [ -56.3646278, -29.8248163 ], [ -56.3673986, -29.8214418 ], [ -56.367693578800484, -29.820913531632392 ], [ -56.364356104, -29.825122564 ], [ -56.364604511725794, -29.826185088404994 ], [ -56.3646278, -29.8248163 ] ] ], [ [ [ -56.3701524, -29.8165099 ], [ -56.3710246, -29.816421 ], [ -56.3717418, -29.8153343 ], [ -56.3721218, -29.814260399999988 ], [ -56.3714075, -29.812702399999978 ], [ -56.371350601761705, -29.811939880808957 ], [ -56.368291991120735, -29.819841837404638 ], [ -56.3701524, -29.8165099 ] ] ], [ [ [ -56.3721502, -29.8085718 ], [ -56.371863500000011, -29.8067577 ], [ -56.3717964, -29.806118099999988 ], [ -56.3719869, -29.804175099999984 ], [ -56.371330658372067, -29.803011478360634 ], [ -56.372047485778722, -29.808857290027277 ], [ -56.3721502, -29.8085718 ] ] ], [ [ [ -56.3697767, -29.7909357 ], [ -56.369324, -29.7900483 ], [ -56.369095257822316, -29.789746131706579 ], [ -56.369764200387152, -29.791145726159407 ], [ -56.3697767, -29.7909357 ] ] ], [ [ [ -56.3699699, -29.776670299999985 ], [ -56.3693202, -29.7746652 ], [ -56.3691974, -29.7742864 ], [ -56.369131215552393, -29.774272587073177 ], [ -56.369709707248433, -29.777857129384302 ], [ -56.3699699, -29.776670299999985 ] ] ], [ [ [ -56.3701844, -29.7722748 ], [ -56.3705057, -29.7721382 ], [ -56.3706364, -29.7719313 ], [ -56.3706351, -29.7717347 ], [ -56.370412091213531, -29.771527762825603 ], [ -56.369725625467467, -29.772303953283014 ], [ -56.3701844, -29.7722748 ] ] ], [ [ [ -56.368952682904819, -29.769224988757994 ], [ -56.368799618, -29.769462818 ], [ -56.368959745218909, -29.769643695233416 ], [ -56.368952682904819, -29.769224988757994 ] ] ], [ [ [ -56.3702274, -29.7673949 ], [ -56.370330662714416, -29.767083860101206 ], [ -56.369790091802656, -29.767923819331557 ], [ -56.3702274, -29.7673949 ] ] ], [ [ [ -56.3725905, -29.7602764 ], [ -56.3728726, -29.7594263 ], [ -56.3731402, -29.7578342 ], [ -56.373313742502056, -29.756607987836169 ], [ -56.371935266368126, -29.762250298876452 ], [ -56.3725905, -29.7602764 ] ] ], [ [ [ -56.3734077, -29.7559441 ], [ -56.3732874, -29.7549846 ], [ -56.3730169, -29.752828 ], [ -56.3724073, -29.7500454 ], [ -56.3723517, -29.7497915 ], [ -56.3722192, -29.7489983 ], [ -56.3717509, -29.7461959 ], [ -56.3715792, -29.7457488 ], [ -56.371551723093958, -29.745741226983228 ], [ -56.3733961683009, -29.756025581243705 ], [ -56.3734077, -29.7559441 ] ] ], [ [ [ -56.37483, -29.7420133 ], [ -56.3757366, -29.7414311 ], [ -56.3760746, -29.74010830000001 ], [ -56.376089973000418, -29.739272141320612 ], [ -56.373241233111834, -29.74231822704553 ], [ -56.37483, -29.7420133 ] ] ], [ [ [ -56.3828699, -29.7350197 ], [ -56.3834724, -29.7336302 ], [ -56.383018817399225, -29.733943163537031 ], [ -56.382741497688208, -29.735135672252458 ], [ -56.3828699, -29.7350197 ] ] ] ] } },
{ "type": "Feature", "properties": { "name": "Guassu Boi", "code_muni": 4322400.0, "name_muni": "Uruguaiana" }, "geometry": { "type": "MultiPolygon", "coordinates": [ [ [ [ -56.3834724, -29.7336302 ], [ -56.3841319, -29.7312906 ], [ -56.383925609970476, -29.730043713838032 ], [ -56.383018817399225, -29.733943163537031 ], [ -56.3834724, -29.7336302 ] ] ], [ [ [ -56.386385, -29.7278621 ], [ -56.3875766, -29.7270766 ], [ -56.388166, -29.7266881 ], [ -56.389765436440285, -29.725453505985161 ], [ -56.385581886019786, -29.72801154893077 ], [ -56.386385, -29.7278621 ] ] ], [ [ [ -56.3925219, -29.7240794 ], [ -56.3936599, -29.7232272 ], [ -56.394751, -29.72241 ], [ -56.394753981317876, -29.722402927544643 ], [ -56.391686574850624, -29.724278738936786 ], [ -56.3925219, -29.7240794 ] ] ], [ [ [ -56.3969851, -29.7171099 ], [ -56.4000535, -29.7125441 ], [ -56.4002115, -29.7117326 ], [ -56.400972834608069, -29.706350814620322 ], [ -56.395328378766187, -29.72104029271728 ], [ -56.3969851, -29.7171099 ] ] ], [ [ [ -56.4019012, -29.7035526 ], [ -56.402061, -29.7028299 ], [ -56.4017273, -29.7022002 ], [ -56.400617725324636, -29.701252823549407 ], [ -56.401443030619802, -29.704917315181042 ], [ -56.4019012, -29.7035526 ] ] ], [ [ [ -56.3991952, -29.7000382 ], [ -56.3990021, -29.6993672 ], [ -56.398943376430189, -29.698784266691575 ], [ -56.398713992, -29.699696269 ], [ -56.399986952158329, -29.700714243813067 ], [ -56.3991952, -29.7000382 ] ] ], [ [ [ -56.3991952, -29.697913399999987 ], [ -56.4005848, -29.6962961 ], [ -56.4014498, -29.6951794 ], [ -56.4016199, -29.694670099999989 ], [ -56.4013724, -29.6938444 ], [ -56.4007306, -29.6930936 ], [ -56.3995521, -29.6922169 ], [ -56.398685352558786, -29.691803624317441 ], [ -56.400288988999897, -29.693434058999983 ], [ -56.399097548330694, -29.698171293108011 ], [ -56.3991952, -29.697913399999987 ] ] ], [ [ [ -56.395247, -29.6901032 ], [ -56.394693875440076, -29.690211100914656 ], [ -56.396277252499587, -29.690630294884233 ], [ -56.395247, -29.6901032 ] ] ], [ [ [ -56.39419560000001, -29.6903083 ], [ -56.393864174963902, -29.690689080065948 ], [ -56.394662161793384, -29.69021728738721 ], [ -56.39419560000001, -29.6903083 ] ] ], [ [ [ -56.390395073855665, -29.689960768836965 ], [ -56.390304834999903, -29.690346584999904 ], [ -56.390558244521635, -29.690544796675031 ], [ -56.390395073855665, -29.689960768836965 ] ] ], [ [ [ -56.3910628, -29.6877918 ], [ -56.3912344, -29.6867106 ], [ -56.3905692, -29.6860208 ], [ -56.3889716, -29.685235499999987 ], [ -56.3875494, -29.6847204 ], [ -56.38634717285381, -29.684711494332934 ], [ -56.38821458000001, -29.685252458 ], [ -56.391002075, -29.687365484999908 ], [ -56.39075979537904, -29.688401382276634 ], [ -56.3910628, -29.6877918 ] ] ], [ [ [ -56.3780798, -29.6796531 ], [ -56.3777444, -29.6792585 ], [ -56.3776256, -29.6792053 ], [ -56.37728030000001, -29.6790505 ], [ -56.3766567277831, -29.679055780646703 ], [ -56.378754356546644, -29.680941834958375 ], [ -56.3780798, -29.6796531 ] ] ], [ [ [ -56.3692199, -29.671142100000015 ], [ -56.3686809, -29.6705957 ], [ -56.368048132860004, -29.670575696017995 ], [ -56.368547276082694, -29.67406444018004 ], [ -56.3692199, -29.671142100000015 ] ] ], [ [ [ -56.363554, -29.6667345 ], [ -56.3638544, -29.6661658 ], [ -56.3643372, -29.6637792 ], [ -56.3650561, -29.662474 ], [ -56.3684678, -29.6586329 ], [ -56.3700771, -29.6562181 ], [ -56.3704462, -29.6557862 ], [ -56.3707725, -29.6546643 ], [ -56.3708226, -29.6530552 ], [ -56.3703776, -29.651304599999985 ], [ -56.369812, -29.6495406 ], [ -56.369564145381077, -29.649010461353512 ], [ -56.370378148, -29.65151265 ], [ -56.370242640999905, -29.655338491 ], [ -56.365117127, -29.661811669999985 ], [ -56.362875861653791, -29.667272659341243 ], [ -56.363554, -29.6667345 ] ] ], [ [ [ -56.3773084, -29.629391 ], [ -56.3784027, -29.6295029 ], [ -56.3802266, -29.6289806 ], [ -56.3820291, -29.628029299999987 ], [ -56.38251, -29.6276883 ], [ -56.3828623, -29.6272354 ], [ -56.3828634, -29.6270965 ], [ -56.3828668, -29.6266757 ], [ -56.382696304880589, -29.626183164978716 ], [ -56.381520334999905, -29.628295078 ], [ -56.376889877195538, -29.629270795454968 ], [ -56.3773084, -29.629391 ] ] ], [ [ [ -56.38219620000001, -29.6247384 ], [ -56.3820304, -29.6242592 ], [ -56.3809562, -29.623273 ], [ -56.380134300936881, -29.622958612685693 ], [ -56.382370234468041, -29.625241178509619 ], [ -56.38219620000001, -29.6247384 ] ] ], [ [ [ -56.3788226, -29.6216136 ], [ -56.378340753055028, -29.620526342248677 ], [ -56.378534921, -29.621325779999896 ], [ -56.378860157836051, -29.621657826020765 ], [ -56.3788226, -29.6216136 ] ] ], [ [ [ -56.377827775150593, -29.61681682155195 ], [ -56.377467088999893, -29.616929033 ], [ -56.377561213514916, -29.617316607481538 ], [ -56.377827775150593, -29.61681682155195 ] ] ], [ [ [ -56.3818789, -29.6157182 ], [ -56.3831449, -29.6154943 ], [ -56.3836491, -29.6152378 ], [ -56.383926577699242, -29.61491927157353 ], [ -56.381552936010131, -29.615657834366804 ], [ -56.3818789, -29.6157182 ] ] ], [ [ [ -56.3840675, -29.6147575 ], [ -56.3842553, -29.6141586 ], [ -56.3840702, -29.6138191 ], [ -56.383885599842742, -29.613724090939609 ], [ -56.384002306417621, -29.614832338962881 ], [ -56.3840675, -29.6147575 ] ] ], [ [ [ -56.3841212, -29.6116048 ], [ -56.3844323, -29.6096926 ], [ -56.3837698, -29.6083611 ], [ -56.3836062, -29.6080323 ], [ -56.3832796, -29.6060156 ], [ -56.3829234, -29.604935 ], [ -56.3826192, -29.6040119 ], [ -56.3822504, -29.6033617 ], [ -56.3814497, -29.6019503 ], [ -56.3792445, -29.5989889 ], [ -56.3788338, -29.5972817 ], [ -56.3783169, -29.5965956 ], [ -56.3778768, -29.5960888 ], [ -56.3773509, -29.5958432 ], [ -56.3767498, -29.5957214 ], [ -56.376254970709454, -29.595727837706008 ], [ -56.37877738, -29.598498992 ], [ -56.383321192, -29.608363843999889 ], [ -56.383736083456306, -29.612304216236101 ], [ -56.3841212, -29.6116048 ] ] ], [ [ [ -56.3755274, -29.5957373 ], [ -56.3746357, -29.5961942 ], [ -56.3745234, -29.5966284 ], [ -56.374613600000011, -29.5979442 ], [ -56.3743515, -29.5984038 ], [ -56.3740254, -29.5984707 ], [ -56.373529538645883, -29.598449020081333 ], [ -56.374316792999892, -29.598843929999898 ], [ -56.37624969584261, -29.595727906321795 ], [ -56.3755274, -29.5957373 ] ] ], [ [ [ -56.3724375, -29.5972859 ], [ -56.3723713, -29.5959039 ], [ -56.3729847, -29.5950656 ], [ -56.3747227, -29.59431 ], [ -56.3760291, -29.5933864 ], [ -56.3767183, -29.5930225 ], [ -56.3772655, -29.5919683 ], [ -56.377532030069119, -29.590479401857106 ], [ -56.376067216, -29.592957532 ], [ -56.371867693999889, -29.595580052999885 ], [ -56.371902319999897, -29.597632733 ], [ -56.373344859295877, -29.598356378286628 ], [ -56.3724375, -29.5972859 ] ] ], [ [ [ -56.3814442, -29.591369 ], [ -56.3819343, -29.5937518 ], [ -56.3823143, -29.5940076 ], [ -56.3824637, -29.5940178 ], [ -56.3827801, -29.5940394 ], [ -56.3835311, -29.5937316 ], [ -56.383905052806035, -29.593148141963137 ], [ -56.38265025, -29.593710696 ], [ -56.381130153, -29.590664780999905 ], [ -56.381039248203557, -29.590619018857836 ], [ -56.3814442, -29.591369 ] ] ], [ [ [ -56.3838852, -29.5916418 ], [ -56.3835633, -29.5906622 ], [ -56.383288681162007, -29.590048107197877 ], [ -56.383964372745545, -29.592578501362045 ], [ -56.3838852, -29.5916418 ] ] ], [ [ [ -56.384421177191399, -29.585840156182435 ], [ -56.384372160999895, -29.58584537 ], [ -56.384324701643116, -29.585913257461112 ], [ -56.384421177191399, -29.585840156182435 ] ] ], [ [ [ -56.3898545, -29.5872182 ], [ -56.3902366, -29.5870982 ], [ -56.3909082, -29.5865597 ], [ -56.3913847, -29.585908 ], [ -56.3918352, -29.5828064 ], [ -56.391807126036674, -29.581879449744449 ], [ -56.391296743999902, -29.585470213 ], [ -56.389533172125539, -29.587135891840649 ], [ -56.3898545, -29.5872182 ] ] ], [ [ [ -56.392353419314517, -29.579333146603471 ], [ -56.392175940999891, -29.579284605999892 ], [ -56.392157123301601, -29.579417001636124 ], [ -56.392353419314517, -29.579333146603471 ] ] ], [ [ [ -56.3950968, -29.5805485 ], [ -56.3953277, -29.5805978 ], [ -56.3955117, -29.5805862 ], [ -56.3956372, -29.5804093 ], [ -56.395535253839242, -29.580203332951438 ], [ -56.394253633468757, -29.579852839569778 ], [ -56.3950968, -29.5805485 ] ] ], [ [ [ -56.3960946, -29.5797647 ], [ -56.3967168, -29.5797087 ], [ -56.3971584, -29.5790505 ], [ -56.397212942375639, -29.578660142716423 ], [ -56.396066114265096, -29.579748779829618 ], [ -56.3960946, -29.5797647 ] ] ], [ [ [ -56.3987231, -29.5773947 ], [ -56.398892, -29.5774591 ], [ -56.3990453, -29.5773826 ], [ -56.3991523, -29.5771148 ], [ -56.399200655983492, -29.576773215816914 ], [ -56.398674010920359, -29.577273166255178 ], [ -56.3987231, -29.5773947 ] ] ], [ [ [ -56.4016688, -29.5764037 ], [ -56.4019847, -29.5768349 ], [ -56.4024885, -29.576906 ], [ -56.4037939, -29.5767838 ], [ -56.4039762, -29.5766872 ], [ -56.4040017, -29.576387 ], [ -56.403909535467307, -29.576262996697622 ], [ -56.403831393, -29.576699934 ], [ -56.401614453156235, -29.576083228525594 ], [ -56.4016688, -29.5764037 ] ] ], [ [ [ -56.4051283, -29.5729158 ], [ -56.40512517956973, -29.572858326156545 ], [ -56.40441837, -29.573417773999896 ], [ -56.404356810396017, -29.573761998167779 ], [ -56.4051283, -29.5729158 ] ] ], [ [ [ -56.4062119, -29.5733637 ], [ -56.4063299, -29.5737183 ], [ -56.4076603, -29.5736997 ], [ -56.4079285, -29.5739423 ], [ -56.4085722, -29.5740449 ], [ -56.4093125, -29.5739329 ], [ -56.4098812, -29.5742409 ], [ -56.4103425, -29.5742689 ], [ -56.4105892, -29.5738676 ], [ -56.4101493, -29.572841199999989 ], [ -56.409924, -29.5722813 ], [ -56.4099777, -29.5719734 ], [ -56.4105892, -29.571628199999989 ], [ -56.410675, -29.5714152 ], [ -56.4105892, -29.5712362 ], [ -56.4104167, -29.570923 ], [ -56.4098168, -29.5702471 ], [ -56.4098388, -29.5699314 ], [ -56.4100943, -29.5695786 ], [ -56.4102728, -29.5690741 ], [ -56.4101719, -29.5683282 ], [ -56.4096259, -29.5678773 ], [ -56.40892740000001, -29.5675878 ], [ -56.4087233, -29.5673797 ], [ -56.4087439, -29.567149 ], [ -56.4084435, -29.5660479 ], [ -56.4079593, -29.5659045 ], [ -56.407556536866672, -29.565883119460352 ], [ -56.409385084, -29.569486369999893 ], [ -56.406191963139129, -29.572013937508427 ], [ -56.4062119, -29.5733637 ] ] ], [ [ [ -56.4093232, -29.5647788 ], [ -56.4095269, -29.5647004 ], [ -56.4100957, -29.5636776 ], [ -56.4106536, -29.5634909 ], [ -56.4110019, -29.5634272 ], [ -56.4113617, -29.5636029 ], [ -56.4114582, -29.5638082 ], [ -56.4112973, -29.5649094 ], [ -56.4117071, -29.5653585 ], [ -56.4125204, -29.5656186 ], [ -56.4130606, -29.5652161 ], [ -56.4132952, -29.5645003 ], [ -56.4133901, -29.5640163 ], [ -56.4138087, -29.5638032 ], [ -56.4144091, -29.5637404 ], [ -56.4147611, -29.5636328 ], [ -56.4149022, -29.56336030000001 ], [ -56.4152963, -29.5623667 ], [ -56.4152026, -29.5620724 ], [ -56.4147628, -29.5617365 ], [ -56.4143703, -29.5617544 ], [ -56.4141942, -29.5614565 ], [ -56.41440870000001, -29.5606726 ], [ -56.4139367, -29.559982 ], [ -56.4136661, -29.5594256 ], [ -56.4132239, -29.5591679 ], [ -56.4130367, -29.558883 ], [ -56.4131066, -29.5585959 ], [ -56.4132071, -29.5574249 ], [ -56.413084927977742, -29.557216720678376 ], [ -56.41273906, -29.559082493999899 ], [ -56.410458525, -29.559143709999912 ], [ -56.408170428999902, -29.561017536 ], [ -56.408126355, -29.56263967699989 ], [ -56.410833525, -29.562677166 ], [ -56.407899819774308, -29.564127121167566 ], [ -56.4093232, -29.5647788 ] ] ], [ [ [ -56.4151812, -29.5534305 ], [ -56.4154816, -29.5533931 ], [ -56.4160824, -29.5530572 ], [ -56.4159966, -29.5522172 ], [ -56.4161575, -29.5515825 ], [ -56.4164686, -29.5513025 ], [ -56.4168407, -29.5513672 ], [ -56.4169407, -29.5518065 ], [ -56.4168656, -29.5522452 ], [ -56.4169209, -29.5524794 ], [ -56.4172186, -29.5524699 ], [ -56.4180788, -29.5514359 ], [ -56.418314, -29.55115319999998 ], [ -56.4180136, -29.5502479 ], [ -56.4186144, -29.5493799 ], [ -56.4186144, -29.548913200000012 ], [ -56.418379350810447, -29.548739432731871 ], [ -56.414741250752172, -29.553162289162497 ], [ -56.4151812, -29.5534305 ] ] ], [ [ [ -56.4193118, -29.5482412 ], [ -56.4196414, -29.5480143 ], [ -56.4198482, -29.5478306 ], [ -56.4203729, -29.5468882 ], [ -56.4205654, -29.5468198 ], [ -56.4210391, -29.5469812 ], [ -56.4214471, -29.5468555 ], [ -56.4217901, -29.5466732 ], [ -56.4228523, -29.5458705 ], [ -56.4242249, -29.5441164 ], [ -56.424247, -29.543789099999987 ], [ -56.4238273, -29.5436135 ], [ -56.4231205, -29.5435464 ], [ -56.422774344968772, -29.543395842288703 ], [ -56.418914864457214, -29.548088369770522 ], [ -56.4193118, -29.5482412 ] ] ], [ [ [ -56.42263770000001, -29.5408209 ], [ -56.4226914, -29.5405129 ], [ -56.422437025966033, -29.540371456957967 ], [ -56.422552862005432, -29.54090587214171 ], [ -56.42263770000001, -29.5408209 ] ] ], [ [ [ -56.426071, -29.5397381 ], [ -56.426435, -29.539907899999989 ], [ -56.4268943, -29.5397756 ], [ -56.427226710119328, -29.539462156244817 ], [ -56.426059048264982, -29.539547541771789 ], [ -56.426071, -29.5397381 ] ] ], [ [ [ -56.4301693, -29.5393553 ], [ -56.4297617, -29.5399901 ], [ -56.4300005, -29.5406491 ], [ -56.430777, -29.540792899999989 ], [ -56.431674579784406, -29.54066688405663 ], [ -56.430331619936084, -29.539366615735446 ], [ -56.4301693, -29.5393553 ] ] ], [ [ [ -56.4341428, -29.5427319 ], [ -56.4344609, -29.542669 ], [ -56.4348343, -29.5424487 ], [ -56.434921, -29.5422833 ], [ -56.4349741, -29.542182 ], [ -56.435199852282274, -29.541100700363465 ], [ -56.433977711403749, -29.542573139247722 ], [ -56.4341428, -29.5427319 ] ] ], [ [ [ -56.4385164, -29.5389913 ], [ -56.4386881, -29.5395047 ], [ -56.4390314, -29.5397194 ], [ -56.4396176, -29.5398587 ], [ -56.4397458, -29.5398892 ], [ -56.4400348, -29.5396709 ], [ -56.440081721227656, -29.539612929354249 ], [ -56.438548127697786, -29.538573940711267 ], [ -56.4385164, -29.5389913 ] ] ], [ [ [ -56.4464021, -29.5380766 ], [ -56.4467318, -29.538666 ], [ -56.446992289107101, -29.53868187798393 ], [ -56.44661976726254, -29.537548317122688 ], [ -56.4464021, -29.5380766 ] ] ], [ [ [ -56.447475, -29.5387113 ], [ -56.4481831, -29.5383379 ], [ -56.44827945388181, -29.538157924030372 ], [ -56.447328910293457, -29.538702395784174 ], [ -56.447475, -29.5387113 ] ] ], [ [ [ -56.4530325, -29.5322984 ], [ -56.4525175, -29.531934399999987 ], [ -56.452252786040525, -29.53192310399271 ], [ -56.452457649673967, -29.532825410082467 ], [ -56.4530325, -29.5322984 ] ] ], [ [ [ -56.4543522, -29.5310569 ], [ -56.4557254, -29.5314583 ], [ -56.4569485, -29.5310662 ], [ -56.4585257, -29.5301047 ], [ -56.458677288102479, -29.529917310318062 ], [ -56.45702934, -29.530905377 ], [ -56.454021609470892, -29.530633592439468 ], [ -56.4543522, -29.5310569 ] ] ], [ [ [ -56.4601457, -29.5307768 ], [ -56.4599142, -29.531748 ], [ -56.460194, -29.531999700000011 ], [ -56.460417665392747, -29.532057905755124 ], [ -56.460679576696002, -29.530488362588219 ], [ -56.4601457, -29.5307768 ] ] ], [ [ [ -56.4652491, -29.533278400000011 ], [ -56.4657247, -29.5331526 ], [ -56.46617, -29.5328492 ], [ -56.4669102, -29.5321211 ], [ -56.467080312488918, -29.531814999955138 ], [ -56.465149080867768, -29.533278019626739 ], [ -56.4652491, -29.533278400000011 ] ] ], [ [ [ -56.4673823, -29.5312716 ], [ -56.4686696, -29.5302542 ], [ -56.4688683, -29.52989 ], [ -56.4687073, -29.529666 ], [ -56.468246, -29.529418599999989 ], [ -56.4673662, -29.5292645 ], [ -56.466900400978332, -29.529171879063171 ], [ -56.467929088999909, -29.529780194 ], [ -56.467204990953917, -29.531590652691179 ], [ -56.4673823, -29.5312716 ] ] ], [ [ [ -56.4667386, -29.5275562 ], [ -56.4672589, -29.5273835 ], [ -56.4677256, -29.5270567 ], [ -56.4678544, -29.5265946 ], [ -56.4674896, -29.5260905 ], [ -56.467, -29.526 ], [ -56.466206050001901, -29.525970983049824 ], [ -56.467380689, -29.526700137 ], [ -56.466372256907242, -29.527512741501102 ], [ -56.4667386, -29.5275562 ] ] ], [ [ [ -56.463633, -29.5242987 ], [ -56.4638901, -29.5236446 ], [ -56.463933, -29.5231031 ], [ -56.463869340559697, -29.522820637953153 ], [ -56.46347646, -29.52427650999989 ], [ -56.463610131639726, -29.524359493440134 ], [ -56.463633, -29.5242987 ] ] ], [ [ [ -56.4657784, -29.5230191 ], [ -56.466278670867617, -29.523471806201197 ], [ -56.465564930270411, -29.522397288028419 ], [ -56.4657784, -29.5230191 ] ] ], [ [ [ -56.4670122, -29.523485900000011 ], [ -56.467495, -29.523131100000015 ], [ -56.467495, -29.5224776 ], [ -56.467, -29.522 ], [ -56.4668512, -29.5209652 ], [ -56.4666913, -29.520691 ], [ -56.4664328, -29.5204704 ], [ -56.4659191, -29.5202407 ], [ -56.465781, -29.519971 ], [ -56.4659182, -29.5197024 ], [ -56.4662525, -29.5194391 ], [ -56.4667995, -29.5194943 ], [ -56.467377, -29.5198916 ], [ -56.4675947, -29.5198318 ], [ -56.4677632, -29.5196862 ], [ -56.4678181, -29.5193235 ], [ -56.4679241, -29.519126 ], [ -56.4681892, -29.5190325 ], [ -56.4683626, -29.519063100000011 ], [ -56.4685035, -29.519014 ], [ -56.4686056, -29.5188354 ], [ -56.4686215, -29.5186032 ], [ -56.4683748, -29.517959 ], [ -56.4683272, -29.5175038 ], [ -56.4682996, -29.5172401 ], [ -56.4684786, -29.5165907 ], [ -56.4684572, -29.515747900000012 ], [ -56.4684606, -29.5151394 ], [ -56.46860550000001, -29.5148421 ], [ -56.4689756, -29.5145232 ], [ -56.4691831, -29.5143194 ], [ -56.4691687, -29.514019 ], [ -56.4685767, -29.5132909 ], [ -56.4680739, -29.512941 ], [ -56.4672482, -29.5119182 ], [ -56.4672804, -29.5111153 ], [ -56.467334, -29.5105364 ], [ -56.4669907, -29.5102656 ], [ -56.4664972, -29.5102376 ], [ -56.4659393, -29.5099948 ], [ -56.46557450000001, -29.5095373 ], [ -56.4649201, -29.5093319 ], [ -56.464783375931766, -29.509341704956789 ], [ -56.468521385, -29.513851845 ], [ -56.467897384, -29.518107872999984 ], [ -56.464914883999896, -29.519432807999983 ], [ -56.467145605, -29.5225844879999 ], [ -56.466786842810926, -29.523491910788607 ], [ -56.4670122, -29.523485900000011 ] ] ], [ [ [ -56.4670551, -29.5077166 ], [ -56.4675915, -29.5077726 ], [ -56.4680958, -29.5075298 ], [ -56.4683426, -29.5071844 ], [ -56.468246, -29.506885600000015 ], [ -56.467688915358032, -29.50661229728459 ], [ -56.467511790999893, -29.507236525999886 ], [ -56.466531493460728, -29.507627220184581 ], [ -56.4670551, -29.5077166 ] ] ], [ [ [ -56.4680421, -29.5061106 ], [ -56.4689112, -29.5057931 ], [ -56.4696193, -29.5053823 ], [ -56.4698017, -29.5049994 ], [ -56.4693189, -29.5044112 ], [ -56.468, -29.5042054 ], [ -56.467216, -29.5040937 ], [ -56.4665187, -29.5037295 ], [ -56.4660144, -29.5031506 ], [ -56.465317, -29.5031226 ], [ -56.4646733, -29.5027771 ], [ -56.4639545, -29.5029172 ], [ -56.463304347648752, -29.503294307709886 ], [ -56.464884391999895, -29.503067812 ], [ -56.468249229, -29.504637580999887 ], [ -56.467714366508012, -29.506522600871278 ], [ -56.4680421, -29.5061106 ] ] ], [ [ [ -56.4622378, -29.5030852 ], [ -56.4614761, -29.502637 ], [ -56.4608216, -29.5024783 ], [ -56.4603067, -29.5020301 ], [ -56.46, -29.501 ], [ -56.459875727041442, -29.500557972854768 ], [ -56.459697756, -29.500720977 ], [ -56.46019963, -29.501938061 ], [ -56.46167709, -29.503527550999909 ], [ -56.462386887177196, -29.503425814621696 ], [ -56.4622378, -29.5030852 ] ] ], [ [ [ -56.4610684, -29.499733 ], [ -56.4615405, -29.4999571 ], [ -56.461916, -29.499733 ], [ -56.4623344, -29.4992848 ], [ -56.4625275, -29.4988459 ], [ -56.4622808, -29.4981735 ], [ -56.4620018, -29.4978 ], [ -56.4614976, -29.4976693 ], [ -56.4607358, -29.4976973 ], [ -56.460483849638827, -29.497689416113822 ], [ -56.461790742999895, -29.498803961 ], [ -56.46078248123434, -29.499727463579571 ], [ -56.4610684, -29.499733 ] ] ], [ [ [ -56.460371, -29.4973144 ], [ -56.460427136259149, -29.497053942004197 ], [ -56.460183521, -29.497433284 ], [ -56.460427353725706, -29.497641234336033 ], [ -56.460371, -29.4973144 ] ] ], [ [ [ -56.4608753, -29.4965113 ], [ -56.46130440000001, -29.4962872 ], [ -56.4620447, -29.4962966 ], [ -56.4624953, -29.4960538 ], [ -56.4626992, -29.4955869 ], [ -56.4624953, -29.49526 ], [ -56.4627636, -29.4944476 ], [ -56.4626008, -29.4937479 ], [ -56.4621949, -29.4934577 ], [ -56.4615083, -29.4934764 ], [ -56.461320280357292, -29.493490420507971 ], [ -56.462261043, -29.49419821 ], [ -56.460649254320352, -29.496708071603379 ], [ -56.4608753, -29.4965113 ] ] ], [ [ [ -56.458534189232232, -29.491181101634147 ], [ -56.458354035, -29.49125862599988 ], [ -56.45904316408793, -29.491777140814492 ], [ -56.458534189232232, -29.491181101634147 ] ] ], [ [ [ -56.4601135, -29.4907215 ], [ -56.4606822, -29.4905347 ], [ -56.4611542, -29.4898156 ], [ -56.4609397, -29.4893113 ], [ -56.4603067, -29.4887603 ], [ -56.4603174, -29.4880692 ], [ -56.46032146963266, -29.488065727596041 ], [ -56.460081734, -29.488018322999885 ], [ -56.460576327999902, -29.490302299999886 ], [ -56.459843801953021, -29.490617535894344 ], [ -56.4601135, -29.4907215 ] ] ], [ [ [ -56.461755, -29.4884521 ], [ -56.4624846, -29.4887697 ], [ -56.4632678, -29.4886389 ], [ -56.4635472, -29.488028 ], [ -56.4634931, -29.4875369 ], [ -56.463142143104953, -29.487262694209694 ], [ -56.463180431999902, -29.488631011999907 ], [ -56.461700298605187, -29.488338363444225 ], [ -56.461755, -29.4884521 ] ] ], [ [ [ -56.463514600000011, -29.4845017 ], [ -56.4638686, -29.4840534 ], [ -56.4638257, -29.4836518 ], [ -56.463514600000011, -29.4832875 ], [ -56.4631373, -29.4830834 ], [ -56.463177636335722, -29.482945553713339 ], [ -56.463020061999899, -29.482898932 ], [ -56.463080120922513, -29.485045913260635 ], [ -56.463514600000011, -29.4845017 ] ] ], [ [ [ -56.467216, -29.4837172 ], [ -56.4678809, -29.4835008 ], [ -56.4684498, -29.4833156 ], [ -56.468610948845814, -29.483200449577254 ], [ -56.466823868323694, -29.483646923900967 ], [ -56.467216, -29.4837172 ] ] ], [ [ [ -56.4697909, -29.4846885 ], [ -56.4699841, -29.485062 ], [ -56.470062726681633, -29.4851196443947 ], [ -56.469864751074134, -29.484311869369346 ], [ -56.4697909, -29.4846885 ] ] ], [ [ [ -56.4703918, -29.4853609 ], [ -56.4709067, -29.485529 ], [ -56.4713466, -29.4853422 ], [ -56.471437684839429, -29.485175734649172 ], [ -56.470370681015709, -29.48534541696981 ], [ -56.4703918, -29.4853609 ] ] ], [ [ [ -56.4740943, -29.4842802 ], [ -56.4741147, -29.483885300000011 ], [ -56.4738143, -29.4833623 ], [ -56.4732027, -29.4826431 ], [ -56.472349198172253, -29.481872591330536 ], [ -56.473923550690756, -29.484534782432629 ], [ -56.4740943, -29.4842802 ] ] ], [ [ [ -56.471293, -29.4798786 ], [ -56.47169, -29.4783655 ], [ -56.4717007, -29.4775716 ], [ -56.4714861, -29.477086 ], [ -56.4712286, -29.4769365 ], [ -56.4703381, -29.476964499999987 ], [ -56.4694905, -29.4765256 ], [ -56.4690936, -29.4758437 ], [ -56.468724348846386, -29.474802996653104 ], [ -56.468549931, -29.475447363999894 ], [ -56.471357848800835, -29.480196149336919 ], [ -56.471293, -29.4798786 ] ] ], [ [ [ -56.4690185, -29.4740504 ], [ -56.4698875, -29.4738263 ], [ -56.4702201, -29.4732191 ], [ -56.4701021, -29.472556 ], [ -56.469611160349572, -29.471526680660261 ], [ -56.468893541140872, -29.474177929000128 ], [ -56.4690185, -29.4740504 ] ] ], [ [ [ -56.4723873, -29.4724626 ], [ -56.4729881, -29.4724252 ], [ -56.4731813, -29.4720422 ], [ -56.4730954, -29.4717153 ], [ -56.4729881, -29.4711642 ], [ -56.4730632, -29.4703329 ], [ -56.47302484847895, -29.469976345705977 ], [ -56.4727070819999, -29.470185251 ], [ -56.472348134102774, -29.47243889486062 ], [ -56.4723873, -29.4724626 ] ] ], [ [ [ -56.4777169, -29.4693882 ], [ -56.478492, -29.469567 ], [ -56.478496784625797, -29.469565243598126 ], [ -56.477661757464382, -29.469274894978437 ], [ -56.4777169, -29.4693882 ] ] ], [ [ [ -56.4820969, -29.4702302 ], [ -56.4824081, -29.4696043 ], [ -56.4822793, -29.468847700000012 ], [ -56.481568402278292, -29.468426921864236 ], [ -56.481801246768974, -29.470487554353738 ], [ -56.4820969, -29.4702302 ] ] ], [ [ [ -56.4814103, -29.4668955 ], [ -56.481417379652527, -29.466884749154801 ], [ -56.481395371, -29.46689552999991 ], [ -56.481401253506689, -29.466947593735689 ], [ -56.4814103, -29.4668955 ] ] ], [ [ [ -56.4877081, -29.470734599999986 ], [ -56.4881802, -29.4705851 ], [ -56.488186626622486, -29.470502225303598 ], [ -56.487462405790389, -29.47046368761611 ], [ -56.4877081, -29.470734599999986 ] ] ], [ [ [ -56.4922249, -29.4706972 ], [ -56.4928365, -29.4706785 ], [ -56.4933193, -29.4704637 ], [ -56.4936304, -29.4700247 ], [ -56.493652856086179, -29.469667757766523 ], [ -56.492219684056295, -29.470689630528149 ], [ -56.4922249, -29.4706972 ] ] ], [ [ [ -56.4951003, -29.4690719 ], [ -56.4953899, -29.4690999 ], [ -56.4956582, -29.4688477 ], [ -56.4959993, -29.4683017 ], [ -56.4963341, -29.4680911 ], [ -56.4973533, -29.4676708 ], [ -56.4975295, -29.4675272 ], [ -56.497407, -29.4673158 ], [ -56.497139760005055, -29.467181405460067 ], [ -56.494885806124614, -29.468788619701765 ], [ -56.4951003, -29.4690719 ] ] ], [ [ [ -56.5000141, -29.4681472 ], [ -56.5004721, -29.4688879 ], [ -56.500721326277102, -29.468984361472693 ], [ -56.499953072730918, -29.467695753506685 ], [ -56.5000141, -29.4681472 ] ] ], [ [ [ -56.5014302, -29.4696137 ], [ -56.5019882, -29.4695202 ], [ -56.50204898856002, -29.469399270619252 ], [ -56.501062511127834, -29.469200993433141 ], [ -56.5014302, -29.4696137 ] ] ], [ [ [ -56.5044236, -29.469156 ], [ -56.5046704, -29.468801 ], [ -56.504762343653134, -29.468566141159744 ], [ -56.504566342, -29.468497880999987 ], [ -56.504399946333308, -29.469154527576652 ], [ -56.5044236, -29.469156 ] ] ], [ [ [ -56.5076423, -29.469623 ], [ -56.5082002, -29.4698379 ], [ -56.508446542375246, -29.46984913695918 ], [ -56.507605176755511, -29.469556149957377 ], [ -56.5076423, -29.469623 ] ] ], [ [ [ -56.5098417, -29.4703423 ], [ -56.5096057, -29.4706879 ], [ -56.5093482, -29.4710428 ], [ -56.5094233, -29.4713977 ], [ -56.5098631, -29.4716313 ], [ -56.5101957, -29.4715472 ], [ -56.5106034, -29.4712296 ], [ -56.5109038, -29.4707719 ], [ -56.510999612068062, -29.470738141660611 ], [ -56.509842145180713, -29.470335108450541 ], [ -56.5098417, -29.4703423 ] ] ], [ [ [ -56.5117514, -29.4730697 ], [ -56.5114296, -29.4732845 ], [ -56.511333, -29.4735741 ], [ -56.5116012, -29.4738823 ], [ -56.5121131, -29.4740184 ], [ -56.5123522, -29.4743213 ], [ -56.5122342, -29.4745922 ], [ -56.5116119, -29.4747042 ], [ -56.5110326, -29.475302 ], [ -56.5108931, -29.4758998 ], [ -56.5111721, -29.4761893 ], [ -56.5113983, -29.4768992 ], [ -56.511871235917177, -29.476993787551994 ], [ -56.512401796999896, -29.474155571 ], [ -56.511901504263264, -29.47280840069525 ], [ -56.5117514, -29.4730697 ] ] ], [ [ [ -56.5143156, -29.4784589 ], [ -56.514559, -29.4784679 ], [ -56.5149847, -29.4784837 ], [ -56.5154529, -29.4780106 ], [ -56.515764, -29.4769926 ], [ -56.5156626, -29.4768056 ], [ -56.5152383, -29.476731 ], [ -56.5146911, -29.4767217 ], [ -56.514568070518969, -29.476704341480342 ], [ -56.514005267345041, -29.478134737626398 ], [ -56.5143156, -29.4784589 ] ] ], [ [ [ -56.5166867, -29.4773568 ], [ -56.516619, -29.4779957 ], [ -56.5171802, -29.4782721 ], [ -56.5176533, -29.4781559 ], [ -56.517899, -29.4775249 ], [ -56.5179527, -29.4767591 ], [ -56.51803850000001, -29.4755822 ], [ -56.5184355, -29.4749377 ], [ -56.5188003, -29.474003700000011 ], [ -56.518855471718055, -29.473925938439766 ], [ -56.517840071, -29.475048349 ], [ -56.517637304999909, -29.477942191 ], [ -56.516754691346939, -29.477278919648008 ], [ -56.5166867, -29.4773568 ] ] ], [ [ [ -56.5201414, -29.472556 ], [ -56.5207422, -29.4720516 ], [ -56.5208066, -29.4715939 ], [ -56.5204203, -29.471323 ], [ -56.519935394662582, -29.471210455902636 ], [ -56.520417854, -29.472198845 ], [ -56.519874163946596, -29.472799860328831 ], [ -56.5201414, -29.472556 ] ] ], [ [ [ -56.5208709, -29.4708747 ], [ -56.521006128366679, -29.470773756171386 ], [ -56.520725016569578, -29.470857059653188 ], [ -56.5208709, -29.4708747 ] ] ], [ [ [ -56.5215147, -29.4700994 ], [ -56.52148, -29.4699533 ], [ -56.5214503, -29.469828499999988 ], [ -56.5209782, -29.4695296 ], [ -56.520654355857211, -29.469563059161441 ], [ -56.521298141536995, -29.470498939816395 ], [ -56.5215147, -29.4700994 ] ] ], [ [ [ -56.5211383, -29.4685675 ], [ -56.5216649, -29.468362 ], [ -56.522845, -29.4671664 ], [ -56.5230487, -29.4668119 ], [ -56.5230382, -29.4664938 ], [ -56.5225204, -29.4659572 ], [ -56.522473414885013, -29.465703892554671 ], [ -56.522115676999896, -29.467800581999889 ], [ -56.520872150069764, -29.468573775909068 ], [ -56.5211383, -29.4685675 ] ] ], [ [ [ -56.5228021, -29.4644388 ], [ -56.5229738, -29.4638129 ], [ -56.522850848836569, -29.463491717358874 ], [ -56.522527165069718, -29.465388860761184 ], [ -56.5228021, -29.4644388 ] ] ], [ [ [ -56.5248728, -29.463728899999989 ], [ -56.5256238, -29.4637475 ], [ -56.525728341861516, -29.463638817978662 ], [ -56.524589178615862, -29.463470090356989 ], [ -56.5248728, -29.463728899999989 ] ] ], [ [ [ -56.5291321, -29.4625892 ], [ -56.5297866, -29.4623557 ], [ -56.5303874, -29.462066099999987 ], [ -56.5309871, -29.4615418 ], [ -56.5311384, -29.46045 ], [ -56.531136223951933, -29.460305630271886 ], [ -56.530716073999891, -29.461664466999903 ], [ -56.528708389846706, -29.462513096867031 ], [ -56.5291321, -29.4625892 ] ] ], [ [ [ -56.5341854, -29.4571244 ], [ -56.5350652, -29.4558165 ], [ -56.535081467106437, -29.455476706837437 ], [ -56.533088251661489, -29.457521565437229 ], [ -56.5341854, -29.4571244 ] ] ], [ [ [ -56.5367818, -29.454602 ], [ -56.5380049, -29.4546394 ], [ -56.5398503, -29.4538547 ], [ -56.540519167684415, -29.453721491983234 ], [ -56.540566466, -29.453595977 ], [ -56.53625894, -29.454268678999902 ], [ -56.536190207779157, -29.454339195758344 ], [ -56.5367818, -29.454602 ] ] ], [ [ [ -56.5395029, -29.4565762 ], [ -56.5396464, -29.4569376 ], [ -56.5400863, -29.4571991 ], [ -56.5410377, -29.4573293 ], [ -56.54157645695615, -29.456950787349697 ], [ -56.539614922180512, -29.45634201844538 ], [ -56.5395029, -29.4565762 ] ] ], [ [ [ -56.5430238, -29.4551991 ], [ -56.5432298, -29.4540976 ], [ -56.543225089160842, -29.454065199623873 ], [ -56.542067460181457, -29.456436635056502 ], [ -56.5430238, -29.4551991 ] ] ], [ [ [ -56.5460301, -29.4504915 ], [ -56.5464485, -29.450640899999986 ], [ -56.5468293, -29.4505802 ], [ -56.5471351, -29.4504167 ], [ -56.547157439273356, -29.450384405218568 ], [ -56.545931137097831, -29.450319167845333 ], [ -56.5460301, -29.4504915 ] ] ], [ [ [ -56.5528697, -29.4507063 ], [ -56.5533335, -29.4507769 ], [ -56.5537977, -29.4508558 ], [ -56.5544093, -29.450678300000011 ], [ -56.555153, -29.4502109 ], [ -56.5562964, -29.4494557 ], [ -56.5572739, -29.4487397 ], [ -56.557284169233426, -29.448727704923865 ], [ -56.553679906, -29.450731195999897 ], [ -56.552839331016081, -29.450686522122734 ], [ -56.5528697, -29.4507063 ] ] ], [ [ [ -56.5594295, -29.4499426 ], [ -56.5592212, -29.4502859 ], [ -56.5590998, -29.4506869 ], [ -56.5593338, -29.4510613 ], [ -56.5598019, -29.4513682 ], [ -56.5606854, -29.4517473 ], [ -56.5613219, -29.4523164 ], [ -56.562347, -29.4530225 ], [ -56.5634157, -29.4538789 ], [ -56.5639706, -29.454337 ], [ -56.5643283, -29.4544005 ], [ -56.56456, -29.4543174 ], [ -56.565073, -29.4541335 ], [ -56.565118165468988, -29.454108198388273 ], [ -56.564708144999898, -29.454143299999899 ], [ -56.562181158, -29.452837565 ], [ -56.560088287391707, -29.449306638659991 ], [ -56.5594295, -29.4499426 ] ] ], [ [ [ -56.571867, -29.4518909 ], [ -56.5718119, -29.4522315 ], [ -56.5723082, -29.4524378 ], [ -56.573089, -29.4523019 ], [ -56.573321618949706, -29.452154154178089 ], [ -56.57256423, -29.452196534999899 ], [ -56.572118410525782, -29.451641324516061 ], [ -56.571867, -29.4518909 ] ] ], [ [ [ -56.5755042, -29.4511752 ], [ -56.5759011, -29.4505402 ], [ -56.5757345, -29.449164199999984 ], [ -56.5755705, -29.4463268 ], [ -56.5757873, -29.4445735 ], [ -56.575824, -29.443876800000016 ], [ -56.575566865540338, -29.443229060166523 ], [ -56.574834538605771, -29.451448091222222 ], [ -56.5755042, -29.4511752 ] ] ], [ [ [ -56.5757918, -29.4411486 ], [ -56.576120874595446, -29.441022400333392 ], [ -56.575774931, -29.440893896 ], [ -56.575748343437681, -29.441192294267012 ], [ -56.5757918, -29.4411486 ] ] ], [ [ [ -56.5802063, -29.4431531 ], [ -56.5809005, -29.4435471 ], [ -56.5818429, -29.4436245 ], [ -56.582996002788981, -29.443575968180568 ], [ -56.579363523357387, -29.442226852588011 ], [ -56.5802063, -29.4431531 ] ] ], [ [ [ -56.5856632, -29.4452913 ], [ -56.5877694, -29.4477683 ], [ -56.5886986, -29.4484921 ], [ -56.5892355, -29.4486629 ], [ -56.5898086, -29.448528 ], [ -56.5901802, -29.4481324 ], [ -56.590046, -29.4473997 ], [ -56.5898466, -29.4464087 ], [ -56.5898782, -29.4458452 ], [ -56.5902129, -29.4454292 ], [ -56.5909322, -29.4451834 ], [ -56.5916652, -29.4453362 ], [ -56.591898559033652, -29.445498817170776 ], [ -56.591863542999896, -29.444736949999903 ], [ -56.590062277999891, -29.444893705 ], [ -56.589160049, -29.448582944999899 ], [ -56.585637006, -29.444556755999905 ], [ -56.584908421507386, -29.444286189573969 ], [ -56.5856632, -29.4452913 ] ] ], [ [ [ -56.5925254, -29.449575 ], [ -56.5931148, -29.4496591 ], [ -56.5936017, -29.449351700000015 ], [ -56.5938541, -29.4489955 ], [ -56.593963223994635, -29.448691384698474 ], [ -56.593618357, -29.449197748999904 ], [ -56.592191639868545, -29.449203929031796 ], [ -56.5925254, -29.449575 ] ] ], [ [ [ -56.597669202477917, -29.449783188073564 ], [ -56.597666676999907, -29.4497031769999 ], [ -56.597617808093425, -29.449659959676715 ], [ -56.597669202477917, -29.449783188073564 ] ] ], [ [ [ -56.5973775, -29.455559 ], [ -56.5973461, -29.4561995 ], [ -56.59757, -29.4568534 ], [ -56.5981821, -29.4574741 ], [ -56.6000659, -29.458095 ], [ -56.6028256, -29.4586417 ], [ -56.6050158, -29.4588959 ], [ -56.6074783, -29.458644299999989 ], [ -56.6078777, -29.4586035 ], [ -56.6085931, -29.4580823 ], [ -56.6090458, -29.4570652 ], [ -56.609221, -29.4552471 ], [ -56.6090604, -29.4535688 ], [ -56.6085106, -29.4531374 ], [ -56.6077569, -29.4529809 ], [ -56.6068022, -29.4530331 ], [ -56.606607655431354, -29.453121655327013 ], [ -56.609041347999899, -29.453944271 ], [ -56.608010523, -29.45830518 ], [ -56.600201606, -29.457932152999899 ], [ -56.597864718, -29.455975993 ], [ -56.597826644713692, -29.454770272194562 ], [ -56.5973775, -29.455559 ] ] ], [ [ [ -56.60485964909558, -29.452420675114073 ], [ -56.604585721, -29.452438171999979 ], [ -56.604768588428108, -29.452499989213919 ], [ -56.60485964909558, -29.452420675114073 ] ] ], [ [ [ -56.609993519226961, -29.452443722434158 ], [ -56.60965128999991, -29.452114521999885 ], [ -56.60868751813549, -29.452176114389022 ], [ -56.609993519226961, -29.452443722434158 ] ] ], [ [ [ -56.6118054, -29.4555141 ], [ -56.6124479, -29.4555904 ], [ -56.612934490543445, -29.455272591389711 ], [ -56.611723485333222, -29.454107776673954 ], [ -56.6118054, -29.4555141 ] ] ], [ [ [ -56.6134408, -29.4549419 ], [ -56.61402480000001, -29.4535434 ], [ -56.6144337, -29.4512039 ], [ -56.614275682886358, -29.450378250625636 ], [ -56.6130698348165, -29.455184192885021 ], [ -56.6134408, -29.4549419 ] ] ], [ [ [ -56.6136598, -29.4464613 ], [ -56.6130174, -29.446207 ], [ -56.6115426, -29.4466775 ], [ -56.6110316, -29.4473641 ], [ -56.61095645177236, -29.447432774447709 ], [ -56.612708867, -29.446421756999886 ], [ -56.613846555326518, -29.447735073396007 ], [ -56.6136598, -29.4464613 ] ] ], [ [ [ -56.608201408927819, -29.448696586389048 ], [ -56.608524968, -29.448835499 ], [ -56.608969042210028, -29.448579318077599 ], [ -56.608201408927819, -29.448696586389048 ] ] ], [ [ [ -56.607046521496272, -29.448088780366518 ], [ -56.607070719, -29.448211140999891 ], [ -56.608091368203695, -29.448649342662652 ], [ -56.607046521496272, -29.448088780366518 ] ] ], [ [ [ -56.6071038, -29.4458637 ], [ -56.610288490438499, -29.443721291857305 ], [ -56.608509582, -29.444124477999885 ], [ -56.60663377, -29.446001533999905 ], [ -56.606755165201896, -29.446615431481625 ], [ -56.6071038, -29.4458637 ] ] ], [ [ [ -56.6167699, -29.4452152 ], [ -56.6183803, -29.4461495 ], [ -56.619164996759523, -29.446128065916056 ], [ -56.616237947666818, -29.443800250488255 ], [ -56.6167699, -29.4452152 ] ] ], [ [ [ -56.624933, -29.4437704 ], [ -56.6257601, -29.4430681 ], [ -56.6267557, -29.442289099999986 ], [ -56.6272942, -29.4414646 ], [ -56.6273435, -29.440191 ], [ -56.6273506, -29.4401044 ], [ -56.62735021711444, -29.440100730933278 ], [ -56.627221909, -29.441165413000014 ], [ -56.62411339463447, -29.444294952364793 ], [ -56.624933, -29.4437704 ] ] ], [ [ [ -56.6269969, -29.4367148 ], [ -56.626819293903402, -29.436405439797447 ], [ -56.627012377326473, -29.436863132034627 ], [ -56.6269969, -29.4367148 ] ] ], [ [ [ -56.6276003, -29.4291476 ], [ -56.6276428, -29.4289623 ], [ -56.6278912, -29.4284668 ], [ -56.6277612, -29.4279564 ], [ -56.6272473, -29.4276136 ], [ -56.6266905, -29.4276819 ], [ -56.62655720554465, -29.427719930773236 ], [ -56.62736359, -29.427816810999985 ], [ -56.626402852169512, -29.429979006972946 ], [ -56.6276003, -29.4291476 ] ] ], [ [ [ -56.6263332, -29.4266076 ], [ -56.6276003, -29.4265025 ], [ -56.628678269271056, -29.426460256730994 ], [ -56.625648779, -29.426433152999902 ], [ -56.625416161553176, -29.426696142843937 ], [ -56.6263332, -29.4266076 ] ] ], [ [ [ -56.6602018, -29.4254907 ], [ -56.6646665, -29.426179500000011 ], [ -56.659708942833255, -29.423746837947757 ], [ -56.656492151635717, -29.425449871167384 ], [ -56.6602018, -29.4254907 ] ] ] ] } }
]
}
