{
"type": "FeatureCollection",
"name": "bairros_lajeado",
"crs": { "type": "name", "properties": { "name": "urn:ogc:def:crs:OGC:1.3:CRS84" } },
"features": [
{ "type": "Feature", "properties": { "name": "Barra do Forqueta", "code_muni": 4311403.0, "name_muni": "Lajeado" }, "geometry": { "type": "MultiPolygon", "coordinates": [ [ [ [ -51.962855630652292, -29.420764453372353 ], [ -51.96217634899989, -29.420614321999896 ], [ -51.962053754672723, -29.420632833511981 ], [ -51.962855630652292, -29.420764453372353 ] ] ], [ [ [ -51.9653296, -29.421559900000016 ], [ -51.9671707, -29.4218374 ], [ -51.9689402, -29.4223165 ], [ -51.9712748, -29.4227583 ], [ -51.972925249850881, -29.42298952801567 ], [ -51.963035343281312, -29.420804171884708 ], [ -51.9653296, -29.421559900000016 ] ] ] ] } },
{ "type": "Feature", "properties": { "name": "Passo de Estrela", "code_muni": 4311403.0, "name_muni": "Lajeado" }, "geometry": { "type": "Polygon", "coordinates": [ [ [ -51.988899, -29.4940922 ], [ -51.9889194, -29.4940507 ], [ -51.9890481, -29.4938312 ], [ -51.989134, -29.4936351 ], [ -51.9892627, -29.493467 ], [ -51.9893017, -29.4933029 ], [ -51.9892744, -29.4932875 ], [ -51.9891091, -29.4932949 ], [ -51.9888952, -29.4933281 ], [ -51.9880705, -29.493518399999989 ], [ -51.9877003, -29.4935838 ], [ -51.98740930000001, -29.4935849 ], [ -51.9872405, -29.4935571 ], [ -51.9871096, -29.4934682 ], [ -51.987064, -29.4934198 ], [ -51.9870063, -29.493341 ], [ -51.986958, -29.4932569 ], [ -51.9868963, -29.4930941 ], [ -51.9868461, -29.492957600000011 ], [ -51.9868008, -29.4929239 ], [ -51.9867032, -29.4928997 ], [ -51.9860194, -29.4928569 ], [ -51.9855492, -29.4928379 ], [ -51.9853909, -29.4928367 ], [ -51.9850932, -29.492874 ], [ -51.9849028, -29.4929178 ], [ -51.9848263, -29.4929371 ], [ -51.9841772, -29.4931037 ], [ -51.983565, -29.4932686 ], [ -51.9829501, -29.4934519 ], [ -51.9822755, -29.4936013 ], [ -51.9819282, -29.4936818 ], [ -51.9810378, -29.4938885 ], [ -51.9803878, -29.4940421 ], [ -51.9801318, -29.4941026 ], [ -51.9791289, -29.4943373 ], [ -51.9781202, -29.494586 ], [ -51.9774786, -29.4947391 ], [ -51.9753219, -29.4952483 ], [ -51.9746516, -29.4954058 ], [ -51.9737606, -29.4956151 ], [ -51.9732064, -29.4957453 ], [ -51.9708406, -29.4970743 ], [ -51.9704286, -29.4978993 ], [ -51.9705702, -29.4984255 ], [ -51.970613995507122, -29.49848930010678 ], [ -51.988884956507995, -29.494126107880287 ], [ -51.988899, -29.4940922 ] ] ] } },
{ "type": "Feature", "properties": { "name": "Cascata", "code_muni": 4311403.0, "name_muni": "Lajeado" }, "geometry": { "type": "Polygon", "coordinates": [ [ [ -52.0004314, -29.4913378 ], [ -51.998983, -29.4916997 ], [ -51.9986343, -29.4917861 ], [ -51.9980738, -29.491888800000016 ], [ -51.9976124, -29.4918585 ], [ -51.9972745, -29.4917984 ], [ -51.9971524, -29.4918013 ], [ -51.9970941, -29.4918153 ], [ -51.9969848, -29.4920342 ], [ -51.996903, -29.4921351 ], [ -51.9967943, -29.492204 ], [ -51.996506, -29.4922962 ], [ -51.9959644, -29.4924091 ], [ -51.995582, -29.4924889 ], [ -51.9941738, -29.492825 ], [ -51.9917759, -29.4934309 ], [ -51.9910986, -29.4935572 ], [ -51.9910061, -29.4935744 ], [ -51.9905502, -29.4935114 ], [ -51.9895121, -29.49332 ], [ -51.9893383, -29.4932956 ], [ -51.9893017, -29.4933029 ], [ -51.9892627, -29.493467 ], [ -51.989134, -29.4936351 ], [ -51.9890481, -29.4938312 ], [ -51.9889194, -29.4940507 ], [ -51.988899, -29.4940922 ], [ -51.988884956507995, -29.494126107880287 ], [ -52.000434318493127, -29.491366586173772 ], [ -52.0004314, -29.4913378 ] ] ] } },
{ "type": "Feature", "properties": { "name": "Florestal", "code_muni": 4311403.0, "name_muni": "Lajeado" }, "geometry": { "type": "Polygon", "coordinates": [ [ [ -51.9730541, -29.447649 ], [ -51.9681832, -29.4506409 ], [ -51.9684807, -29.450893 ], [ -51.9688079, -29.4511593 ], [ -51.9688793, -29.4518165 ], [ -51.9689711, -29.4525702 ], [ -51.9690386, -29.4532473 ], [ -51.9690975, -29.4538543 ], [ -51.9691428, -29.453921399999988 ], [ -51.9692425, -29.4550223 ], [ -51.9693046, -29.4556167 ], [ -51.9693797, -29.4562707 ], [ -51.9694408, -29.4569559 ], [ -51.969468, -29.4576532 ], [ -51.9699401, -29.4576148 ], [ -51.9702566, -29.4576475 ], [ -51.9703929, -29.4576829 ], [ -51.970616, -29.4577409 ], [ -51.9710194, -29.4578892 ], [ -51.9711771, -29.4579538 ], [ -51.9715923, -29.4581239 ], [ -51.9719008, -29.4582688 ], [ -51.9719429, -29.4582879 ], [ -51.9719707, -29.45830710000001 ], [ -51.9721529, -29.458117 ], [ -51.9721681, -29.4581549 ], [ -51.9721923, -29.4582541 ], [ -51.972202, -29.4583331 ], [ -51.9722521, -29.4587435 ], [ -51.9731636, -29.458661899999985 ], [ -51.9738846, -29.4585783 ], [ -51.9746405, -29.4585056 ], [ -51.9754784, -29.4584327 ], [ -51.97614, -29.4584137 ], [ -51.9762199, -29.4584114 ], [ -51.9762855, -29.45841 ], [ -51.9763606, -29.458405800000012 ], [ -51.9772539, -29.458357 ], [ -51.9795893, -29.4580632 ], [ -51.9789201, -29.4518461 ], [ -51.9792092, -29.4516685 ], [ -51.9795017, -29.4514888 ], [ -51.9787813, -29.451065400000012 ], [ -51.9786976, -29.451026 ], [ -51.9777088, -29.4505472 ], [ -51.9771823, -29.45027 ], [ -51.9768546, -29.4500705 ], [ -51.9764161, -29.4497698 ], [ -51.9759054, -29.4493874 ], [ -51.9753777, -29.4489241 ], [ -51.9751717, -29.4487308 ], [ -51.9748038, -29.4483506 ], [ -51.9744818, -29.4479144 ], [ -51.9743824, -29.4477972 ], [ -51.9740322, -29.447440599999986 ], [ -51.9738963, -29.4472251 ], [ -51.9730541, -29.447649 ] ] ] } },
{ "type": "Feature", "properties": { "name": "Americano", "code_muni": 4311403.0, "name_muni": "Lajeado" }, "geometry": { "type": "Polygon", "coordinates": [ [ [ -51.9690386, -29.4532473 ], [ -51.9689711, -29.4525702 ], [ -51.9688793, -29.4518165 ], [ -51.9688079, -29.4511593 ], [ -51.9684807, -29.450893 ], [ -51.9681832, -29.4506409 ], [ -51.9658417, -29.4518601 ], [ -51.9611371, -29.4540229 ], [ -51.9604393, -29.4543421 ], [ -51.9605167, -29.4545816 ], [ -51.9604183, -29.4552558 ], [ -51.9604559, -29.455452 ], [ -51.96059, -29.4555921 ], [ -51.9607337, -29.4556381 ], [ -51.9606221, -29.4558189 ], [ -51.9606844, -29.4560431 ], [ -51.9608941, -29.4564729 ], [ -51.9610463, -29.4568097 ], [ -51.9612719, -29.4571933 ], [ -51.9613946, -29.4573066 ], [ -51.9616317, -29.457547500000011 ], [ -51.9617056, -29.4576569 ], [ -51.9617399, -29.4577561 ], [ -51.9617405, -29.457867 ], [ -51.9616622, -29.4584468 ], [ -51.9618049, -29.4588083 ], [ -51.9620587, -29.459053 ], [ -51.9623338, -29.4591357 ], [ -51.9623418, -29.4591382 ], [ -51.9624567, -29.4591866 ], [ -51.9626337, -29.459224 ], [ -51.962741, -29.4592707 ], [ -51.9628912, -29.4593711 ], [ -51.9630926, -29.4595533 ], [ -51.9630949, -29.459666699999985 ], [ -51.9630039, -29.4598475 ], [ -51.9629525, -29.459906900000014 ], [ -51.9630078, -29.4599412 ], [ -51.9633688, -29.460204 ], [ -51.9640088, -29.4606629 ], [ -51.9641177, -29.460746 ], [ -51.96449, -29.4601299 ], [ -51.9647521, -29.4596255 ], [ -51.9651149, -29.4597211 ], [ -51.9655208, -29.4591633 ], [ -51.9657505, -29.4589645 ], [ -51.9660507, -29.458775299999989 ], [ -51.9662286, -29.4586801 ], [ -51.9663077, -29.4586175 ], [ -51.9664639, -29.458542 ], [ -51.9666762, -29.458503799999985 ], [ -51.9673522, -29.4584599 ], [ -51.9674117, -29.4584554 ], [ -51.967408, -29.4584143 ], [ -51.9673513, -29.4577898 ], [ -51.9674611, -29.4577817 ], [ -51.969449, -29.4576544 ], [ -51.969468, -29.4576532 ], [ -51.9694408, -29.4569559 ], [ -51.9693797, -29.4562707 ], [ -51.9693046, -29.4556167 ], [ -51.9692425, -29.4550223 ], [ -51.9691428, -29.453921399999988 ], [ -51.9690975, -29.4538543 ], [ -51.9690386, -29.4532473 ] ] ] } },
{ "type": "Feature", "properties": { "name": "Hidráulica", "code_muni": 4311403.0, "name_muni": "Lajeado" }, "geometry": { "type": "Polygon", "coordinates": [ [ [ -51.9604393, -29.4543421 ], [ -51.9601366, -29.4544806 ], [ -51.9591093, -29.4550108 ], [ -51.9581839, -29.4557395 ], [ -51.9575563, -29.4564798 ], [ -51.9570118, -29.4574093 ], [ -51.9566846, -29.4583342 ], [ -51.9561642, -29.4599503 ], [ -51.9539378, -29.4567714 ], [ -51.953861, -29.4566631 ], [ -51.9538176, -29.456602 ], [ -51.9535356, -29.456164 ], [ -51.952991, -29.4553067 ], [ -51.9514382, -29.4560176 ], [ -51.9497471, -29.4567811 ], [ -51.9482546, -29.4575164 ], [ -51.9470045, -29.4581145 ], [ -51.9447698, -29.4591353 ], [ -51.943849112780576, -29.459526514303946 ], [ -51.949398025536738, -29.467532179393366 ], [ -51.949849094291778, -29.467898003667138 ], [ -51.956090098087238, -29.469813812427684 ], [ -51.95647, -29.4693428 ], [ -51.95662560000001, -29.469212 ], [ -51.9567221, -29.46917 ], [ -51.9571674, -29.4691466 ], [ -51.957264, -29.469114 ], [ -51.9574624, -29.4689879 ], [ -51.9575912, -29.4688291 ], [ -51.957723, -29.4687219 ], [ -51.957956, -29.4685731 ], [ -51.9581572, -29.468460099999987 ], [ -51.9586158, -29.468119199999986 ], [ -51.9589323, -29.4678436 ], [ -51.9596994, -29.467712799999987 ], [ -51.9598013, -29.4676895 ], [ -51.9598925, -29.4676334 ], [ -51.9599837, -29.4675447 ], [ -51.9600159, -29.467456 ], [ -51.9600159, -29.467054299999983 ], [ -51.9599837, -29.4668675 ], [ -51.9600213, -29.4667741 ], [ -51.9601646, -29.4663031 ], [ -51.9604853, -29.4661622 ], [ -51.9616708, -29.463488300000012 ], [ -51.9617003, -29.4632478 ], [ -51.9616681, -29.463061 ], [ -51.9611505, -29.461877 ], [ -51.9611022, -29.4617345 ], [ -51.9611183, -29.461592 ], [ -51.9611961, -29.4614543 ], [ -51.9613409, -29.4613305 ], [ -51.9620007, -29.4609685 ], [ -51.9624969, -29.4606462 ], [ -51.9629525, -29.459906900000014 ], [ -51.9630039, -29.4598475 ], [ -51.9630949, -29.459666699999985 ], [ -51.9630926, -29.4595533 ], [ -51.9628912, -29.4593711 ], [ -51.962741, -29.4592707 ], [ -51.9626337, -29.459224 ], [ -51.9624567, -29.4591866 ], [ -51.9623418, -29.4591382 ], [ -51.9623338, -29.4591357 ], [ -51.9620587, -29.459053 ], [ -51.9618049, -29.4588083 ], [ -51.9616622, -29.4584468 ], [ -51.9617405, -29.457867 ], [ -51.9617399, -29.4577561 ], [ -51.9617056, -29.4576569 ], [ -51.9616317, -29.457547500000011 ], [ -51.9613946, -29.4573066 ], [ -51.9612719, -29.4571933 ], [ -51.9610463, -29.4568097 ], [ -51.9608941, -29.4564729 ], [ -51.9606844, -29.4560431 ], [ -51.9606221, -29.4558189 ], [ -51.9607337, -29.4556381 ], [ -51.96059, -29.4555921 ], [ -51.9604559, -29.455452 ], [ -51.9604183, -29.4552558 ], [ -51.9605167, -29.4545816 ], [ -51.9604393, -29.4543421 ] ] ] } },
{ "type": "Feature", "properties": { "name": "Carneiros", "code_muni": 4311403.0, "name_muni": "Lajeado" }, "geometry": { "type": "Polygon", "coordinates": [ [ [ -51.9295626, -29.4499161 ], [ -51.9329049, -29.4484929 ], [ -51.9351086, -29.4485249 ], [ -51.9362183, -29.449323199999984 ], [ -51.9372205, -29.4500441 ], [ -51.937602473514318, -29.450767695720288 ], [ -51.937966337, -29.451037493999895 ], [ -51.943849112780576, -29.459526514303946 ], [ -51.9447698, -29.4591353 ], [ -51.9470045, -29.4581145 ], [ -51.9482546, -29.4575164 ], [ -51.9497471, -29.4567811 ], [ -51.9493686, -29.456181 ], [ -51.9490099, -29.4555651 ], [ -51.9486239, -29.454961699999984 ], [ -51.9482728, -29.4543505 ], [ -51.9479259, -29.4537752 ], [ -51.9477221, -29.4534444 ], [ -51.9475465, -29.4531644 ], [ -51.9471764, -29.4525893 ], [ -51.9481388, -29.4521355 ], [ -51.9503145, -29.4510808 ], [ -51.949958, -29.4504988 ], [ -51.9499174, -29.4504362 ], [ -51.9495299, -29.449825199999985 ], [ -51.9491317, -29.4491831 ], [ -51.9516276, -29.448016299999985 ], [ -51.9516897, -29.4479882 ], [ -51.951009, -29.4469086 ], [ -51.9507462, -29.44639 ], [ -51.9504458, -29.4459416 ], [ -51.9484019, -29.4426388 ], [ -51.9460433, -29.4387255 ], [ -51.9461285, -29.4386076 ], [ -51.9462659, -29.4384313 ], [ -51.9463599, -29.4382676 ], [ -51.9463816, -29.4381668 ], [ -51.9463599, -29.4380598 ], [ -51.9462369, -29.4378268 ], [ -51.9461663, -29.4376293 ], [ -51.946114, -29.4374238 ], [ -51.946114, -29.4372727 ], [ -51.9461791, -29.4371216 ], [ -51.9464062, -29.4368686 ], [ -51.946524, -29.4366131 ], [ -51.9466491, -29.4359504 ], [ -51.9467071, -29.4357082 ], [ -51.9467348, -29.4355926 ], [ -51.9468476, -29.4354044 ], [ -51.946986, -29.435317500000011 ], [ -51.9483067, -29.434911399999983 ], [ -51.9489627, -29.4346721 ], [ -51.9492115, -29.4345744 ], [ -51.9497297, -29.4343981 ], [ -51.9501196, -29.4342565 ], [ -51.9503327, -29.4341865 ], [ -51.950451, -29.4341477 ], [ -51.9512948, -29.4338326 ], [ -51.9512601, -29.4332805 ], [ -51.950948, -29.4265717 ], [ -51.950688779921542, -29.426609574262955 ], [ -51.949748824, -29.427170595999893 ], [ -51.937873274441593, -29.430319370244639 ], [ -51.937706091695816, -29.430397214694484 ], [ -51.924414934, -29.437859811999893 ], [ -51.922252852, -29.440932956 ], [ -51.919171524, -29.452447353 ], [ -51.92376383, -29.453966684999987 ], [ -51.927924258833144, -29.451103048697604 ], [ -51.9295626, -29.4499161 ] ] ] } },
{ "type": "Feature", "properties": { "name": "Alto do Parque", "code_muni": 4311403.0, "name_muni": "Lajeado" }, "geometry": { "type": "Polygon", "coordinates": [ [ [ -51.9514382, -29.4560176 ], [ -51.952991, -29.4553067 ], [ -51.9535356, -29.456164 ], [ -51.9538176, -29.456602 ], [ -51.953861, -29.4566631 ], [ -51.9539378, -29.4567714 ], [ -51.9561642, -29.4599503 ], [ -51.9566846, -29.4583342 ], [ -51.9570118, -29.4574093 ], [ -51.9575563, -29.4564798 ], [ -51.9581839, -29.4557395 ], [ -51.9591093, -29.4550108 ], [ -51.9601366, -29.4544806 ], [ -51.9604393, -29.4543421 ], [ -51.9611371, -29.4540229 ], [ -51.961051, -29.4533379 ], [ -51.9609197, -29.453333200000014 ], [ -51.9607953, -29.4533287 ], [ -51.9603187, -29.4525652 ], [ -51.9596595, -29.452912 ], [ -51.959434, -29.4525414 ], [ -51.9589281, -29.4517466 ], [ -51.9584515, -29.4509977 ], [ -51.9580817, -29.4504354 ], [ -51.9576856, -29.4498474 ], [ -51.9573298, -29.449243 ], [ -51.9569826, -29.4486758 ], [ -51.956673, -29.4481474 ], [ -51.9564516, -29.4482345 ], [ -51.9563788, -29.4481173 ], [ -51.9563439, -29.4480787 ], [ -51.9562641, -29.448027 ], [ -51.9555716, -29.4478484 ], [ -51.9548567, -29.4476539 ], [ -51.9541499, -29.4474797 ], [ -51.9534669, -29.4472973 ], [ -51.9532797, -29.4472436 ], [ -51.9531984, -29.447167 ], [ -51.9517788, -29.447861499999984 ], [ -51.9517482, -29.447951 ], [ -51.9516897, -29.4479882 ], [ -51.9516276, -29.448016299999985 ], [ -51.9491317, -29.4491831 ], [ -51.9495299, -29.449825199999985 ], [ -51.9499174, -29.4504362 ], [ -51.949958, -29.4504988 ], [ -51.9503145, -29.4510808 ], [ -51.9481388, -29.4521355 ], [ -51.9471764, -29.4525893 ], [ -51.9475465, -29.4531644 ], [ -51.9477221, -29.4534444 ], [ -51.9479259, -29.4537752 ], [ -51.9482728, -29.4543505 ], [ -51.9486239, -29.454961699999984 ], [ -51.9490099, -29.4555651 ], [ -51.9493686, -29.456181 ], [ -51.9497471, -29.4567811 ], [ -51.9514382, -29.4560176 ] ] ] } },
{ "type": "Feature", "properties": { "name": "São Cristóvão", "code_muni": 4311403.0, "name_muni": "Lajeado" }, "geometry": { "type": "Polygon", "coordinates": [ [ [ -51.9658417, -29.4518601 ], [ -51.9681832, -29.4506409 ], [ -51.9730541, -29.447649 ], [ -51.9738963, -29.4472251 ], [ -51.9736792, -29.447032 ], [ -51.9734142, -29.4467349 ], [ -51.9733102, -29.446622 ], [ -51.9724875, -29.4456605 ], [ -51.9722366, -29.4453246 ], [ -51.9719076, -29.4448955 ], [ -51.9715374, -29.4443639 ], [ -51.9712403, -29.443676100000012 ], [ -51.9711339, -29.4433433 ], [ -51.9709272, -29.4425495 ], [ -51.9707659, -29.4418097 ], [ -51.9707562, -29.4417628 ], [ -51.970621, -29.4411207 ], [ -51.970612, -29.4410859 ], [ -51.9704413, -29.4403713 ], [ -51.9703211, -29.4398683 ], [ -51.9702892, -29.4397041 ], [ -51.970056, -29.4386552 ], [ -51.9699277, -29.4381056 ], [ -51.9698034, -29.437603699999986 ], [ -51.9669762, -29.4378807 ], [ -51.9644174, -29.4381867 ], [ -51.9614723, -29.4384857 ], [ -51.9589296, -29.4387987 ], [ -51.9588643, -29.4388066 ], [ -51.9581367, -29.4389042 ], [ -51.9581498, -29.4389561 ], [ -51.9583441, -29.4399062 ], [ -51.958448, -29.4402268 ], [ -51.9585992, -29.4405259 ], [ -51.9590812, -29.4413914 ], [ -51.9593124, -29.4417847 ], [ -51.9593427, -29.4419498 ], [ -51.9593293, -29.4423772 ], [ -51.959458, -29.4428701 ], [ -51.9596055, -29.4433302 ], [ -51.9597369, -29.4435252 ], [ -51.9599032, -29.4436432 ], [ -51.9605215, -29.4439749 ], [ -51.9605001, -29.4440531 ], [ -51.9594409, -29.444602 ], [ -51.9584335, -29.445054699999989 ], [ -51.957428, -29.4455532 ], [ -51.9566613, -29.4459319 ], [ -51.9562557, -29.4458065 ], [ -51.9561696, -29.4457454 ], [ -51.9544983, -29.4465339 ], [ -51.9531984, -29.447167 ], [ -51.9532797, -29.4472436 ], [ -51.9534669, -29.4472973 ], [ -51.9541499, -29.4474797 ], [ -51.9548567, -29.4476539 ], [ -51.9555716, -29.4478484 ], [ -51.9562641, -29.448027 ], [ -51.9563439, -29.4480787 ], [ -51.9563788, -29.4481173 ], [ -51.9564516, -29.4482345 ], [ -51.956673, -29.4481474 ], [ -51.9569826, -29.4486758 ], [ -51.9573298, -29.449243 ], [ -51.9576856, -29.4498474 ], [ -51.9580817, -29.4504354 ], [ -51.9584515, -29.4509977 ], [ -51.9589281, -29.4517466 ], [ -51.959434, -29.4525414 ], [ -51.9596595, -29.452912 ], [ -51.9603187, -29.4525652 ], [ -51.9607953, -29.4533287 ], [ -51.9609197, -29.453333200000014 ], [ -51.961051, -29.4533379 ], [ -51.9611371, -29.4540229 ], [ -51.9658417, -29.4518601 ] ] ] } },
{ "type": "Feature", "properties": { "name": "Campestre", "code_muni": 4311403.0, "name_muni": "Lajeado" }, "geometry": { "type": "Polygon", "coordinates": [ [ [ -51.9724875, -29.4456605 ], [ -51.9733102, -29.446622 ], [ -51.9734142, -29.4467349 ], [ -51.9736792, -29.447032 ], [ -51.9738963, -29.4472251 ], [ -51.9755539, -29.4463597 ], [ -51.9770211, -29.4457687 ], [ -51.9769836, -29.4454429 ], [ -51.9769373, -29.4454079 ], [ -51.9768937, -29.4453436 ], [ -51.9768649, -29.4452455 ], [ -51.9767619, -29.4447286 ], [ -51.9766011, -29.4440114 ], [ -51.9765088, -29.4433839 ], [ -51.9763943, -29.4426959 ], [ -51.9759892, -29.4394697 ], [ -51.975238, -29.439826100000012 ], [ -51.9745619, -29.4401431 ], [ -51.9738874, -29.4404592 ], [ -51.9732283, -29.4407682 ], [ -51.9725531, -29.4410847 ], [ -51.971856, -29.4414115 ], [ -51.9711826, -29.4417271 ], [ -51.9711122, -29.4417629 ], [ -51.9709802, -29.441799 ], [ -51.9709151, -29.4418058 ], [ -51.9707659, -29.4418097 ], [ -51.9709272, -29.4425495 ], [ -51.9711339, -29.4433433 ], [ -51.9712403, -29.443676100000012 ], [ -51.9715374, -29.4443639 ], [ -51.9719076, -29.4448955 ], [ -51.9722366, -29.4453246 ], [ -51.9724875, -29.4456605 ] ] ] } },
{ "type": "Feature", "properties": { "name": "Planalto", "code_muni": 4311403.0, "name_muni": "Lajeado" }, "geometry": { "type": "Polygon", "coordinates": [ [ [ -51.9856952, -29.4121845 ], [ -51.9852908, -29.4122223 ], [ -51.984900906727617, -29.412059933306669 ], [ -51.979806644, -29.41106877399989 ], [ -51.979365895999898, -29.412999049999893 ], [ -51.979746225414104, -29.413268386731659 ], [ -51.9803802, -29.4134354 ], [ -51.9830178, -29.4145802 ], [ -51.9847554, -29.415913 ], [ -51.985801, -29.417343 ], [ -51.985726811752833, -29.417503304405354 ], [ -51.985746608999889, -29.417517322 ], [ -51.984211436, -29.420768209999899 ], [ -51.97905926, -29.423149421999891 ], [ -51.978005152150011, -29.423173709422937 ], [ -51.9792964, -29.435120099999988 ], [ -51.979492, -29.4351363 ], [ -51.9796648, -29.4351801 ], [ -51.9797843, -29.4352842 ], [ -51.9798727, -29.4354652 ], [ -51.9799246, -29.43569140000001 ], [ -51.9800078, -29.435877 ], [ -51.9801065, -29.4360308 ], [ -51.9801942, -29.436086099999986 ], [ -51.9803559, -29.4361213 ], [ -51.9806573, -29.4361575 ], [ -51.9812184, -29.4361575 ], [ -51.9816081, -29.4361485 ], [ -51.9818731, -29.4361938 ], [ -51.9820966, -29.4362888 ], [ -51.9822836, -29.4363883 ], [ -51.982382, -29.4365074 ], [ -51.9828123, -29.4364692 ], [ -51.9834313, -29.4364223 ], [ -51.9840861, -29.4363652 ], [ -51.9850708, -29.436279399999986 ], [ -51.9863418, -29.436168599999988 ], [ -51.9872038, -29.4360934 ], [ -51.987761, -29.4360448 ], [ -51.9890724, -29.4359314 ], [ -51.9891801, -29.435922 ], [ -51.9890202, -29.4348888 ], [ -51.988931, -29.4343114 ], [ -51.9888295, -29.4336553 ], [ -51.988735, -29.4330439 ], [ -51.9885926, -29.4320919 ], [ -51.9884905, -29.431462700000012 ], [ -51.9884603, -29.4312672 ], [ -51.9883874, -29.4307957 ], [ -51.9882898, -29.4301643 ], [ -51.9881948, -29.42955 ], [ -51.9881357, -29.4293971 ], [ -51.9879842, -29.4289258 ], [ -51.9878768, -29.4282734 ], [ -51.9877754, -29.4276218 ], [ -51.9875412, -29.4259149 ], [ -51.9872698, -29.4239367 ], [ -51.9872418, -29.4236376 ], [ -51.9872028, -29.4234671 ], [ -51.9868376, -29.4212489 ], [ -51.9867301, -29.4208739 ], [ -51.9866395, -29.4204977 ], [ -51.9864464, -29.4199463 ], [ -51.9865523, -29.4193436 ], [ -51.9867039, -29.4186707 ], [ -51.9868916, -29.4182922 ], [ -51.9870794, -29.4180819 ], [ -51.9870848, -29.4177782 ], [ -51.9868648, -29.4171801 ], [ -51.9867897, -29.4166427 ], [ -51.9867951, -29.416208199999986 ], [ -51.9868594, -29.4156988 ], [ -51.9868633, -29.4155491 ], [ -51.9869024, -29.4150633 ], [ -51.9868702, -29.41478 ], [ -51.9867683, -29.4144372 ], [ -51.9865376, -29.4137502 ], [ -51.9867092, -29.4136474 ], [ -51.9870043, -29.4135493 ], [ -51.9870955, -29.4132643 ], [ -51.9871867, -29.41287639999998 ], [ -51.987294, -29.412339 ], [ -51.987698275634905, -29.411088749201465 ], [ -51.986043499704515, -29.411879971237919 ], [ -51.9856952, -29.4121845 ] ] ] } },
{ "type": "Feature", "properties": { "name": "Centenário", "code_muni": 4311403.0, "name_muni": "Lajeado" }, "geometry": { "type": "Polygon", "coordinates": [ [ [ -52.0038351, -29.434457 ], [ -52.0040217, -29.4344512 ], [ -52.0042423, -29.4344303 ], [ -52.0040516, -29.4346022 ], [ -52.0048991, -29.4344615 ], [ -52.0054978, -29.434361 ], [ -52.0064655, -29.4341395 ], [ -52.0066169, -29.4340831 ], [ -52.00715, -29.433897 ], [ -52.0070934, -29.4338167 ], [ -52.0066187, -29.4305402 ], [ -52.0065053, -29.4296848 ], [ -52.0064396, -29.4293297 ], [ -52.0063838, -29.4290394 ], [ -52.0062646, -29.4283532 ], [ -52.0060922, -29.4270473 ], [ -52.0059192, -29.4261257 ], [ -52.0058548, -29.425768300000012 ], [ -52.005769, -29.4248034 ], [ -52.0032317, -29.425153799999986 ], [ -51.9997942, -29.425653 ], [ -51.9994018, -29.425708 ], [ -51.9982081, -29.4258752 ], [ -51.9974046, -29.4259877 ], [ -51.9962732, -29.4261462 ], [ -51.9954228, -29.426264 ], [ -51.9956835, -29.4279547 ], [ -51.9957861, -29.4289539 ], [ -51.9958613, -29.4294478 ], [ -51.9958908, -29.4296414 ], [ -51.9959395, -29.4299637 ], [ -51.9959874, -29.4302808 ], [ -51.9960142, -29.4304482 ], [ -51.9960929, -29.4309657 ], [ -51.9961839, -29.4310166 ], [ -51.9962789, -29.4316458 ], [ -51.9963142, -29.4318842 ], [ -51.9962969, -29.432023 ], [ -51.9962705, -29.4320747 ], [ -51.9966244, -29.4340602 ], [ -51.996685, -29.4344589 ], [ -51.9968482, -29.4351847 ], [ -51.9971963, -29.4351352 ], [ -51.9976, -29.435077700000011 ], [ -51.9978029, -29.4350671 ], [ -51.998051, -29.4350837 ], [ -51.9984225, -29.435116 ], [ -51.9987122, -29.4351134 ], [ -51.9991041, -29.4350808 ], [ -51.9994925, -29.435018 ], [ -52.0001927, -29.434827599999984 ], [ -52.0003027, -29.4348089 ], [ -52.0006514, -29.4347669 ], [ -52.0013031, -29.4346945 ], [ -52.0024558, -29.4346302 ], [ -52.0025308, -29.4346181 ], [ -52.0031862, -29.4345224 ], [ -52.003726, -29.4344634 ], [ -52.0038351, -29.434457 ] ] ] } },
{ "type": "Feature", "properties": { "name": "Olarias", "code_muni": 4311403.0, "name_muni": "Lajeado" }, "geometry": { "type": "Polygon", "coordinates": [ [ [ -51.9822836, -29.4363883 ], [ -51.9820966, -29.4362888 ], [ -51.9818731, -29.4361938 ], [ -51.9816081, -29.4361485 ], [ -51.9812184, -29.4361575 ], [ -51.9806573, -29.4361575 ], [ -51.9803559, -29.4361213 ], [ -51.9801942, -29.436086099999986 ], [ -51.9801065, -29.4360308 ], [ -51.9800078, -29.435877 ], [ -51.9799246, -29.43569140000001 ], [ -51.9798727, -29.4354652 ], [ -51.9797843, -29.4352842 ], [ -51.9796648, -29.4351801 ], [ -51.979492, -29.4351363 ], [ -51.9792964, -29.435120099999988 ], [ -51.9792951, -29.4354134 ], [ -51.9793757, -29.4360753 ], [ -51.9794571, -29.436744799999989 ], [ -51.9788181, -29.4367966 ], [ -51.9777321, -29.4368964 ], [ -51.9766081, -29.4369997 ], [ -51.975589, -29.4370934 ], [ -51.9756722, -29.4377877 ], [ -51.975758, -29.4382591 ], [ -51.9759892, -29.4394697 ], [ -51.9763943, -29.4426959 ], [ -51.9765088, -29.4433839 ], [ -51.9766011, -29.4440114 ], [ -51.9767619, -29.4447286 ], [ -51.9768649, -29.4452455 ], [ -51.9768937, -29.4453436 ], [ -51.9769373, -29.4454079 ], [ -51.9769836, -29.4454429 ], [ -51.9770211, -29.4457687 ], [ -51.9789201, -29.4450353 ], [ -51.9803189, -29.4444934 ], [ -51.9803801, -29.4444851 ], [ -51.9810066, -29.4442613 ], [ -51.9833432, -29.443402 ], [ -51.9854718, -29.4426251 ], [ -51.9859995, -29.442415199999985 ], [ -51.9866216, -29.4421747 ], [ -51.9868032, -29.4420962 ], [ -51.9870864, -29.4419675 ], [ -51.9875414, -29.4417499 ], [ -51.9888597, -29.4410674 ], [ -51.9888966, -29.4410467 ], [ -51.9891305, -29.4409493 ], [ -51.9893307, -29.4408523 ], [ -51.9895868, -29.4407283 ], [ -51.9898376, -29.4406068 ], [ -51.9904681, -29.4403976 ], [ -51.9906666, -29.4403317 ], [ -51.9920964, -29.4399185 ], [ -51.9926165, -29.4397682 ], [ -51.9928564, -29.4396721 ], [ -51.9931161, -29.4395682 ], [ -51.9935207, -29.4393546 ], [ -51.9941304, -29.438996 ], [ -51.9947216, -29.4384862 ], [ -51.9947902, -29.438427 ], [ -51.9952352, -29.437989 ], [ -51.996062, -29.437184 ], [ -51.9965797, -29.4366799 ], [ -51.9969509, -29.4363774 ], [ -51.9973528, -29.4361189 ], [ -51.9978216, -29.4358608 ], [ -51.9980907, -29.4357394 ], [ -51.9983621, -29.4356318 ], [ -51.9986277, -29.435541699999987 ], [ -51.998959, -29.4354374 ], [ -51.9994129, -29.4353347 ], [ -52.0002471, -29.435187 ], [ -52.0005742, -29.435137 ], [ -52.0009596, -29.4350782 ], [ -52.0037798, -29.4346489 ], [ -52.0040516, -29.4346022 ], [ -52.0042423, -29.4344303 ], [ -52.0040217, -29.4344512 ], [ -52.0038351, -29.434457 ], [ -52.003726, -29.4344634 ], [ -52.0031862, -29.4345224 ], [ -52.0025308, -29.4346181 ], [ -52.0024558, -29.4346302 ], [ -52.0013031, -29.4346945 ], [ -52.0006514, -29.4347669 ], [ -52.0003027, -29.4348089 ], [ -52.0001927, -29.434827599999984 ], [ -51.9994925, -29.435018 ], [ -51.9991041, -29.4350808 ], [ -51.9987122, -29.4351134 ], [ -51.9984225, -29.435116 ], [ -51.998051, -29.4350837 ], [ -51.9978029, -29.4350671 ], [ -51.9976, -29.435077700000011 ], [ -51.9971963, -29.4351352 ], [ -51.9968482, -29.4351847 ], [ -51.996685, -29.4344589 ], [ -51.9966244, -29.4340602 ], [ -51.9962705, -29.4320747 ], [ -51.9962969, -29.432023 ], [ -51.9963142, -29.4318842 ], [ -51.9962789, -29.4316458 ], [ -51.9961839, -29.4310166 ], [ -51.9960929, -29.4309657 ], [ -51.9960142, -29.4304482 ], [ -51.9959874, -29.4302808 ], [ -51.9927657, -29.430819 ], [ -51.9926212, -29.430841 ], [ -51.9925421, -29.4308492 ], [ -51.99246, -29.4308577 ], [ -51.99191, -29.4309241 ], [ -51.9917679, -29.4309475 ], [ -51.9903753, -29.4310884 ], [ -51.9901747, -29.4311087 ], [ -51.9884603, -29.4312672 ], [ -51.9884905, -29.431462700000012 ], [ -51.9885926, -29.4320919 ], [ -51.988735, -29.4330439 ], [ -51.9888295, -29.4336553 ], [ -51.988931, -29.4343114 ], [ -51.9890202, -29.4348888 ], [ -51.9891801, -29.435922 ], [ -51.9890724, -29.4359314 ], [ -51.987761, -29.4360448 ], [ -51.9872038, -29.4360934 ], [ -51.9863418, -29.436168599999988 ], [ -51.9850708, -29.436279399999986 ], [ -51.9840861, -29.4363652 ], [ -51.9834313, -29.4364223 ], [ -51.9828123, -29.4364692 ], [ -51.982382, -29.4365074 ], [ -51.9822836, -29.4363883 ] ] ] } },
{ "type": "Feature", "properties": { "name": "Igrejinha", "code_muni": 4311403.0, "name_muni": "Lajeado" }, "geometry": { "type": "Polygon", "coordinates": [ [ [ -51.9903854, -29.411701599999986 ], [ -51.9898205, -29.4111101 ], [ -51.989680556386283, -29.41100181184429 ], [ -51.988745165, -29.410588167999901 ], [ -51.987698275634905, -29.411088749201465 ], [ -51.987294, -29.412339 ], [ -51.9871867, -29.41287639999998 ], [ -51.9870955, -29.4132643 ], [ -51.9870043, -29.4135493 ], [ -51.9867092, -29.4136474 ], [ -51.9865376, -29.4137502 ], [ -51.9867683, -29.4144372 ], [ -51.9868702, -29.41478 ], [ -51.9869024, -29.4150633 ], [ -51.9868633, -29.4155491 ], [ -51.9868594, -29.4156988 ], [ -51.9867951, -29.416208199999986 ], [ -51.9867897, -29.4166427 ], [ -51.9868648, -29.4171801 ], [ -51.9870848, -29.4177782 ], [ -51.9870794, -29.4180819 ], [ -51.9868916, -29.4182922 ], [ -51.9867039, -29.4186707 ], [ -51.9865523, -29.4193436 ], [ -51.9864464, -29.4199463 ], [ -51.9866395, -29.4204977 ], [ -51.9867301, -29.4208739 ], [ -51.9868376, -29.4212489 ], [ -51.9872028, -29.4234671 ], [ -51.9872418, -29.4236376 ], [ -51.9872698, -29.4239367 ], [ -51.9875412, -29.4259149 ], [ -51.9877754, -29.4276218 ], [ -51.9878768, -29.4282734 ], [ -51.9879842, -29.4289258 ], [ -51.9881357, -29.4293971 ], [ -51.9881948, -29.42955 ], [ -51.9882898, -29.4301643 ], [ -51.9883874, -29.4307957 ], [ -51.9884603, -29.4312672 ], [ -51.9901747, -29.4311087 ], [ -51.9903753, -29.4310884 ], [ -51.9917679, -29.4309475 ], [ -51.99191, -29.4309241 ], [ -51.99246, -29.4308577 ], [ -51.9925421, -29.4308492 ], [ -51.9926212, -29.430841 ], [ -51.9927657, -29.430819 ], [ -51.9959874, -29.4302808 ], [ -51.9959395, -29.4299637 ], [ -51.9958908, -29.4296414 ], [ -51.9958613, -29.4294478 ], [ -51.9957861, -29.4289539 ], [ -51.9956835, -29.4279547 ], [ -51.9954228, -29.426264 ], [ -51.993075892474657, -29.411044347185332 ], [ -51.991296201, -29.41171625 ], [ -51.99116348675139, -29.411657564881278 ], [ -51.9903854, -29.411701599999986 ] ] ] } },
{ "type": "Feature", "properties": { "name": "Imigrante", "code_muni": 4311403.0, "name_muni": "Lajeado" }, "geometry": { "type": "Polygon", "coordinates": [ [ [ -52.034, -29.403 ], [ -52.0330795, -29.4034089 ], [ -52.032881631203978, -29.403370492399418 ], [ -52.032729039999893, -29.403536813999892 ], [ -52.026871368999906, -29.4038039449999 ], [ -52.023295104999896, -29.406685695 ], [ -52.022813170276557, -29.406775988776506 ], [ -52.0227807, -29.4067988 ], [ -52.022586925668797, -29.406818376602796 ], [ -52.017443160670076, -29.407781968834772 ], [ -52.016736, -29.4080073 ], [ -52.013, -29.408 ], [ -52.0101166, -29.4083812 ], [ -52.0057352, -29.4075578 ], [ -52.0017441, -29.407483 ], [ -52.001558276428383, -29.407421292457915 ], [ -51.997461756, -29.407298763 ], [ -51.994837120999897, -29.410379383 ], [ -51.994533366694654, -29.410494069830072 ], [ -51.9945279, -29.4105047 ], [ -51.99448609228034, -29.410511918883991 ], [ -51.993075892474657, -29.411044347185332 ], [ -51.9954228, -29.426264 ], [ -51.9962732, -29.4261462 ], [ -51.9974046, -29.4259877 ], [ -51.9982081, -29.4258752 ], [ -51.9994018, -29.425708 ], [ -51.9997942, -29.425653 ], [ -52.0032317, -29.425153799999986 ], [ -52.005769, -29.4248034 ], [ -52.0058548, -29.425768300000012 ], [ -52.0059192, -29.4261257 ], [ -52.0060922, -29.4270473 ], [ -52.0062646, -29.4283532 ], [ -52.0063838, -29.4290394 ], [ -52.0064396, -29.4293297 ], [ -52.0065053, -29.4296848 ], [ -52.0066187, -29.4305402 ], [ -52.0070934, -29.4338167 ], [ -52.00715, -29.433897 ], [ -52.0077604, -29.4336537 ], [ -52.007922, -29.4335858 ], [ -52.0083909, -29.4334119 ], [ -52.0086795, -29.433287 ], [ -52.0087838, -29.4332409 ], [ -52.0088689, -29.4332016 ], [ -52.0091879, -29.4330373 ], [ -52.0102293, -29.4325275 ], [ -52.0105125, -29.4323859 ], [ -52.0105595, -29.4323624 ], [ -52.0114335, -29.4319257 ], [ -52.0119459, -29.4316741 ], [ -52.0121288, -29.4315787 ], [ -52.0122818, -29.4314989 ], [ -52.0124381, -29.4314174 ], [ -52.0126918, -29.4312851 ], [ -52.0129743, -29.4311395 ], [ -52.0131191, -29.4310635 ], [ -52.0135558, -29.4308179 ], [ -52.0137347, -29.4307088 ], [ -52.0140389, -29.4305233 ], [ -52.0141687, -29.4304441 ], [ -52.0149138, -29.4299772 ], [ -52.0155182, -29.4295417 ], [ -52.0159078, -29.4292859 ], [ -52.0161887, -29.4291008 ], [ -52.0165361, -29.4288567 ], [ -52.0169042, -29.42860550000001 ], [ -52.0171931, -29.4283891 ], [ -52.0173268, -29.4282961 ], [ -52.0175426, -29.4281068 ], [ -52.0179053, -29.4278088 ], [ -52.0183043, -29.4274287 ], [ -52.0186731, -29.4270824 ], [ -52.0190728, -29.4266671 ], [ -52.0192686, -29.4264353 ], [ -52.0196515, -29.4259663 ], [ -52.019919, -29.4255796 ], [ -52.0202181, -29.4251691 ], [ -52.0204058, -29.4249127 ], [ -52.0205822, -29.4246364 ], [ -52.0206808, -29.4244694 ], [ -52.0210087, -29.4238655 ], [ -52.021299, -29.4232709 ], [ -52.02147, -29.4229216 ], [ -52.0217329, -29.4223539 ], [ -52.0218121, -29.4221727 ], [ -52.0218422, -29.42210390000001 ], [ -52.0218784, -29.4220245 ], [ -52.0220289, -29.4216969 ], [ -52.0221801, -29.421368 ], [ -52.0223913, -29.4209165 ], [ -52.0226133, -29.4204709 ], [ -52.0232516, -29.4193319 ], [ -52.02435, -29.4173623 ], [ -52.0244046, -29.4172394 ], [ -52.0244639, -29.4171058 ], [ -52.0244858, -29.4170564 ], [ -52.0245807, -29.4168425 ], [ -52.0248288, -29.416075 ], [ -52.0249559, -29.4156552 ], [ -52.0250018, -29.415481 ], [ -52.0251225, -29.4150388 ], [ -52.0252925, -29.4144179 ], [ -52.0253666, -29.414231599999983 ], [ -52.0254792, -29.413957 ], [ -52.0256482, -29.4136229 ], [ -52.0258158, -29.4133414 ], [ -52.026191, -29.4128406 ], [ -52.0262648, -29.4127611 ], [ -52.0266252, -29.4123726 ], [ -52.0271426, -29.4118981 ], [ -52.0277052, -29.4114068 ], [ -52.0278927, -29.4112465 ], [ -52.0282052, -29.4109923 ], [ -52.029541, -29.4098478 ], [ -52.02997280000001, -29.4094778 ], [ -52.0333098, -29.4066151 ], [ -52.0344893, -29.4056053 ], [ -52.034521552381669, -29.405580970522745 ], [ -52.039695203276089, -29.401128030187675 ], [ -52.034, -29.403 ] ] ] } },
{ "type": "Feature", "properties": { "name": "Conventos", "code_muni": 4311403.0, "name_muni": "Lajeado" }, "geometry": { "type": "Polygon", "coordinates": [ [ [ -52.0585013, -29.4245535 ], [ -52.057051657551987, -29.413687970481195 ], [ -52.052562885485798, -29.41416910101238 ], [ -52.0524063, -29.4141903 ], [ -52.0512809, -29.4143107 ], [ -52.051113973729763, -29.414324369950521 ], [ -52.049755511638153, -29.414469931384836 ], [ -52.0492274, -29.4145515 ], [ -52.0491322, -29.4145632 ], [ -52.048635, -29.4146245 ], [ -52.0482056, -29.4146632 ], [ -52.047850237260675, -29.414674060687741 ], [ -52.047134157884244, -29.414750773524599 ], [ -52.0468382, -29.4148309 ], [ -52.0461027, -29.4148911 ], [ -52.045548078846224, -29.414920674447458 ], [ -52.044849025, -29.414995550999894 ], [ -52.044841177331435, -29.414952492374816 ], [ -52.0448181, -29.4149527 ], [ -52.0446771, -29.4147175 ], [ -52.0443928, -29.4146287 ], [ -52.0443821, -29.4142876 ], [ -52.0442534, -29.4138764 ], [ -52.0440334, -29.413621699999986 ], [ -52.043851, -29.4134068 ], [ -52.0438457, -29.4131661 ], [ -52.0440173, -29.4131287 ], [ -52.0443365, -29.4132876 ], [ -52.0445135, -29.4132409 ], [ -52.0444009, -29.4126474 ], [ -52.04440684992268, -29.412569359773826 ], [ -52.044313797, -29.412058767 ], [ -52.04238105624944, -29.411928991063103 ], [ -52.04229, -29.4119395 ], [ -52.0421746, -29.4119301 ], [ -52.04212194560597, -29.411911590641385 ], [ -52.041834219999892, -29.411892268 ], [ -52.038010744, -29.408711830999902 ], [ -52.036683556978204, -29.408851922319201 ], [ -52.0366555, -29.4088647 ], [ -52.0360769, -29.409204 ], [ -52.0350084, -29.409473 ], [ -52.0346537, -29.4096029 ], [ -52.0339566, -29.4095042 ], [ -52.0335138, -29.4094511 ], [ -52.0325918, -29.4093248 ], [ -52.032096799334084, -29.409399909018298 ], [ -52.031329007446644, -29.410166559360803 ], [ -52.0307545, -29.4109917 ], [ -52.0301805, -29.4114427 ], [ -52.0297936, -29.4116988 ], [ -52.0294963, -29.4117197 ], [ -52.0293115, -29.4117327 ], [ -52.0284408, -29.4115193 ], [ -52.0278927, -29.4112465 ], [ -52.0277052, -29.4114068 ], [ -52.0271426, -29.4118981 ], [ -52.0266252, -29.4123726 ], [ -52.0262648, -29.4127611 ], [ -52.026191, -29.4128406 ], [ -52.0258158, -29.4133414 ], [ -52.0256482, -29.4136229 ], [ -52.0254792, -29.413957 ], [ -52.0253666, -29.414231599999983 ], [ -52.0252925, -29.4144179 ], [ -52.0251225, -29.4150388 ], [ -52.0250018, -29.415481 ], [ -52.0249559, -29.4156552 ], [ -52.0248288, -29.416075 ], [ -52.0245807, -29.4168425 ], [ -52.0244858, -29.4170564 ], [ -52.0244639, -29.4171058 ], [ -52.0244046, -29.4172394 ], [ -52.02435, -29.4173623 ], [ -52.0232516, -29.4193319 ], [ -52.0226133, -29.4204709 ], [ -52.0223913, -29.4209165 ], [ -52.0221801, -29.421368 ], [ -52.0220289, -29.4216969 ], [ -52.0218784, -29.4220245 ], [ -52.0218422, -29.42210390000001 ], [ -52.0218121, -29.4221727 ], [ -52.0217329, -29.4223539 ], [ -52.02147, -29.4229216 ], [ -52.021299, -29.4232709 ], [ -52.0210087, -29.4238655 ], [ -52.0206808, -29.4244694 ], [ -52.0205822, -29.4246364 ], [ -52.0204058, -29.4249127 ], [ -52.0202181, -29.4251691 ], [ -52.019919, -29.4255796 ], [ -52.0196515, -29.4259663 ], [ -52.0192686, -29.4264353 ], [ -52.0190728, -29.4266671 ], [ -52.0186731, -29.4270824 ], [ -52.0183043, -29.4274287 ], [ -52.0179053, -29.4278088 ], [ -52.0175426, -29.4281068 ], [ -52.0173268, -29.4282961 ], [ -52.0171931, -29.4283891 ], [ -52.0169042, -29.42860550000001 ], [ -52.0165361, -29.4288567 ], [ -52.0161887, -29.4291008 ], [ -52.0159078, -29.4292859 ], [ -52.0155182, -29.4295417 ], [ -52.0149138, -29.4299772 ], [ -52.0141687, -29.4304441 ], [ -52.0140389, -29.4305233 ], [ -52.0137347, -29.4307088 ], [ -52.0135558, -29.4308179 ], [ -52.0131191, -29.4310635 ], [ -52.0129743, -29.4311395 ], [ -52.0126918, -29.4312851 ], [ -52.0124381, -29.4314174 ], [ -52.0122818, -29.4314989 ], [ -52.0121288, -29.4315787 ], [ -52.0119459, -29.4316741 ], [ -52.0114335, -29.4319257 ], [ -52.0116597, -29.4336223 ], [ -52.0119025, -29.4354595 ], [ -52.0121152, -29.4371882 ], [ -52.0121009, -29.4373272 ], [ -52.0124369, -29.4391941 ], [ -52.0124788, -29.4398505 ], [ -52.0125621, -29.4404949 ], [ -52.0126609, -29.4411666 ], [ -52.0127316, -29.441824 ], [ -52.0128325, -29.4424931 ], [ -52.0129139, -29.4431782 ], [ -52.0129975, -29.4438286 ], [ -52.0131524, -29.4444235 ], [ -52.0132238, -29.4446149 ], [ -52.0133295, -29.4453591 ], [ -52.0134341, -29.4460518 ], [ -52.0135269, -29.4467128 ], [ -52.0136184, -29.4473752 ], [ -52.0136833, -29.4479876 ], [ -52.0136927, -29.4480783 ], [ -52.0181273, -29.4477226 ], [ -52.0196744, -29.4475676 ], [ -52.0225148, -29.4473673 ], [ -52.0226011, -29.447357 ], [ -52.0227823, -29.4473395 ], [ -52.0239262, -29.447183 ], [ -52.0245747, -29.4471153 ], [ -52.0253907, -29.447013599999988 ], [ -52.0261578, -29.4469121 ], [ -52.0267814, -29.4468572 ], [ -52.02722270000001, -29.446821 ], [ -52.027342, -29.4468467 ], [ -52.027912, -29.4467953 ], [ -52.0284726, -29.4467135 ], [ -52.0288212, -29.4466294 ], [ -52.030043, -29.4465027 ], [ -52.0305915, -29.4464426 ], [ -52.0316861, -29.4463122 ], [ -52.0327547, -29.4461822 ], [ -52.0333569, -29.4460957 ], [ -52.0345035, -29.4459392 ], [ -52.0353484, -29.4458411 ], [ -52.035685, -29.4457991 ], [ -52.0360833, -29.4457617 ], [ -52.0365856, -29.4457553 ], [ -52.037525, -29.4456566 ], [ -52.0377409, -29.4456473 ], [ -52.0380923, -29.4456076 ], [ -52.0387763, -29.4455165 ], [ -52.0395595, -29.4454417 ], [ -52.0402944, -29.445339 ], [ -52.0411849, -29.4452268 ], [ -52.0418125, -29.4451381 ], [ -52.0421294, -29.4451018 ], [ -52.0592697, -29.4428052 ], [ -52.0693421, -29.4415504 ], [ -52.0690558, -29.4327603 ], [ -52.0689377, -29.4326624 ], [ -52.0687277, -29.4326706 ], [ -52.0686319, -29.4327696 ], [ -52.0686122, -29.4330242 ], [ -52.0686454, -29.4330943 ], [ -52.0686936, -29.433281199999985 ], [ -52.068699, -29.4333746 ], [ -52.0686507, -29.4334634 ], [ -52.0685864, -29.4335475 ], [ -52.0684014, -29.433713 ], [ -52.0679963, -29.434075399999987 ], [ -52.0674706, -29.4344258 ], [ -52.0672292, -29.4347949 ], [ -52.0671594, -29.4350799 ], [ -52.0669395, -29.4354443 ], [ -52.0669019, -29.4356405 ], [ -52.0668322, -29.4357246 ], [ -52.066741, -29.4357854 ], [ -52.0665103, -29.4358414 ], [ -52.06612950000001, -29.4356172 ], [ -52.0658773, -29.4354116 ], [ -52.0657861, -29.4352341 ], [ -52.0657656, -29.4351401 ], [ -52.0656252, -29.4349724 ], [ -52.0653516, -29.4347902 ], [ -52.0651853, -29.4346501 ], [ -52.0651457, -29.4345924 ], [ -52.0648903, -29.4342203 ], [ -52.0648634, -29.4341268 ], [ -52.064622, -29.4338839 ], [ -52.0644504, -29.4337437 ], [ -52.0643431, -29.4336876 ], [ -52.0638496, -29.4334494 ], [ -52.0636404, -29.433384 ], [ -52.0632273, -29.4330289 ], [ -52.0631683, -29.4329495 ], [ -52.0631254, -29.4328514 ], [ -52.063238, -29.4324215 ], [ -52.0634955, -29.4319964 ], [ -52.0635599, -29.4317207 ], [ -52.0635921, -29.4309638 ], [ -52.063576, -29.4308704 ], [ -52.0635063, -29.43079560000001 ], [ -52.0632957, -29.430638 ], [ -52.0631361, -29.4305433 ], [ -52.062951, -29.4304293 ], [ -52.0628089, -29.4304172 ], [ -52.0621544, -29.4306555 ], [ -52.0618486, -29.43079560000001 ], [ -52.061618, -29.430819 ], [ -52.0615107, -29.4308003 ], [ -52.0613337, -29.4306882 ], [ -52.0610225, -29.430566699999986 ], [ -52.0608991, -29.430566699999986 ], [ -52.0606792, -29.4306087 ], [ -52.0605665, -29.4305807 ], [ -52.0602769, -29.4304359 ], [ -52.0602018, -29.4301602 ], [ -52.060234, -29.4298752 ], [ -52.0604593, -29.4295248 ], [ -52.0605505, -29.4293286 ], [ -52.0606738, -29.4291697 ], [ -52.0607972, -29.4289081 ], [ -52.0608562, -29.4288286 ], [ -52.061019, -29.4285211 ], [ -52.0610601, -29.428282 ], [ -52.0610923, -29.4280017 ], [ -52.0611244, -29.4279129 ], [ -52.0614839, -29.4275484 ], [ -52.0616394, -29.4274176 ], [ -52.0618486, -29.4271747 ], [ -52.0621169, -29.42697840000001 ], [ -52.0622885, -29.4268803 ], [ -52.0624226, -29.4267261 ], [ -52.0625782, -29.4264691 ], [ -52.0626372, -29.4262869 ], [ -52.0626265, -29.4261935 ], [ -52.0625782, -29.4261094 ], [ -52.0624977, -29.426044 ], [ -52.0624012, -29.4260019 ], [ -52.0622671, -29.4260019 ], [ -52.0620525, -29.4260486 ], [ -52.0616019, -29.4260486 ], [ -52.0608455, -29.4261561 ], [ -52.0602715, -29.4261281 ], [ -52.0599067, -29.4260813 ], [ -52.0591343, -29.4259318 ], [ -52.0583135, -29.4259225 ], [ -52.0578146, -29.4259785 ], [ -52.057702, -29.425964499999985 ], [ -52.0574015, -29.425829 ], [ -52.0570689, -29.4257636 ], [ -52.0585013, -29.4245535 ] ] ] } },
{ "type": "Feature", "properties": { "name": "Bom Pastor", "code_muni": 4311403.0, "name_muni": "Lajeado" }, "geometry": { "type": "Polygon", "coordinates": [ [ [ -51.9997095, -29.4492674 ], [ -52.002296, -29.4490396 ], [ -52.0060767, -29.4487068 ], [ -52.0062611, -29.448691499999985 ], [ -52.0087811, -29.4484828 ], [ -52.0136927, -29.4480783 ], [ -52.0136833, -29.4479876 ], [ -52.0136184, -29.4473752 ], [ -52.0135269, -29.4467128 ], [ -52.0134341, -29.4460518 ], [ -52.0133295, -29.4453591 ], [ -52.0132238, -29.4446149 ], [ -52.0131524, -29.4444235 ], [ -52.0129975, -29.4438286 ], [ -52.0129139, -29.4431782 ], [ -52.0128325, -29.4424931 ], [ -52.0127316, -29.441824 ], [ -52.0126609, -29.4411666 ], [ -52.0125621, -29.4404949 ], [ -52.0124788, -29.4398505 ], [ -52.0124369, -29.4391941 ], [ -52.0121009, -29.4373272 ], [ -52.0121152, -29.4371882 ], [ -52.0119025, -29.4354595 ], [ -52.0116597, -29.4336223 ], [ -52.0114335, -29.4319257 ], [ -52.0105595, -29.4323624 ], [ -52.0105125, -29.4323859 ], [ -52.0102293, -29.4325275 ], [ -52.0091879, -29.4330373 ], [ -52.0088689, -29.4332016 ], [ -52.0087838, -29.4332409 ], [ -52.0086795, -29.433287 ], [ -52.0083909, -29.4334119 ], [ -52.007922, -29.4335858 ], [ -52.0077604, -29.4336537 ], [ -52.00715, -29.433897 ], [ -52.0066169, -29.4340831 ], [ -52.0064655, -29.4341395 ], [ -52.0054978, -29.434361 ], [ -52.0048991, -29.4344615 ], [ -52.0040516, -29.4346022 ], [ -52.0037798, -29.4346489 ], [ -52.0009596, -29.4350782 ], [ -52.0005742, -29.435137 ], [ -52.0002471, -29.435187 ], [ -51.9994129, -29.4353347 ], [ -51.998959, -29.4354374 ], [ -51.9986277, -29.435541699999987 ], [ -51.9983621, -29.4356318 ], [ -51.9980907, -29.4357394 ], [ -51.9978216, -29.4358608 ], [ -51.9979101, -29.4360283 ], [ -51.9979563, -29.4363403 ], [ -51.9982779, -29.4386906 ], [ -51.9983767, -29.4394133 ], [ -51.9984741, -29.440125 ], [ -51.9985715, -29.4408371 ], [ -51.9986692, -29.4415512 ], [ -51.9987664, -29.4422617 ], [ -51.9988977, -29.443221199999989 ], [ -51.9989941, -29.4439264 ], [ -51.9997095, -29.4492674 ] ] ] } },
{ "type": "Feature", "properties": { "name": "Montanha", "code_muni": 4311403.0, "name_muni": "Lajeado" }, "geometry": { "type": "Polygon", "coordinates": [ [ [ -51.9896125, -29.4408454 ], [ -51.9895868, -29.4407283 ], [ -51.9893307, -29.4408523 ], [ -51.9891305, -29.4409493 ], [ -51.9888966, -29.4410467 ], [ -51.9888597, -29.4410674 ], [ -51.9875414, -29.4417499 ], [ -51.9870864, -29.4419675 ], [ -51.9868032, -29.4420962 ], [ -51.9866216, -29.4421747 ], [ -51.9859995, -29.442415199999985 ], [ -51.9854718, -29.4426251 ], [ -51.9833432, -29.443402 ], [ -51.9810066, -29.4442613 ], [ -51.9803801, -29.4444851 ], [ -51.9803189, -29.4444934 ], [ -51.9789201, -29.4450353 ], [ -51.9770211, -29.4457687 ], [ -51.9755539, -29.4463597 ], [ -51.9738963, -29.4472251 ], [ -51.9740322, -29.447440599999986 ], [ -51.9743824, -29.4477972 ], [ -51.9744818, -29.4479144 ], [ -51.9748038, -29.4483506 ], [ -51.9751717, -29.4487308 ], [ -51.9753777, -29.4489241 ], [ -51.9759054, -29.4493874 ], [ -51.9764161, -29.4497698 ], [ -51.9768546, -29.4500705 ], [ -51.9771823, -29.45027 ], [ -51.9777088, -29.4505472 ], [ -51.9786976, -29.451026 ], [ -51.9787813, -29.451065400000012 ], [ -51.9795017, -29.4514888 ], [ -51.9798064, -29.4516886 ], [ -51.9800776, -29.4518923 ], [ -51.9807909, -29.4525162 ], [ -51.9818772, -29.4535721 ], [ -51.9824338, -29.454149 ], [ -51.983132, -29.454879 ], [ -51.9834128, -29.4551229 ], [ -51.9837687, -29.4554648 ], [ -51.9839953, -29.4556825 ], [ -51.9847015, -29.4562623 ], [ -51.9854386, -29.456812099999986 ], [ -51.9856976, -29.4570052 ], [ -51.9865818, -29.4576647 ], [ -51.987146, -29.4580963 ], [ -51.987251, -29.457932499999988 ], [ -51.9920953, -29.457399 ], [ -51.9919959, -29.4568266 ], [ -51.9918953, -29.4563724 ], [ -51.991851, -29.4559742 ], [ -51.9918457, -29.4557266 ], [ -51.9918014, -29.4553097 ], [ -51.9917035, -29.454628899999985 ], [ -51.9916284, -29.4541723 ], [ -51.9915734, -29.4540123 ], [ -51.9914608, -29.4533899 ], [ -51.9913951, -29.4528889 ], [ -51.99130790000001, -29.4522315 ], [ -51.99132, -29.4520423 ], [ -51.9912556, -29.4515693 ], [ -51.991153, -29.45092 ], [ -51.9910444, -29.4502322 ], [ -51.9906526, -29.4481931 ], [ -51.9906163, -29.4479389 ], [ -51.9903397, -29.4460012 ], [ -51.9902311, -29.4452402 ], [ -51.9901711, -29.4448199 ], [ -51.989636, -29.4410717 ], [ -51.9896125, -29.4408454 ] ] ] } },
{ "type": "Feature", "properties": { "name": "Moinhos D'Água", "code_muni": 4311403.0, "name_muni": "Lajeado" }, "geometry": { "type": "Polygon", "coordinates": [ [ [ -52.0044681, -29.4599973 ], [ -52.0044918, -29.4599566 ], [ -52.0047912, -29.4592315 ], [ -52.0049152, -29.4591065 ], [ -52.0050892, -29.4590695 ], [ -52.0054052, -29.4592175 ], [ -52.0059212, -29.4592025 ], [ -52.0067362, -29.4589755 ], [ -52.0073422, -29.4586675 ], [ -52.0077172, -29.4585405 ], [ -52.0078942, -29.4585335 ], [ -52.0082801, -29.4586285 ], [ -52.0088122, -29.4590195 ], [ -52.0091942, -29.4595615 ], [ -52.0093932, -29.4597295 ], [ -52.0101042, -29.4599825 ], [ -52.01069420000001, -29.4599815 ], [ -52.0110052, -29.4599085 ], [ -52.0116302, -29.4596175 ], [ -52.0118562, -29.4596895 ], [ -52.0122842, -29.4601025 ], [ -52.0124792, -29.4601925 ], [ -52.0128052, -29.4601925 ], [ -52.0129692, -29.4601058 ], [ -52.0131532, -29.4600085 ], [ -52.0132942, -29.4597315 ], [ -52.0133112, -29.4592685 ], [ -52.0132872, -29.459064500000011 ], [ -52.0130462, -29.4585735 ], [ -52.0126542, -29.4584175 ], [ -52.0121182, -29.4581005 ], [ -52.0119302, -29.4578765 ], [ -52.0119002, -29.4577155 ], [ -52.0120032, -29.4573305 ], [ -52.0122672, -29.4569865 ], [ -52.0123902, -29.4569045 ], [ -52.0131442, -29.4567595 ], [ -52.0134232, -29.4567535 ], [ -52.0141172, -29.4565285 ], [ -52.0143342, -29.4564965 ], [ -52.0144492, -29.4565535 ], [ -52.0145562, -29.4567635 ], [ -52.0146132, -29.4574765 ], [ -52.0148802, -29.4580925 ], [ -52.0151352, -29.458199499999985 ], [ -52.0154222, -29.4582455 ], [ -52.0155252, -29.4582225 ], [ -52.0155322, -29.4579935 ], [ -52.0152772, -29.4574515 ], [ -52.0152192, -29.4571295 ], [ -52.0153492, -29.4564275 ], [ -52.0155892, -29.4560655 ], [ -52.0160622, -29.4554335 ], [ -52.0165772, -29.4549835 ], [ -52.0167412, -29.4548275 ], [ -52.0168482, -29.4547715 ], [ -52.0169592, -29.4547705 ], [ -52.01715020000001, -29.4548235 ], [ -52.0172752, -29.4548505 ], [ -52.0175692, -29.4550065 ], [ -52.0179322, -29.4553025 ], [ -52.0180192, -29.4554185 ], [ -52.0180842, -29.4555025 ], [ -52.0182442, -29.4555925 ], [ -52.01836320000001, -29.455615500000011 ], [ -52.0185302, -29.4555635 ], [ -52.0186112, -29.4554685 ], [ -52.0186182, -29.4553235 ], [ -52.0185952, -29.4551285 ], [ -52.0185572, -29.4548805 ], [ -52.0184662, -29.4546535 ], [ -52.01840820000001, -29.454546499999989 ], [ -52.0183662, -29.454369499999988 ], [ -52.01832120000001, -29.4542455 ], [ -52.0183132, -29.4540415 ], [ -52.0183742, -29.453888499999987 ], [ -52.0183892, -29.4538415 ], [ -52.0184392, -29.4537645 ], [ -52.0185532, -29.4536715 ], [ -52.0189462, -29.4531565 ], [ -52.0190302, -29.4530115 ], [ -52.0192172, -29.4528155 ], [ -52.0194352, -29.4525865 ], [ -52.0195832, -29.4523785 ], [ -52.0197212, -29.4520945 ], [ -52.0198852, -29.4518325 ], [ -52.0199842, -29.4517145 ], [ -52.0200642, -29.4517015 ], [ -52.0201902, -29.4517255 ], [ -52.0203202, -29.4518155 ], [ -52.0204572, -29.4519645 ], [ -52.0206292, -29.4520955 ], [ -52.0208692, -29.4522165 ], [ -52.0212122, -29.4522925 ], [ -52.0214792, -29.4523075 ], [ -52.0217422, -29.4523015 ], [ -52.0219262, -29.452305499999987 ], [ -52.0221202, -29.4523515 ], [ -52.0223222, -29.4524645 ], [ -52.0224632, -29.4525785 ], [ -52.0228262, -29.4529615 ], [ -52.0230322, -29.4531925 ], [ -52.0231962, -29.4534975 ], [ -52.0233562, -29.4537135 ], [ -52.0235012, -29.4538225 ], [ -52.0236882, -29.4538035 ], [ -52.0240202, -29.4537225 ], [ -52.0243142, -29.4536395 ], [ -52.0243522, -29.4536485 ], [ -52.0244552, -29.4537535 ], [ -52.0244702, -29.4538675 ], [ -52.0244662, -29.453978499999987 ], [ -52.0244322, -29.4540565 ], [ -52.0244172, -29.454129499999986 ], [ -52.0244362, -29.4541735 ], [ -52.0245002, -29.4541825 ], [ -52.0246872, -29.4541675 ], [ -52.0247452, -29.4541235 ], [ -52.0247982, -29.4539885 ], [ -52.0248132, -29.4538085 ], [ -52.0248482, -29.4537345 ], [ -52.0248822, -29.453686499999989 ], [ -52.0248932, -29.4535645 ], [ -52.0248782, -29.4534385 ], [ -52.0248862, -29.4533605 ], [ -52.0248512, -29.4532405 ], [ -52.0248402, -29.453166499999988 ], [ -52.0248782, -29.4530825 ], [ -52.0249432, -29.4529315 ], [ -52.0249962, -29.452898499999986 ], [ -52.0251492, -29.4528435 ], [ -52.0252332, -29.4528375 ], [ -52.0253172, -29.4528205 ], [ -52.0253862, -29.4527615 ], [ -52.0254122, -29.4526815 ], [ -52.0254012, -29.4525975 ], [ -52.0253402, -29.4525115 ], [ -52.0251832, -29.4523935 ], [ -52.0250352, -29.4523075 ], [ -52.0249242, -29.4522735 ], [ -52.0248782, -29.4522485 ], [ -52.0248234, -29.4522572 ], [ -52.024743, -29.4522245 ], [ -52.0245874, -29.4520937 ], [ -52.0245338, -29.4519068 ], [ -52.0245445, -29.4516172 ], [ -52.0245981, -29.4515285 ], [ -52.0250219, -29.45108 ], [ -52.0251185, -29.4510053 ], [ -52.0254672, -29.4509913 ], [ -52.0256871, -29.451047299999985 ], [ -52.0259117, -29.4511034 ], [ -52.0259718, -29.4511307 ], [ -52.0259257, -29.4510667 ], [ -52.0258547, -29.4508661 ], [ -52.0257159, -29.4506334 ], [ -52.0256156, -29.4504322 ], [ -52.0255822, -29.4503711 ], [ -52.0255404, -29.4502806 ], [ -52.0255104, -29.4502182 ], [ -52.0254862, -29.4501493 ], [ -52.0254709, -29.4500826 ], [ -52.0254588, -29.4500241 ], [ -52.0254319, -29.4498864 ], [ -52.0254, -29.4496965 ], [ -52.0253488, -29.4494528 ], [ -52.0253195, -29.4493672 ], [ -52.0252639, -29.4492045 ], [ -52.0251734, -29.4490506 ], [ -52.0250467, -29.4489475 ], [ -52.0249135, -29.4489062 ], [ -52.0247209, -29.4488466 ], [ -52.0243113, -29.4487057 ], [ -52.024232, -29.4486513 ], [ -52.0241869, -29.4485947 ], [ -52.0239799, -29.4482878 ], [ -52.0239007, -29.4480963 ], [ -52.023882, -29.4479129 ], [ -52.0239021, -29.4475707 ], [ -52.0239262, -29.447183 ], [ -52.0227823, -29.4473395 ], [ -52.0226011, -29.447357 ], [ -52.0225148, -29.4473673 ], [ -52.0196744, -29.4475676 ], [ -52.0181273, -29.4477226 ], [ -52.0136927, -29.4480783 ], [ -52.0087811, -29.4484828 ], [ -52.0062611, -29.448691499999985 ], [ -52.0060767, -29.4487068 ], [ -52.002296, -29.4490396 ], [ -52.0023036, -29.4490877 ], [ -52.0024021, -29.4497609 ], [ -52.002499, -29.4504232 ], [ -52.0025944, -29.4510748 ], [ -52.0026913, -29.451736599999986 ], [ -52.0028244, -29.4517246 ], [ -52.0029531, -29.45273 ], [ -52.0030662, -29.4536133 ], [ -52.0032333, -29.4549556 ], [ -52.0035806, -29.4549211 ], [ -52.0036724, -29.4555868 ], [ -52.0037726, -29.4562541 ], [ -52.0038461, -29.4569108 ], [ -52.0039281, -29.4575743 ], [ -52.0039309, -29.4576405 ], [ -52.0038271, -29.4576767 ], [ -52.0037922, -29.4576954 ], [ -52.0037264, -29.4577677 ], [ -52.0035079, -29.4581532 ], [ -52.0034717, -29.4582851 ], [ -52.0034596, -29.4584229 ], [ -52.0035135, -29.4591979 ], [ -52.0035017, -29.459435799999987 ], [ -52.003442, -29.4596677 ], [ -52.0031693, -29.460334599999985 ], [ -52.0038357, -29.4600492 ], [ -52.0039692, -29.4599964 ], [ -52.0041065, -29.45997 ], [ -52.0042915, -29.4599728 ], [ -52.0044564, -29.4599956 ], [ -52.0044681, -29.4599973 ] ] ] } },
{ "type": "Feature", "properties": { "name": "Jardim do Cedro", "code_muni": 4311403.0, "name_muni": "Lajeado" }, "geometry": { "type": "Polygon", "coordinates": [ [ [ -51.9960416, -29.4775211 ], [ -51.9960249, -29.4773489 ], [ -51.9960159, -29.4771822 ], [ -51.9960185, -29.4770606 ], [ -51.9960194, -29.4769252 ], [ -51.996029900000011, -29.4767461 ], [ -51.9960436, -29.4765742 ], [ -51.9960671, -29.4764147 ], [ -51.9960939, -29.4762653 ], [ -51.9961148, -29.4761009 ], [ -51.9961502, -29.4758333 ], [ -51.9961867, -29.4755856 ], [ -51.9962114, -29.4754225 ], [ -51.9962422, -29.4752132 ], [ -51.9962731, -29.4750662 ], [ -51.9962789, -29.4750196 ], [ -51.9962888, -29.4749626 ], [ -51.9962953, -29.474919699999987 ], [ -51.9963022, -29.474879 ], [ -51.9963614, -29.4744709 ], [ -51.9964366, -29.4740793 ], [ -51.9965089, -29.4736948 ], [ -51.9965544, -29.4733644 ], [ -51.9965744, -29.4731155 ], [ -51.9965746, -29.4729418 ], [ -51.9965575, -29.472753499999989 ], [ -51.9965451, -29.4725935 ], [ -51.9965158, -29.4724449 ], [ -51.996462, -29.4722618 ], [ -51.9964108, -29.4721126 ], [ -51.9963461, -29.4719626 ], [ -51.9962811, -29.4718174 ], [ -51.9961803, -29.4716267 ], [ -51.9961002, -29.4714692 ], [ -51.9959892, -29.4712595 ], [ -51.9958447, -29.4709815 ], [ -51.9957344, -29.4707695 ], [ -51.9956276, -29.4705471 ], [ -51.9955659, -29.4703961 ], [ -51.9955086, -29.4702496 ], [ -51.9954573, -29.470081 ], [ -51.9954227, -29.469942 ], [ -51.9953899, -29.4697981 ], [ -51.9953543, -29.4696109 ], [ -51.9953371, -29.4694838 ], [ -51.9953159, -29.4692758 ], [ -51.995303, -29.4690514 ], [ -51.9952878, -29.4688061 ], [ -51.9952626, -29.468424 ], [ -51.995239, -29.4678754 ], [ -51.9951885, -29.4672018 ], [ -51.9951636, -29.4668278 ], [ -51.9952655, -29.4664378 ], [ -51.9944769, -29.4651943 ], [ -51.9939215, -29.4645424 ], [ -51.9937115, -29.4642936 ], [ -51.9934133, -29.4639471 ], [ -51.9933651, -29.4639887 ], [ -51.9927898, -29.4641667 ], [ -51.9918488, -29.464817700000012 ], [ -51.9912428, -29.4651227 ], [ -51.9910768, -29.4653547 ], [ -51.9909288, -29.4657897 ], [ -51.9908058, -29.4659257 ], [ -51.9907396, -29.4662028 ], [ -51.9908956, -29.466378800000012 ], [ -51.9909366, -29.4665538 ], [ -51.990837, -29.4666412 ], [ -51.9903746, -29.467046799999988 ], [ -51.9902267, -29.4671383 ], [ -51.9898896, -29.4673468 ], [ -51.9897416, -29.4673508 ], [ -51.9893036, -29.4670168 ], [ -51.9889976, -29.4664918 ], [ -51.9888286, -29.4664428 ], [ -51.9884784, -29.4665022 ], [ -51.987738, -29.4665094 ], [ -51.987285, -29.4664774 ], [ -51.98692, -29.4663924 ], [ -51.986822, -29.466415399999988 ], [ -51.986747, -29.4664894 ], [ -51.98673, -29.4665874 ], [ -51.986868, -29.4670304 ], [ -51.986993, -29.4671674 ], [ -51.9870101, -29.4672674 ], [ -51.98736430000001, -29.4676424 ], [ -51.9875124, -29.4678215 ], [ -51.9875364, -29.4679705 ], [ -51.9877364, -29.4682795 ], [ -51.9878034, -29.4687475 ], [ -51.9877054, -29.4694705 ], [ -51.987488, -29.4697306 ], [ -51.9872099, -29.4698004 ], [ -51.9870904, -29.469745499999984 ], [ -51.9868134, -29.4695535 ], [ -51.9863194, -29.4688205 ], [ -51.9862574, -29.4688075 ], [ -51.9861634, -29.4688765 ], [ -51.9859577, -29.4690801 ], [ -51.9854847, -29.4693281 ], [ -51.9852687, -29.4693231 ], [ -51.9849577, -29.4692471 ], [ -51.9846957, -29.4691351 ], [ -51.9844237, -29.4687831 ], [ -51.9842867, -29.4679401 ], [ -51.9840517, -29.4672291 ], [ -51.9833617, -29.466087099999989 ], [ -51.9831597, -29.4660001 ], [ -51.9827297, -29.4659991 ], [ -51.9825917, -29.4660691 ], [ -51.9825257, -29.4661081 ], [ -51.9824804, -29.4661705 ], [ -51.9824394, -29.4662385 ], [ -51.9824114, -29.4662745 ], [ -51.9821654, -29.46646350000001 ], [ -51.9820674, -29.4665185 ], [ -51.9817074, -29.4666575 ], [ -51.9815964, -29.4667315 ], [ -51.9815354, -29.4667985 ], [ -51.9815174, -29.4668215 ], [ -51.9814744, -29.4670065 ], [ -51.9814704, -29.4670405 ], [ -51.9815054, -29.4674715 ], [ -51.9815444, -29.4676615 ], [ -51.9815764, -29.4677415 ], [ -51.9817334, -29.4680105 ], [ -51.9817404, -29.4680405 ], [ -51.9817124, -29.4683235 ], [ -51.9817424, -29.4686895 ], [ -51.9817464, -29.4687285 ], [ -51.9817277, -29.4687718 ], [ -51.9816954, -29.468815 ], [ -51.9815514, -29.4689668 ], [ -51.9811336, -29.469233099999986 ], [ -51.9808084, -29.469567 ], [ -51.9806045, -29.4697141 ], [ -51.9803658, -29.4697818 ], [ -51.9801003, -29.4697982 ], [ -51.9799474, -29.4696837 ], [ -51.9796443, -29.4693171 ], [ -51.9793922, -29.4688057 ], [ -51.979195, -29.46855 ], [ -51.9789791, -29.4684076 ], [ -51.9785365, -29.4683679 ], [ -51.9782975, -29.4684547 ], [ -51.981253, -29.4756609 ], [ -51.9813326, -29.4759675 ], [ -51.9814182, -29.476237900000012 ], [ -51.9815982, -29.4766961 ], [ -51.9820502, -29.477935 ], [ -51.9822934, -29.4785119 ], [ -51.9815438, -29.4787262 ], [ -51.9808019, -29.4789358 ], [ -51.9810047, -29.4794367 ], [ -51.9812163, -29.4799596 ], [ -51.9819443, -29.4818387 ], [ -51.9960538, -29.4776948 ], [ -51.9960416, -29.4775211 ] ] ] } },
{ "type": "Feature", "properties": { "name": "Nações", "code_muni": 4311403.0, "name_muni": "Lajeado" }, "geometry": { "type": "Polygon", "coordinates": [ [ [ -51.9893017, -29.4933029 ], [ -51.9893383, -29.4932956 ], [ -51.9895121, -29.49332 ], [ -51.9905502, -29.4935114 ], [ -51.9910061, -29.4935744 ], [ -51.9910986, -29.4935572 ], [ -51.9917759, -29.4934309 ], [ -51.9941738, -29.492825 ], [ -51.995582, -29.4924889 ], [ -51.9959644, -29.4924091 ], [ -51.996506, -29.4922962 ], [ -51.9967943, -29.492204 ], [ -51.996903, -29.4921351 ], [ -51.9969848, -29.4920342 ], [ -51.9970941, -29.4918153 ], [ -51.9971524, -29.4918013 ], [ -51.9972745, -29.4917984 ], [ -51.9976124, -29.4918585 ], [ -51.9980738, -29.491888800000016 ], [ -51.9986343, -29.4917861 ], [ -51.998983, -29.4916997 ], [ -52.0004314, -29.4913378 ], [ -52.000847955980838, -29.491222336588205 ], [ -52.000614533162555, -29.490583028037111 ], [ -52.0002168, -29.4901728 ], [ -52.0000532, -29.4899674 ], [ -51.9997998, -29.4895553 ], [ -51.9996496, -29.48933 ], [ -51.9992016, -29.4879712 ], [ -51.9988006, -29.4867723 ], [ -51.9987269, -29.4866614 ], [ -51.998053, -29.4874861 ], [ -51.9978637, -29.4876152 ], [ -51.9979155, -29.4872725 ], [ -51.9979826, -29.4868575 ], [ -51.9980188, -29.4865902 ], [ -51.9980952, -29.4861571 ], [ -51.9981467, -29.4856299 ], [ -51.997878, -29.4858547 ], [ -51.9976714, -29.4861022 ], [ -51.997477, -29.4863077 ], [ -51.9973227, -29.4864151 ], [ -51.997017, -29.4865411 ], [ -51.9949329, -29.4870303 ], [ -51.9947545, -29.4870536 ], [ -51.9942114, -29.4871855 ], [ -51.9938204, -29.487282400000012 ], [ -51.9936106, -29.487396799999988 ], [ -51.9929092, -29.48800390000001 ], [ -51.9920616, -29.4891035 ], [ -51.9919637, -29.4893498 ], [ -51.9916163, -29.4903059 ], [ -51.9913723, -29.4907507 ], [ -51.9912542, -29.4909164 ], [ -51.9910812, -29.4910075 ], [ -51.9908968, -29.4910483 ], [ -51.9907077, -29.491090899999989 ], [ -51.9904878, -29.4911388 ], [ -51.9903222, -29.4911598 ], [ -51.9902169, -29.491161 ], [ -51.9900352, -29.4911499 ], [ -51.9897924, -29.4911032 ], [ -51.9895698, -29.4910378 ], [ -51.9894022, -29.4909783 ], [ -51.9890757, -29.4908609 ], [ -51.9888429, -29.4907647 ], [ -51.9885224, -29.4909573 ], [ -51.9883172, -29.4910367 ], [ -51.9880047, -29.4911032 ], [ -51.9876815, -29.4911674 ], [ -51.9874871, -29.4912024 ], [ -51.9872645, -29.4912503 ], [ -51.987074, -29.4912981 ], [ -51.9870056, -29.4913378 ], [ -51.9869667, -29.4913997 ], [ -51.9869573, -29.4914697 ], [ -51.986948, -29.4915795 ], [ -51.9869547, -29.4916775 ], [ -51.9869775, -29.4917896 ], [ -51.9870271, -29.4919449 ], [ -51.9870552, -29.4921211 ], [ -51.9871169, -29.4923487 ], [ -51.9871478, -29.4925157 ], [ -51.9871196, -29.4926733 ], [ -51.98707, -29.4927713 ], [ -51.9869936, -29.4928554 ], [ -51.9869278, -29.492911399999986 ], [ -51.9868461, -29.492957600000011 ], [ -51.9868963, -29.4930941 ], [ -51.986958, -29.4932569 ], [ -51.9870063, -29.493341 ], [ -51.987064, -29.4934198 ], [ -51.9871096, -29.4934682 ], [ -51.9872405, -29.4935571 ], [ -51.98740930000001, -29.4935849 ], [ -51.9877003, -29.4935838 ], [ -51.9880705, -29.493518399999989 ], [ -51.9888952, -29.4933281 ], [ -51.9891091, -29.4932949 ], [ -51.9892744, -29.4932875 ], [ -51.9893017, -29.4933029 ] ] ] } },
{ "type": "Feature", "properties": { "name": "Morro Vinte e Cinco", "code_muni": 4311403.0, "name_muni": "Lajeado" }, "geometry": { "type": "Polygon", "coordinates": [ [ [ -51.9774786, -29.4947391 ], [ -51.9781202, -29.494586 ], [ -51.9791289, -29.4943373 ], [ -51.9801318, -29.4941026 ], [ -51.9803878, -29.4940421 ], [ -51.9810378, -29.4938885 ], [ -51.9819282, -29.4936818 ], [ -51.9822755, -29.4936013 ], [ -51.9829501, -29.4934519 ], [ -51.983565, -29.4932686 ], [ -51.9841772, -29.4931037 ], [ -51.9848263, -29.4929371 ], [ -51.9849028, -29.4929178 ], [ -51.9850932, -29.492874 ], [ -51.9853909, -29.4928367 ], [ -51.9855492, -29.4928379 ], [ -51.9860194, -29.4928569 ], [ -51.9867032, -29.4928997 ], [ -51.9868008, -29.4929239 ], [ -51.9868461, -29.492957600000011 ], [ -51.9869278, -29.492911399999986 ], [ -51.9869936, -29.4928554 ], [ -51.98707, -29.4927713 ], [ -51.9871196, -29.4926733 ], [ -51.9871478, -29.4925157 ], [ -51.9871169, -29.4923487 ], [ -51.9870552, -29.4921211 ], [ -51.9870271, -29.4919449 ], [ -51.9869775, -29.4917896 ], [ -51.9869547, -29.4916775 ], [ -51.986948, -29.4915795 ], [ -51.9869573, -29.4914697 ], [ -51.9869667, -29.4913997 ], [ -51.9870056, -29.4913378 ], [ -51.987074, -29.4912981 ], [ -51.9872645, -29.4912503 ], [ -51.9874871, -29.4912024 ], [ -51.9876815, -29.4911674 ], [ -51.9880047, -29.4911032 ], [ -51.9883172, -29.4910367 ], [ -51.9885224, -29.4909573 ], [ -51.9888429, -29.4907647 ], [ -51.9885962, -29.4906012 ], [ -51.9883803, -29.4904565 ], [ -51.9881563, -29.4903141 ], [ -51.9879913, -29.4901775 ], [ -51.9878545, -29.4900946 ], [ -51.9877486, -29.4900634 ], [ -51.9874576, -29.4899989 ], [ -51.987133, -29.489937 ], [ -51.9869541, -29.489892499999986 ], [ -51.9866247, -29.4898395 ], [ -51.9863096, -29.4897724 ], [ -51.9860722, -29.4897281 ], [ -51.9859354, -29.489682 ], [ -51.9858221, -29.4896224 ], [ -51.9857443, -29.4895664 ], [ -51.9856028, -29.4894578 ], [ -51.9854862, -29.489362100000012 ], [ -51.9853185, -29.489203899999989 ], [ -51.9852729, -29.4891642 ], [ -51.985171, -29.4890125 ], [ -51.985065, -29.4888397 ], [ -51.9848505, -29.4884615 ], [ -51.9847707, -29.4883897 ], [ -51.9846842, -29.4883453 ], [ -51.9845715, -29.4883156 ], [ -51.9844294, -29.4882934 ], [ -51.9842859, -29.4882875 ], [ -51.9833082, -29.4882794 ], [ -51.9830494, -29.4882659 ], [ -51.978042488242224, -29.487967687031755 ], [ -51.978137402999891, -29.48821916 ], [ -51.977979794143032, -29.488371431215882 ], [ -51.977922, -29.4888606 ], [ -51.9762858, -29.4910308 ], [ -51.971662954600085, -29.494473820698765 ], [ -51.970995721388164, -29.495118342611381 ], [ -51.9694814, -29.4971342 ], [ -51.969552613944877, -29.497591092803795 ], [ -51.969612837126775, -29.497768473884953 ], [ -51.9708406, -29.4970743 ], [ -51.9732064, -29.4957453 ], [ -51.9737606, -29.4956151 ], [ -51.9746516, -29.4954058 ], [ -51.9753219, -29.4952483 ], [ -51.9774786, -29.4947391 ] ] ] } },
{ "type": "Feature", "properties": { "name": "Santo Antônio", "code_muni": 4311403.0, "name_muni": "Lajeado" }, "geometry": { "type": "Polygon", "coordinates": [ [ [ -51.9781704, -29.4867574 ], [ -51.978031067973696, -29.487937429380704 ], [ -51.978042488242224, -29.487967687031755 ], [ -51.9830494, -29.4882659 ], [ -51.9833082, -29.4882794 ], [ -51.9842859, -29.4882875 ], [ -51.9844294, -29.4882934 ], [ -51.9845715, -29.4883156 ], [ -51.9846842, -29.4883453 ], [ -51.9847707, -29.4883897 ], [ -51.9848505, -29.4884615 ], [ -51.985065, -29.4888397 ], [ -51.985171, -29.4890125 ], [ -51.9852729, -29.4891642 ], [ -51.9853185, -29.489203899999989 ], [ -51.9854862, -29.489362100000012 ], [ -51.9856028, -29.4894578 ], [ -51.9857443, -29.4895664 ], [ -51.9858221, -29.4896224 ], [ -51.9859354, -29.489682 ], [ -51.9860722, -29.4897281 ], [ -51.9863096, -29.4897724 ], [ -51.9866247, -29.4898395 ], [ -51.9869541, -29.489892499999986 ], [ -51.987133, -29.489937 ], [ -51.9874576, -29.4899989 ], [ -51.9877486, -29.4900634 ], [ -51.9878545, -29.4900946 ], [ -51.9879913, -29.4901775 ], [ -51.9881563, -29.4903141 ], [ -51.9883803, -29.4904565 ], [ -51.9885962, -29.4906012 ], [ -51.9888429, -29.4907647 ], [ -51.9890757, -29.4908609 ], [ -51.9894022, -29.4909783 ], [ -51.9895698, -29.4910378 ], [ -51.9897924, -29.4911032 ], [ -51.9900352, -29.4911499 ], [ -51.9902169, -29.491161 ], [ -51.9903222, -29.4911598 ], [ -51.9904878, -29.4911388 ], [ -51.9907077, -29.491090899999989 ], [ -51.9908968, -29.4910483 ], [ -51.9910812, -29.4910075 ], [ -51.9912542, -29.4909164 ], [ -51.9913723, -29.4907507 ], [ -51.9916163, -29.4903059 ], [ -51.9919637, -29.4893498 ], [ -51.9920616, -29.4891035 ], [ -51.9929092, -29.48800390000001 ], [ -51.9936106, -29.487396799999988 ], [ -51.9938204, -29.487282400000012 ], [ -51.9942114, -29.4871855 ], [ -51.9947545, -29.4870536 ], [ -51.9949329, -29.4870303 ], [ -51.997017, -29.4865411 ], [ -51.9973227, -29.4864151 ], [ -51.997477, -29.4863077 ], [ -51.9976714, -29.4861022 ], [ -51.997878, -29.4858547 ], [ -51.9981467, -29.4856299 ], [ -51.998173, -29.4854193 ], [ -51.9982186, -29.484985 ], [ -51.9982293, -29.484671 ], [ -51.9982146, -29.4843943 ], [ -51.9981878, -29.484149099999989 ], [ -51.9981185, -29.483838 ], [ -51.9980706, -29.483606 ], [ -51.9980023, -29.4833864 ], [ -51.9979693, -29.4832832 ], [ -51.9979265, -29.4831491 ], [ -51.9978695, -29.4829495 ], [ -51.9977784, -29.4827313 ], [ -51.9976623, -29.4824182 ], [ -51.9974775, -29.4819387 ], [ -51.9972018, -29.4811899 ], [ -51.9969229, -29.4804573 ], [ -51.9967341, -29.4799291 ], [ -51.9965267, -29.4793784 ], [ -51.9963453, -29.4788851 ], [ -51.9962708, -29.4786577 ], [ -51.9961891, -29.4784108 ], [ -51.9961362, -29.4781982 ], [ -51.9960871, -29.4778974 ], [ -51.9960538, -29.4776948 ], [ -51.9819443, -29.4818387 ], [ -51.976645, -29.4837326 ], [ -51.9781704, -29.4867574 ] ] ] } },
{ "type": "Feature", "properties": { "name": "Conservas", "code_muni": 4311403.0, "name_muni": "Lajeado" }, "geometry": { "type": "Polygon", "coordinates": [ [ [ -51.9782975, -29.4684547 ], [ -51.977984, -29.4685687 ], [ -51.9771995, -29.4687859 ], [ -51.9770157, -29.4689844 ], [ -51.9769648, -29.4691186 ], [ -51.976887, -29.4694502 ], [ -51.9768159, -29.4698694 ], [ -51.9767837, -29.4707334 ], [ -51.9768307, -29.471288 ], [ -51.9768816, -29.47172 ], [ -51.9768548, -29.4718858 ], [ -51.9767126, -29.4719909 ], [ -51.9764337, -29.4720889 ], [ -51.9762594, -29.4721823 ], [ -51.9760636, -29.472556 ], [ -51.9758248, -29.472981 ], [ -51.9755459, -29.473382599999987 ], [ -51.975216, -29.4735647 ], [ -51.9748271, -29.4736418 ], [ -51.9744676, -29.4736254 ], [ -51.9738534, -29.4735974 ], [ -51.972684, -29.4732635 ], [ -51.972236, -29.4732121 ], [ -51.9719142, -29.4731864 ], [ -51.9712222, -29.4728829 ], [ -51.9711551, -29.4728759 ], [ -51.9708923, -29.473137399999988 ], [ -51.9705355, -29.473387299999988 ], [ -51.969670393731036, -29.474453170514369 ], [ -51.969821867006708, -29.474584942185643 ], [ -51.970754, -29.4751376 ], [ -51.9731693, -29.4769689 ], [ -51.9741141601367, -29.478318733448265 ], [ -51.97454119199989, -29.478690178 ], [ -51.974736538126287, -29.47920784283064 ], [ -51.9748595, -29.4793835 ], [ -51.975195, -29.4798628 ], [ -51.976645, -29.4837326 ], [ -51.9819443, -29.4818387 ], [ -51.9812163, -29.4799596 ], [ -51.9810047, -29.4794367 ], [ -51.9808019, -29.4789358 ], [ -51.9815438, -29.4787262 ], [ -51.9822934, -29.4785119 ], [ -51.9820502, -29.477935 ], [ -51.9815982, -29.4766961 ], [ -51.9814182, -29.476237900000012 ], [ -51.9813326, -29.4759675 ], [ -51.981253, -29.4756609 ], [ -51.9782975, -29.4684547 ] ] ] } },
{ "type": "Feature", "properties": { "name": "Moinhos", "code_muni": 4311403.0, "name_muni": "Lajeado" }, "geometry": { "type": "Polygon", "coordinates": [ [ [ -51.9785365, -29.4683679 ], [ -51.9789791, -29.4684076 ], [ -51.979195, -29.46855 ], [ -51.9793922, -29.4688057 ], [ -51.9796443, -29.4693171 ], [ -51.9799474, -29.4696837 ], [ -51.9801003, -29.4697982 ], [ -51.9803658, -29.4697818 ], [ -51.9806045, -29.4697141 ], [ -51.9808084, -29.469567 ], [ -51.9811336, -29.469233099999986 ], [ -51.9815514, -29.4689668 ], [ -51.9816954, -29.468815 ], [ -51.9817277, -29.4687718 ], [ -51.9817464, -29.4687285 ], [ -51.9817424, -29.4686895 ], [ -51.9817124, -29.4683235 ], [ -51.9817404, -29.4680405 ], [ -51.9817334, -29.4680105 ], [ -51.9815764, -29.4677415 ], [ -51.9815444, -29.4676615 ], [ -51.9815054, -29.4674715 ], [ -51.9814704, -29.4670405 ], [ -51.9814744, -29.4670065 ], [ -51.9815174, -29.4668215 ], [ -51.9815354, -29.4667985 ], [ -51.9815964, -29.4667315 ], [ -51.9817074, -29.4666575 ], [ -51.9820674, -29.4665185 ], [ -51.9821654, -29.46646350000001 ], [ -51.9824114, -29.4662745 ], [ -51.9824394, -29.4662385 ], [ -51.9824804, -29.4661705 ], [ -51.9825257, -29.4661081 ], [ -51.9825917, -29.4660691 ], [ -51.9827297, -29.4659991 ], [ -51.9831597, -29.4660001 ], [ -51.9833617, -29.466087099999989 ], [ -51.9840517, -29.4672291 ], [ -51.9842867, -29.4679401 ], [ -51.9844237, -29.4687831 ], [ -51.9846957, -29.4691351 ], [ -51.9849577, -29.4692471 ], [ -51.9852687, -29.4693231 ], [ -51.9854847, -29.4693281 ], [ -51.9859577, -29.4690801 ], [ -51.9861634, -29.4688765 ], [ -51.9862574, -29.4688075 ], [ -51.9863194, -29.4688205 ], [ -51.9868134, -29.4695535 ], [ -51.9870904, -29.469745499999984 ], [ -51.9872099, -29.4698004 ], [ -51.987488, -29.4697306 ], [ -51.9877054, -29.4694705 ], [ -51.9878034, -29.4687475 ], [ -51.9877364, -29.4682795 ], [ -51.9875364, -29.4679705 ], [ -51.9875124, -29.4678215 ], [ -51.98736430000001, -29.4676424 ], [ -51.9870101, -29.4672674 ], [ -51.986993, -29.4671674 ], [ -51.986868, -29.4670304 ], [ -51.98673, -29.4665874 ], [ -51.986747, -29.4664894 ], [ -51.986822, -29.466415399999988 ], [ -51.98692, -29.4663924 ], [ -51.987285, -29.4664774 ], [ -51.987738, -29.4665094 ], [ -51.9884784, -29.4665022 ], [ -51.9888286, -29.4664428 ], [ -51.9889976, -29.4664918 ], [ -51.9893036, -29.4670168 ], [ -51.9897416, -29.4673508 ], [ -51.9898896, -29.4673468 ], [ -51.9902267, -29.4671383 ], [ -51.9903746, -29.467046799999988 ], [ -51.990837, -29.4666412 ], [ -51.9909366, -29.4665538 ], [ -51.9908956, -29.466378800000012 ], [ -51.9907396, -29.4662028 ], [ -51.9908058, -29.4659257 ], [ -51.9909288, -29.4657897 ], [ -51.9910768, -29.4653547 ], [ -51.9912428, -29.4651227 ], [ -51.9918488, -29.464817700000012 ], [ -51.9927898, -29.4641667 ], [ -51.9933651, -29.4639887 ], [ -51.9934133, -29.4639471 ], [ -51.993185, -29.4636948 ], [ -51.99248, -29.4628741 ], [ -51.9916123, -29.4619167 ], [ -51.9906239, -29.4608529 ], [ -51.9901277, -29.46038 ], [ -51.9900361, -29.4602996 ], [ -51.9899407, -29.460214 ], [ -51.9896304, -29.4599562 ], [ -51.9892817, -29.4596881 ], [ -51.9887249, -29.4592638 ], [ -51.9883365, -29.4589714 ], [ -51.9880061, -29.4587172 ], [ -51.9872841, -29.458196 ], [ -51.987146, -29.4580963 ], [ -51.9865818, -29.4576647 ], [ -51.9856976, -29.4570052 ], [ -51.9854386, -29.456812099999986 ], [ -51.9847015, -29.4562623 ], [ -51.9839953, -29.4556825 ], [ -51.9837687, -29.4554648 ], [ -51.9834128, -29.4551229 ], [ -51.983132, -29.454879 ], [ -51.9824338, -29.454149 ], [ -51.9818772, -29.4535721 ], [ -51.9807909, -29.4525162 ], [ -51.9800776, -29.4518923 ], [ -51.9798064, -29.4516886 ], [ -51.9795017, -29.4514888 ], [ -51.9792092, -29.4516685 ], [ -51.9789201, -29.4518461 ], [ -51.9795893, -29.4580632 ], [ -51.9772539, -29.458357 ], [ -51.9763606, -29.458405800000012 ], [ -51.9762855, -29.45841 ], [ -51.9762199, -29.4584114 ], [ -51.97614, -29.4584137 ], [ -51.9754784, -29.4584327 ], [ -51.9746405, -29.4585056 ], [ -51.9738846, -29.4585783 ], [ -51.9731636, -29.458661899999985 ], [ -51.9722521, -29.4587435 ], [ -51.9724612, -29.4602812 ], [ -51.9725311, -29.4609449 ], [ -51.9726019, -29.4616119 ], [ -51.9727024, -29.4622899 ], [ -51.9727882, -29.4630559 ], [ -51.9728064, -29.4632112 ], [ -51.9721797, -29.4635047 ], [ -51.9711846, -29.4638737 ], [ -51.971072, -29.4638737 ], [ -51.9709486, -29.4637756 ], [ -51.9707179, -29.464009099999984 ], [ -51.9706214, -29.4641913 ], [ -51.9702968, -29.4646583 ], [ -51.9700742, -29.4647704 ], [ -51.9699535, -29.4650086 ], [ -51.9699508, -29.4653799 ], [ -51.9696128, -29.4656391 ], [ -51.9694653, -29.4659054 ], [ -51.9693795, -29.4659707 ], [ -51.9692776, -29.4660104 ], [ -51.9691113, -29.4659918 ], [ -51.968945, -29.4660315 ], [ -51.9688752, -29.4661622 ], [ -51.9688565, -29.466260299999988 ], [ -51.9687814, -29.46646350000001 ], [ -51.9686446, -29.466627 ], [ -51.9685882, -29.4667297 ], [ -51.96854, -29.4670146 ], [ -51.9686338, -29.467101 ], [ -51.9687358, -29.4671477 ], [ -51.9689503, -29.4671968 ], [ -51.9690576, -29.4672365 ], [ -51.9694653, -29.4672925 ], [ -51.969704, -29.467376600000012 ], [ -51.9698998, -29.4676288 ], [ -51.9700983, -29.4677922 ], [ -51.9704792, -29.4679954 ], [ -51.970565, -29.4680608 ], [ -51.9706267, -29.4681799 ], [ -51.9708091, -29.4684181 ], [ -51.9711042, -29.4686469 ], [ -51.9711256, -29.4688758 ], [ -51.9710881, -29.4689738 ], [ -51.9709754, -29.4691513 ], [ -51.9709486, -29.4692447 ], [ -51.9709593, -29.469342799999989 ], [ -51.970852, -29.4696791 ], [ -51.9706535, -29.4699593 ], [ -51.9707018, -29.470048 ], [ -51.9709057, -29.4701134 ], [ -51.9709808, -29.4701928 ], [ -51.9709969, -29.4702909 ], [ -51.9709432, -29.4703796 ], [ -51.9707233, -29.4704123 ], [ -51.9706696, -29.4704964 ], [ -51.9708252, -29.4708513 ], [ -51.9708467, -29.4710428 ], [ -51.9710183, -29.4711689 ], [ -51.9711202, -29.4711736 ], [ -51.9712329, -29.4711409 ], [ -51.971367, -29.4710475 ], [ -51.971485, -29.471042799999985 ], [ -51.9716138, -29.4710708 ], [ -51.9716674, -29.4711549 ], [ -51.9715923, -29.4712296 ], [ -51.9714904, -29.4714071 ], [ -51.9714958, -29.4716032 ], [ -51.9715762, -29.47179 ], [ -51.9716674, -29.4718601 ], [ -51.9717318, -29.4719488 ], [ -51.9716728, -29.4720376 ], [ -51.9715548, -29.472135599999987 ], [ -51.9713402, -29.4721356 ], [ -51.9712544, -29.4721964 ], [ -51.9711578, -29.4723785 ], [ -51.9712973, -29.4725233 ], [ -51.9713187, -29.4726167 ], [ -51.9711524, -29.4727474 ], [ -51.9711551, -29.4728759 ], [ -51.9712222, -29.4728829 ], [ -51.9719142, -29.4731864 ], [ -51.972236, -29.4732121 ], [ -51.972684, -29.4732635 ], [ -51.9738534, -29.4735974 ], [ -51.9744676, -29.4736254 ], [ -51.9748271, -29.4736418 ], [ -51.975216, -29.4735647 ], [ -51.9755459, -29.473382599999987 ], [ -51.9758248, -29.472981 ], [ -51.9760636, -29.472556 ], [ -51.9762594, -29.4721823 ], [ -51.9764337, -29.4720889 ], [ -51.9767126, -29.4719909 ], [ -51.9768548, -29.4718858 ], [ -51.9768816, -29.47172 ], [ -51.9768307, -29.471288 ], [ -51.9767837, -29.4707334 ], [ -51.9768159, -29.4698694 ], [ -51.976887, -29.4694502 ], [ -51.9769648, -29.4691186 ], [ -51.9770157, -29.4689844 ], [ -51.9771995, -29.4687859 ], [ -51.977984, -29.4685687 ], [ -51.9782975, -29.4684547 ], [ -51.9785365, -29.4683679 ] ] ] } },
{ "type": "Feature", "properties": { "name": "Centro", "code_muni": 4311403.0, "name_muni": "Lajeado" }, "geometry": { "type": "Polygon", "coordinates": [ [ [ -51.9711524, -29.4727474 ], [ -51.9713187, -29.4726167 ], [ -51.9712973, -29.4725233 ], [ -51.9711578, -29.4723785 ], [ -51.9712544, -29.4721964 ], [ -51.9713402, -29.4721356 ], [ -51.9715548, -29.472135599999987 ], [ -51.9716728, -29.4720376 ], [ -51.9717318, -29.4719488 ], [ -51.9716674, -29.4718601 ], [ -51.9715762, -29.47179 ], [ -51.9714958, -29.4716032 ], [ -51.9714904, -29.4714071 ], [ -51.9715923, -29.4712296 ], [ -51.9716674, -29.4711549 ], [ -51.9716138, -29.4710708 ], [ -51.971485, -29.471042799999985 ], [ -51.971367, -29.4710475 ], [ -51.9712329, -29.4711409 ], [ -51.9711202, -29.4711736 ], [ -51.9710183, -29.4711689 ], [ -51.9708467, -29.4710428 ], [ -51.9708252, -29.4708513 ], [ -51.9706696, -29.4704964 ], [ -51.9707233, -29.4704123 ], [ -51.9709432, -29.4703796 ], [ -51.9709969, -29.4702909 ], [ -51.9709808, -29.4701928 ], [ -51.9709057, -29.4701134 ], [ -51.9707018, -29.470048 ], [ -51.9706535, -29.4699593 ], [ -51.970852, -29.4696791 ], [ -51.9709593, -29.469342799999989 ], [ -51.9709486, -29.4692447 ], [ -51.9709754, -29.4691513 ], [ -51.9710881, -29.4689738 ], [ -51.9711256, -29.4688758 ], [ -51.9711042, -29.4686469 ], [ -51.9708091, -29.4684181 ], [ -51.9706267, -29.4681799 ], [ -51.970565, -29.4680608 ], [ -51.9704792, -29.4679954 ], [ -51.9700983, -29.4677922 ], [ -51.9698998, -29.4676288 ], [ -51.969704, -29.467376600000012 ], [ -51.9694653, -29.4672925 ], [ -51.9690576, -29.4672365 ], [ -51.9689503, -29.4671968 ], [ -51.9687358, -29.4671477 ], [ -51.9686338, -29.467101 ], [ -51.96854, -29.4670146 ], [ -51.9685882, -29.4667297 ], [ -51.9686446, -29.466627 ], [ -51.9687814, -29.46646350000001 ], [ -51.9688565, -29.466260299999988 ], [ -51.9688752, -29.4661622 ], [ -51.968945, -29.4660315 ], [ -51.9691113, -29.4659918 ], [ -51.9692776, -29.4660104 ], [ -51.9693795, -29.4659707 ], [ -51.9694653, -29.4659054 ], [ -51.9696128, -29.4656391 ], [ -51.9699508, -29.4653799 ], [ -51.9699535, -29.4650086 ], [ -51.9700742, -29.4647704 ], [ -51.9702968, -29.4646583 ], [ -51.9706214, -29.4641913 ], [ -51.9707179, -29.464009099999984 ], [ -51.9709486, -29.4637756 ], [ -51.971072, -29.4638737 ], [ -51.9711846, -29.4638737 ], [ -51.9721797, -29.4635047 ], [ -51.9728064, -29.4632112 ], [ -51.9727882, -29.4630559 ], [ -51.9727024, -29.4622899 ], [ -51.9726019, -29.4616119 ], [ -51.9725311, -29.4609449 ], [ -51.9724612, -29.4602812 ], [ -51.9722521, -29.4587435 ], [ -51.972202, -29.4583331 ], [ -51.9721923, -29.4582541 ], [ -51.9721681, -29.4581549 ], [ -51.9721529, -29.458117 ], [ -51.9719707, -29.45830710000001 ], [ -51.9719429, -29.4582879 ], [ -51.9719008, -29.4582688 ], [ -51.9715923, -29.4581239 ], [ -51.9711771, -29.4579538 ], [ -51.9710194, -29.4578892 ], [ -51.970616, -29.4577409 ], [ -51.9703929, -29.4576829 ], [ -51.9702566, -29.4576475 ], [ -51.9699401, -29.4576148 ], [ -51.969468, -29.4576532 ], [ -51.969449, -29.4576544 ], [ -51.9674611, -29.4577817 ], [ -51.9673513, -29.4577898 ], [ -51.967408, -29.4584143 ], [ -51.9674117, -29.4584554 ], [ -51.9673522, -29.4584599 ], [ -51.9666762, -29.458503799999985 ], [ -51.9664639, -29.458542 ], [ -51.9663077, -29.4586175 ], [ -51.9662286, -29.4586801 ], [ -51.9660507, -29.458775299999989 ], [ -51.9657505, -29.4589645 ], [ -51.9655208, -29.4591633 ], [ -51.9651149, -29.4597211 ], [ -51.9647521, -29.4596255 ], [ -51.96449, -29.4601299 ], [ -51.9641177, -29.460746 ], [ -51.9640088, -29.4606629 ], [ -51.9633688, -29.460204 ], [ -51.9630078, -29.4599412 ], [ -51.9629525, -29.459906900000014 ], [ -51.9624969, -29.4606462 ], [ -51.9620007, -29.4609685 ], [ -51.9613409, -29.4613305 ], [ -51.9611961, -29.4614543 ], [ -51.9611183, -29.461592 ], [ -51.9611022, -29.4617345 ], [ -51.9611505, -29.461877 ], [ -51.9616681, -29.463061 ], [ -51.9617003, -29.4632478 ], [ -51.9616708, -29.463488300000012 ], [ -51.9604853, -29.4661622 ], [ -51.9601646, -29.4663031 ], [ -51.9600213, -29.4667741 ], [ -51.9599837, -29.4668675 ], [ -51.9600159, -29.467054299999983 ], [ -51.9600159, -29.467456 ], [ -51.9599837, -29.4675447 ], [ -51.9598925, -29.4676334 ], [ -51.9598013, -29.4676895 ], [ -51.9596994, -29.467712799999987 ], [ -51.9589323, -29.4678436 ], [ -51.9586158, -29.468119199999986 ], [ -51.9581572, -29.468460099999987 ], [ -51.957956, -29.4685731 ], [ -51.957723, -29.4687219 ], [ -51.9575912, -29.4688291 ], [ -51.9574624, -29.4689879 ], [ -51.957264, -29.469114 ], [ -51.9571674, -29.4691466 ], [ -51.9567221, -29.46917 ], [ -51.95662560000001, -29.469212 ], [ -51.95647, -29.4693428 ], [ -51.956090098087238, -29.469813812427684 ], [ -51.967078497896935, -29.473186040261805 ], [ -51.9677413, -29.4733514 ], [ -51.967874173837778, -29.473430180765337 ], [ -51.968832447999894, -29.473724204 ], [ -51.969670393731036, -29.474453170514369 ], [ -51.9705355, -29.473387299999988 ], [ -51.9708923, -29.473137399999988 ], [ -51.9711551, -29.4728759 ], [ -51.9711524, -29.4727474 ] ] ] } },
{ "type": "Feature", "properties": { "name": "Floresta", "code_muni": 4311403.0, "name_muni": "Lajeado" }, "geometry": { "type": "Polygon", "coordinates": [ [ [ -52.025553, -29.4748957 ], [ -52.0253331, -29.474863 ], [ -52.0252204, -29.474863 ], [ -52.0251131, -29.4748864 ], [ -52.0249307, -29.4750218 ], [ -52.024861, -29.475105899999988 ], [ -52.0246679, -29.475218 ], [ -52.0243728, -29.4751806 ], [ -52.0238954, -29.4749611 ], [ -52.0234984, -29.4747369 ], [ -52.0233858, -29.4747136 ], [ -52.0230317, -29.4744614 ], [ -52.0228493, -29.4742793 ], [ -52.0228386, -29.473877600000012 ], [ -52.0228171, -29.4737842 ], [ -52.0226777, -29.47359740000001 ], [ -52.0224573, -29.4734766 ], [ -52.022388, -29.4734386 ], [ -52.0222751, -29.4733971 ], [ -52.0220447, -29.4733125 ], [ -52.0212936, -29.4729623 ], [ -52.0208396, -29.4728168 ], [ -52.0206231, -29.4727474 ], [ -52.0205319, -29.4725653 ], [ -52.0205212, -29.4724719 ], [ -52.0204085, -29.4723038 ], [ -52.0203173, -29.472117 ], [ -52.0204675, -29.4719021 ], [ -52.0204568, -29.4718087 ], [ -52.0204032, -29.47172 ], [ -52.0203227, -29.4716499 ], [ -52.0202369, -29.4713744 ], [ -52.0199847, -29.4710241 ], [ -52.0199847, -29.4707766 ], [ -52.0198721, -29.4704964 ], [ -52.0197702, -29.4703142 ], [ -52.0196253, -29.4701601 ], [ -52.0193195, -29.4699873 ], [ -52.0190835, -29.46993590000001 ], [ -52.0189762, -29.4698799 ], [ -52.0182788, -29.4696651 ], [ -52.0178551, -29.4695016 ], [ -52.0172489, -29.4692307 ], [ -52.0170665, -29.469090599999987 ], [ -52.0169163, -29.4689318 ], [ -52.0166803, -29.4685302 ], [ -52.0157522, -29.4677876 ], [ -52.0154357, -29.4675961 ], [ -52.0152587, -29.4674653 ], [ -52.0152265, -29.467376600000012 ], [ -52.0151943, -29.4671244 ], [ -52.0150763, -29.4669142 ], [ -52.0150173, -29.4667227 ], [ -52.0149636, -29.4666386 ], [ -52.0147705, -29.466493800000013 ], [ -52.0145291, -29.4662556 ], [ -52.0144755, -29.4660572 ], [ -52.014226, -29.4659871 ], [ -52.0139369, -29.4659912 ], [ -52.0137379, -29.4659941 ], [ -52.0136359, -29.4659567 ], [ -52.0135045, -29.4658587 ], [ -52.0134723, -29.4657606 ], [ -52.0134723, -29.4655948 ], [ -52.0135126, -29.4654103 ], [ -52.01344550000001, -29.4653169 ], [ -52.0133382, -29.465288799999989 ], [ -52.0132577, -29.4652188 ], [ -52.0130539, -29.4649572 ], [ -52.0128125, -29.4647517 ], [ -52.0127159, -29.464583600000012 ], [ -52.0126408, -29.4645089 ], [ -52.0125443, -29.4644528 ], [ -52.0124316, -29.4644388 ], [ -52.0123001, -29.4644783 ], [ -52.011981, -29.4645742 ], [ -52.0117557, -29.464597600000015 ], [ -52.0115304, -29.4645929 ], [ -52.0109886, -29.4641819 ], [ -52.0106721, -29.4638923 ], [ -52.0104361, -29.4638877 ], [ -52.0101088, -29.4639764 ], [ -52.0098889, -29.4639951 ], [ -52.0097065, -29.4639638 ], [ -52.0095757, -29.4637756 ], [ -52.0094436, -29.4633879 ], [ -52.00939540000001, -29.4631964 ], [ -52.0093846, -29.4629022 ], [ -52.0093692, -29.4627988 ], [ -52.0093195, -29.462717699999985 ], [ -52.0091852, -29.4626228 ], [ -52.00880930000001, -29.4623813 ], [ -52.0086787, -29.4623314 ], [ -52.0083595, -29.4622096 ], [ -52.008076, -29.4620594 ], [ -52.0077741, -29.4619146 ], [ -52.0075214, -29.4618931 ], [ -52.00725030000001, -29.4619789 ], [ -52.0068251, -29.4621506 ], [ -52.006517, -29.462241800000015 ], [ -52.0061781, -29.4624028 ], [ -52.00584460000001, -29.4624818 ], [ -52.0058172, -29.4625762 ], [ -52.0056872, -29.4626565 ], [ -52.0054443, -29.4628095 ], [ -52.005153, -29.4629532 ], [ -52.0050559, -29.463040899999985 ], [ -52.0050516, -29.4632118 ], [ -52.0050323, -29.4635818 ], [ -52.004929, -29.4637018 ], [ -52.0047879, -29.4638155 ], [ -52.0042622, -29.4640955 ], [ -52.004059, -29.4641672 ], [ -52.003888, -29.46436490000001 ], [ -52.0037144, -29.4649936 ], [ -52.0035011, -29.4651511 ], [ -52.0030856, -29.4653163 ], [ -52.002853, -29.4654292 ], [ -52.0025898, -29.465426600000011 ], [ -52.002368, -29.4653867 ], [ -52.0019374, -29.465353 ], [ -52.0015223, -29.4654031 ], [ -52.0013162, -29.4653875 ], [ -52.0010262, -29.4652855 ], [ -52.0007252, -29.4649575 ], [ -52.0003922, -29.4648255 ], [ -52.0001452, -29.4647865 ], [ -51.9999092, -29.4646115 ], [ -51.9996362, -29.4645075 ], [ -51.9994066, -29.464304500000011 ], [ -51.9992499, -29.464066899999988 ], [ -51.9990976, -29.4639246 ], [ -51.9988159, -29.4638488 ], [ -51.9983593, -29.4638019 ], [ -51.9979997, -29.4638151 ], [ -51.9975712, -29.4638397 ], [ -51.9969612, -29.4638844 ], [ -51.9964646, -29.4640137 ], [ -51.9961115, -29.4641351 ], [ -51.9960702, -29.4641496 ], [ -51.9958755, -29.4642181 ], [ -51.9949455, -29.4642971 ], [ -51.9945475, -29.4642481 ], [ -51.9937405, -29.4639361 ], [ -51.9934133, -29.4639471 ], [ -51.9937115, -29.4642936 ], [ -51.9939215, -29.4645424 ], [ -51.9944769, -29.4651943 ], [ -51.9952655, -29.4664378 ], [ -51.9951636, -29.4668278 ], [ -51.9951885, -29.4672018 ], [ -51.995239, -29.4678754 ], [ -51.9952626, -29.468424 ], [ -51.9952878, -29.4688061 ], [ -51.995303, -29.4690514 ], [ -51.9953159, -29.4692758 ], [ -51.9953371, -29.4694838 ], [ -51.9953543, -29.4696109 ], [ -51.9953899, -29.4697981 ], [ -51.9954227, -29.469942 ], [ -51.9954573, -29.470081 ], [ -51.9955086, -29.4702496 ], [ -51.9955659, -29.4703961 ], [ -51.9956276, -29.4705471 ], [ -51.9957344, -29.4707695 ], [ -51.9958447, -29.4709815 ], [ -51.9959892, -29.4712595 ], [ -51.9961002, -29.4714692 ], [ -51.9961803, -29.4716267 ], [ -51.9962811, -29.4718174 ], [ -51.9963461, -29.4719626 ], [ -51.9964108, -29.4721126 ], [ -51.996462, -29.4722618 ], [ -51.9965158, -29.4724449 ], [ -51.9965451, -29.4725935 ], [ -51.9965575, -29.472753499999989 ], [ -51.9965746, -29.4729418 ], [ -51.9965744, -29.4731155 ], [ -51.9965544, -29.4733644 ], [ -51.9965089, -29.4736948 ], [ -51.9964366, -29.4740793 ], [ -51.9963614, -29.4744709 ], [ -51.9963022, -29.474879 ], [ -51.9962953, -29.474919699999987 ], [ -51.9962888, -29.4749626 ], [ -51.9962789, -29.4750196 ], [ -51.9962731, -29.4750662 ], [ -51.9962422, -29.4752132 ], [ -51.9962114, -29.4754225 ], [ -51.9961867, -29.4755856 ], [ -51.9961502, -29.4758333 ], [ -51.9961148, -29.4761009 ], [ -51.9960939, -29.4762653 ], [ -51.9960671, -29.4764147 ], [ -51.9960436, -29.4765742 ], [ -51.996029900000011, -29.4767461 ], [ -51.9960194, -29.4769252 ], [ -51.9960185, -29.4770606 ], [ -51.9960159, -29.4771822 ], [ -51.9960249, -29.4773489 ], [ -51.9960416, -29.4775211 ], [ -51.9960538, -29.4776948 ], [ -51.9960871, -29.4778974 ], [ -51.9961362, -29.4781982 ], [ -51.9961891, -29.4784108 ], [ -51.9962708, -29.4786577 ], [ -51.9963453, -29.4788851 ], [ -51.9965267, -29.4793784 ], [ -51.9967341, -29.4799291 ], [ -51.9969229, -29.4804573 ], [ -51.9972018, -29.4811899 ], [ -51.9974775, -29.4819387 ], [ -51.9976623, -29.4824182 ], [ -51.9977784, -29.4827313 ], [ -51.9978695, -29.4829495 ], [ -51.9979265, -29.4831491 ], [ -51.9979693, -29.4832832 ], [ -51.9980023, -29.4833864 ], [ -51.9980706, -29.483606 ], [ -51.9981185, -29.483838 ], [ -51.9981878, -29.484149099999989 ], [ -51.9982146, -29.4843943 ], [ -51.9982293, -29.484671 ], [ -51.9982186, -29.484985 ], [ -51.998173, -29.4854193 ], [ -51.9981467, -29.4856299 ], [ -51.9980952, -29.4861571 ], [ -51.9980188, -29.4865902 ], [ -51.9979826, -29.4868575 ], [ -51.9979155, -29.4872725 ], [ -51.9978637, -29.4876152 ], [ -51.998053, -29.4874861 ], [ -51.9987269, -29.4866614 ], [ -51.9989213, -29.4864606 ], [ -51.999064941931323, -29.486338715288028 ], [ -51.999052927, -29.486305804999979 ], [ -51.999126421564014, -29.486286547744601 ], [ -51.9993478, -29.4860987 ], [ -51.9995865, -29.4859142 ], [ -51.9999754, -29.4857438 ], [ -52.0007211, -29.485571 ], [ -52.0022312, -29.4852605 ], [ -52.00365630000001, -29.4848319 ], [ -52.0027751, -29.4812142 ], [ -52.0132518, -29.4783414 ], [ -52.013352099061855, -29.478306406475625 ], [ -52.013344216, -29.478285093999894 ], [ -52.013611724647639, -29.478215824767677 ], [ -52.0138623, -29.4781284 ], [ -52.0149215, -29.47786540000001 ], [ -52.0152129, -29.477793 ], [ -52.0154022, -29.4777331 ], [ -52.0154997, -29.4777023 ], [ -52.0160645, -29.477534 ], [ -52.0166115, -29.4773711 ], [ -52.0167202, -29.4773387 ], [ -52.0168585, -29.4773039 ], [ -52.0179546, -29.477028 ], [ -52.0181721, -29.4769732 ], [ -52.0182022, -29.4769674 ], [ -52.018427, -29.4769238 ], [ -52.0185947, -29.4768913 ], [ -52.0194397, -29.476688 ], [ -52.0195462, -29.4766612 ], [ -52.0212364, -29.4762368 ], [ -52.021606, -29.476144 ], [ -52.022094996573685, -29.476018823333668 ], [ -52.022486468429896, -29.475917424536505 ], [ -52.0251469, -29.4752164 ], [ -52.0252747, -29.4751869 ], [ -52.025641096372183, -29.475100265673877 ], [ -52.025903308396487, -29.47503233966594 ], [ -52.0258383, -29.474987 ], [ -52.025553, -29.4748957 ] ] ] } },
{ "type": "Feature", "properties": { "name": "São Bento", "code_muni": 4311403.0, "name_muni": "Lajeado" }, "geometry": { "type": "Polygon", "coordinates": [ [ [ -52.0477306, -29.4691213 ], [ -52.0472331, -29.4683751 ], [ -52.047047732727684, -29.467651759030041 ], [ -52.044873143, -29.463110746 ], [ -52.044720783847261, -29.461543943747493 ], [ -52.0447128, -29.4615048 ], [ -52.044711376203431, -29.461447197337709 ], [ -52.044666401828493, -29.460984686477353 ], [ -52.0445841, -29.4607254 ], [ -52.0443942, -29.4598892 ], [ -52.0442781, -29.4590714 ], [ -52.0443836, -29.4582306 ], [ -52.0442887, -29.4574262 ], [ -52.0442317, -29.457127 ], [ -52.0441145, -29.4565122 ], [ -52.0438603, -29.4557535 ], [ -52.0435868, -29.4552256 ], [ -52.043228, -29.4547202 ], [ -52.0431805, -29.4541918 ], [ -52.043209213040626, -29.453860391279573 ], [ -52.041871086999905, -29.451269797 ], [ -52.0418709645962, -29.45126486102339 ], [ -52.0414725, -29.4509123 ], [ -52.041792119353602, -29.448085231861231 ], [ -52.04172063, -29.445201962999899 ], [ -52.042123320118947, -29.44515558121644 ], [ -52.0421294, -29.4451018 ], [ -52.0418125, -29.4451381 ], [ -52.0411849, -29.4452268 ], [ -52.0402944, -29.445339 ], [ -52.0395595, -29.4454417 ], [ -52.0387763, -29.4455165 ], [ -52.0380923, -29.4456076 ], [ -52.0377409, -29.4456473 ], [ -52.037525, -29.4456566 ], [ -52.0365856, -29.4457553 ], [ -52.0360833, -29.4457617 ], [ -52.035685, -29.4457991 ], [ -52.0353484, -29.4458411 ], [ -52.0345035, -29.4459392 ], [ -52.0333569, -29.4460957 ], [ -52.0327547, -29.4461822 ], [ -52.0316861, -29.4463122 ], [ -52.0305915, -29.4464426 ], [ -52.030043, -29.4465027 ], [ -52.0288212, -29.4466294 ], [ -52.0284726, -29.4467135 ], [ -52.027912, -29.4467953 ], [ -52.027342, -29.4468467 ], [ -52.02722270000001, -29.446821 ], [ -52.0267814, -29.4468572 ], [ -52.0261578, -29.4469121 ], [ -52.0253907, -29.447013599999988 ], [ -52.0245747, -29.4471153 ], [ -52.0239262, -29.447183 ], [ -52.0239021, -29.4475707 ], [ -52.023882, -29.4479129 ], [ -52.0239007, -29.4480963 ], [ -52.0239799, -29.4482878 ], [ -52.0241869, -29.4485947 ], [ -52.024232, -29.4486513 ], [ -52.0243113, -29.4487057 ], [ -52.0247209, -29.4488466 ], [ -52.0249135, -29.4489062 ], [ -52.0250467, -29.4489475 ], [ -52.0251734, -29.4490506 ], [ -52.0252639, -29.4492045 ], [ -52.0253195, -29.4493672 ], [ -52.0253488, -29.4494528 ], [ -52.0254, -29.4496965 ], [ -52.0254319, -29.4498864 ], [ -52.0254588, -29.4500241 ], [ -52.0254709, -29.4500826 ], [ -52.0254862, -29.4501493 ], [ -52.0255104, -29.4502182 ], [ -52.0255404, -29.4502806 ], [ -52.0255822, -29.4503711 ], [ -52.0256156, -29.4504322 ], [ -52.0257159, -29.4506334 ], [ -52.0258547, -29.4508661 ], [ -52.0259257, -29.4510667 ], [ -52.0259718, -29.4511307 ], [ -52.0259117, -29.4511034 ], [ -52.0256871, -29.451047299999985 ], [ -52.0254672, -29.4509913 ], [ -52.0251185, -29.4510053 ], [ -52.0250219, -29.45108 ], [ -52.0245981, -29.4515285 ], [ -52.0245445, -29.4516172 ], [ -52.0245338, -29.4519068 ], [ -52.0245874, -29.4520937 ], [ -52.024743, -29.4522245 ], [ -52.0248234, -29.4522572 ], [ -52.0248782, -29.4522485 ], [ -52.0249242, -29.4522735 ], [ -52.0250352, -29.4523075 ], [ -52.0251832, -29.4523935 ], [ -52.0253402, -29.4525115 ], [ -52.0254012, -29.4525975 ], [ -52.0254122, -29.4526815 ], [ -52.0253862, -29.4527615 ], [ -52.0253172, -29.4528205 ], [ -52.0252332, -29.4528375 ], [ -52.0251492, -29.4528435 ], [ -52.0249962, -29.452898499999986 ], [ -52.0249432, -29.4529315 ], [ -52.0248782, -29.4530825 ], [ -52.0248402, -29.453166499999988 ], [ -52.0248512, -29.4532405 ], [ -52.0248862, -29.4533605 ], [ -52.0248782, -29.4534385 ], [ -52.0248932, -29.4535645 ], [ -52.0248822, -29.453686499999989 ], [ -52.0248482, -29.4537345 ], [ -52.0248132, -29.4538085 ], [ -52.0247982, -29.4539885 ], [ -52.0247452, -29.4541235 ], [ -52.0246872, -29.4541675 ], [ -52.0245002, -29.4541825 ], [ -52.0244362, -29.4541735 ], [ -52.0244172, -29.454129499999986 ], [ -52.0244322, -29.4540565 ], [ -52.0244662, -29.453978499999987 ], [ -52.0244702, -29.4538675 ], [ -52.0244552, -29.4537535 ], [ -52.0243522, -29.4536485 ], [ -52.0243142, -29.4536395 ], [ -52.0240202, -29.4537225 ], [ -52.0236882, -29.4538035 ], [ -52.0235012, -29.4538225 ], [ -52.0233562, -29.4537135 ], [ -52.0231962, -29.4534975 ], [ -52.0230322, -29.4531925 ], [ -52.0228262, -29.4529615 ], [ -52.0224632, -29.4525785 ], [ -52.0223222, -29.4524645 ], [ -52.0221202, -29.4523515 ], [ -52.0219262, -29.452305499999987 ], [ -52.0217422, -29.4523015 ], [ -52.0214792, -29.4523075 ], [ -52.0212122, -29.4522925 ], [ -52.0208692, -29.4522165 ], [ -52.0206292, -29.4520955 ], [ -52.0204572, -29.4519645 ], [ -52.0203202, -29.4518155 ], [ -52.0201902, -29.4517255 ], [ -52.0200642, -29.4517015 ], [ -52.0199842, -29.4517145 ], [ -52.0198852, -29.4518325 ], [ -52.0197212, -29.4520945 ], [ -52.0195832, -29.4523785 ], [ -52.0194352, -29.4525865 ], [ -52.0192172, -29.4528155 ], [ -52.0190302, -29.4530115 ], [ -52.0189462, -29.4531565 ], [ -52.0185532, -29.4536715 ], [ -52.0184392, -29.4537645 ], [ -52.0183892, -29.4538415 ], [ -52.0183742, -29.453888499999987 ], [ -52.0183132, -29.4540415 ], [ -52.01832120000001, -29.4542455 ], [ -52.0183662, -29.454369499999988 ], [ -52.01840820000001, -29.454546499999989 ], [ -52.0184662, -29.4546535 ], [ -52.0185572, -29.4548805 ], [ -52.0185952, -29.4551285 ], [ -52.0186182, -29.4553235 ], [ -52.0186112, -29.4554685 ], [ -52.0185302, -29.4555635 ], [ -52.01836320000001, -29.455615500000011 ], [ -52.0182442, -29.4555925 ], [ -52.0180842, -29.4555025 ], [ -52.0180192, -29.4554185 ], [ -52.0179322, -29.4553025 ], [ -52.0175692, -29.4550065 ], [ -52.0172752, -29.4548505 ], [ -52.01715020000001, -29.4548235 ], [ -52.0169592, -29.4547705 ], [ -52.0168482, -29.4547715 ], [ -52.0167412, -29.4548275 ], [ -52.0165772, -29.4549835 ], [ -52.0160622, -29.4554335 ], [ -52.0155892, -29.4560655 ], [ -52.0153492, -29.4564275 ], [ -52.0152192, -29.4571295 ], [ -52.0152772, -29.4574515 ], [ -52.0155322, -29.4579935 ], [ -52.0155252, -29.4582225 ], [ -52.0154222, -29.4582455 ], [ -52.0151352, -29.458199499999985 ], [ -52.0148802, -29.4580925 ], [ -52.0146132, -29.4574765 ], [ -52.0145562, -29.4567635 ], [ -52.0144492, -29.4565535 ], [ -52.0143342, -29.4564965 ], [ -52.0141172, -29.4565285 ], [ -52.0134232, -29.4567535 ], [ -52.0131442, -29.4567595 ], [ -52.0123902, -29.4569045 ], [ -52.0122672, -29.4569865 ], [ -52.0120032, -29.4573305 ], [ -52.0119002, -29.4577155 ], [ -52.0119302, -29.4578765 ], [ -52.0121182, -29.4581005 ], [ -52.0126542, -29.4584175 ], [ -52.0130462, -29.4585735 ], [ -52.0132872, -29.459064500000011 ], [ -52.0133112, -29.4592685 ], [ -52.0132942, -29.4597315 ], [ -52.0131532, -29.4600085 ], [ -52.0129692, -29.4601058 ], [ -52.0128052, -29.4601925 ], [ -52.0124792, -29.4601925 ], [ -52.0122842, -29.4601025 ], [ -52.0118562, -29.4596895 ], [ -52.0116302, -29.4596175 ], [ -52.0110052, -29.4599085 ], [ -52.01069420000001, -29.4599815 ], [ -52.0101042, -29.4599825 ], [ -52.0093932, -29.4597295 ], [ -52.0091942, -29.4595615 ], [ -52.0088122, -29.4590195 ], [ -52.0082801, -29.4586285 ], [ -52.0078942, -29.4585335 ], [ -52.0077172, -29.4585405 ], [ -52.0073422, -29.4586675 ], [ -52.0067362, -29.4589755 ], [ -52.0059212, -29.4592025 ], [ -52.0054052, -29.4592175 ], [ -52.0050892, -29.4590695 ], [ -52.0049152, -29.4591065 ], [ -52.0047912, -29.4592315 ], [ -52.0044918, -29.4599566 ], [ -52.0044681, -29.4599973 ], [ -52.0042912, -29.4604305 ], [ -52.0042572, -29.4610775 ], [ -52.0043301, -29.4613749 ], [ -52.0045255, -29.4615912 ], [ -52.0047997, -29.461652899999986 ], [ -52.0051042, -29.4616339 ], [ -52.0053094, -29.4621309 ], [ -52.00584460000001, -29.4624818 ], [ -52.0061781, -29.4624028 ], [ -52.006517, -29.462241800000015 ], [ -52.0068251, -29.4621506 ], [ -52.00725030000001, -29.4619789 ], [ -52.0075214, -29.4618931 ], [ -52.0077741, -29.4619146 ], [ -52.008076, -29.4620594 ], [ -52.0083595, -29.4622096 ], [ -52.0086787, -29.4623314 ], [ -52.00880930000001, -29.4623813 ], [ -52.0091852, -29.4626228 ], [ -52.0093195, -29.462717699999985 ], [ -52.0093692, -29.4627988 ], [ -52.0093846, -29.4629022 ], [ -52.00939540000001, -29.4631964 ], [ -52.0094436, -29.4633879 ], [ -52.0095757, -29.4637756 ], [ -52.0097065, -29.4639638 ], [ -52.0098889, -29.4639951 ], [ -52.0101088, -29.4639764 ], [ -52.0104361, -29.4638877 ], [ -52.0106721, -29.4638923 ], [ -52.0109886, -29.4641819 ], [ -52.0115304, -29.4645929 ], [ -52.0117557, -29.464597600000015 ], [ -52.011981, -29.4645742 ], [ -52.0123001, -29.4644783 ], [ -52.0124316, -29.4644388 ], [ -52.0125443, -29.4644528 ], [ -52.0126408, -29.4645089 ], [ -52.0127159, -29.464583600000012 ], [ -52.0128125, -29.4647517 ], [ -52.0130539, -29.4649572 ], [ -52.0132577, -29.4652188 ], [ -52.0133382, -29.465288799999989 ], [ -52.01344550000001, -29.4653169 ], [ -52.0135126, -29.4654103 ], [ -52.0134723, -29.4655948 ], [ -52.0134723, -29.4657606 ], [ -52.0135045, -29.4658587 ], [ -52.0136359, -29.4659567 ], [ -52.0137379, -29.4659941 ], [ -52.0139369, -29.4659912 ], [ -52.014226, -29.4659871 ], [ -52.0144755, -29.4660572 ], [ -52.0145291, -29.4662556 ], [ -52.0147705, -29.466493800000013 ], [ -52.0149636, -29.4666386 ], [ -52.0150173, -29.4667227 ], [ -52.0150763, -29.4669142 ], [ -52.0151943, -29.4671244 ], [ -52.0152265, -29.467376600000012 ], [ -52.0152587, -29.4674653 ], [ -52.0154357, -29.4675961 ], [ -52.0157522, -29.4677876 ], [ -52.0166803, -29.4685302 ], [ -52.0169163, -29.4689318 ], [ -52.0170665, -29.469090599999987 ], [ -52.0172489, -29.4692307 ], [ -52.0178551, -29.4695016 ], [ -52.0182788, -29.4696651 ], [ -52.0189762, -29.4698799 ], [ -52.0190835, -29.46993590000001 ], [ -52.0193195, -29.4699873 ], [ -52.0196253, -29.4701601 ], [ -52.0197702, -29.4703142 ], [ -52.0198721, -29.4704964 ], [ -52.0199847, -29.4707766 ], [ -52.0199847, -29.4710241 ], [ -52.0202369, -29.4713744 ], [ -52.0203227, -29.4716499 ], [ -52.0204032, -29.47172 ], [ -52.0204568, -29.4718087 ], [ -52.0204675, -29.4719021 ], [ -52.0203173, -29.472117 ], [ -52.0204085, -29.4723038 ], [ -52.0205212, -29.4724719 ], [ -52.0205319, -29.4725653 ], [ -52.0206231, -29.4727474 ], [ -52.0208396, -29.4728168 ], [ -52.0212936, -29.4729623 ], [ -52.0220447, -29.4733125 ], [ -52.0222751, -29.4733971 ], [ -52.022388, -29.4734386 ], [ -52.0224573, -29.4734766 ], [ -52.0226777, -29.47359740000001 ], [ -52.0228171, -29.4737842 ], [ -52.0228386, -29.473877600000012 ], [ -52.0228493, -29.4742793 ], [ -52.0230317, -29.4744614 ], [ -52.0233858, -29.4747136 ], [ -52.0234984, -29.4747369 ], [ -52.0238954, -29.4749611 ], [ -52.0243728, -29.4751806 ], [ -52.0246679, -29.475218 ], [ -52.024861, -29.475105899999988 ], [ -52.0249307, -29.4750218 ], [ -52.0251131, -29.4748864 ], [ -52.0252204, -29.474863 ], [ -52.0253331, -29.474863 ], [ -52.025553, -29.4748957 ], [ -52.0258383, -29.474987 ], [ -52.025903308396487, -29.47503233966594 ], [ -52.03122963758598, -29.473652423808574 ], [ -52.0313071, -29.4736105 ], [ -52.0313828, -29.4735071 ], [ -52.0314197, -29.4734358 ], [ -52.0314402, -29.4733466 ], [ -52.0315077, -29.4732361 ], [ -52.0315958, -29.473141599999988 ], [ -52.0317391, -29.4730507 ], [ -52.0319171, -29.4729887 ], [ -52.0320809, -29.4729637 ], [ -52.0322547, -29.472931 ], [ -52.033012, -29.4729319 ], [ -52.033857931056119, -29.472971408351025 ], [ -52.035005037002321, -29.472674163450701 ], [ -52.0360656, -29.4723926 ], [ -52.0361438, -29.4723718 ], [ -52.0370264, -29.4721187 ], [ -52.0371513, -29.4720901 ], [ -52.0374482, -29.4720402 ], [ -52.037462786421962, -29.47203725795654 ], [ -52.047857651999891, -29.469342927999911 ], [ -52.047804882847018, -29.469232744201033 ], [ -52.0477306, -29.4691213 ] ] ] } },
{ "type": "Feature", "properties": { "name": "São José", "code_muni": 4311403.0, "name_muni": "Lajeado" }, "geometry": { "type": "Polygon", "coordinates": [ [ [ -51.949398025536738, -29.467532179393366 ], [ -51.949598223999899, -29.4678209859999 ], [ -51.949849094291778, -29.467898003667138 ], [ -51.949398025536738, -29.467532179393366 ] ] ] } },
{ "type": "Feature", "properties": { "name": "Indústrias", "code_muni": 4311403.0, "name_muni": "Lajeado" }, "geometry": { "type": "MultiPolygon", "coordinates": [ [ [ [ -51.9748595, -29.4793835 ], [ -51.974736538126287, -29.47920784283064 ], [ -51.974808791715773, -29.479399312478716 ], [ -51.9748595, -29.4793835 ] ] ], [ [ [ -51.9731693, -29.4769689 ], [ -51.970754, -29.4751376 ], [ -51.969821867006708, -29.474584942185643 ], [ -51.9741141601367, -29.478318733448265 ], [ -51.9731693, -29.4769689 ] ] ], [ [ [ -51.9677413, -29.4733514 ], [ -51.967078497896935, -29.473186040261805 ], [ -51.967874173837778, -29.473430180765337 ], [ -51.9677413, -29.4733514 ] ] ] ] } },
{ "type": "Feature", "properties": { "name": "Moinhos", "code_muni": 4311403.0, "name_muni": "Lajeado" }, "geometry": { "type": "MultiPolygon", "coordinates": [ [ [ [ -51.9694814, -29.4971342 ], [ -51.970995721388164, -29.495118342611381 ], [ -51.969276799999903, -29.496778703 ], [ -51.969552613944877, -29.497591092803795 ], [ -51.9694814, -29.4971342 ] ] ], [ [ [ -51.9762858, -29.4910308 ], [ -51.977922, -29.4888606 ], [ -51.977979794143032, -29.488371431215882 ], [ -51.971662954600085, -29.494473820698765 ], [ -51.9762858, -29.4910308 ] ] ], [ [ [ -51.9781704, -29.4867574 ], [ -51.976645, -29.4837326 ], [ -51.975195, -29.4798628 ], [ -51.9748595, -29.4793835 ], [ -51.974808791715773, -29.479399312478716 ], [ -51.978031067973696, -29.487937429380704 ], [ -51.9781704, -29.4867574 ] ] ] ] } },
{ "type": "Feature", "properties": { "name": "Picada Stump", "code_muni": 4311403.0, "name_muni": "Lajeado" }, "geometry": { "type": "MultiPolygon", "coordinates": [ [ [ [ -52.11307260000001, -29.4304338 ], [ -52.110805514393988, -29.432327262748469 ], [ -52.111750297999897, -29.432118418 ], [ -52.1134973946996, -29.43031019977083 ], [ -52.11307260000001, -29.4304338 ] ] ], [ [ [ -52.105875, -29.4317941 ], [ -52.100751100999084, -29.43329233494882 ], [ -52.102620226999896, -29.4341363089999 ], [ -52.109036380543444, -29.432718310209125 ], [ -52.105875, -29.4317941 ] ] ], [ [ [ -52.093, -29.43 ], [ -52.09181907359369, -29.43039087101117 ], [ -52.093821742437981, -29.43041559319348 ], [ -52.093, -29.43 ] ] ], [ [ [ -52.0879125, -29.431683799999984 ], [ -52.07749812415058, -29.431755289945141 ], [ -52.08605582, -29.432943275 ], [ -52.089412414741126, -29.43118740189632 ], [ -52.0879125, -29.431683799999984 ] ] ], [ [ [ -52.0744882, -29.4317758 ], [ -52.0745121, -29.4325696 ], [ -52.077500829968322, -29.433270939753104 ], [ -52.077287704469285, -29.431756725986666 ], [ -52.0744882, -29.4317758 ] ] ] ] } },
{ "type": "Feature", "properties": { "name": "Nova Santa Cruz", "code_muni": 4311403.0, "name_muni": "Lajeado" }, "geometry": { "type": "Polygon", "coordinates": [ [ [ -52.0747626, -29.4408751 ], [ -52.0700336, -29.4414642 ], [ -52.070061681622654, -29.441934578812862 ], [ -52.07858192, -29.440951081 ], [ -52.077500829968322, -29.433270939753104 ], [ -52.0745121, -29.4325696 ], [ -52.0747626, -29.4408751 ] ] ] } },
{ "type": "Feature", "properties": { "name": "Rua das Flores", "code_muni": 4311403.0, "name_muni": "Lajeado" }, "geometry": { "type": "MultiPolygon", "coordinates": [ [ [ [ -52.0693421, -29.4415504 ], [ -52.0592697, -29.4428052 ], [ -52.0421294, -29.4451018 ], [ -52.042123320118947, -29.44515558121644 ], [ -52.070061681622654, -29.441934578812862 ], [ -52.0700336, -29.4414642 ], [ -52.0693421, -29.4415504 ] ] ], [ [ [ -52.0414725, -29.4509123 ], [ -52.04186293267913, -29.450940969161493 ], [ -52.041792119353602, -29.448085231861231 ], [ -52.0414725, -29.4509123 ] ] ] ] } },
{ "type": "Feature", "properties": { "name": "São Bento", "code_muni": 4311403.0, "name_muni": "Lajeado" }, "geometry": { "type": "MultiPolygon", "coordinates": [ [ [ [ -52.0442317, -29.457127 ], [ -52.0442887, -29.4574262 ], [ -52.0443836, -29.4582306 ], [ -52.0442781, -29.4590714 ], [ -52.0443942, -29.4598892 ], [ -52.0445841, -29.4607254 ], [ -52.044666401828493, -29.460984686477353 ], [ -52.044289842083501, -29.457111998971069 ], [ -52.0442317, -29.457127 ] ] ], [ [ [ -52.0447128, -29.4615048 ], [ -52.044720783847261, -29.461543943747493 ], [ -52.044711376203431, -29.461447197337709 ], [ -52.0447128, -29.4615048 ] ] ], [ [ [ -52.0472331, -29.4683751 ], [ -52.0477306, -29.4691213 ], [ -52.047749285665283, -29.469116655088374 ], [ -52.047047732727684, -29.467651759030041 ], [ -52.0472331, -29.4683751 ] ] ] ] } },
{ "type": "Feature", "properties": { "name": "Chapadão", "code_muni": 4311403.0, "name_muni": "Lajeado" }, "geometry": { "type": "MultiPolygon", "coordinates": [ [ [ [ -52.1270266, -29.424982299999989 ], [ -52.1270495, -29.4255809 ], [ -52.1271992, -29.4263994 ], [ -52.1269801, -29.426707 ], [ -52.1264079, -29.4290732 ], [ -52.1266027, -29.4300012 ], [ -52.1279201, -29.4311885 ], [ -52.128292931544244, -29.431625034479662 ], [ -52.127675707, -29.424202620999893 ], [ -52.127015337006149, -29.424092915630499 ], [ -52.1270266, -29.424982299999989 ] ] ], [ [ [ -52.1282937, -29.4325686 ], [ -52.128275907834926, -29.43256442635024 ], [ -52.12837488799989, -29.4326105 ], [ -52.128372195229353, -29.43257812180315 ], [ -52.1282937, -29.4325686 ] ] ] ] } },
{ "type": "Feature", "properties": { "name": "São Bento", "code_muni": 4311403.0, "name_muni": "Lajeado" }, "geometry": { "type": "MultiPolygon", "coordinates": [ [ [ [ -52.0414725, -29.4509123 ], [ -52.0418709645962, -29.45126486102339 ], [ -52.04186293267913, -29.450940969161493 ], [ -52.0414725, -29.4509123 ] ] ], [ [ [ -52.0431805, -29.4541918 ], [ -52.043228, -29.4547202 ], [ -52.0435868, -29.4552256 ], [ -52.0438603, -29.4557535 ], [ -52.0441145, -29.4565122 ], [ -52.0442317, -29.457127 ], [ -52.044289842083501, -29.457111998971069 ], [ -52.04415095, -29.455683490999895 ], [ -52.043209213040626, -29.453860391279573 ], [ -52.0431805, -29.4541918 ] ] ] ] } },
{ "type": "Feature", "properties": { "name": "Jardim Botânico", "code_muni": 4311403.0, "name_muni": "Lajeado" }, "geometry": { "type": "Polygon", "coordinates": [ [ [ -52.0042915, -29.4599728 ], [ -52.0041065, -29.45997 ], [ -52.0039692, -29.4599964 ], [ -52.0038357, -29.4600492 ], [ -52.0031693, -29.460334599999985 ], [ -52.003442, -29.4596677 ], [ -52.0035017, -29.459435799999987 ], [ -52.0035135, -29.4591979 ], [ -52.0034596, -29.4584229 ], [ -52.0034717, -29.4582851 ], [ -52.0035079, -29.4581532 ], [ -52.0037264, -29.4577677 ], [ -52.0037922, -29.4576954 ], [ -52.0038271, -29.4576767 ], [ -52.0039309, -29.4576405 ], [ -52.0039281, -29.4575743 ], [ -52.0038461, -29.4569108 ], [ -52.0037726, -29.4562541 ], [ -52.0036724, -29.4555868 ], [ -52.0035806, -29.4549211 ], [ -52.0032333, -29.4549556 ], [ -52.0030662, -29.4536133 ], [ -52.0029531, -29.45273 ], [ -52.0028244, -29.4517246 ], [ -52.0026913, -29.451736599999986 ], [ -52.0025944, -29.4510748 ], [ -52.002499, -29.4504232 ], [ -52.0024021, -29.4497609 ], [ -52.0023036, -29.4490877 ], [ -52.002296, -29.4490396 ], [ -51.9997095, -29.4492674 ], [ -51.9989941, -29.4439264 ], [ -51.9988977, -29.443221199999989 ], [ -51.9987664, -29.4422617 ], [ -51.9986692, -29.4415512 ], [ -51.9985715, -29.4408371 ], [ -51.9984741, -29.440125 ], [ -51.9983767, -29.4394133 ], [ -51.9982779, -29.4386906 ], [ -51.9979563, -29.4363403 ], [ -51.9979101, -29.4360283 ], [ -51.9978216, -29.4358608 ], [ -51.9973528, -29.4361189 ], [ -51.9969509, -29.4363774 ], [ -51.9965797, -29.4366799 ], [ -51.996062, -29.437184 ], [ -51.9952352, -29.437989 ], [ -51.9947902, -29.438427 ], [ -51.9947216, -29.4384862 ], [ -51.9941304, -29.438996 ], [ -51.9935207, -29.4393546 ], [ -51.9931161, -29.4395682 ], [ -51.9928564, -29.4396721 ], [ -51.9926165, -29.4397682 ], [ -51.9920964, -29.4399185 ], [ -51.9906666, -29.4403317 ], [ -51.9904681, -29.4403976 ], [ -51.9898376, -29.4406068 ], [ -51.9895868, -29.4407283 ], [ -51.9896125, -29.4408454 ], [ -51.989636, -29.4410717 ], [ -51.9901711, -29.4448199 ], [ -51.9902311, -29.4452402 ], [ -51.9903397, -29.4460012 ], [ -51.9906163, -29.4479389 ], [ -51.9906526, -29.4481931 ], [ -51.9910444, -29.4502322 ], [ -51.991153, -29.45092 ], [ -51.9912556, -29.4515693 ], [ -51.99132, -29.4520423 ], [ -51.99130790000001, -29.4522315 ], [ -51.9913951, -29.4528889 ], [ -51.9914608, -29.4533899 ], [ -51.9915734, -29.4540123 ], [ -51.9916284, -29.4541723 ], [ -51.9917035, -29.454628899999985 ], [ -51.9918014, -29.4553097 ], [ -51.9918457, -29.4557266 ], [ -51.991851, -29.4559742 ], [ -51.9918953, -29.4563724 ], [ -51.9919959, -29.4568266 ], [ -51.9920953, -29.457399 ], [ -51.9921125, -29.4574981 ], [ -51.9922118, -29.4583563 ], [ -51.9923231, -29.4590126 ], [ -51.9924478, -29.4597891 ], [ -51.9924666, -29.4600227 ], [ -51.9924599, -29.4602772 ], [ -51.9924451, -29.4606894 ], [ -51.9924546, -29.4609035 ], [ -51.9924861, -29.4611893 ], [ -51.9925457, -29.4614449 ], [ -51.9923392, -29.4615033 ], [ -51.9921847, -29.4615674 ], [ -51.9920899, -29.4615969 ], [ -51.9919909, -29.4616429 ], [ -51.9918197, -29.4617981 ], [ -51.9916123, -29.4619167 ], [ -51.99248, -29.4628741 ], [ -51.993185, -29.4636948 ], [ -51.9934133, -29.4639471 ], [ -51.9937405, -29.4639361 ], [ -51.9945475, -29.4642481 ], [ -51.9949455, -29.4642971 ], [ -51.9958755, -29.4642181 ], [ -51.9960702, -29.4641496 ], [ -51.9961115, -29.4641351 ], [ -51.9964646, -29.4640137 ], [ -51.9969612, -29.4638844 ], [ -51.9975712, -29.4638397 ], [ -51.9979997, -29.4638151 ], [ -51.9983593, -29.4638019 ], [ -51.9988159, -29.4638488 ], [ -51.9990976, -29.4639246 ], [ -51.9992499, -29.464066899999988 ], [ -51.9994066, -29.464304500000011 ], [ -51.9996362, -29.4645075 ], [ -51.9999092, -29.4646115 ], [ -52.0001452, -29.4647865 ], [ -52.0003922, -29.4648255 ], [ -52.0007252, -29.4649575 ], [ -52.0010262, -29.4652855 ], [ -52.0013162, -29.4653875 ], [ -52.0015223, -29.4654031 ], [ -52.0019374, -29.465353 ], [ -52.002368, -29.4653867 ], [ -52.0025898, -29.465426600000011 ], [ -52.002853, -29.4654292 ], [ -52.0030856, -29.4653163 ], [ -52.0035011, -29.4651511 ], [ -52.0037144, -29.4649936 ], [ -52.003888, -29.46436490000001 ], [ -52.004059, -29.4641672 ], [ -52.0042622, -29.4640955 ], [ -52.0047879, -29.4638155 ], [ -52.004929, -29.4637018 ], [ -52.0050323, -29.4635818 ], [ -52.0050516, -29.4632118 ], [ -52.0050559, -29.463040899999985 ], [ -52.005153, -29.4629532 ], [ -52.0054443, -29.4628095 ], [ -52.0056872, -29.4626565 ], [ -52.0058172, -29.4625762 ], [ -52.00584460000001, -29.4624818 ], [ -52.0053094, -29.4621309 ], [ -52.0051042, -29.4616339 ], [ -52.0047997, -29.461652899999986 ], [ -52.0045255, -29.4615912 ], [ -52.0043301, -29.4613749 ], [ -52.0042572, -29.4610775 ], [ -52.0042912, -29.4604305 ], [ -52.0044681, -29.4599973 ], [ -52.0044564, -29.4599956 ], [ -52.0042915, -29.4599728 ] ] ] } }
]
}
