{
"type": "FeatureCollection",
"name": "bairros_novo_hamburgo",
"crs": { "type": "name", "properties": { "name": "urn:ogc:def:crs:OGC:1.3:CRS84" } },
"features": [
{ "type": "Feature", "properties": { "name": "Vila Rosa", "code_muni": 4313409.0, "name_muni": "Novo Hamburgo" }, "geometry": { "type": "Polygon", "coordinates": [ [ [ -51.1386383, -29.6779457 ], [ -51.1383027, -29.6779741 ], [ -51.1381953, -29.6779832 ], [ -51.1381215, -29.677989 ], [ -51.1379211, -29.6780065 ], [ -51.137784, -29.6780181 ], [ -51.1373559, -29.6780544 ], [ -51.1370939, -29.678076699999984 ], [ -51.1365892, -29.6781195 ], [ -51.136514, -29.6781258 ], [ -51.1361184, -29.6781594 ], [ -51.1359821, -29.6781762 ], [ -51.1354773, -29.6782171 ], [ -51.1353574, -29.6782268 ], [ -51.1352721, -29.6782337 ], [ -51.1348832, -29.6782652 ], [ -51.1346949, -29.6782801 ], [ -51.1342087, -29.6783214 ], [ -51.1339217, -29.6783457 ], [ -51.1338038, -29.6783557 ], [ -51.1337315, -29.6783618 ], [ -51.1328912, -29.678433 ], [ -51.1318195, -29.6785229 ], [ -51.1310491, -29.6785892 ], [ -51.1310225, -29.6785915 ], [ -51.130998, -29.6785909 ], [ -51.1309735, -29.6785903 ], [ -51.1309619, -29.6786441 ], [ -51.1307678, -29.679819 ], [ -51.1306032, -29.6807522 ], [ -51.1305095, -29.6812677 ], [ -51.1305035, -29.6813007 ], [ -51.1304936, -29.6813551 ], [ -51.1304686, -29.6814768 ], [ -51.1305263, -29.6815035 ], [ -51.1311636, -29.6818667 ], [ -51.1313162, -29.6819514 ], [ -51.1324243, -29.6825764 ], [ -51.1325754, -29.6826453 ], [ -51.1332558, -29.6829823 ], [ -51.1343337, -29.6835911 ], [ -51.1345361, -29.6834345 ], [ -51.1346692, -29.6833606 ], [ -51.1355718, -29.68295890000001 ], [ -51.1357895, -29.682862 ], [ -51.1360622, -29.6827339 ], [ -51.1361839, -29.6826435 ], [ -51.1363084, -29.682551099999987 ], [ -51.1364911, -29.6823406 ], [ -51.136638, -29.6821026 ], [ -51.1367929, -29.6816644 ], [ -51.1368207, -29.6815333 ], [ -51.1368535, -29.6814226 ], [ -51.1370142, -29.6809646 ], [ -51.1371169, -29.6807148 ], [ -51.1372654, -29.6804846 ], [ -51.138079500000011, -29.6796497 ], [ -51.1382343, -29.679422 ], [ -51.1389179, -29.6780203 ], [ -51.1389532, -29.6779218 ], [ -51.138821, -29.6779302 ], [ -51.1387887, -29.677933 ], [ -51.1387424, -29.6779369 ], [ -51.1386919, -29.6779412 ], [ -51.1386383, -29.6779457 ] ] ] } },
{ "type": "Feature", "properties": { "name": "Operário", "code_muni": 4313409.0, "name_muni": "Novo Hamburgo" }, "geometry": { "type": "Polygon", "coordinates": [ [ [ -51.1281915, -29.6620848 ], [ -51.1289653, -29.6639186 ], [ -51.129169, -29.6645583 ], [ -51.1292798, -29.6652429 ], [ -51.12939320000001, -29.6657058 ], [ -51.1294615, -29.6660693 ], [ -51.1295182, -29.6663173 ], [ -51.1295652, -29.6670236 ], [ -51.1304304, -29.6673151 ], [ -51.1304891, -29.6675057 ], [ -51.1305761, -29.6676858 ], [ -51.1306857, -29.6678899 ], [ -51.1308177, -29.6681032 ], [ -51.1312395, -29.6686648 ], [ -51.1313374, -29.6687854 ], [ -51.1318919, -29.6695755 ], [ -51.132246, -29.6700742 ], [ -51.1323874, -29.6703416 ], [ -51.1324179, -29.6705028 ], [ -51.132419, -29.670552 ], [ -51.132073, -29.6721402 ], [ -51.1320367, -29.6725393 ], [ -51.1320046, -29.6727659 ], [ -51.1318153, -29.6737208 ], [ -51.1317612, -29.6740463 ], [ -51.1316935, -29.6744334 ], [ -51.1316895, -29.674456 ], [ -51.1315868, -29.6750435 ], [ -51.1314549, -29.6757979 ], [ -51.1313283, -29.6764503 ], [ -51.1313093, -29.676548 ], [ -51.1312414, -29.67712 ], [ -51.131111, -29.6778512 ], [ -51.1310713, -29.678064399999986 ], [ -51.1310637, -29.6781056 ], [ -51.1310529, -29.6781637 ], [ -51.1310368, -29.678250300000013 ], [ -51.1309735, -29.6785903 ], [ -51.130998, -29.6785909 ], [ -51.1310225, -29.6785915 ], [ -51.1310491, -29.6785892 ], [ -51.1318195, -29.6785229 ], [ -51.1328912, -29.678433 ], [ -51.1337315, -29.6783618 ], [ -51.1338038, -29.6783557 ], [ -51.1339217, -29.6783457 ], [ -51.1342087, -29.6783214 ], [ -51.1346949, -29.6782801 ], [ -51.1348832, -29.6782652 ], [ -51.1352721, -29.6782337 ], [ -51.1353574, -29.6782268 ], [ -51.1354773, -29.6782171 ], [ -51.1359821, -29.6781762 ], [ -51.1361184, -29.6781594 ], [ -51.136514, -29.6781258 ], [ -51.1365892, -29.6781195 ], [ -51.1370939, -29.678076699999984 ], [ -51.1373559, -29.6780544 ], [ -51.137784, -29.6780181 ], [ -51.1379211, -29.6780065 ], [ -51.1381215, -29.677989 ], [ -51.1381953, -29.6779832 ], [ -51.1383027, -29.6779741 ], [ -51.1386383, -29.6779457 ], [ -51.1386919, -29.6779412 ], [ -51.1387424, -29.6779369 ], [ -51.1387887, -29.677933 ], [ -51.138821, -29.6779302 ], [ -51.1389532, -29.6779218 ], [ -51.1392477, -29.6772263 ], [ -51.1394327, -29.6767691 ], [ -51.1395102, -29.6764456 ], [ -51.139557, -29.6762502 ], [ -51.1395765, -29.6757876 ], [ -51.1395552, -29.6756372 ], [ -51.1394947, -29.6752095 ], [ -51.1393903, -29.6748121 ], [ -51.139232, -29.6744561 ], [ -51.1384419, -29.6728461 ], [ -51.1383463, -29.6726609 ], [ -51.1381995, -29.6724094 ], [ -51.1379437, -29.6718448 ], [ -51.137839, -29.6715634 ], [ -51.1377891, -29.6713156 ], [ -51.1378139, -29.6711062 ], [ -51.13787, -29.6708606 ], [ -51.1381965, -29.6702931 ], [ -51.138286, -29.6700652 ], [ -51.1389994, -29.669052300000011 ], [ -51.1405941, -29.6700986 ], [ -51.1406519, -29.6700945 ], [ -51.1407718, -29.6700861 ], [ -51.1411612, -29.6700574 ], [ -51.1413132, -29.6700462 ], [ -51.1414627, -29.6700352 ], [ -51.1422479, -29.6699635 ], [ -51.1431234, -29.6698602 ], [ -51.144222, -29.6576225 ], [ -51.1422399, -29.6581073 ], [ -51.141572, -29.6582553 ], [ -51.1409229, -29.658439399999988 ], [ -51.1402845, -29.6586842 ], [ -51.1378276, -29.6596328 ], [ -51.1368942, -29.6599778 ], [ -51.1358562, -29.6602808 ], [ -51.134896, -29.6604905 ], [ -51.133866, -29.660635 ], [ -51.1327261, -29.660756199999987 ], [ -51.1317095, -29.6608681 ], [ -51.130583, -29.6610313 ], [ -51.1279558, -29.6614967 ], [ -51.1281915, -29.6620848 ] ] ] } },
{ "type": "Feature", "properties": { "name": "Guarani", "code_muni": 4313409.0, "name_muni": "Novo Hamburgo" }, "geometry": { "type": "Polygon", "coordinates": [ [ [ -51.1249387, -29.6640917 ], [ -51.1250697, -29.6648726 ], [ -51.1258001, -29.6689271 ], [ -51.1257196, -29.6689483 ], [ -51.125533, -29.6689891 ], [ -51.1253755, -29.6690243 ], [ -51.1248718, -29.6691386 ], [ -51.1247621, -29.669173600000011 ], [ -51.1244232, -29.6693499 ], [ -51.1240894, -29.6695373 ], [ -51.1237785, -29.669725 ], [ -51.1232884, -29.670026 ], [ -51.1229808, -29.6701177 ], [ -51.1224717, -29.6702013 ], [ -51.1223699, -29.670218 ], [ -51.1221516, -29.6702538 ], [ -51.1212728, -29.6704204 ], [ -51.120643800000011, -29.6705602 ], [ -51.1202841, -29.670652 ], [ -51.1201411, -29.6707313 ], [ -51.1202405, -29.6713323 ], [ -51.1204291, -29.6721443 ], [ -51.1205696, -29.6727866 ], [ -51.1206661, -29.6735887 ], [ -51.1208599, -29.6749906 ], [ -51.1209265, -29.6752152 ], [ -51.1211291, -29.6760627 ], [ -51.1209204, -29.6762593 ], [ -51.1202066, -29.6769747 ], [ -51.1201764, -29.6770064 ], [ -51.1196921, -29.677473 ], [ -51.1196191, -29.6775234 ], [ -51.1195693, -29.6775573 ], [ -51.1203282, -29.678261100000014 ], [ -51.1206534, -29.6784912 ], [ -51.1209136, -29.6785524 ], [ -51.1212482, -29.6785611 ], [ -51.122413, -29.6785221 ], [ -51.122826, -29.6785617 ], [ -51.1231613, -29.6786596 ], [ -51.1236763, -29.6788996 ], [ -51.1241806, -29.6790697 ], [ -51.1244541, -29.679123300000011 ], [ -51.1249343, -29.6791979 ], [ -51.1254546, -29.6792072 ], [ -51.1262792, -29.6791389 ], [ -51.1268073, -29.6790941 ], [ -51.1272957, -29.6791493 ], [ -51.1278473, -29.6792926 ], [ -51.1280217, -29.6793804 ], [ -51.1284385, -29.679672 ], [ -51.1291355, -29.6806187 ], [ -51.129266, -29.6807559 ], [ -51.1298, -29.681128699999984 ], [ -51.1304008, -29.681448 ], [ -51.1304686, -29.6814768 ], [ -51.1304936, -29.6813551 ], [ -51.1305035, -29.6813007 ], [ -51.1305095, -29.6812677 ], [ -51.1306032, -29.6807522 ], [ -51.1307678, -29.679819 ], [ -51.1309619, -29.6786441 ], [ -51.1309735, -29.6785903 ], [ -51.1310368, -29.678250300000013 ], [ -51.1310529, -29.6781637 ], [ -51.1310637, -29.6781056 ], [ -51.1310713, -29.678064399999986 ], [ -51.131111, -29.6778512 ], [ -51.1312414, -29.67712 ], [ -51.1313093, -29.676548 ], [ -51.1313283, -29.6764503 ], [ -51.1314549, -29.6757979 ], [ -51.1315868, -29.6750435 ], [ -51.1316895, -29.674456 ], [ -51.1316935, -29.6744334 ], [ -51.1317612, -29.6740463 ], [ -51.1318153, -29.6737208 ], [ -51.1320046, -29.6727659 ], [ -51.1320367, -29.6725393 ], [ -51.132073, -29.6721402 ], [ -51.132419, -29.670552 ], [ -51.1324179, -29.6705028 ], [ -51.1323874, -29.6703416 ], [ -51.132246, -29.6700742 ], [ -51.1318919, -29.6695755 ], [ -51.1313374, -29.6687854 ], [ -51.1312395, -29.6686648 ], [ -51.1308177, -29.6681032 ], [ -51.1306857, -29.6678899 ], [ -51.1305761, -29.6676858 ], [ -51.1304891, -29.6675057 ], [ -51.1304304, -29.6673151 ], [ -51.1295652, -29.6670236 ], [ -51.1295182, -29.6663173 ], [ -51.1294615, -29.6660693 ], [ -51.12939320000001, -29.6657058 ], [ -51.1292798, -29.6652429 ], [ -51.129169, -29.6645583 ], [ -51.1289653, -29.6639186 ], [ -51.1281915, -29.6620848 ], [ -51.1279558, -29.6614967 ], [ -51.1273992, -29.6615953 ], [ -51.1245634, -29.662085 ], [ -51.124616, -29.6623052 ], [ -51.1249387, -29.6640917 ] ] ] } },
{ "type": "Feature", "properties": { "name": "Vila Nova", "code_muni": 4313409.0, "name_muni": "Novo Hamburgo" }, "geometry": { "type": "Polygon", "coordinates": [ [ [ -51.1109517, -29.6623468 ], [ -51.1110759, -29.6632264 ], [ -51.111138, -29.6632224 ], [ -51.1112668, -29.6640848 ], [ -51.1113602, -29.664782 ], [ -51.111778, -29.6675735 ], [ -51.111927, -29.6685072 ], [ -51.1119889, -29.668958 ], [ -51.1120979, -29.6697526 ], [ -51.1122102, -29.6705696 ], [ -51.1123288, -29.6712779 ], [ -51.1124196, -29.6719968 ], [ -51.1123463, -29.6720535 ], [ -51.1125237, -29.6721597 ], [ -51.1127821, -29.6722758 ], [ -51.1130762, -29.6723837 ], [ -51.1139908, -29.672999 ], [ -51.1152139, -29.6738892 ], [ -51.1160052, -29.6744812 ], [ -51.1163726, -29.6747725 ], [ -51.1195693, -29.6775573 ], [ -51.1196191, -29.6775234 ], [ -51.1196921, -29.677473 ], [ -51.1201764, -29.6770064 ], [ -51.1202066, -29.6769747 ], [ -51.1209204, -29.6762593 ], [ -51.1211291, -29.6760627 ], [ -51.1209265, -29.6752152 ], [ -51.1208599, -29.6749906 ], [ -51.1206661, -29.6735887 ], [ -51.1205696, -29.6727866 ], [ -51.1204291, -29.6721443 ], [ -51.1202405, -29.6713323 ], [ -51.1201411, -29.6707313 ], [ -51.1202841, -29.670652 ], [ -51.120643800000011, -29.6705602 ], [ -51.1212728, -29.6704204 ], [ -51.1221516, -29.6702538 ], [ -51.1223699, -29.670218 ], [ -51.1224717, -29.6702013 ], [ -51.1229808, -29.6701177 ], [ -51.1232884, -29.670026 ], [ -51.1237785, -29.669725 ], [ -51.1240894, -29.6695373 ], [ -51.1244232, -29.6693499 ], [ -51.1247621, -29.669173600000011 ], [ -51.1248718, -29.6691386 ], [ -51.1253755, -29.6690243 ], [ -51.125533, -29.6689891 ], [ -51.1257196, -29.6689483 ], [ -51.1258001, -29.6689271 ], [ -51.1250697, -29.6648726 ], [ -51.1249387, -29.6640917 ], [ -51.124616, -29.6623052 ], [ -51.1245634, -29.662085 ], [ -51.12363340000001, -29.6622456 ], [ -51.1229119, -29.6623575 ], [ -51.1221582, -29.6623854 ], [ -51.1209968, -29.6623109 ], [ -51.1175877, -29.6620218 ], [ -51.1169145, -29.6619706 ], [ -51.115973, -29.6618634 ], [ -51.1152649, -29.6617468 ], [ -51.1147499, -29.6616256 ], [ -51.1126176, -29.6610592 ], [ -51.1119148, -29.6609147 ], [ -51.1114723, -29.6608565 ], [ -51.1107588, -29.660781900000011 ], [ -51.1107481, -29.6609311 ], [ -51.1109517, -29.6623468 ] ] ] } },
{ "type": "Feature", "properties": { "name": "São José", "code_muni": 4313409.0, "name_muni": "Novo Hamburgo" }, "geometry": { "type": "Polygon", "coordinates": [ [ [ -51.1105712, -29.6528034 ], [ -51.1104736, -29.652902399999984 ], [ -51.1102947, -29.6530507 ], [ -51.1101402, -29.6532274 ], [ -51.1100524, -29.653398 ], [ -51.110002, -29.6534959 ], [ -51.10988, -29.653835099999984 ], [ -51.1097558, -29.6541735 ], [ -51.1096863, -29.6540275 ], [ -51.1095792, -29.6537927 ], [ -51.1094979, -29.6536726 ], [ -51.1093434, -29.6535736 ], [ -51.1091482, -29.6534535 ], [ -51.1089043, -29.6533193 ], [ -51.1085466, -29.653079 ], [ -51.1081497, -29.6531274 ], [ -51.1059812, -29.6534292 ], [ -51.1041144, -29.6536463 ], [ -51.1027494, -29.6538051 ], [ -51.1028385, -29.6543582 ], [ -51.1033185, -29.6572762 ], [ -51.1033866, -29.6576859 ], [ -51.103546, -29.6587286 ], [ -51.1037344, -29.6599161 ], [ -51.1037799, -29.6601927 ], [ -51.1038499, -29.6601832 ], [ -51.1039969, -29.6607493 ], [ -51.1040303, -29.6612609 ], [ -51.1040459, -29.6613478 ], [ -51.1042259, -29.6625583 ], [ -51.1044201, -29.6637019 ], [ -51.1046606, -29.6651804 ], [ -51.1047832, -29.6659215 ], [ -51.1048106, -29.6660869 ], [ -51.1049918, -29.6671468 ], [ -51.1056447, -29.6670591 ], [ -51.1058595, -29.668402 ], [ -51.1062295, -29.6683447 ], [ -51.1072255, -29.6682038 ], [ -51.1074936, -29.6681634 ], [ -51.1078778, -29.6681137 ], [ -51.111778, -29.6675735 ], [ -51.1113602, -29.664782 ], [ -51.1112668, -29.6640848 ], [ -51.111138, -29.6632224 ], [ -51.1110759, -29.6632264 ], [ -51.1109517, -29.6623468 ], [ -51.1107481, -29.6609311 ], [ -51.1107588, -29.660781900000011 ], [ -51.1114723, -29.6608565 ], [ -51.1119148, -29.6609147 ], [ -51.1126176, -29.6610592 ], [ -51.1147499, -29.6616256 ], [ -51.1152649, -29.6617468 ], [ -51.115973, -29.6618634 ], [ -51.1169145, -29.6619706 ], [ -51.1175877, -29.6620218 ], [ -51.1167893, -29.6563502 ], [ -51.1148277, -29.6563161 ], [ -51.1146802, -29.6563254 ], [ -51.1145541, -29.656358 ], [ -51.1144254, -29.6564023 ], [ -51.1143047, -29.6564186 ], [ -51.1142027, -29.6563767 ], [ -51.1141464, -29.6562997 ], [ -51.114082, -29.6562461 ], [ -51.1140069, -29.6562205 ], [ -51.1139292, -29.6562158 ], [ -51.1138085, -29.6562694 ], [ -51.1137012, -29.656337 ], [ -51.1136073, -29.6563813 ], [ -51.1135054, -29.6563906 ], [ -51.1133525, -29.656358 ], [ -51.1130574, -29.6563044 ], [ -51.1125478, -29.6561669 ], [ -51.1122474, -29.6561366 ], [ -51.1117056, -29.656076 ], [ -51.1114776, -29.6561785 ], [ -51.1112657, -29.6564186 ], [ -51.1106971, -29.6566727 ], [ -51.1107963, -29.6565352 ], [ -51.110909, -29.65629040000001 ], [ -51.1109465, -29.6561109 ], [ -51.1109465, -29.6559058 ], [ -51.1109465, -29.655696 ], [ -51.1109358, -29.6554676 ], [ -51.1109251, -29.6553557 ], [ -51.1108607, -29.6552252 ], [ -51.1107642, -29.6550807 ], [ -51.1107749, -29.6549781 ], [ -51.11074, -29.6548732 ], [ -51.1107561, -29.654745 ], [ -51.1107802, -29.6546355 ], [ -51.1107695, -29.6545772 ], [ -51.1107051, -29.6545376 ], [ -51.1106622, -29.654477 ], [ -51.110673, -29.6543954 ], [ -51.1106998, -29.6542905 ], [ -51.1108097, -29.6540528 ], [ -51.1108097, -29.6539152 ], [ -51.1108232, -29.653773 ], [ -51.1106267, -29.6527214 ], [ -51.1105712, -29.6528034 ] ] ] } },
{ "type": "Feature", "properties": { "name": "São Jorge", "code_muni": 4313409.0, "name_muni": "Novo Hamburgo" }, "geometry": { "type": "Polygon", "coordinates": [ [ [ -51.093, -29.657 ], [ -51.0918975, -29.6586142 ], [ -51.0907656, -29.660987 ], [ -51.089729554437113, -29.661837482567641 ], [ -51.08907507, -29.663160353 ], [ -51.089943425778344, -29.673607195783362 ], [ -51.09, -29.674 ], [ -51.090004713415318, -29.674344439185901 ], [ -51.090037459, -29.674738338999898 ], [ -51.089232725287701, -29.675243390953941 ], [ -51.0891562, -29.6756855 ], [ -51.0891411, -29.6757725 ], [ -51.0896927, -29.6756883 ], [ -51.0910311, -29.675517 ], [ -51.0948774, -29.6750428 ], [ -51.0950184, -29.6750708 ], [ -51.0952343, -29.675143 ], [ -51.095389, -29.6752219 ], [ -51.095844, -29.6755091 ], [ -51.0961045, -29.675686 ], [ -51.0963143, -29.6758009 ], [ -51.0965069, -29.6758701 ], [ -51.0967432, -29.6759131 ], [ -51.0969642, -29.6759377 ], [ -51.0971919, -29.6759589 ], [ -51.0976888, -29.6760225 ], [ -51.098335, -29.6760952 ], [ -51.0989753, -29.6761684 ], [ -51.0994305, -29.6762197 ], [ -51.0998857, -29.6762731 ], [ -51.1001788, -29.676314 ], [ -51.1005173, -29.6763361 ], [ -51.1007509, -29.676314399999988 ], [ -51.1014533, -29.6762226 ], [ -51.1016159, -29.676174 ], [ -51.1037961, -29.6750839 ], [ -51.1042417, -29.6748422 ], [ -51.1043793, -29.6747402 ], [ -51.1044608, -29.674602 ], [ -51.1045276, -29.6744419 ], [ -51.1046713, -29.6741322 ], [ -51.10484970000001, -29.6738665 ], [ -51.1049794, -29.6737042 ], [ -51.1047674, -29.672356400000012 ], [ -51.1047481, -29.6723243 ], [ -51.1047359, -29.6719343 ], [ -51.1073209, -29.6722185 ], [ -51.1074142, -29.6721961 ], [ -51.1073105, -29.6721032 ], [ -51.1070573, -29.671874499999987 ], [ -51.1068723, -29.6716858 ], [ -51.106686, -29.6714623 ], [ -51.1065504, -29.6712849 ], [ -51.1064999, -29.6712104 ], [ -51.106472, -29.6711425 ], [ -51.1063103, -29.67075 ], [ -51.1061455, -29.6699809 ], [ -51.1061053, -29.6692435 ], [ -51.1061576, -29.6687903 ], [ -51.1061851, -29.6686199 ], [ -51.1062295, -29.6683447 ], [ -51.1058595, -29.668402 ], [ -51.1056447, -29.6670591 ], [ -51.1049918, -29.6671468 ], [ -51.1048106, -29.6660869 ], [ -51.1047832, -29.6659215 ], [ -51.1046606, -29.6651804 ], [ -51.1044201, -29.6637019 ], [ -51.1042259, -29.6625583 ], [ -51.1040459, -29.6613478 ], [ -51.1040303, -29.6612609 ], [ -51.1039969, -29.6607493 ], [ -51.1038499, -29.6601832 ], [ -51.1037799, -29.6601927 ], [ -51.1037344, -29.6599161 ], [ -51.103546, -29.6587286 ], [ -51.1033866, -29.6576859 ], [ -51.1033185, -29.6572762 ], [ -51.1028385, -29.6543582 ], [ -51.1027494, -29.6538051 ], [ -51.1026463, -29.6532414 ], [ -51.1024532, -29.6520405 ], [ -51.1022896, -29.6514111 ], [ -51.1023299, -29.6513838 ], [ -51.1023731, -29.651321 ], [ -51.1024466, -29.6511694 ], [ -51.1025204, -29.6510295 ], [ -51.1026009, -29.6508966 ], [ -51.1027792, -29.6506787 ], [ -51.1030006, -29.6504304 ], [ -51.1035532, -29.6498105 ], [ -51.1035839, -29.6497708 ], [ -51.1036069, -29.6497219 ], [ -51.10361540000001, -29.6497003 ], [ -51.1036122, -29.6496707 ], [ -51.1035946, -29.6496449 ], [ -51.1035639, -29.64962640000001 ], [ -51.1035376, -29.6496158 ], [ -51.1035021, -29.6496169 ], [ -51.1034189, -29.6496402 ], [ -51.1028827, -29.6498362 ], [ -51.1025821, -29.6499456 ], [ -51.1023476, -29.6500133 ], [ -51.1022175, -29.6500355 ], [ -51.102102, -29.6500447 ], [ -51.1020391, -29.6500424 ], [ -51.101988, -29.6500237 ], [ -51.1019465, -29.6499899 ], [ -51.1019129, -29.649922300000011 ], [ -51.1018391, -29.6497102 ], [ -51.1017628, -29.6494712 ], [ -51.1017506, -29.6493675 ], [ -51.1017467, -29.6492534 ], [ -51.1017574, -29.649187499999986 ], [ -51.1017883, -29.6491304 ], [ -51.1018445, -29.6490831 ], [ -51.1019256, -29.6490511 ], [ -51.1020237, -29.649036 ], [ -51.1022629, -29.6490248 ], [ -51.1025137, -29.6489992 ], [ -51.1027323, -29.6489572 ], [ -51.1028704, -29.6489199 ], [ -51.1030072, -29.6488698 ], [ -51.1031306, -29.6488092 ], [ -51.1032421, -29.6487406 ], [ -51.1032633, -29.6487102 ], [ -51.1032743, -29.648673 ], [ -51.1032633, -29.648642 ], [ -51.1032421, -29.6486124 ], [ -51.1032077, -29.6485971 ], [ -51.1031682, -29.6485913 ], [ -51.1022979, -29.648638 ], [ -51.1021907, -29.6486124 ], [ -51.1021436, -29.6485703 ], [ -51.1021275, -29.648519 ], [ -51.1021504, -29.6484469 ], [ -51.1023126, -29.648223 ], [ -51.1025351, -29.6478803 ], [ -51.1026827, -29.6476216 ], [ -51.1027578, -29.6474421 ], [ -51.1027873, -29.6473139 ], [ -51.1027899, -29.647195 ], [ -51.1027673, -29.647036599999986 ], [ -51.1026332, -29.6460377 ], [ -51.1024997, -29.6453924 ], [ -51.1025164, -29.6452392 ], [ -51.1025554, -29.6451041 ], [ -51.102621, -29.644796299999989 ], [ -51.1026708, -29.644437299999989 ], [ -51.1028558, -29.6430899 ], [ -51.1030436, -29.6428289 ], [ -51.1033762, -29.642446599999985 ], [ -51.1037426, -29.6421757 ], [ -51.103672068306508, -29.641713394729347 ], [ -51.097849666999899, -29.643773823999897 ], [ -51.095795898999903, -29.654358601 ], [ -51.093153744349095, -29.656517412138253 ], [ -51.093, -29.657 ] ] ] } },
{ "type": "Feature", "properties": { "name": "Diehl", "code_muni": 4313409.0, "name_muni": "Novo Hamburgo" }, "geometry": { "type": "Polygon", "coordinates": [ [ [ -51.1033762, -29.642446599999985 ], [ -51.1030436, -29.6428289 ], [ -51.1028558, -29.6430899 ], [ -51.1026708, -29.644437299999989 ], [ -51.102621, -29.644796299999989 ], [ -51.1025554, -29.6451041 ], [ -51.1025164, -29.6452392 ], [ -51.1024997, -29.6453924 ], [ -51.1026332, -29.6460377 ], [ -51.1027673, -29.647036599999986 ], [ -51.1027899, -29.647195 ], [ -51.1027873, -29.6473139 ], [ -51.1027578, -29.6474421 ], [ -51.1026827, -29.6476216 ], [ -51.1025351, -29.6478803 ], [ -51.1023126, -29.648223 ], [ -51.1021504, -29.6484469 ], [ -51.1021275, -29.648519 ], [ -51.1021436, -29.6485703 ], [ -51.1021907, -29.6486124 ], [ -51.1022979, -29.648638 ], [ -51.1031682, -29.6485913 ], [ -51.1032077, -29.6485971 ], [ -51.1032421, -29.6486124 ], [ -51.1032633, -29.648642 ], [ -51.1032743, -29.648673 ], [ -51.1032633, -29.6487102 ], [ -51.1032421, -29.6487406 ], [ -51.1031306, -29.6488092 ], [ -51.1030072, -29.6488698 ], [ -51.1028704, -29.6489199 ], [ -51.1027323, -29.6489572 ], [ -51.1025137, -29.6489992 ], [ -51.1022629, -29.6490248 ], [ -51.1020237, -29.649036 ], [ -51.1019256, -29.6490511 ], [ -51.1018445, -29.6490831 ], [ -51.1017883, -29.6491304 ], [ -51.1017574, -29.649187499999986 ], [ -51.1017467, -29.6492534 ], [ -51.1017506, -29.6493675 ], [ -51.1017628, -29.6494712 ], [ -51.1018391, -29.6497102 ], [ -51.1019129, -29.649922300000011 ], [ -51.1019465, -29.6499899 ], [ -51.101988, -29.6500237 ], [ -51.1020391, -29.6500424 ], [ -51.102102, -29.6500447 ], [ -51.1022175, -29.6500355 ], [ -51.1023476, -29.6500133 ], [ -51.1025821, -29.6499456 ], [ -51.1028827, -29.6498362 ], [ -51.1034189, -29.6496402 ], [ -51.1035021, -29.6496169 ], [ -51.1035376, -29.6496158 ], [ -51.1035639, -29.64962640000001 ], [ -51.1035946, -29.6496449 ], [ -51.1036122, -29.6496707 ], [ -51.10361540000001, -29.6497003 ], [ -51.1036069, -29.6497219 ], [ -51.1035839, -29.6497708 ], [ -51.1035532, -29.6498105 ], [ -51.1030006, -29.6504304 ], [ -51.1027792, -29.6506787 ], [ -51.1026009, -29.6508966 ], [ -51.1025204, -29.6510295 ], [ -51.1024466, -29.6511694 ], [ -51.1023731, -29.651321 ], [ -51.1023299, -29.6513838 ], [ -51.1022896, -29.6514111 ], [ -51.1024532, -29.6520405 ], [ -51.1026463, -29.6532414 ], [ -51.1027494, -29.6538051 ], [ -51.1041144, -29.6536463 ], [ -51.1059812, -29.6534292 ], [ -51.1081497, -29.6531274 ], [ -51.1085466, -29.653079 ], [ -51.1089043, -29.6533193 ], [ -51.1091482, -29.6534535 ], [ -51.1093434, -29.6535736 ], [ -51.1094979, -29.6536726 ], [ -51.1095792, -29.6537927 ], [ -51.1096863, -29.6540275 ], [ -51.1097558, -29.6541735 ], [ -51.10988, -29.653835099999984 ], [ -51.110002, -29.6534959 ], [ -51.1100524, -29.653398 ], [ -51.1101402, -29.6532274 ], [ -51.1102947, -29.6530507 ], [ -51.1104736, -29.652902399999984 ], [ -51.1105712, -29.6528034 ], [ -51.1106267, -29.6527214 ], [ -51.1108232, -29.653773 ], [ -51.1108097, -29.6539152 ], [ -51.1108097, -29.6540528 ], [ -51.1106998, -29.6542905 ], [ -51.110673, -29.6543954 ], [ -51.1106622, -29.654477 ], [ -51.1107051, -29.6545376 ], [ -51.1107695, -29.6545772 ], [ -51.1107802, -29.6546355 ], [ -51.1107561, -29.654745 ], [ -51.11074, -29.6548732 ], [ -51.1107749, -29.6549781 ], [ -51.1107642, -29.6550807 ], [ -51.1108607, -29.6552252 ], [ -51.1109251, -29.6553557 ], [ -51.1109358, -29.6554676 ], [ -51.1109465, -29.655696 ], [ -51.1109465, -29.6559058 ], [ -51.1109465, -29.6561109 ], [ -51.110909, -29.65629040000001 ], [ -51.1107963, -29.6565352 ], [ -51.1106971, -29.6566727 ], [ -51.1112657, -29.6564186 ], [ -51.1114776, -29.6561785 ], [ -51.1117056, -29.656076 ], [ -51.1122474, -29.6561366 ], [ -51.1125478, -29.6561669 ], [ -51.1130574, -29.6563044 ], [ -51.1133525, -29.656358 ], [ -51.1135054, -29.6563906 ], [ -51.1136073, -29.6563813 ], [ -51.1137012, -29.656337 ], [ -51.1138085, -29.6562694 ], [ -51.1139292, -29.6562158 ], [ -51.1140069, -29.6562205 ], [ -51.114082, -29.6562461 ], [ -51.1141464, -29.6562997 ], [ -51.1142027, -29.6563767 ], [ -51.1143047, -29.6564186 ], [ -51.1144254, -29.6564023 ], [ -51.1145541, -29.656358 ], [ -51.1146802, -29.6563254 ], [ -51.1148277, -29.6563161 ], [ -51.1167893, -29.6563502 ], [ -51.1147928, -29.6421667 ], [ -51.114446, -29.6401203 ], [ -51.114341447229933, -29.640130040698697 ], [ -51.10527339, -29.641146659999901 ], [ -51.103672068306508, -29.641713394729347 ], [ -51.1037426, -29.6421757 ], [ -51.1033762, -29.642446599999985 ] ] ] } },
{ "type": "Feature", "properties": { "name": "Roselândia", "code_muni": 4313409.0, "name_muni": "Novo Hamburgo" }, "geometry": { "type": "Polygon", "coordinates": [ [ [ -51.1379483, -29.649232300000012 ], [ -51.1380114, -29.6496635 ], [ -51.1380945, -29.650075 ], [ -51.1381629, -29.650522 ], [ -51.1386913, -29.6534654 ], [ -51.141817, -29.6530725 ], [ -51.1427892, -29.6529343 ], [ -51.1446938, -29.6526728 ], [ -51.1446835, -29.6525394 ], [ -51.1446633, -29.6523584 ], [ -51.1446527, -29.6522628 ], [ -51.1446225, -29.65202870000001 ], [ -51.144569, -29.6517627 ], [ -51.1445105, -29.6515211 ], [ -51.1444588, -29.6513348 ], [ -51.1443389, -29.6502903 ], [ -51.1442837, -29.6500342 ], [ -51.1442556, -29.6498874 ], [ -51.1441833, -29.649464299999988 ], [ -51.1440996, -29.6489715 ], [ -51.1440283, -29.6485364 ], [ -51.143915, -29.6480875 ], [ -51.143854, -29.64792940000001 ], [ -51.1438105, -29.6477116 ], [ -51.1436921, -29.6471039 ], [ -51.1435009, -29.646123 ], [ -51.1433805, -29.6454625 ], [ -51.143244, -29.6447652 ], [ -51.1431737, -29.6444048 ], [ -51.1431609, -29.644339 ], [ -51.1425886, -29.6413881 ], [ -51.1423726, -29.6403239 ], [ -51.1420763, -29.6388144 ], [ -51.1419609, -29.6382759 ], [ -51.1419207, -29.6380276 ], [ -51.1418939, -29.6378807 ], [ -51.1412019, -29.6379612 ], [ -51.1401853, -29.6380521 ], [ -51.1401343, -29.6380218 ], [ -51.1393847, -29.638087 ], [ -51.1387865, -29.6381104 ], [ -51.1387584, -29.6382467 ], [ -51.1379698, -29.6383342 ], [ -51.1371893, -29.6384204 ], [ -51.1351509, -29.6386673 ], [ -51.1349067, -29.6386932 ], [ -51.134786761670178, -29.637835568253735 ], [ -51.122928357969911, -29.639166772383003 ], [ -51.1231586, -29.6400276 ], [ -51.123183, -29.640122 ], [ -51.1232205, -29.6403202 ], [ -51.1232205, -29.6408564 ], [ -51.1232257, -29.6409755 ], [ -51.1232686, -29.641108299999985 ], [ -51.1233439, -29.6412667 ], [ -51.1233996, -29.6413425 ], [ -51.1235502, -29.6415476 ], [ -51.1241832, -29.6418087 ], [ -51.1244408, -29.6419877 ], [ -51.1246579, -29.6421385 ], [ -51.1248565, -29.6424838 ], [ -51.1253741, -29.6437948 ], [ -51.1259695, -29.6442564 ], [ -51.126909, -29.6446799 ], [ -51.1277977, -29.6450163 ], [ -51.1281154, -29.6451121 ], [ -51.1284884, -29.64519 ], [ -51.1287832, -29.6451949 ], [ -51.1290313, -29.6451737 ], [ -51.1297169, -29.6450537 ], [ -51.1299661, -29.645009600000012 ], [ -51.1302142, -29.6449245 ], [ -51.1304008, -29.6448054 ], [ -51.1305468, -29.6447636 ], [ -51.1308136, -29.6447739 ], [ -51.1314227, -29.6448007 ], [ -51.1315419, -29.644782299999985 ], [ -51.1316438, -29.6447438 ], [ -51.1318465, -29.644646899999987 ], [ -51.132077, -29.644528 ], [ -51.1321333, -29.6445259 ], [ -51.1321684, -29.644549 ], [ -51.1322071, -29.6446098 ], [ -51.1321979, -29.6446655 ], [ -51.1319374, -29.6449878 ], [ -51.1317772, -29.6451051 ], [ -51.1316344, -29.6451722 ], [ -51.131501, -29.6452174 ], [ -51.131326, -29.6453039 ], [ -51.1312274, -29.6453656 ], [ -51.1311462, -29.645436 ], [ -51.1310946, -29.645517699999989 ], [ -51.1310658, -29.6455993 ], [ -51.1310564, -29.6456728 ], [ -51.1310523, -29.6458602 ], [ -51.1310877, -29.6460302 ], [ -51.131165, -29.6462124 ], [ -51.1312093, -29.64628 ], [ -51.1312673, -29.646339199999986 ], [ -51.1313179, -29.6463768 ], [ -51.131385, -29.6464176 ], [ -51.1315124, -29.6464642 ], [ -51.1317018, -29.6465082 ], [ -51.1318302, -29.6465539 ], [ -51.1319257, -29.6466032 ], [ -51.1320367, -29.6466577 ], [ -51.1321548, -29.6467381 ], [ -51.1322299, -29.6468022 ], [ -51.132304, -29.6468835 ], [ -51.1324489, -29.6470715 ], [ -51.1324841, -29.6471172 ], [ -51.1327266, -29.6473121 ], [ -51.132933, -29.6474127 ], [ -51.1330909, -29.647463 ], [ -51.1336504, -29.6475385 ], [ -51.1342687, -29.647626 ], [ -51.1348989, -29.6477079 ], [ -51.1352218, -29.6477347 ], [ -51.1353814, -29.6477461 ], [ -51.1360881, -29.6477955 ], [ -51.136477, -29.6478243 ], [ -51.1377066, -29.647912 ], [ -51.1379483, -29.649232300000012 ] ] ] } },
{ "type": "Feature", "properties": { "name": "Alpes do Vale", "code_muni": 4313409.0, "name_muni": "Novo Hamburgo" }, "geometry": { "type": "Polygon", "coordinates": [ [ [ -51.1147928, -29.6421667 ], [ -51.1167893, -29.6563502 ], [ -51.1175877, -29.6620218 ], [ -51.1209968, -29.6623109 ], [ -51.1221582, -29.6623854 ], [ -51.1229119, -29.6623575 ], [ -51.12363340000001, -29.6622456 ], [ -51.1245634, -29.662085 ], [ -51.1273992, -29.6615953 ], [ -51.1279558, -29.6614967 ], [ -51.130583, -29.6610313 ], [ -51.1317095, -29.6608681 ], [ -51.1327261, -29.660756199999987 ], [ -51.133866, -29.660635 ], [ -51.134896, -29.6604905 ], [ -51.1358562, -29.6602808 ], [ -51.1368942, -29.6599778 ], [ -51.1378276, -29.6596328 ], [ -51.1402845, -29.6586842 ], [ -51.1409229, -29.658439399999988 ], [ -51.141572, -29.6582553 ], [ -51.1422399, -29.6581073 ], [ -51.144222, -29.6576225 ], [ -51.1444125, -29.6556075 ], [ -51.1445286, -29.6548116 ], [ -51.1445527, -29.6546822 ], [ -51.1445961, -29.654387 ], [ -51.1446628, -29.6538362 ], [ -51.1447383, -29.6530526 ], [ -51.144736, -29.6529878 ], [ -51.1446938, -29.6526728 ], [ -51.1427892, -29.6529343 ], [ -51.141817, -29.6530725 ], [ -51.1386913, -29.6534654 ], [ -51.1381629, -29.650522 ], [ -51.1380945, -29.650075 ], [ -51.1380114, -29.6496635 ], [ -51.1379483, -29.649232300000012 ], [ -51.1377066, -29.647912 ], [ -51.136477, -29.6478243 ], [ -51.1360881, -29.6477955 ], [ -51.1353814, -29.6477461 ], [ -51.1352218, -29.6477347 ], [ -51.1348989, -29.6477079 ], [ -51.1342687, -29.647626 ], [ -51.1336504, -29.6475385 ], [ -51.1330909, -29.647463 ], [ -51.132933, -29.6474127 ], [ -51.1327266, -29.6473121 ], [ -51.1324841, -29.6471172 ], [ -51.1324489, -29.6470715 ], [ -51.132304, -29.6468835 ], [ -51.1322299, -29.6468022 ], [ -51.1321548, -29.6467381 ], [ -51.1320367, -29.6466577 ], [ -51.1319257, -29.6466032 ], [ -51.1318302, -29.6465539 ], [ -51.1317018, -29.6465082 ], [ -51.1315124, -29.6464642 ], [ -51.131385, -29.6464176 ], [ -51.1313179, -29.6463768 ], [ -51.1312673, -29.646339199999986 ], [ -51.1312093, -29.64628 ], [ -51.131165, -29.6462124 ], [ -51.1310877, -29.6460302 ], [ -51.1310523, -29.6458602 ], [ -51.1310564, -29.6456728 ], [ -51.1310658, -29.6455993 ], [ -51.1310946, -29.645517699999989 ], [ -51.1311462, -29.645436 ], [ -51.1312274, -29.6453656 ], [ -51.131326, -29.6453039 ], [ -51.131501, -29.6452174 ], [ -51.1316344, -29.6451722 ], [ -51.1317772, -29.6451051 ], [ -51.1319374, -29.6449878 ], [ -51.1321979, -29.6446655 ], [ -51.1322071, -29.6446098 ], [ -51.1321684, -29.644549 ], [ -51.1321333, -29.6445259 ], [ -51.132077, -29.644528 ], [ -51.1318465, -29.644646899999987 ], [ -51.1316438, -29.6447438 ], [ -51.1315419, -29.644782299999985 ], [ -51.1314227, -29.6448007 ], [ -51.1308136, -29.6447739 ], [ -51.1305468, -29.6447636 ], [ -51.1304008, -29.6448054 ], [ -51.1302142, -29.6449245 ], [ -51.1299661, -29.645009600000012 ], [ -51.1297169, -29.6450537 ], [ -51.1290313, -29.6451737 ], [ -51.1287832, -29.6451949 ], [ -51.1284884, -29.64519 ], [ -51.1281154, -29.6451121 ], [ -51.1277977, -29.6450163 ], [ -51.126909, -29.6446799 ], [ -51.1259695, -29.6442564 ], [ -51.1253741, -29.6437948 ], [ -51.1248565, -29.6424838 ], [ -51.1246579, -29.6421385 ], [ -51.1244408, -29.6419877 ], [ -51.1241832, -29.6418087 ], [ -51.1235502, -29.6415476 ], [ -51.1233996, -29.6413425 ], [ -51.1233439, -29.6412667 ], [ -51.1232686, -29.641108299999985 ], [ -51.1232257, -29.6409755 ], [ -51.1232205, -29.6408564 ], [ -51.1232205, -29.6403202 ], [ -51.123183, -29.640122 ], [ -51.1231586, -29.6400276 ], [ -51.122928357969911, -29.639166772383003 ], [ -51.114688696003832, -29.640091097930583 ], [ -51.114446, -29.6401203 ], [ -51.1147928, -29.6421667 ] ] ] } },
{ "type": "Feature", "properties": { "name": "Hamburgo Velho", "code_muni": 4313409.0, "name_muni": "Novo Hamburgo" }, "geometry": { "type": "Polygon", "coordinates": [ [ [ -51.1138505, -29.679595700000011 ], [ -51.1144352, -29.6790346 ], [ -51.1149543, -29.678519099999985 ], [ -51.11499, -29.6784824 ], [ -51.1164742, -29.6797021 ], [ -51.1165038, -29.6796753 ], [ -51.1169896, -29.6793071 ], [ -51.1171363, -29.679196 ], [ -51.1174893, -29.6789641 ], [ -51.1176418, -29.6788617 ], [ -51.1177873, -29.678764 ], [ -51.1186579, -29.6781795 ], [ -51.1195274, -29.677585900000011 ], [ -51.1195693, -29.6775573 ], [ -51.1163726, -29.6747725 ], [ -51.1160052, -29.6744812 ], [ -51.1152139, -29.6738892 ], [ -51.1139908, -29.672999 ], [ -51.1130762, -29.6723837 ], [ -51.1127821, -29.6722758 ], [ -51.1125237, -29.6721597 ], [ -51.1123463, -29.6720535 ], [ -51.1124196, -29.6719968 ], [ -51.1123288, -29.6712779 ], [ -51.1122102, -29.6705696 ], [ -51.1120979, -29.6697526 ], [ -51.1119889, -29.668958 ], [ -51.111927, -29.6685072 ], [ -51.111778, -29.6675735 ], [ -51.1078778, -29.6681137 ], [ -51.1074936, -29.6681634 ], [ -51.1072255, -29.6682038 ], [ -51.1062295, -29.6683447 ], [ -51.1061851, -29.6686199 ], [ -51.1061576, -29.6687903 ], [ -51.1061053, -29.6692435 ], [ -51.1061455, -29.6699809 ], [ -51.1063103, -29.67075 ], [ -51.106472, -29.6711425 ], [ -51.1064999, -29.6712104 ], [ -51.1065504, -29.6712849 ], [ -51.106686, -29.6714623 ], [ -51.1068723, -29.6716858 ], [ -51.1070573, -29.671874499999987 ], [ -51.1073105, -29.6721032 ], [ -51.1074142, -29.6721961 ], [ -51.1073209, -29.6722185 ], [ -51.1047359, -29.6719343 ], [ -51.1047481, -29.6723243 ], [ -51.1047674, -29.672356400000012 ], [ -51.1049794, -29.6737042 ], [ -51.10484970000001, -29.6738665 ], [ -51.1046713, -29.6741322 ], [ -51.1045276, -29.6744419 ], [ -51.1044608, -29.674602 ], [ -51.1043793, -29.6747402 ], [ -51.10514, -29.6743827 ], [ -51.1053828, -29.6760873 ], [ -51.1056269, -29.6783043 ], [ -51.1056413, -29.6784284 ], [ -51.1057211, -29.679106 ], [ -51.1058076, -29.679777200000011 ], [ -51.1058703, -29.6804408 ], [ -51.1060072, -29.6817761 ], [ -51.1061008, -29.6824344 ], [ -51.1061712, -29.6831121 ], [ -51.1062387, -29.6837663 ], [ -51.1062971, -29.6844385 ], [ -51.1063792, -29.685083 ], [ -51.1064558, -29.685745 ], [ -51.1066776, -29.687733 ], [ -51.1067612, -29.6884071 ], [ -51.10683, -29.689080599999986 ], [ -51.1068457, -29.6892397 ], [ -51.1068472, -29.689255 ], [ -51.1068516, -29.6892989 ], [ -51.1068706, -29.689491699999987 ], [ -51.1068745, -29.6895308 ], [ -51.106895, -29.6897387 ], [ -51.1069645, -29.6904383 ], [ -51.1083537, -29.6903343 ], [ -51.1086692, -29.6903119 ], [ -51.108862, -29.6902977 ], [ -51.1090204, -29.6902845 ], [ -51.1094502, -29.6902641 ], [ -51.1119497, -29.6891712 ], [ -51.1116875, -29.6874049 ], [ -51.1117861, -29.687422399999985 ], [ -51.1117297, -29.6874026 ], [ -51.1116855, -29.6873744 ], [ -51.1116546, -29.6873281 ], [ -51.1114494, -29.6856031 ], [ -51.1113979, -29.6852446 ], [ -51.1112597, -29.6842821 ], [ -51.1112509, -29.6842166 ], [ -51.1111969, -29.6838137 ], [ -51.1110218, -29.6825085 ], [ -51.1109036, -29.6816055 ], [ -51.1107848, -29.6807808 ], [ -51.1114566, -29.6807094 ], [ -51.1121888, -29.6806311 ], [ -51.1124366, -29.6806111 ], [ -51.1125908, -29.6806121 ], [ -51.112639, -29.680617 ], [ -51.1126887, -29.6806292 ], [ -51.1132783, -29.680121100000012 ], [ -51.1138505, -29.679595700000011 ] ] ] } },
{ "type": "Feature", "properties": { "name": "Canudos", "code_muni": 4313409.0, "name_muni": "Novo Hamburgo" }, "geometry": { "type": "Polygon", "coordinates": [ [ [ -51.1069645, -29.6904383 ], [ -51.106895, -29.6897387 ], [ -51.1068745, -29.6895308 ], [ -51.1068706, -29.689491699999987 ], [ -51.1068516, -29.6892989 ], [ -51.1068472, -29.689255 ], [ -51.1068457, -29.6892397 ], [ -51.10683, -29.689080599999986 ], [ -51.1067612, -29.6884071 ], [ -51.1066776, -29.687733 ], [ -51.1064558, -29.685745 ], [ -51.1063792, -29.685083 ], [ -51.1062971, -29.6844385 ], [ -51.1062387, -29.6837663 ], [ -51.1061712, -29.6831121 ], [ -51.1061008, -29.6824344 ], [ -51.1060072, -29.6817761 ], [ -51.1058703, -29.6804408 ], [ -51.1058076, -29.679777200000011 ], [ -51.1057211, -29.679106 ], [ -51.1056413, -29.6784284 ], [ -51.1056269, -29.6783043 ], [ -51.1053828, -29.6760873 ], [ -51.10514, -29.6743827 ], [ -51.1043793, -29.6747402 ], [ -51.1042417, -29.6748422 ], [ -51.1037961, -29.6750839 ], [ -51.1016159, -29.676174 ], [ -51.1014533, -29.6762226 ], [ -51.1007509, -29.676314399999988 ], [ -51.1005173, -29.6763361 ], [ -51.1001788, -29.676314 ], [ -51.0998857, -29.6762731 ], [ -51.0994305, -29.6762197 ], [ -51.0989753, -29.6761684 ], [ -51.098335, -29.6760952 ], [ -51.0976888, -29.6760225 ], [ -51.0971919, -29.6759589 ], [ -51.0969642, -29.6759377 ], [ -51.0967432, -29.6759131 ], [ -51.0965069, -29.6758701 ], [ -51.0963143, -29.6758009 ], [ -51.0961045, -29.675686 ], [ -51.095844, -29.6755091 ], [ -51.095389, -29.6752219 ], [ -51.0952343, -29.675143 ], [ -51.0950184, -29.6750708 ], [ -51.0948774, -29.6750428 ], [ -51.0910311, -29.675517 ], [ -51.0896927, -29.6756883 ], [ -51.0891411, -29.6757725 ], [ -51.0883892, -29.6759167 ], [ -51.087986, -29.676041 ], [ -51.0877627, -29.6769346 ], [ -51.0875272, -29.6778782 ], [ -51.0873943, -29.6783851 ], [ -51.0873432, -29.6785906 ], [ -51.0873055, -29.6787746 ], [ -51.0872465, -29.6788748 ], [ -51.0870791, -29.6795184 ], [ -51.0868946, -29.6801627 ], [ -51.0868317, -29.6803139 ], [ -51.0867673, -29.6804427 ], [ -51.0866164, -29.6806777 ], [ -51.0865435, -29.6807565 ], [ -51.0864584, -29.6808484 ], [ -51.0860555, -29.6812805 ], [ -51.0858452, -29.6815242 ], [ -51.085764562215282, -29.681613720237177 ], [ -51.082628349627868, -29.685396864949745 ], [ -51.0824275, -29.6857126 ], [ -51.082245, -29.6859582 ], [ -51.0820803, -29.6860896 ], [ -51.0819564, -29.6861743 ], [ -51.0817865, -29.6862598 ], [ -51.0816689, -29.686302199999989 ], [ -51.081574, -29.6863279 ], [ -51.0813748, -29.6863507 ], [ -51.0811032, -29.686364199999986 ], [ -51.0808673, -29.6863333 ], [ -51.0806314, -29.6862617 ], [ -51.0804155, -29.6861593 ], [ -51.080325021614101, -29.686089266600579 ], [ -51.080307804, -29.686089078999899 ], [ -51.080273790673409, -29.686049612010052 ], [ -51.080273, -29.686049 ], [ -51.080115, -29.6858905 ], [ -51.0800059, -29.6857416 ], [ -51.080003557219214, -29.685736048173343 ], [ -51.078103230245596, -29.683530943599877 ], [ -51.078069212433952, -29.68353291650476 ], [ -51.076001623063334, -29.685765955479681 ], [ -51.075889, -29.6859473 ], [ -51.0757926, -29.6860548 ], [ -51.0757461, -29.686098 ], [ -51.076095207723526, -29.688556968782887 ], [ -51.07701911995207, -29.69416768508593 ], [ -51.0773663, -29.69489410000001 ], [ -51.0789801, -29.7011471 ], [ -51.079663321636893, -29.710221809561844 ], [ -51.080536948, -29.715524833 ], [ -51.080439374566517, -29.715514742934712 ], [ -51.0804196, -29.715956400000014 ], [ -51.0790978, -29.7166273 ], [ -51.0786686, -29.7169851 ], [ -51.0788145, -29.7175963 ], [ -51.0797158, -29.7181181 ], [ -51.081485, -29.7185132 ], [ -51.0818787, -29.7187741 ], [ -51.0821798, -29.7191039 ], [ -51.0823845, -29.719587 ], [ -51.0826063, -29.7199634 ], [ -51.0828915, -29.7201009 ], [ -51.084076, -29.7199816 ], [ -51.0841449, -29.7201912 ], [ -51.0842476, -29.7205034 ], [ -51.0835781, -29.7217408 ], [ -51.0825482, -29.7221433 ], [ -51.0822049, -29.7226129 ], [ -51.0826769, -29.7240664 ], [ -51.0828915, -29.7245061 ], [ -51.0850373, -29.7248788 ], [ -51.0856552, -29.7253857 ], [ -51.0854664, -29.7262801 ], [ -51.0855694, -29.7271894 ], [ -51.0852948, -29.728628 ], [ -51.0847798, -29.7294851 ], [ -51.084174, -29.7302238 ], [ -51.0837241, -29.7310279 ], [ -51.0836927, -29.7312518 ], [ -51.0836928, -29.7312519 ], [ -51.0841312, -29.7312468 ], [ -51.085195, -29.7312743 ], [ -51.0853219, -29.7312727 ], [ -51.0865365, -29.7312284 ], [ -51.0872406, -29.7310301 ], [ -51.0878507, -29.7307367 ], [ -51.0881643, -29.7305437 ], [ -51.0882828, -29.730434 ], [ -51.088686, -29.7300166 ], [ -51.0890985, -29.7294258 ], [ -51.0894013, -29.729046 ], [ -51.08973, -29.7287161 ], [ -51.09041, -29.7282201 ], [ -51.0911066, -29.7277488 ], [ -51.09386940000001, -29.7257635 ], [ -51.0953127, -29.7247378 ], [ -51.0963083, -29.7239968 ], [ -51.0975305, -29.7231019 ], [ -51.0992587, -29.7218421 ], [ -51.1012008, -29.7204329 ], [ -51.1055061, -29.7173097 ], [ -51.1075445, -29.7158389 ], [ -51.1082624, -29.7152992 ], [ -51.1088047, -29.7148691 ], [ -51.1091253, -29.7146605 ], [ -51.1094713, -29.7144135 ], [ -51.1099656, -29.7139517 ], [ -51.1105155, -29.7133985 ], [ -51.1106629, -29.7131632 ], [ -51.1107682, -29.7130973 ], [ -51.1108862, -29.7130508 ], [ -51.1109398, -29.712813100000012 ], [ -51.1109613, -29.7126233 ], [ -51.1110209, -29.7123583 ], [ -51.1110058, -29.7121681 ], [ -51.1110018, -29.712076400000011 ], [ -51.1109903, -29.7118168 ], [ -51.1109679, -29.7113075 ], [ -51.1109663, -29.7112547 ], [ -51.1109618, -29.7111008 ], [ -51.1109356, -29.7102171 ], [ -51.1108973, -29.709822 ], [ -51.11078830000001, -29.7095257 ], [ -51.1106095, -29.709278 ], [ -51.1102856, -29.708863099999984 ], [ -51.1100843, -29.7086095 ], [ -51.1098964, -29.7082625 ], [ -51.1098235, -29.7080902 ], [ -51.109766, -29.7078599 ], [ -51.1097487, -29.7076028 ], [ -51.1097906, -29.7072649 ], [ -51.109881, -29.706886899999986 ], [ -51.109976, -29.7065708 ], [ -51.1105221, -29.7056813 ], [ -51.1108375, -29.7050915 ], [ -51.1113715, -29.7041619 ], [ -51.1115695, -29.703926599999988 ], [ -51.1117578, -29.7037202 ], [ -51.1119577, -29.7035012 ], [ -51.1120999, -29.703352 ], [ -51.112256, -29.7031531 ], [ -51.1123471, -29.7029838 ], [ -51.1124259, -29.7028228 ], [ -51.1126581, -29.7022206 ], [ -51.1129363, -29.7015227 ], [ -51.1130365, -29.701244100000011 ], [ -51.1134463, -29.7002314 ], [ -51.1134897, -29.7001428 ], [ -51.1135429, -29.7000417 ], [ -51.1136074, -29.6999632 ], [ -51.1137146, -29.6998646 ], [ -51.1138356, -29.6997639 ], [ -51.1140539, -29.6996526 ], [ -51.114326, -29.699534 ], [ -51.1147509, -29.6993342 ], [ -51.1149136, -29.699264900000014 ], [ -51.1151962, -29.6991044 ], [ -51.115442, -29.6988727 ], [ -51.1156528, -29.6986091 ], [ -51.115739, -29.6984035 ], [ -51.1158009, -29.6982561 ], [ -51.1160326, -29.6976134 ], [ -51.116256, -29.6969407 ], [ -51.1164653, -29.6963106 ], [ -51.1165347, -29.6960031 ], [ -51.1166136, -29.6957465 ], [ -51.1170472, -29.6947831 ], [ -51.1163889, -29.69444480000001 ], [ -51.1156967, -29.6939664 ], [ -51.114758, -29.6933373 ], [ -51.1135241, -29.6926989 ], [ -51.112639, -29.6925283 ], [ -51.11251810000001, -29.6925032 ], [ -51.112367, -29.6924781 ], [ -51.1122253, -29.6924688 ], [ -51.1120919, -29.6924642 ], [ -51.1119459, -29.6924793 ], [ -51.1118256, -29.6925067 ], [ -51.1117277, -29.6925399 ], [ -51.1116168, -29.6925934 ], [ -51.1115313, -29.6926436 ], [ -51.1114514, -29.692712 ], [ -51.1113325, -29.6928304 ], [ -51.1111868, -29.692996 ], [ -51.1109569, -29.693211 ], [ -51.110685, -29.6934597 ], [ -51.1103859, -29.6936868 ], [ -51.1103457, -29.6936915 ], [ -51.1099832, -29.690312 ], [ -51.1097511, -29.6902913 ], [ -51.1094502, -29.6902641 ], [ -51.1090204, -29.6902845 ], [ -51.108862, -29.6902977 ], [ -51.1086692, -29.6903119 ], [ -51.1083537, -29.6903343 ], [ -51.1069645, -29.6904383 ] ] ] } },
{ "type": "Feature", "properties": { "name": "Liberdade", "code_muni": 4313409.0, "name_muni": "Novo Hamburgo" }, "geometry": { "type": "Polygon", "coordinates": [ [ [ -51.1416273, -29.7127127 ], [ -51.1401105, -29.7125905 ], [ -51.1399687, -29.7125753 ], [ -51.1383233, -29.7124385 ], [ -51.1365496, -29.7122954 ], [ -51.1347976, -29.7121521 ], [ -51.1338393, -29.7120647 ], [ -51.1336213, -29.7120944 ], [ -51.1336171, -29.7123062 ], [ -51.1336671, -29.7127284 ], [ -51.1337226, -29.7129893 ], [ -51.1338213, -29.7132542 ], [ -51.1349481, -29.7159056 ], [ -51.1359359, -29.7184441 ], [ -51.1380877, -29.723741 ], [ -51.1382281, -29.7241513 ], [ -51.138328, -29.7244238 ], [ -51.1386886, -29.7254412 ], [ -51.1392057, -29.7269202 ], [ -51.1396593, -29.7281613 ], [ -51.1400817, -29.729113699999985 ], [ -51.1403449, -29.729741199999985 ], [ -51.1407243, -29.7307253 ], [ -51.1410057, -29.7314373 ], [ -51.1412635, -29.7312902 ], [ -51.1419334, -29.7308909 ], [ -51.142703603200026, -29.730504455587784 ], [ -51.14658826672035, -29.728152938320694 ], [ -51.1465913, -29.72814880000001 ], [ -51.146634758360065, -29.728066331632405 ], [ -51.146814769328579, -29.727598723531099 ], [ -51.1468191, -29.727579199999987 ], [ -51.146828095553374, -29.72756410628779 ], [ -51.146920924201915, -29.727322966636116 ], [ -51.1468539, -29.7272295 ], [ -51.1469364, -29.7269816 ], [ -51.1469681, -29.7267943 ], [ -51.1470157, -29.7267475 ], [ -51.146984, -29.7266594 ], [ -51.1468634, -29.7266622 ], [ -51.1468, -29.7266374 ], [ -51.1468349, -29.726538200000011 ], [ -51.1469871, -29.7264474 ], [ -51.1473011, -29.7260701 ], [ -51.1473582, -29.725858 ], [ -51.1475179, -29.7257658 ], [ -51.147522188074575, -29.725761042547759 ], [ -51.147566503150578, -29.725645921708004 ], [ -51.1475569, -29.725537 ], [ -51.1475718, -29.7254849 ], [ -51.1475419, -29.7253913 ], [ -51.1475569, -29.7252639 ], [ -51.147506, -29.7251599 ], [ -51.147482, -29.7248426 ], [ -51.1474558, -29.7247968 ], [ -51.1474656, -29.7247414 ], [ -51.1475402, -29.7246528 ], [ -51.1475523, -29.7245379 ], [ -51.1474689, -29.7240245 ], [ -51.1474581, -29.7238775 ], [ -51.147096, -29.7234426 ], [ -51.1469976, -29.7232664 ], [ -51.1469412, -29.7232289 ], [ -51.1467635, -29.7229256 ], [ -51.1467275, -29.7227765 ], [ -51.1466791, -29.7220401 ], [ -51.1466736, -29.7219556 ], [ -51.1466315, -29.7213922 ], [ -51.1464784, -29.7211566 ], [ -51.1464975, -29.721013 ], [ -51.1466533, -29.7208757 ], [ -51.1468257, -29.720634399999987 ], [ -51.1470725, -29.7204576 ], [ -51.147147577169278, -29.720349749082153 ], [ -51.146979139381337, -29.718677164319629 ], [ -51.1469055, -29.7186067 ], [ -51.1468595, -29.7185148 ], [ -51.1468557, -29.718486099999986 ], [ -51.1468487, -29.7184296 ], [ -51.1468043, -29.7183191 ], [ -51.1466786, -29.7180741 ], [ -51.1466172, -29.7178158 ], [ -51.1465007, -29.7175801 ], [ -51.1464624, -29.7173923 ], [ -51.1465191, -29.7172019 ], [ -51.1466678, -29.7169223 ], [ -51.1466819, -29.716892 ], [ -51.1468012, -29.7166347 ], [ -51.1468317, -29.7165932 ], [ -51.1470126, -29.7163472 ], [ -51.1470824, -29.7162841 ], [ -51.1472312, -29.7161496 ], [ -51.147327, -29.7159857 ], [ -51.1473929, -29.7157309 ], [ -51.1474528, -29.7156242 ], [ -51.1475755, -29.7155618 ], [ -51.1476176, -29.7155607 ], [ -51.1478915, -29.7155534 ], [ -51.1476441, -29.7132605 ], [ -51.1459132, -29.7131189 ], [ -51.1458755, -29.7131164 ], [ -51.1416273, -29.7127127 ] ] ] } },
{ "type": "Feature", "properties": { "name": "Rondônia", "code_muni": 4313409.0, "name_muni": "Novo Hamburgo" }, "geometry": { "type": "Polygon", "coordinates": [ [ [ -51.1170472, -29.6947831 ], [ -51.1166136, -29.6957465 ], [ -51.1165347, -29.6960031 ], [ -51.1164653, -29.6963106 ], [ -51.116256, -29.6969407 ], [ -51.1160326, -29.6976134 ], [ -51.1158009, -29.6982561 ], [ -51.115739, -29.6984035 ], [ -51.1156528, -29.6986091 ], [ -51.115442, -29.6988727 ], [ -51.1151962, -29.6991044 ], [ -51.1149136, -29.699264900000014 ], [ -51.1147509, -29.6993342 ], [ -51.114326, -29.699534 ], [ -51.1140539, -29.6996526 ], [ -51.1138356, -29.6997639 ], [ -51.1137146, -29.6998646 ], [ -51.1136074, -29.6999632 ], [ -51.1135429, -29.7000417 ], [ -51.1134897, -29.7001428 ], [ -51.1134463, -29.7002314 ], [ -51.1130365, -29.701244100000011 ], [ -51.1129363, -29.7015227 ], [ -51.1126581, -29.7022206 ], [ -51.1124259, -29.7028228 ], [ -51.1123471, -29.7029838 ], [ -51.112256, -29.7031531 ], [ -51.1120999, -29.703352 ], [ -51.1119577, -29.7035012 ], [ -51.1117578, -29.7037202 ], [ -51.1115695, -29.703926599999988 ], [ -51.1113715, -29.7041619 ], [ -51.1108375, -29.7050915 ], [ -51.1105221, -29.7056813 ], [ -51.109976, -29.7065708 ], [ -51.109881, -29.706886899999986 ], [ -51.1097906, -29.7072649 ], [ -51.1097487, -29.7076028 ], [ -51.109766, -29.7078599 ], [ -51.1098235, -29.7080902 ], [ -51.1098964, -29.7082625 ], [ -51.1100843, -29.7086095 ], [ -51.1102856, -29.708863099999984 ], [ -51.1106095, -29.709278 ], [ -51.11078830000001, -29.7095257 ], [ -51.1108973, -29.709822 ], [ -51.1109356, -29.7102171 ], [ -51.1109618, -29.7111008 ], [ -51.1109663, -29.7112547 ], [ -51.1109679, -29.7113075 ], [ -51.1109903, -29.7118168 ], [ -51.1110018, -29.712076400000011 ], [ -51.1110058, -29.7121681 ], [ -51.1110209, -29.7123583 ], [ -51.1109613, -29.7126233 ], [ -51.1109398, -29.712813100000012 ], [ -51.1108862, -29.7130508 ], [ -51.1111288, -29.7134692 ], [ -51.1112364, -29.7136716 ], [ -51.11137140000001, -29.7138862 ], [ -51.1117096, -29.7143304 ], [ -51.1119041, -29.7145985 ], [ -51.1122064, -29.7149801 ], [ -51.1124644, -29.7152044 ], [ -51.1126927, -29.7153631 ], [ -51.1128424, -29.7154414 ], [ -51.1131581, -29.7155547 ], [ -51.1135508, -29.7156614 ], [ -51.1136381, -29.7156852 ], [ -51.1137375, -29.715715 ], [ -51.1140168, -29.7157826 ], [ -51.1140524, -29.7157912 ], [ -51.1143761, -29.7158622 ], [ -51.1146053, -29.7159031 ], [ -51.1148143, -29.7159219 ], [ -51.1151558, -29.715941 ], [ -51.1155658, -29.715954 ], [ -51.1160481, -29.7160011 ], [ -51.1162694, -29.7160442 ], [ -51.1165497, -29.7161257 ], [ -51.1166738, -29.7161664 ], [ -51.1171693, -29.7163365 ], [ -51.1175609, -29.7164786 ], [ -51.1176641, -29.7165124 ], [ -51.1177781, -29.7165415 ], [ -51.1180168, -29.7165776 ], [ -51.1182448, -29.7165939 ], [ -51.1189073, -29.716623 ], [ -51.1192514, -29.716637 ], [ -51.1197469, -29.7166684 ], [ -51.1205153, -29.7167034 ], [ -51.1206146, -29.7167058 ], [ -51.1218816, -29.7167624 ], [ -51.1220013, -29.7167696 ], [ -51.1221156, -29.7167699 ], [ -51.1223476, -29.7167826 ], [ -51.1224807, -29.7167849 ], [ -51.1227689, -29.7168032 ], [ -51.1231092, -29.7168351 ], [ -51.1233544, -29.7168929 ], [ -51.1235744, -29.716976 ], [ -51.1238118, -29.7170843 ], [ -51.124427, -29.7173882 ], [ -51.1246619, -29.7174991 ], [ -51.12482270000001, -29.717575 ], [ -51.1250982, -29.7176981 ], [ -51.1254881, -29.717867 ], [ -51.1256075, -29.7179089 ], [ -51.1257155, -29.717933 ], [ -51.1257541, -29.717941599999989 ], [ -51.1259562, -29.717959 ], [ -51.1262378, -29.7179648 ], [ -51.1266001, -29.717968 ], [ -51.1268684, -29.7179624 ], [ -51.1270344, -29.7179791 ], [ -51.1272155, -29.7180032 ], [ -51.1273989, -29.718040699999985 ], [ -51.128387, -29.7182649 ], [ -51.1286412, -29.7183287 ], [ -51.1288603, -29.7183486 ], [ -51.128913, -29.718347 ], [ -51.1288556, -29.7182257 ], [ -51.1287873, -29.7179869 ], [ -51.1287752, -29.7178204 ], [ -51.128794, -29.7175583 ], [ -51.1290249, -29.716584899999987 ], [ -51.130098, -29.7123234 ], [ -51.1300559, -29.7123115 ], [ -51.1296948, -29.7119828 ], [ -51.1291106, -29.7114691 ], [ -51.1289134, -29.7112836 ], [ -51.1285539, -29.7109527 ], [ -51.1284587, -29.7108272 ], [ -51.1283702, -29.7106874 ], [ -51.1283098, -29.7105593 ], [ -51.1282146, -29.7102949 ], [ -51.1281716, -29.7101446 ], [ -51.1280912, -29.709823099999987 ], [ -51.127874, -29.7087468 ], [ -51.1277818, -29.7084285 ], [ -51.127756, -29.7083391 ], [ -51.1275115, -29.7078929 ], [ -51.12733750000001, -29.7076414 ], [ -51.1271618, -29.7074166 ], [ -51.1268891, -29.7070472 ], [ -51.1267519, -29.7068612 ], [ -51.1266348, -29.7067025 ], [ -51.126392, -29.7064404 ], [ -51.126164, -29.7062412 ], [ -51.1257966, -29.7060013 ], [ -51.1254895, -29.7058359 ], [ -51.1252052, -29.7056996 ], [ -51.1251222, -29.7056543 ], [ -51.1250013, -29.7055936 ], [ -51.1248706, -29.7055249 ], [ -51.1245228, -29.7053419 ], [ -51.1243691, -29.705268 ], [ -51.1239727, -29.7049797 ], [ -51.1237688, -29.7047607 ], [ -51.1236025, -29.7045324 ], [ -51.1234751, -29.704319200000011 ], [ -51.1233236, -29.7038707 ], [ -51.1233196, -29.7035527 ], [ -51.1233491, -29.7032068 ], [ -51.1236728, -29.7024062 ], [ -51.1237427, -29.7021552 ], [ -51.1237781, -29.7018332 ], [ -51.1237912, -29.700702299999985 ], [ -51.1237503, -29.700344 ], [ -51.1236736, -29.6999723 ], [ -51.1234107, -29.6996258 ], [ -51.1231487, -29.6993588 ], [ -51.1227031, -29.6989048 ], [ -51.1223211, -29.6985167 ], [ -51.1221555, -29.6983545 ], [ -51.1219333, -29.6980634 ], [ -51.1215798, -29.6976165 ], [ -51.1211962, -29.6971657 ], [ -51.120602, -29.6963842 ], [ -51.1204462, -29.6961934 ], [ -51.1201082, -29.6957945 ], [ -51.1198998, -29.6955287 ], [ -51.1197442, -29.6953586 ], [ -51.1195926, -29.6952561 ], [ -51.1193928, -29.6951477 ], [ -51.1191139, -29.6950522 ], [ -51.1187746, -29.6949975 ], [ -51.1184084, -29.6949311 ], [ -51.1183387, -29.6949252 ], [ -51.1176487, -29.6948093 ], [ -51.1170472, -29.6947831 ] ] ] } },
{ "type": "Feature", "properties": { "name": "Santo Afonso", "code_muni": 4313409.0, "name_muni": "Novo Hamburgo" }, "geometry": { "type": "Polygon", "coordinates": [ [ [ -51.1407243, -29.7307253 ], [ -51.1403449, -29.729741199999985 ], [ -51.1400817, -29.729113699999985 ], [ -51.1396593, -29.7281613 ], [ -51.1392057, -29.7269202 ], [ -51.1386886, -29.7254412 ], [ -51.138328, -29.7244238 ], [ -51.1382281, -29.7241513 ], [ -51.1375675, -29.7240095 ], [ -51.1373395, -29.7240049 ], [ -51.1352795, -29.7240654 ], [ -51.1348075, -29.7241935 ], [ -51.1343032, -29.7239024 ], [ -51.1341047, -29.7237719 ], [ -51.1338419, -29.7234761 ], [ -51.1326993, -29.7220785 ], [ -51.132541, -29.7218782 ], [ -51.1323345, -29.7216755 ], [ -51.1320569, -29.7214612 ], [ -51.1308968, -29.7206902 ], [ -51.1300734, -29.7201451 ], [ -51.1297649, -29.7198842 ], [ -51.129502100000011, -29.7196234 ], [ -51.1293036, -29.7193019 ], [ -51.128913, -29.718347 ], [ -51.1288603, -29.7183486 ], [ -51.1286412, -29.7183287 ], [ -51.128387, -29.7182649 ], [ -51.1273989, -29.718040699999985 ], [ -51.1272155, -29.7180032 ], [ -51.1270344, -29.7179791 ], [ -51.1268684, -29.7179624 ], [ -51.1266001, -29.717968 ], [ -51.1262378, -29.7179648 ], [ -51.1259562, -29.717959 ], [ -51.1257541, -29.717941599999989 ], [ -51.1257155, -29.717933 ], [ -51.1256075, -29.7179089 ], [ -51.1254881, -29.717867 ], [ -51.1250982, -29.7176981 ], [ -51.12482270000001, -29.717575 ], [ -51.1246619, -29.7174991 ], [ -51.124427, -29.7173882 ], [ -51.1238118, -29.7170843 ], [ -51.1235744, -29.716976 ], [ -51.1233544, -29.7168929 ], [ -51.1231092, -29.7168351 ], [ -51.1227689, -29.7168032 ], [ -51.1224807, -29.7167849 ], [ -51.1223476, -29.7167826 ], [ -51.1221156, -29.7167699 ], [ -51.1220013, -29.7167696 ], [ -51.1218816, -29.7167624 ], [ -51.1206146, -29.7167058 ], [ -51.1205153, -29.7167034 ], [ -51.1197469, -29.7166684 ], [ -51.1192514, -29.716637 ], [ -51.1189073, -29.716623 ], [ -51.1182448, -29.7165939 ], [ -51.1180168, -29.7165776 ], [ -51.1177781, -29.7165415 ], [ -51.1176641, -29.7165124 ], [ -51.1175609, -29.7164786 ], [ -51.1171693, -29.7163365 ], [ -51.1166738, -29.7161664 ], [ -51.1165497, -29.7161257 ], [ -51.1162694, -29.7160442 ], [ -51.1160481, -29.7160011 ], [ -51.1155658, -29.715954 ], [ -51.1151558, -29.715941 ], [ -51.1148143, -29.7159219 ], [ -51.1146053, -29.7159031 ], [ -51.1143761, -29.7158622 ], [ -51.1140524, -29.7157912 ], [ -51.1140168, -29.7157826 ], [ -51.1137375, -29.715715 ], [ -51.1136381, -29.7156852 ], [ -51.1135508, -29.7156614 ], [ -51.1131581, -29.7155547 ], [ -51.1128424, -29.7154414 ], [ -51.1126927, -29.7153631 ], [ -51.1124644, -29.7152044 ], [ -51.1122064, -29.7149801 ], [ -51.1119041, -29.7145985 ], [ -51.1117096, -29.7143304 ], [ -51.11137140000001, -29.7138862 ], [ -51.1112364, -29.7136716 ], [ -51.1111288, -29.7134692 ], [ -51.1108862, -29.7130508 ], [ -51.1107682, -29.7130973 ], [ -51.1106629, -29.7131632 ], [ -51.1105155, -29.7133985 ], [ -51.1099656, -29.7139517 ], [ -51.1094713, -29.7144135 ], [ -51.1091253, -29.7146605 ], [ -51.1088047, -29.7148691 ], [ -51.1082624, -29.7152992 ], [ -51.1075445, -29.7158389 ], [ -51.1055061, -29.7173097 ], [ -51.1012008, -29.7204329 ], [ -51.0992587, -29.7218421 ], [ -51.0975305, -29.7231019 ], [ -51.0963083, -29.7239968 ], [ -51.0953127, -29.7247378 ], [ -51.09386940000001, -29.7257635 ], [ -51.0911066, -29.7277488 ], [ -51.09041, -29.7282201 ], [ -51.08973, -29.7287161 ], [ -51.0894013, -29.729046 ], [ -51.0890985, -29.7294258 ], [ -51.088686, -29.7300166 ], [ -51.0882828, -29.730434 ], [ -51.0881643, -29.7305437 ], [ -51.0878507, -29.7307367 ], [ -51.0872406, -29.7310301 ], [ -51.0865365, -29.7312284 ], [ -51.0853219, -29.7312727 ], [ -51.085195, -29.7312743 ], [ -51.0841312, -29.7312468 ], [ -51.0836928, -29.7312519 ], [ -51.0836927, -29.7312518 ], [ -51.0835427, -29.7320321 ], [ -51.0835524, -29.733025399999988 ], [ -51.0838356, -29.7334576 ], [ -51.0851488, -29.7335471 ], [ -51.0862273, -29.7339702 ], [ -51.087128508123975, -29.734498362907964 ], [ -51.08715191399989, -29.734497512 ], [ -51.087170337579366, -29.734522877234436 ], [ -51.0872603, -29.7345756 ], [ -51.088029, -29.7353284 ], [ -51.088728, -29.7363047 ], [ -51.088866914211195, -29.736858625477492 ], [ -51.089831343999897, -29.738186337999899 ], [ -51.091494493227806, -29.736109143380364 ], [ -51.0915175, -29.735701 ], [ -51.0919895, -29.7353656 ], [ -51.0928736, -29.7359097 ], [ -51.093004129842186, -29.736497509551892 ], [ -51.095043375470574, -29.73855491449358 ], [ -51.095208380764412, -29.738618036085729 ], [ -51.096135977483229, -29.73772190617273 ], [ -51.0963669, -29.7371617 ], [ -51.0970021, -29.7365506 ], [ -51.097438071872133, -29.736463944667229 ], [ -51.097442837999907, -29.73645934 ], [ -51.097458479463583, -29.736459888342331 ], [ -51.0977145, -29.736409 ], [ -51.098192569449189, -29.736485621227398 ], [ -51.100594088724272, -29.736569775852065 ], [ -51.1006584, -29.7365581 ], [ -51.1014824, -29.736096 ], [ -51.1024008, -29.7360885 ], [ -51.1031561, -29.7364686 ], [ -51.1042376, -29.7366624 ], [ -51.104496937101473, -29.736569659415352 ], [ -51.105874693939114, -29.734539537171162 ], [ -51.1058855, -29.734516 ], [ -51.105909612157106, -29.734488083985809 ], [ -51.106713221045794, -29.733303921753876 ], [ -51.1067868, -29.733129699999985 ], [ -51.106786799998382, -29.732815414262351 ], [ -51.106582206157732, -29.732270111896444 ], [ -51.1063147, -29.7319745 ], [ -51.1059628, -29.7309459 ], [ -51.1052418, -29.7296938 ], [ -51.1051045, -29.7290975 ], [ -51.105217536380842, -29.728632707353192 ], [ -51.10519845399989, -29.728581843 ], [ -51.105230462777598, -29.728579555211436 ], [ -51.1052332, -29.7285683 ], [ -51.1055508, -29.7280764 ], [ -51.1061859, -29.7279273 ], [ -51.1071987, -29.7283522 ], [ -51.107436828998651, -29.728421838960593 ], [ -51.109200804999894, -29.728295718999981 ], [ -51.109207080382937, -29.728299568279915 ], [ -51.1092673, -29.7282926 ], [ -51.109439506660806, -29.728442136658135 ], [ -51.110706864465847, -29.729219509225096 ], [ -51.1120739, -29.7296789 ], [ -51.1124344, -29.7302304 ], [ -51.112438298474721, -29.730281497895771 ], [ -51.112506041999893, -29.730323047999889 ], [ -51.112460895980533, -29.730577685757112 ], [ -51.1125288, -29.7314677 ], [ -51.1124173, -29.7322875 ], [ -51.112031, -29.7330105 ], [ -51.11202927366233, -29.733012105916469 ], [ -51.111564386729349, -29.735634011152637 ], [ -51.111573165166988, -29.735638320314507 ], [ -51.113516078948791, -29.734503283198691 ], [ -51.1136618, -29.7342328 ], [ -51.1140137, -29.7342328 ], [ -51.114091, -29.7344638 ], [ -51.1137905, -29.7352091 ], [ -51.11366865739857, -29.735420748648931 ], [ -51.113420977217181, -29.736531035798084 ], [ -51.113473470049541, -29.736539646919642 ], [ -51.113978404996111, -29.736478756402473 ], [ -51.1146059, -29.7362301 ], [ -51.114747277104989, -29.73638603364698 ], [ -51.114884522, -29.736369481999901 ], [ -51.117485990187006, -29.738725430659361 ], [ -51.117810524143522, -29.738758325072752 ], [ -51.117915619969843, -29.738722314762612 ], [ -51.1182967, -29.7383914 ], [ -51.119009, -29.7380561 ], [ -51.1196699, -29.7376089 ], [ -51.1209317, -29.7371617 ], [ -51.1214981, -29.7367518 ], [ -51.1223049, -29.7364761 ], [ -51.1232959, -29.7363074 ], [ -51.1236182, -29.7362525 ], [ -51.1244507, -29.7364537 ], [ -51.1249914, -29.7369754 ], [ -51.1248455, -29.7373853 ], [ -51.1241074, -29.7377952 ], [ -51.123674150861014, -29.737951975529871 ], [ -51.123460963, -29.738349198000019 ], [ -51.125238751757792, -29.73919650536233 ], [ -51.1255909, -29.7393005 ], [ -51.1263647, -29.739636 ], [ -51.126385235174219, -29.739742907589093 ], [ -51.126405071, -29.739752360999898 ], [ -51.126394955471397, -29.739793512071437 ], [ -51.1264506, -29.7400832 ], [ -51.126198405553893, -29.740593091714008 ], [ -51.125837234145607, -29.742062329976886 ], [ -51.1260043, -29.742155 ], [ -51.126751, -29.7423264 ], [ -51.126925262673353, -29.742556299856911 ], [ -51.129265368999896, -29.743261214 ], [ -51.12954224332433, -29.742975686054294 ], [ -51.1296053, -29.7426911 ], [ -51.1296833, -29.7423203 ], [ -51.1297397, -29.7421736 ], [ -51.129797, -29.7420244 ], [ -51.1298743, -29.741828 ], [ -51.1299229, -29.7417465 ], [ -51.1300138, -29.7415942 ], [ -51.1304006, -29.7411703 ], [ -51.130701, -29.7408385 ], [ -51.1309451, -29.740439 ], [ -51.1312053, -29.7401526 ], [ -51.1314024, -29.7400256 ], [ -51.1315092, -29.739976299999988 ], [ -51.1315513, -29.7399569 ], [ -51.1316948, -29.7399709 ], [ -51.1318262, -29.7400908 ], [ -51.1319818, -29.7403051 ], [ -51.132036674255282, -29.740403193094775 ], [ -51.139402076534274, -29.732806250276997 ], [ -51.1395709, -29.7325741 ], [ -51.1399039, -29.7322299 ], [ -51.1400177, -29.7321311 ], [ -51.1402805, -29.7319029 ], [ -51.1407419, -29.7315927 ], [ -51.1410057, -29.7314373 ], [ -51.1407243, -29.7307253 ] ] ] } },
{ "type": "Feature", "properties": { "name": "Industrial", "code_muni": 4313409.0, "name_muni": "Novo Hamburgo" }, "geometry": { "type": "Polygon", "coordinates": [ [ [ -51.1333886, -29.7121341 ], [ -51.1328501, -29.7123216 ], [ -51.132533, -29.7124346 ], [ -51.1322165, -29.7125161 ], [ -51.1320367, -29.7125348 ], [ -51.1316264, -29.7125115 ], [ -51.1301711, -29.71233130000001 ], [ -51.130098, -29.7123234 ], [ -51.1290249, -29.716584899999987 ], [ -51.128794, -29.7175583 ], [ -51.1287752, -29.7178204 ], [ -51.1287873, -29.7179869 ], [ -51.1288556, -29.7182257 ], [ -51.128913, -29.718347 ], [ -51.1293036, -29.7193019 ], [ -51.129502100000011, -29.7196234 ], [ -51.1297649, -29.7198842 ], [ -51.1300734, -29.7201451 ], [ -51.1308968, -29.7206902 ], [ -51.1320569, -29.7214612 ], [ -51.1323345, -29.7216755 ], [ -51.132541, -29.7218782 ], [ -51.1326993, -29.7220785 ], [ -51.1338419, -29.7234761 ], [ -51.1341047, -29.7237719 ], [ -51.1343032, -29.7239024 ], [ -51.1348075, -29.7241935 ], [ -51.1352795, -29.7240654 ], [ -51.1373395, -29.7240049 ], [ -51.1375675, -29.7240095 ], [ -51.1382281, -29.7241513 ], [ -51.1380877, -29.723741 ], [ -51.1359359, -29.7184441 ], [ -51.1349481, -29.7159056 ], [ -51.1338213, -29.7132542 ], [ -51.1337226, -29.7129893 ], [ -51.1336671, -29.7127284 ], [ -51.1336171, -29.7123062 ], [ -51.1336213, -29.7120944 ], [ -51.1333886, -29.7121341 ] ] ] } },
{ "type": "Feature", "properties": { "name": "Centro", "code_muni": 4313409.0, "name_muni": "Novo Hamburgo" }, "geometry": { "type": "Polygon", "coordinates": [ [ [ -51.1328749, -29.6907603 ], [ -51.1326916, -29.6898744 ], [ -51.1324682, -29.6887231 ], [ -51.1324681, -29.6883221 ], [ -51.1324745, -29.6881659 ], [ -51.1325008, -29.6878857 ], [ -51.1326001, -29.6875006 ], [ -51.1328123, -29.6869696 ], [ -51.1328965, -29.6867593 ], [ -51.1330129, -29.6864683 ], [ -51.1337554, -29.684657200000011 ], [ -51.1339441, -29.6842183 ], [ -51.1340241, -29.6840546 ], [ -51.1341938, -29.683796 ], [ -51.1343337, -29.6835911 ], [ -51.1332558, -29.6829823 ], [ -51.1325754, -29.6826453 ], [ -51.1324243, -29.6825764 ], [ -51.1313162, -29.6819514 ], [ -51.1311636, -29.6818667 ], [ -51.1305263, -29.6815035 ], [ -51.1304686, -29.6814768 ], [ -51.1304008, -29.681448 ], [ -51.1298, -29.681128699999984 ], [ -51.129266, -29.6807559 ], [ -51.1291355, -29.6806187 ], [ -51.1284385, -29.679672 ], [ -51.1280217, -29.6793804 ], [ -51.1278473, -29.6792926 ], [ -51.1272957, -29.6791493 ], [ -51.1268073, -29.6790941 ], [ -51.1262792, -29.6791389 ], [ -51.1254546, -29.6792072 ], [ -51.1249343, -29.6791979 ], [ -51.1244541, -29.679123300000011 ], [ -51.1241806, -29.6790697 ], [ -51.1236763, -29.6788996 ], [ -51.1231613, -29.6786596 ], [ -51.122826, -29.6785617 ], [ -51.122413, -29.6785221 ], [ -51.1212482, -29.6785611 ], [ -51.1209136, -29.6785524 ], [ -51.1206534, -29.6784912 ], [ -51.1203282, -29.678261100000014 ], [ -51.1195693, -29.6775573 ], [ -51.1195274, -29.677585900000011 ], [ -51.1186579, -29.6781795 ], [ -51.1177873, -29.678764 ], [ -51.1176418, -29.6788617 ], [ -51.1174893, -29.6789641 ], [ -51.1171363, -29.679196 ], [ -51.1169896, -29.6793071 ], [ -51.1165038, -29.6796753 ], [ -51.1164742, -29.6797021 ], [ -51.1178334, -29.6809014 ], [ -51.1181189, -29.6810835 ], [ -51.1185701, -29.6812917 ], [ -51.1190912, -29.6815779 ], [ -51.1201893, -29.6823134 ], [ -51.120376, -29.6825094 ], [ -51.120965, -29.6835206 ], [ -51.1215121, -29.684525 ], [ -51.1216388, -29.6850314 ], [ -51.1218125, -29.685949 ], [ -51.1218505, -29.686256 ], [ -51.1218325, -29.68704 ], [ -51.1218245, -29.6881735 ], [ -51.1217946, -29.6885768 ], [ -51.1217257, -29.6890416 ], [ -51.1220721, -29.6891145 ], [ -51.1224673, -29.6891123 ], [ -51.1226919, -29.6890885 ], [ -51.1229228, -29.689047599999988 ], [ -51.1232095, -29.6889388 ], [ -51.1233242, -29.6888833 ], [ -51.1238686, -29.6886065 ], [ -51.124281, -29.6884079 ], [ -51.1247294, -29.6891049 ], [ -51.124982, -29.689459399999986 ], [ -51.1251695, -29.689757599999989 ], [ -51.1253621, -29.6900753 ], [ -51.1254398, -29.6903363 ], [ -51.1268936, -29.6902758 ], [ -51.1283165, -29.6902463 ], [ -51.1289156, -29.690233899999985 ], [ -51.1292123, -29.6902368 ], [ -51.1293526, -29.6902382 ], [ -51.1294109, -29.690239 ], [ -51.1293596, -29.6905376 ], [ -51.1328901, -29.6908258 ], [ -51.13288, -29.6907851 ], [ -51.1328749, -29.6907603 ] ] ] } },
{ "type": "Feature", "properties": { "name": "Ouro Branco", "code_muni": 4313409.0, "name_muni": "Novo Hamburgo" }, "geometry": { "type": "Polygon", "coordinates": [ [ [ -51.1335394, -29.7036226 ], [ -51.133565, -29.7037837 ], [ -51.1335281, -29.7038323 ], [ -51.1334771, -29.7038638 ], [ -51.1333807, -29.7038904 ], [ -51.1330226, -29.7038497 ], [ -51.1328267, -29.7038069 ], [ -51.1323924, -29.7037104 ], [ -51.1323055, -29.7036911 ], [ -51.1322194, -29.7036791 ], [ -51.1321373, -29.7036751 ], [ -51.1313984, -29.703638899999987 ], [ -51.1305559, -29.7035754 ], [ -51.1301713, -29.70353630000001 ], [ -51.1296671, -29.7034882 ], [ -51.1288646, -29.7034411 ], [ -51.1281714, -29.7033856 ], [ -51.1274045, -29.703328 ], [ -51.1274069, -29.7031085 ], [ -51.1273784, -29.7024663 ], [ -51.1266427, -29.7019909 ], [ -51.1264694, -29.7018754 ], [ -51.12605940000001, -29.7015975 ], [ -51.1252944, -29.701082 ], [ -51.125173, -29.7009901 ], [ -51.1245455, -29.70057520000001 ], [ -51.1236736, -29.6999723 ], [ -51.1237503, -29.700344 ], [ -51.1237912, -29.700702299999985 ], [ -51.1237781, -29.7018332 ], [ -51.1237427, -29.7021552 ], [ -51.1236728, -29.7024062 ], [ -51.1233491, -29.7032068 ], [ -51.1233196, -29.7035527 ], [ -51.1233236, -29.7038707 ], [ -51.1234751, -29.704319200000011 ], [ -51.1236025, -29.7045324 ], [ -51.1237688, -29.7047607 ], [ -51.1239727, -29.7049797 ], [ -51.1243691, -29.705268 ], [ -51.1245228, -29.7053419 ], [ -51.1248706, -29.7055249 ], [ -51.1250013, -29.7055936 ], [ -51.1251222, -29.7056543 ], [ -51.1252052, -29.7056996 ], [ -51.1254895, -29.7058359 ], [ -51.1257966, -29.7060013 ], [ -51.126164, -29.7062412 ], [ -51.126392, -29.7064404 ], [ -51.1266348, -29.7067025 ], [ -51.1267519, -29.7068612 ], [ -51.1268891, -29.7070472 ], [ -51.1271618, -29.7074166 ], [ -51.12733750000001, -29.7076414 ], [ -51.1275115, -29.7078929 ], [ -51.127756, -29.7083391 ], [ -51.1277818, -29.7084285 ], [ -51.127874, -29.7087468 ], [ -51.1280912, -29.709823099999987 ], [ -51.1281716, -29.7101446 ], [ -51.1282146, -29.7102949 ], [ -51.1283098, -29.7105593 ], [ -51.1283702, -29.7106874 ], [ -51.1284587, -29.7108272 ], [ -51.1285539, -29.7109527 ], [ -51.1289134, -29.7112836 ], [ -51.1291106, -29.7114691 ], [ -51.1296948, -29.7119828 ], [ -51.1300559, -29.7123115 ], [ -51.130098, -29.7123234 ], [ -51.1301711, -29.71233130000001 ], [ -51.1316264, -29.7125115 ], [ -51.1320367, -29.7125348 ], [ -51.1322165, -29.7125161 ], [ -51.132533, -29.7124346 ], [ -51.1328501, -29.7123216 ], [ -51.1328691, -29.7121482 ], [ -51.1329152, -29.7117403 ], [ -51.1330386, -29.7110169 ], [ -51.133153, -29.7107336 ], [ -51.1331594, -29.7104145 ], [ -51.133207, -29.7101285 ], [ -51.1332269, -29.7098423 ], [ -51.1332719, -29.709446 ], [ -51.1333715, -29.70879 ], [ -51.1334547, -29.7083106 ], [ -51.1336031, -29.707898 ], [ -51.1336847, -29.7077381 ], [ -51.1337524, -29.7076257 ], [ -51.134123, -29.7071058 ], [ -51.1342022, -29.7069953 ], [ -51.1343463, -29.7067984 ], [ -51.1346441, -29.7063282 ], [ -51.1347791, -29.7060183 ], [ -51.1348209, -29.7057531 ], [ -51.1348916, -29.704966 ], [ -51.1349915, -29.7038851 ], [ -51.1350013, -29.7037434 ], [ -51.1349531, -29.7037383 ], [ -51.1349141, -29.7037377 ], [ -51.1335394, -29.7036226 ] ] ] } },
{ "type": "Feature", "properties": { "name": "Pátria Nova", "code_muni": 4313409.0, "name_muni": "Novo Hamburgo" }, "geometry": { "type": "Polygon", "coordinates": [ [ [ -51.1293526, -29.6902382 ], [ -51.1292123, -29.6902368 ], [ -51.1289156, -29.690233899999985 ], [ -51.1283165, -29.6902463 ], [ -51.1268936, -29.6902758 ], [ -51.1268215, -29.691197 ], [ -51.1267596, -29.6920201 ], [ -51.1267367, -29.6924461 ], [ -51.126734, -29.6926512 ], [ -51.1267402, -29.6928695 ], [ -51.1267442, -29.6929685 ], [ -51.1268366, -29.6941961 ], [ -51.1269022, -29.6948196 ], [ -51.126958, -29.6957974 ], [ -51.1269692, -29.6963725 ], [ -51.1269968, -29.6968919 ], [ -51.1270481, -29.6977758 ], [ -51.1270629, -29.6979595 ], [ -51.1271417, -29.6989571 ], [ -51.1272039, -29.699785099999986 ], [ -51.1272413, -29.7006612 ], [ -51.1272439, -29.7007513 ], [ -51.1273068, -29.7015604 ], [ -51.1273784, -29.7024663 ], [ -51.1274069, -29.7031085 ], [ -51.1274045, -29.703328 ], [ -51.1281714, -29.7033856 ], [ -51.1288646, -29.7034411 ], [ -51.1296671, -29.7034882 ], [ -51.1301713, -29.70353630000001 ], [ -51.1305559, -29.7035754 ], [ -51.1313984, -29.703638899999987 ], [ -51.1321373, -29.7036751 ], [ -51.1322194, -29.7036791 ], [ -51.1323055, -29.7036911 ], [ -51.1323924, -29.7037104 ], [ -51.1328267, -29.7038069 ], [ -51.1330226, -29.7038497 ], [ -51.1333807, -29.7038904 ], [ -51.1334771, -29.7038638 ], [ -51.1335281, -29.7038323 ], [ -51.133565, -29.7037837 ], [ -51.1335394, -29.7036226 ], [ -51.1349141, -29.7037377 ], [ -51.1349531, -29.7037383 ], [ -51.1350013, -29.7037434 ], [ -51.1350046, -29.70371 ], [ -51.1351443, -29.7026582 ], [ -51.1351676, -29.7024816 ], [ -51.1351853, -29.7021957 ], [ -51.1351284, -29.7018898 ], [ -51.1349893, -29.7009541 ], [ -51.1349238, -29.70054 ], [ -51.1348846, -29.7003225 ], [ -51.1348279, -29.7001142 ], [ -51.1346619, -29.6994568 ], [ -51.13461370000001, -29.6992554 ], [ -51.1345741, -29.6990492 ], [ -51.1345419, -29.6988372 ], [ -51.1345104, -29.6986292 ], [ -51.1344755, -29.698423 ], [ -51.1344232, -29.6982052 ], [ -51.1343817, -29.697992 ], [ -51.1343534, -29.6978521 ], [ -51.1342877, -29.6975974 ], [ -51.1337556, -29.6950181 ], [ -51.1332119, -29.6923684 ], [ -51.1331675, -29.6921522 ], [ -51.1329213, -29.6909523 ], [ -51.1328901, -29.6908258 ], [ -51.1293596, -29.6905376 ], [ -51.1294109, -29.690239 ], [ -51.1293526, -29.6902382 ] ] ] } },
{ "type": "Feature", "properties": { "name": "Boa Vista", "code_muni": 4313409.0, "name_muni": "Novo Hamburgo" }, "geometry": { "type": "Polygon", "coordinates": [ [ [ -51.1272413, -29.7006612 ], [ -51.1272039, -29.699785099999986 ], [ -51.1271417, -29.6989571 ], [ -51.1270629, -29.6979595 ], [ -51.1270481, -29.6977758 ], [ -51.1269968, -29.6968919 ], [ -51.1269692, -29.6963725 ], [ -51.126958, -29.6957974 ], [ -51.1269022, -29.6948196 ], [ -51.1268366, -29.6941961 ], [ -51.1267442, -29.6929685 ], [ -51.1267402, -29.6928695 ], [ -51.126734, -29.6926512 ], [ -51.1267367, -29.6924461 ], [ -51.1267596, -29.6920201 ], [ -51.1268215, -29.691197 ], [ -51.1268936, -29.6902758 ], [ -51.1254398, -29.6903363 ], [ -51.1253621, -29.6900753 ], [ -51.1251695, -29.689757599999989 ], [ -51.124982, -29.689459399999986 ], [ -51.1247294, -29.6891049 ], [ -51.124281, -29.6884079 ], [ -51.1238686, -29.6886065 ], [ -51.1233242, -29.6888833 ], [ -51.1232095, -29.6889388 ], [ -51.1229228, -29.689047599999988 ], [ -51.1226919, -29.6890885 ], [ -51.1224673, -29.6891123 ], [ -51.1220721, -29.6891145 ], [ -51.1217257, -29.6890416 ], [ -51.1214916, -29.6891467 ], [ -51.1211495, -29.6893911 ], [ -51.1210098, -29.6894772 ], [ -51.12087910000001, -29.6895833 ], [ -51.1207205, -29.6897153 ], [ -51.1205742, -29.6898788 ], [ -51.1204469, -29.6900473 ], [ -51.1201617, -29.6904915 ], [ -51.1200239, -29.6906869 ], [ -51.1194488, -29.6915983 ], [ -51.119152, -29.692053600000012 ], [ -51.118753, -29.6926458 ], [ -51.1183605, -29.6931965 ], [ -51.1180523, -29.6935626 ], [ -51.1178161, -29.6938532 ], [ -51.1173942, -29.694371899999989 ], [ -51.1170472, -29.6947831 ], [ -51.1176487, -29.6948093 ], [ -51.1183387, -29.6949252 ], [ -51.1184084, -29.6949311 ], [ -51.1187746, -29.6949975 ], [ -51.1191139, -29.6950522 ], [ -51.1193928, -29.6951477 ], [ -51.1195926, -29.6952561 ], [ -51.1197442, -29.6953586 ], [ -51.1198998, -29.6955287 ], [ -51.1201082, -29.6957945 ], [ -51.1204462, -29.6961934 ], [ -51.120602, -29.6963842 ], [ -51.1211962, -29.6971657 ], [ -51.1215798, -29.6976165 ], [ -51.1219333, -29.6980634 ], [ -51.1221555, -29.6983545 ], [ -51.1223211, -29.6985167 ], [ -51.1227031, -29.6989048 ], [ -51.1231487, -29.6993588 ], [ -51.1234107, -29.6996258 ], [ -51.1236736, -29.6999723 ], [ -51.1245455, -29.70057520000001 ], [ -51.125173, -29.7009901 ], [ -51.1252944, -29.701082 ], [ -51.12605940000001, -29.7015975 ], [ -51.1264694, -29.7018754 ], [ -51.1266427, -29.7019909 ], [ -51.1273784, -29.7024663 ], [ -51.1273068, -29.7015604 ], [ -51.1272439, -29.7007513 ], [ -51.1272413, -29.7006612 ] ] ] } },
{ "type": "Feature", "properties": { "name": "Mauá", "code_muni": 4313409.0, "name_muni": "Novo Hamburgo" }, "geometry": { "type": "Polygon", "coordinates": [ [ [ -51.1113325, -29.6928304 ], [ -51.1114514, -29.692712 ], [ -51.1115313, -29.6926436 ], [ -51.1116168, -29.6925934 ], [ -51.1117277, -29.6925399 ], [ -51.1118256, -29.6925067 ], [ -51.1119459, -29.6924793 ], [ -51.1120919, -29.6924642 ], [ -51.1122253, -29.6924688 ], [ -51.112367, -29.6924781 ], [ -51.11251810000001, -29.6925032 ], [ -51.112639, -29.6925283 ], [ -51.1135241, -29.6926989 ], [ -51.114758, -29.6933373 ], [ -51.1156967, -29.6939664 ], [ -51.1163889, -29.69444480000001 ], [ -51.1170472, -29.6947831 ], [ -51.1173942, -29.694371899999989 ], [ -51.1178161, -29.6938532 ], [ -51.1180523, -29.6935626 ], [ -51.1183605, -29.6931965 ], [ -51.118753, -29.6926458 ], [ -51.119152, -29.692053600000012 ], [ -51.1194488, -29.6915983 ], [ -51.1200239, -29.6906869 ], [ -51.1201617, -29.6904915 ], [ -51.1204469, -29.6900473 ], [ -51.1205742, -29.6898788 ], [ -51.1207205, -29.6897153 ], [ -51.12087910000001, -29.6895833 ], [ -51.1210098, -29.6894772 ], [ -51.1211495, -29.6893911 ], [ -51.1214916, -29.6891467 ], [ -51.1217257, -29.6890416 ], [ -51.1217946, -29.6885768 ], [ -51.1218245, -29.6881735 ], [ -51.1218325, -29.68704 ], [ -51.1218505, -29.686256 ], [ -51.1218125, -29.685949 ], [ -51.1216388, -29.6850314 ], [ -51.1215121, -29.684525 ], [ -51.120965, -29.6835206 ], [ -51.120376, -29.6825094 ], [ -51.1201893, -29.6823134 ], [ -51.1190912, -29.6815779 ], [ -51.1185701, -29.6812917 ], [ -51.1181189, -29.6810835 ], [ -51.1178334, -29.6809014 ], [ -51.1164742, -29.6797021 ], [ -51.11499, -29.6784824 ], [ -51.1149543, -29.678519099999985 ], [ -51.1144352, -29.6790346 ], [ -51.1138505, -29.679595700000011 ], [ -51.1132783, -29.680121100000012 ], [ -51.1126887, -29.6806292 ], [ -51.112639, -29.680617 ], [ -51.1125908, -29.6806121 ], [ -51.1124366, -29.6806111 ], [ -51.1121888, -29.6806311 ], [ -51.1114566, -29.6807094 ], [ -51.1107848, -29.6807808 ], [ -51.1109036, -29.6816055 ], [ -51.1110218, -29.6825085 ], [ -51.1111969, -29.6838137 ], [ -51.1112509, -29.6842166 ], [ -51.1112597, -29.6842821 ], [ -51.1113979, -29.6852446 ], [ -51.1114494, -29.6856031 ], [ -51.1116546, -29.6873281 ], [ -51.1116855, -29.6873744 ], [ -51.1117297, -29.6874026 ], [ -51.1117861, -29.687422399999985 ], [ -51.1116875, -29.6874049 ], [ -51.1119497, -29.6891712 ], [ -51.1094502, -29.6902641 ], [ -51.1097511, -29.6902913 ], [ -51.1099832, -29.690312 ], [ -51.1103457, -29.6936915 ], [ -51.1103859, -29.6936868 ], [ -51.110685, -29.6934597 ], [ -51.1109569, -29.693211 ], [ -51.1111868, -29.692996 ], [ -51.1113325, -29.6928304 ] ] ] } },
{ "type": "Feature", "properties": { "name": "Rio Branco", "code_muni": 4313409.0, "name_muni": "Novo Hamburgo" }, "geometry": { "type": "Polygon", "coordinates": [ [ [ -51.1428903, -29.6916259 ], [ -51.1432564, -29.6916481 ], [ -51.1429614, -29.6907393 ], [ -51.1427093, -29.689933100000012 ], [ -51.1423391, -29.6886143 ], [ -51.1420843, -29.6874819 ], [ -51.1418965, -29.6863564 ], [ -51.1418107, -29.6854896 ], [ -51.1418, -29.68514 ], [ -51.1418161, -29.6840821 ], [ -51.1421379, -29.6805681 ], [ -51.1421793, -29.6800945 ], [ -51.1423847, -29.6777437 ], [ -51.1421342, -29.6777551 ], [ -51.14206810000001, -29.6777579 ], [ -51.1413794, -29.6777869 ], [ -51.1405459, -29.6778308 ], [ -51.1403285, -29.677838 ], [ -51.1402927, -29.6778392 ], [ -51.1401305, -29.677846699999989 ], [ -51.1400084, -29.6778514 ], [ -51.1398863, -29.677856 ], [ -51.1397832, -29.67786 ], [ -51.13968, -29.6778639 ], [ -51.1395484, -29.6778749 ], [ -51.1394, -29.6778873 ], [ -51.1392104, -29.6779031 ], [ -51.1391891, -29.6779049 ], [ -51.1391031, -29.677912 ], [ -51.1390867, -29.6779134 ], [ -51.1389532, -29.6779218 ], [ -51.1389179, -29.6780203 ], [ -51.1382343, -29.679422 ], [ -51.138079500000011, -29.6796497 ], [ -51.1372654, -29.6804846 ], [ -51.1371169, -29.6807148 ], [ -51.1370142, -29.6809646 ], [ -51.1368535, -29.6814226 ], [ -51.1368207, -29.6815333 ], [ -51.1367929, -29.6816644 ], [ -51.136638, -29.6821026 ], [ -51.1364911, -29.6823406 ], [ -51.1363084, -29.682551099999987 ], [ -51.1361839, -29.6826435 ], [ -51.1360622, -29.6827339 ], [ -51.1357895, -29.682862 ], [ -51.1355718, -29.68295890000001 ], [ -51.1346692, -29.6833606 ], [ -51.1345361, -29.6834345 ], [ -51.1343337, -29.6835911 ], [ -51.1341938, -29.683796 ], [ -51.1340241, -29.6840546 ], [ -51.1339441, -29.6842183 ], [ -51.1337554, -29.684657200000011 ], [ -51.1330129, -29.6864683 ], [ -51.1328965, -29.6867593 ], [ -51.1328123, -29.6869696 ], [ -51.1326001, -29.6875006 ], [ -51.1325008, -29.6878857 ], [ -51.1324745, -29.6881659 ], [ -51.1324681, -29.6883221 ], [ -51.1324682, -29.6887231 ], [ -51.1326916, -29.6898744 ], [ -51.1328749, -29.6907603 ], [ -51.13288, -29.6907851 ], [ -51.1328901, -29.6908258 ], [ -51.1428903, -29.6916259 ] ] ] } },
{ "type": "Feature", "properties": { "name": "Ideal", "code_muni": 4313409.0, "name_muni": "Novo Hamburgo" }, "geometry": { "type": "Polygon", "coordinates": [ [ [ -51.1329213, -29.6909523 ], [ -51.1331675, -29.6921522 ], [ -51.1332119, -29.6923684 ], [ -51.1337556, -29.6950181 ], [ -51.1342877, -29.6975974 ], [ -51.1343534, -29.6978521 ], [ -51.1343817, -29.697992 ], [ -51.1344232, -29.6982052 ], [ -51.1344755, -29.698423 ], [ -51.1345104, -29.6986292 ], [ -51.1345419, -29.6988372 ], [ -51.1345741, -29.6990492 ], [ -51.13461370000001, -29.6992554 ], [ -51.1346619, -29.6994568 ], [ -51.1348279, -29.7001142 ], [ -51.1348846, -29.7003225 ], [ -51.1349238, -29.70054 ], [ -51.1349893, -29.7009541 ], [ -51.1351284, -29.7018898 ], [ -51.1351853, -29.7021957 ], [ -51.1351676, -29.7024816 ], [ -51.1351443, -29.7026582 ], [ -51.1350046, -29.70371 ], [ -51.1350013, -29.7037434 ], [ -51.1349915, -29.7038851 ], [ -51.1348916, -29.704966 ], [ -51.1348209, -29.7057531 ], [ -51.1347791, -29.7060183 ], [ -51.1346441, -29.7063282 ], [ -51.1343463, -29.7067984 ], [ -51.1342022, -29.7069953 ], [ -51.134123, -29.7071058 ], [ -51.1337524, -29.7076257 ], [ -51.1336847, -29.7077381 ], [ -51.1336031, -29.707898 ], [ -51.1334547, -29.7083106 ], [ -51.1333715, -29.70879 ], [ -51.1332719, -29.709446 ], [ -51.1332269, -29.7098423 ], [ -51.133207, -29.7101285 ], [ -51.1331594, -29.7104145 ], [ -51.133153, -29.7107336 ], [ -51.1330386, -29.7110169 ], [ -51.1329152, -29.7117403 ], [ -51.1328691, -29.7121482 ], [ -51.1328501, -29.7123216 ], [ -51.1333886, -29.7121341 ], [ -51.1336213, -29.7120944 ], [ -51.1338393, -29.7120647 ], [ -51.1347976, -29.7121521 ], [ -51.1365496, -29.7122954 ], [ -51.1383233, -29.7124385 ], [ -51.1399687, -29.7125753 ], [ -51.1401105, -29.7125905 ], [ -51.1416273, -29.7127127 ], [ -51.1458755, -29.7131164 ], [ -51.1459132, -29.7131189 ], [ -51.1476441, -29.7132605 ], [ -51.14721, -29.7090299 ], [ -51.1468801, -29.705571500000012 ], [ -51.1467969, -29.704798 ], [ -51.1466977, -29.703987200000014 ], [ -51.1466306, -29.7036238 ], [ -51.1464617, -29.7027548 ], [ -51.1460406, -29.7009469 ], [ -51.1456758, -29.6997097 ], [ -51.1442945, -29.6954995 ], [ -51.1432564, -29.6916481 ], [ -51.1428903, -29.6916259 ], [ -51.1328901, -29.6908258 ], [ -51.1329213, -29.6909523 ] ] ] } },
{ "type": "Feature", "properties": { "name": "Rincão", "code_muni": 4313409.0, "name_muni": "Novo Hamburgo" }, "geometry": { "type": "Polygon", "coordinates": [ [ [ -51.1431234, -29.6698602 ], [ -51.1422479, -29.6699635 ], [ -51.1414627, -29.6700352 ], [ -51.1413132, -29.6700462 ], [ -51.1411612, -29.6700574 ], [ -51.1407718, -29.6700861 ], [ -51.1406519, -29.6700945 ], [ -51.1405941, -29.6700986 ], [ -51.1389994, -29.669052300000011 ], [ -51.138286, -29.6700652 ], [ -51.1381965, -29.6702931 ], [ -51.13787, -29.6708606 ], [ -51.1378139, -29.6711062 ], [ -51.1377891, -29.6713156 ], [ -51.137839, -29.6715634 ], [ -51.1379437, -29.6718448 ], [ -51.1381995, -29.6724094 ], [ -51.1383463, -29.6726609 ], [ -51.1384419, -29.6728461 ], [ -51.139232, -29.6744561 ], [ -51.1393903, -29.6748121 ], [ -51.1394947, -29.6752095 ], [ -51.1395552, -29.6756372 ], [ -51.1395765, -29.6757876 ], [ -51.139557, -29.6762502 ], [ -51.1395102, -29.6764456 ], [ -51.1394327, -29.6767691 ], [ -51.1392477, -29.6772263 ], [ -51.1389532, -29.6779218 ], [ -51.1390867, -29.6779134 ], [ -51.1391031, -29.677912 ], [ -51.1391891, -29.6779049 ], [ -51.1392104, -29.6779031 ], [ -51.1394, -29.6778873 ], [ -51.1395484, -29.6778749 ], [ -51.13968, -29.6778639 ], [ -51.1397832, -29.67786 ], [ -51.1398863, -29.677856 ], [ -51.1400084, -29.6778514 ], [ -51.1401305, -29.677846699999989 ], [ -51.1402927, -29.6778392 ], [ -51.1403285, -29.677838 ], [ -51.1405459, -29.6778308 ], [ -51.1413794, -29.6777869 ], [ -51.14206810000001, -29.6777579 ], [ -51.1421342, -29.6777551 ], [ -51.1423847, -29.6777437 ], [ -51.1421793, -29.6800945 ], [ -51.1429802, -29.6806716 ], [ -51.1429214, -29.681904 ], [ -51.1429295, -29.6819442 ], [ -51.1429453, -29.6819759 ], [ -51.142969, -29.6820019 ], [ -51.1430059, -29.6820217 ], [ -51.1430694, -29.682031 ], [ -51.1435898, -29.6819807 ], [ -51.1437513, -29.6819682 ], [ -51.1444395, -29.681914 ], [ -51.1445931, -29.6819009 ], [ -51.1456812, -29.6818139 ], [ -51.1461916, -29.6817746 ], [ -51.1468832, -29.6817232 ], [ -51.147244, -29.6816935 ], [ -51.1487242, -29.681568899999984 ], [ -51.15001740000001, -29.681459 ], [ -51.1500569, -29.6818819 ], [ -51.1501222, -29.6824634 ], [ -51.1505491, -29.6821727 ], [ -51.1507331, -29.6820676 ], [ -51.1508758, -29.6820103 ], [ -51.1510609, -29.6819587 ], [ -51.1512232, -29.6819295 ], [ -51.1516321, -29.6819032 ], [ -51.1518198, -29.6818912 ], [ -51.1523075, -29.6818614 ], [ -51.1526951, -29.6818241 ], [ -51.1528572, -29.6817959 ], [ -51.1530907, -29.6817437 ], [ -51.1533147, -29.6816668 ], [ -51.1535654, -29.681547800000011 ], [ -51.1539629, -29.6812662 ], [ -51.1548337, -29.6807167 ], [ -51.1555831, -29.6803303 ], [ -51.1556912, -29.6802512 ], [ -51.1557912, -29.6801559 ], [ -51.1558863, -29.6800024 ], [ -51.1559624, -29.679843800000011 ], [ -51.155698, -29.6796755 ], [ -51.1551729, -29.679324 ], [ -51.1549967, -29.6792063 ], [ -51.1545006, -29.6788714 ], [ -51.15446, -29.6788291 ], [ -51.1544184, -29.6787772 ], [ -51.1539705, -29.6781026 ], [ -51.1534299, -29.6773301 ], [ -51.1533399, -29.6772119 ], [ -51.1532865, -29.6771565 ], [ -51.1532168, -29.677101700000016 ], [ -51.1530854, -29.677012 ], [ -51.1527241, -29.676766499999985 ], [ -51.1523365, -29.6765152 ], [ -51.1520333, -29.6763054 ], [ -51.1518008, -29.6761464 ], [ -51.1515128, -29.6759493 ], [ -51.1513863, -29.6758627 ], [ -51.1507146, -29.6753959 ], [ -51.1502036, -29.6747723 ], [ -51.1498771, -29.674109 ], [ -51.1498274, -29.6740248 ], [ -51.1496896, -29.6737914 ], [ -51.1494978, -29.6734666 ], [ -51.1490606, -29.6729824 ], [ -51.1485388, -29.6724176 ], [ -51.1484864, -29.6722961 ], [ -51.1483877, -29.6715576 ], [ -51.1483057, -29.6708052 ], [ -51.1482331, -29.6701158 ], [ -51.1481772, -29.6696174 ], [ -51.1481676, -29.669525899999989 ], [ -51.148167354180771, -29.669523808455438 ], [ -51.143309439999896, -29.669911612 ], [ -51.143316597551937, -29.669845963339974 ], [ -51.1431234, -29.6698602 ] ] ] } },
{ "type": "Feature", "properties": { "name": "Petrópolis", "code_muni": 4313409.0, "name_muni": "Novo Hamburgo" }, "geometry": { "type": "Polygon", "coordinates": [ [ [ -51.1481676, -29.669525899999989 ], [ -51.1481772, -29.6696174 ], [ -51.1482331, -29.6701158 ], [ -51.1483057, -29.6708052 ], [ -51.1483877, -29.6715576 ], [ -51.1484864, -29.6722961 ], [ -51.1485388, -29.6724176 ], [ -51.1490606, -29.6729824 ], [ -51.1494978, -29.6734666 ], [ -51.1496896, -29.6737914 ], [ -51.1498274, -29.6740248 ], [ -51.1498771, -29.674109 ], [ -51.1502036, -29.6747723 ], [ -51.1507146, -29.6753959 ], [ -51.1513863, -29.6758627 ], [ -51.1515128, -29.6759493 ], [ -51.1518008, -29.6761464 ], [ -51.1520333, -29.6763054 ], [ -51.1523365, -29.6765152 ], [ -51.1527241, -29.676766499999985 ], [ -51.1530854, -29.677012 ], [ -51.1532168, -29.677101700000016 ], [ -51.1532865, -29.6771565 ], [ -51.1533399, -29.6772119 ], [ -51.1534299, -29.6773301 ], [ -51.1539705, -29.6781026 ], [ -51.1544184, -29.6787772 ], [ -51.15446, -29.6788291 ], [ -51.1545006, -29.6788714 ], [ -51.1549967, -29.6792063 ], [ -51.1551729, -29.679324 ], [ -51.155698, -29.6796755 ], [ -51.1559624, -29.679843800000011 ], [ -51.156047, -29.6796895 ], [ -51.157874, -29.6775186 ], [ -51.1581655, -29.676981 ], [ -51.1585893, -29.6760812 ], [ -51.1588398, -29.6755891 ], [ -51.1604117, -29.6735822 ], [ -51.160783, -29.6731744 ], [ -51.1616739, -29.672331700000015 ], [ -51.162489, -29.6717624 ], [ -51.162119, -29.67146 ], [ -51.16197862608734, -29.671316098353564 ], [ -51.158434128467007, -29.670090105088928 ], [ -51.15831270000001, -29.6700635 ], [ -51.157662, -29.6698999 ], [ -51.1575895, -29.6698812 ], [ -51.1574395, -29.6698379 ], [ -51.156588, -29.6695917 ], [ -51.1559135, -29.6694198 ], [ -51.1550184, -29.668983 ], [ -51.154999985389821, -29.668978058474011 ], [ -51.154010804751536, -29.669057090510581 ], [ -51.1538662, -29.6690751 ], [ -51.1536514, -29.669101899999987 ], [ -51.153505232846086, -29.669097481020973 ], [ -51.148167354180771, -29.669523808455438 ], [ -51.1481676, -29.669525899999989 ] ] ] } },
{ "type": "Feature", "properties": { "name": "Boa Saúde", "code_muni": 4313409.0, "name_muni": "Novo Hamburgo" }, "geometry": { "type": "Polygon", "coordinates": [ [ [ -51.1593328, -29.6923193 ], [ -51.161213733981185, -29.692976974800771 ], [ -51.16688476, -29.693903120999906 ], [ -51.167120095172386, -29.694978169871852 ], [ -51.178, -29.693 ], [ -51.1782451411976, -29.691189064647673 ], [ -51.177566067, -29.688234619 ], [ -51.178668241378467, -29.688063338265486 ], [ -51.1787892, -29.6871697 ], [ -51.1783946, -29.6863441 ], [ -51.1781236, -29.6857771 ], [ -51.1777428, -29.684961 ], [ -51.1771188, -29.6835976 ], [ -51.1767093, -29.682477 ], [ -51.176550724155526, -29.681858736201761 ], [ -51.1764566969999, -29.681683946 ], [ -51.176461263587534, -29.681509939174489 ], [ -51.1764532, -29.6814785 ], [ -51.176462424979462, -29.681465685010529 ], [ -51.176575194780725, -29.67716849025901 ], [ -51.1759292, -29.6755938 ], [ -51.1758514, -29.6752556 ], [ -51.1758474, -29.6749939 ], [ -51.1758843, -29.6747812 ], [ -51.1759221, -29.674648 ], [ -51.1760833, -29.674072699999986 ], [ -51.1765837, -29.6730327 ], [ -51.176690125495909, -29.672788611675969 ], [ -51.176715940999891, -29.671804764999901 ], [ -51.17072869002957, -29.66970200984597 ], [ -51.170589835136219, -29.66970212266256 ], [ -51.162880105999896, -29.6716278879999 ], [ -51.162870107393211, -29.671624429883927 ], [ -51.162489, -29.6717624 ], [ -51.1616739, -29.672331700000015 ], [ -51.160783, -29.6731744 ], [ -51.1604117, -29.6735822 ], [ -51.1588398, -29.6755891 ], [ -51.1585893, -29.6760812 ], [ -51.1581655, -29.676981 ], [ -51.157874, -29.6775186 ], [ -51.156047, -29.6796895 ], [ -51.1559624, -29.679843800000011 ], [ -51.1558863, -29.6800024 ], [ -51.1557912, -29.6801559 ], [ -51.1564298, -29.6812826 ], [ -51.1565895, -29.6815604 ], [ -51.1566575, -29.6817631 ], [ -51.15668680000001, -29.6819917 ], [ -51.1566634, -29.682260599999985 ], [ -51.1566186, -29.6828612 ], [ -51.1565495, -29.6836301 ], [ -51.1564633, -29.6845097 ], [ -51.1564655, -29.6852614 ], [ -51.1565041, -29.6858743 ], [ -51.1566011, -29.6864651 ], [ -51.1567497, -29.6870356 ], [ -51.1568831, -29.6875234 ], [ -51.1570813, -29.688 ], [ -51.1574883, -29.6886488 ], [ -51.1578776, -29.6892852 ], [ -51.1582067, -29.6898878 ], [ -51.1584374, -29.690442 ], [ -51.1585381, -29.6906711 ], [ -51.1586366, -29.6909173 ], [ -51.1586968, -29.6910518 ], [ -51.1589361, -29.6915797 ], [ -51.1593328, -29.6923193 ] ] ] } },
{ "type": "Feature", "properties": { "name": "Primavera", "code_muni": 4313409.0, "name_muni": "Novo Hamburgo" }, "geometry": { "type": "Polygon", "coordinates": [ [ [ -51.1593418, -29.71086110000001 ], [ -51.1593778, -29.710603500000012 ], [ -51.15937158586113, -29.710460997266875 ], [ -51.158561974541662, -29.704794130479563 ], [ -51.1584699, -29.704346 ], [ -51.158478253944871, -29.704208091462174 ], [ -51.158467674, -29.704134032000013 ], [ -51.158486851163573, -29.70406616653182 ], [ -51.1585002, -29.7038458 ], [ -51.158935, -29.7022388 ], [ -51.159204, -29.7003865 ], [ -51.159243, -29.7000577 ], [ -51.1593843, -29.6997006 ], [ -51.1602082, -29.6979709 ], [ -51.160217462103134, -29.697910669502424 ], [ -51.159556037149258, -29.692723598849881 ], [ -51.1595302, -29.6926549 ], [ -51.1593328, -29.6923193 ], [ -51.1589361, -29.6915797 ], [ -51.1586968, -29.6910518 ], [ -51.1586366, -29.6909173 ], [ -51.1585381, -29.6906711 ], [ -51.1584374, -29.690442 ], [ -51.1582067, -29.6898878 ], [ -51.1578776, -29.6892852 ], [ -51.1574883, -29.6886488 ], [ -51.1570813, -29.688 ], [ -51.1568831, -29.6875234 ], [ -51.1567497, -29.6870356 ], [ -51.1566011, -29.6864651 ], [ -51.1565041, -29.6858743 ], [ -51.1564655, -29.6852614 ], [ -51.1564633, -29.6845097 ], [ -51.1565495, -29.6836301 ], [ -51.1566186, -29.6828612 ], [ -51.1566634, -29.682260599999985 ], [ -51.15668680000001, -29.6819917 ], [ -51.1566575, -29.6817631 ], [ -51.1565895, -29.6815604 ], [ -51.1564298, -29.6812826 ], [ -51.1557912, -29.6801559 ], [ -51.1556912, -29.6802512 ], [ -51.1555831, -29.6803303 ], [ -51.1548337, -29.6807167 ], [ -51.1539629, -29.6812662 ], [ -51.1535654, -29.681547800000011 ], [ -51.1533147, -29.6816668 ], [ -51.1530907, -29.6817437 ], [ -51.1528572, -29.6817959 ], [ -51.1526951, -29.6818241 ], [ -51.1523075, -29.6818614 ], [ -51.1518198, -29.6818912 ], [ -51.1516321, -29.6819032 ], [ -51.1512232, -29.6819295 ], [ -51.1510609, -29.6819587 ], [ -51.1508758, -29.6820103 ], [ -51.1507331, -29.6820676 ], [ -51.1505491, -29.6821727 ], [ -51.1501222, -29.6824634 ], [ -51.1500569, -29.6818819 ], [ -51.15001740000001, -29.681459 ], [ -51.1487242, -29.681568899999984 ], [ -51.147244, -29.6816935 ], [ -51.1468832, -29.6817232 ], [ -51.1461916, -29.6817746 ], [ -51.1456812, -29.6818139 ], [ -51.1445931, -29.6819009 ], [ -51.1444395, -29.681914 ], [ -51.1437513, -29.6819682 ], [ -51.1435898, -29.6819807 ], [ -51.1430694, -29.682031 ], [ -51.1430059, -29.6820217 ], [ -51.142969, -29.6820019 ], [ -51.1429453, -29.6819759 ], [ -51.1429295, -29.6819442 ], [ -51.1429214, -29.681904 ], [ -51.1429802, -29.6806716 ], [ -51.1421793, -29.6800945 ], [ -51.1421379, -29.6805681 ], [ -51.1418161, -29.6840821 ], [ -51.1418, -29.68514 ], [ -51.1418107, -29.6854896 ], [ -51.1418965, -29.6863564 ], [ -51.1420843, -29.6874819 ], [ -51.1423391, -29.6886143 ], [ -51.1427093, -29.689933100000012 ], [ -51.1429614, -29.6907393 ], [ -51.1432564, -29.6916481 ], [ -51.1442945, -29.6954995 ], [ -51.1456758, -29.6997097 ], [ -51.1460406, -29.7009469 ], [ -51.1464617, -29.7027548 ], [ -51.1466306, -29.7036238 ], [ -51.1466977, -29.703987200000014 ], [ -51.1467969, -29.704798 ], [ -51.1468801, -29.705571500000012 ], [ -51.14721, -29.7090299 ], [ -51.1476441, -29.7132605 ], [ -51.1478915, -29.7155534 ], [ -51.1480816, -29.7155462 ], [ -51.1481984, -29.7155254 ], [ -51.1483691, -29.7153148 ], [ -51.158138099938618, -29.714937677035898 ], [ -51.15930600093337, -29.711136292573592 ], [ -51.1593418, -29.71086110000001 ] ] ] } },
{ "type": "Feature", "properties": { "name": "Lomba Grande", "code_muni": 4313409.0, "name_muni": "Novo Hamburgo" }, "geometry": { "type": "MultiPolygon", "coordinates": [ [ [ [ -51.0859217, -29.7508287 ], [ -51.085860154308094, -29.750664958156218 ], [ -51.085752290196353, -29.750541440848519 ], [ -51.0856007, -29.7504184 ], [ -51.0852111, -29.7503833 ], [ -51.0849398, -29.7501656 ], [ -51.084742, -29.7499161 ], [ -51.0844546, -29.749777 ], [ -51.0841766, -29.7492943 ], [ -51.084219, -29.7488649 ], [ -51.084170654433763, -29.748730233525947 ], [ -51.083939531999903, -29.748465556999989 ], [ -51.083955945732228, -29.748406431564586 ], [ -51.0839014, -29.7483728 ], [ -51.0839183, -29.7482618 ], [ -51.084011186961497, -29.748207441456561 ], [ -51.084063425660609, -29.748019266324693 ], [ -51.0840461, -29.7479581 ], [ -51.0841233, -29.7475707 ], [ -51.0840775, -29.7473508 ], [ -51.08439169813672, -29.746836741017649 ], [ -51.0844920649999, -29.746475186999891 ], [ -51.084656966961141, -29.746402730507235 ], [ -51.084875, -29.746046 ], [ -51.0859148, -29.7457424 ], [ -51.087010730811933, -29.744614139819589 ], [ -51.086642711580488, -29.742650712976843 ], [ -51.0864669, -29.7423869 ], [ -51.0864402, -29.7419522 ], [ -51.0860537, -29.7416326 ], [ -51.086217702298903, -29.740383139486255 ], [ -51.085128439, -29.734571059000011 ], [ -51.087128508123975, -29.734498362907964 ], [ -51.0862273, -29.7339702 ], [ -51.0851488, -29.7335471 ], [ -51.0838356, -29.7334576 ], [ -51.0835524, -29.733025399999988 ], [ -51.0835427, -29.7320321 ], [ -51.0836927, -29.7312518 ], [ -51.0837241, -29.7310279 ], [ -51.084174, -29.7302238 ], [ -51.0847798, -29.7294851 ], [ -51.0852948, -29.728628 ], [ -51.0855694, -29.7271894 ], [ -51.0854664, -29.7262801 ], [ -51.0856552, -29.7253857 ], [ -51.0850373, -29.7248788 ], [ -51.0828915, -29.7245061 ], [ -51.0826769, -29.7240664 ], [ -51.0822049, -29.7226129 ], [ -51.0825482, -29.7221433 ], [ -51.0835781, -29.7217408 ], [ -51.0842476, -29.7205034 ], [ -51.0841449, -29.7201912 ], [ -51.084076, -29.7199816 ], [ -51.0828915, -29.7201009 ], [ -51.0826063, -29.7199634 ], [ -51.0823845, -29.719587 ], [ -51.0821798, -29.7191039 ], [ -51.0818787, -29.7187741 ], [ -51.081485, -29.7185132 ], [ -51.0797158, -29.7181181 ], [ -51.0788145, -29.7175963 ], [ -51.0786686, -29.7169851 ], [ -51.0790978, -29.7166273 ], [ -51.0804196, -29.715956400000014 ], [ -51.080439374566517, -29.715514742934712 ], [ -51.051608943799948, -29.712530150061937 ], [ -51.046, -29.712 ], [ -51.009082896959931, -29.708115970467464 ], [ -51.008825168559554, -29.708089175583506 ], [ -51.0102725, -29.711314 ], [ -51.0121822, -29.7142772 ], [ -51.0143066, -29.7151625 ], [ -51.0153473, -29.7163086 ], [ -51.0161519, -29.7202965 ], [ -51.0164309, -29.7227563 ], [ -51.0174716, -29.7238651 ], [ -51.0184157, -29.7243962 ], [ -51.0205937, -29.7247409 ], [ -51.0232651, -29.726017299999985 ], [ -51.0263443, -29.7259708 ], [ -51.0294128, -29.725831 ], [ -51.0314512, -29.7263155 ], [ -51.0338974, -29.7253092 ], [ -51.0370302, -29.7250297 ], [ -51.0396695, -29.723520300000015 ], [ -51.0433388, -29.7240328 ], [ -51.0446048, -29.7243682 ], [ -51.0447845, -29.7249447 ], [ -51.0450232, -29.7255235 ], [ -51.0454202, -29.725831 ], [ -51.047802, -29.7267068 ], [ -51.049186, -29.7272192 ], [ -51.0502374, -29.7272379 ], [ -51.0517609, -29.726911800000011 ], [ -51.0528338, -29.7268279 ], [ -51.0533595, -29.727182 ], [ -51.0540462, -29.7274149 ], [ -51.0562885, -29.7273776 ], [ -51.0593033, -29.727536 ], [ -51.0601509, -29.7285702 ], [ -51.0614061, -29.729036 ], [ -51.0627043, -29.729213 ], [ -51.0640455, -29.7308807 ], [ -51.0654402, -29.7340483 ], [ -51.0628224, -29.7345513 ], [ -51.060065, -29.7347842 ], [ -51.05767250000001, -29.7357811 ], [ -51.059314, -29.73915340000001 ], [ -51.05797290000001, -29.73915340000001 ], [ -51.057533, -29.7387901 ], [ -51.0566962, -29.7384734 ], [ -51.0548079, -29.7385293 ], [ -51.054132, -29.7387342 ], [ -51.0537028, -29.739125499999989 ], [ -51.0531986, -29.7399639 ], [ -51.0517287, -29.740616 ], [ -51.0509348, -29.7405135 ], [ -51.0501194, -29.7405228 ], [ -51.0469222, -29.7410445 ], [ -51.0461927, -29.7403831 ], [ -51.045388, -29.7401223 ], [ -51.0445082, -29.7401409 ], [ -51.0435963, -29.7389112 ], [ -51.0428238, -29.7382777 ], [ -51.0417402, -29.7379331 ], [ -51.0406351, -29.7379237 ], [ -51.0394657, -29.7382032 ], [ -51.0381031, -29.7388274 ], [ -51.0370088, -29.7398428 ], [ -51.0331142, -29.7400757 ], [ -51.0321701, -29.740252699999989 ], [ -51.031419, -29.7401782 ], [ -51.0297239, -29.7397217 ], [ -51.0256362, -29.7400571 ], [ -51.0267091, -29.7482266 ], [ -51.0272455, -29.7494934 ], [ -51.0278678, -29.7507602 ], [ -51.0284043, -29.7530702 ], [ -51.0278464, -29.7605402 ], [ -51.02702020000001, -29.7606147 ], [ -51.0259473, -29.7595343 ], [ -51.0255718, -29.7585563 ], [ -51.0240483, -29.7573362 ], [ -51.0228789, -29.7567866 ], [ -51.0222352, -29.7556503 ], [ -51.0216558, -29.7550449 ], [ -51.0205722, -29.7544441 ], [ -51.0198909, -29.7556969 ], [ -51.0206473, -29.7562324 ], [ -51.0210282, -29.756996199999982 ], [ -51.0214734, -29.757895 ], [ -51.0241556, -29.759525 ], [ -51.0243917, -29.7602328 ], [ -51.0256899, -29.7617696 ], [ -51.026398, -29.7620676 ], [ -51.0275245, -29.7621794 ], [ -51.0281575, -29.7677674 ], [ -51.026634, -29.7691085 ], [ -51.0284686, -29.7707289 ], [ -51.0307217, -29.7691457 ], [ -51.0322666, -29.7693599 ], [ -51.0339511, -29.769034 ], [ -51.0350669, -29.7684752 ], [ -51.0361934, -29.7758415 ], [ -51.0389292, -29.774603 ], [ -51.0408819, -29.7733924 ], [ -51.0423571, -29.771595 ], [ -51.0423464, -29.7705892 ], [ -51.0425395, -29.7704309 ], [ -51.0443044, -29.7698582 ], [ -51.0460961, -29.7680654 ], [ -51.0464394, -29.7670037 ], [ -51.0512138, -29.7671155 ], [ -51.051718, -29.7712784 ], [ -51.0555589, -29.7716229 ], [ -51.0568249, -29.7713994 ], [ -51.0633856, -29.767637 ], [ -51.0630262, -29.7631666 ], [ -51.0668349, -29.7597857 ], [ -51.0684764, -29.7592642 ], [ -51.0704345, -29.7573315 ], [ -51.0722959, -29.7563861 ], [ -51.0714912, -29.750960499999987 ], [ -51.073063, -29.7514774 ], [ -51.0743666, -29.7517755 ], [ -51.0751283, -29.7518454 ], [ -51.075595, -29.7517476 ], [ -51.0761529, -29.7514355 ], [ -51.0780573, -29.7513331 ], [ -51.0793823, -29.7515147 ], [ -51.0802192, -29.7517336 ], [ -51.0829228, -29.7523623 ], [ -51.0837972, -29.7522878 ], [ -51.086414066107743, -29.751325815381755 ], [ -51.08641696, -29.7513025609999 ], [ -51.086167331735147, -29.751016710888674 ], [ -51.0859217, -29.7508287 ] ] ], [ [ [ -51.088728, -29.7363047 ], [ -51.088029, -29.7353284 ], [ -51.0872603, -29.7345756 ], [ -51.087170337579366, -29.734522877234436 ], [ -51.088866914211195, -29.736858625477492 ], [ -51.088728, -29.7363047 ] ] ] ] } },
{ "type": "Feature", "properties": { "name": "Scharlau", "code_muni": 4313409.0, "name_muni": "Novo Hamburgo" }, "geometry": { "type": "MultiPolygon", "coordinates": [ [ [ [ -51.1593328, -29.6923193 ], [ -51.1595302, -29.6926549 ], [ -51.159556037149258, -29.692723598849881 ], [ -51.159553772, -29.692705833999984 ], [ -51.161213733981185, -29.692976974800771 ], [ -51.1593328, -29.6923193 ] ] ], [ [ [ -51.1602082, -29.6979709 ], [ -51.1593843, -29.6997006 ], [ -51.159243, -29.7000577 ], [ -51.159204, -29.7003865 ], [ -51.158935, -29.7022388 ], [ -51.1585002, -29.7038458 ], [ -51.158486851163573, -29.70406616653182 ], [ -51.160220159999902, -29.697931825999895 ], [ -51.160217462103134, -29.697910669502424 ], [ -51.1602082, -29.6979709 ] ] ], [ [ [ -51.1584699, -29.704346 ], [ -51.158561974541662, -29.704794130479563 ], [ -51.158478253944871, -29.704208091462174 ], [ -51.1584699, -29.704346 ] ] ], [ [ [ -51.1593778, -29.710603500000012 ], [ -51.1593418, -29.71086110000001 ], [ -51.15930600093337, -29.711136292573592 ], [ -51.159416623, -29.710776215 ], [ -51.15937158586113, -29.710460997266875 ], [ -51.1593778, -29.710603500000012 ] ] ], [ [ [ -51.1483691, -29.7153148 ], [ -51.1481984, -29.7155254 ], [ -51.1480816, -29.7155462 ], [ -51.1478915, -29.7155534 ], [ -51.148015441024739, -29.716739653970102 ], [ -51.157696328, -29.71637551700001 ], [ -51.158138099938618, -29.714937677035898 ], [ -51.1483691, -29.7153148 ] ] ] ] } },
{ "type": "Feature", "properties": { "name": "Boa Vista", "code_muni": 4313409.0, "name_muni": "Novo Hamburgo" }, "geometry": { "type": "MultiPolygon", "coordinates": [ [ [ [ -51.1765837, -29.6730327 ], [ -51.1760833, -29.674072699999986 ], [ -51.1759221, -29.674648 ], [ -51.1758843, -29.6747812 ], [ -51.1758474, -29.6749939 ], [ -51.1758514, -29.6752556 ], [ -51.1759292, -29.6755938 ], [ -51.176575194780725, -29.67716849025901 ], [ -51.176690125495909, -29.672788611675969 ], [ -51.1765837, -29.6730327 ] ] ], [ [ [ -51.1764532, -29.6814785 ], [ -51.176461263587534, -29.681509939174489 ], [ -51.176462424979462, -29.681465685010529 ], [ -51.1764532, -29.6814785 ] ] ], [ [ [ -51.1767093, -29.682477 ], [ -51.1771188, -29.6835976 ], [ -51.1777428, -29.684961 ], [ -51.1781236, -29.6857771 ], [ -51.1783946, -29.6863441 ], [ -51.1787892, -29.6871697 ], [ -51.178668241378467, -29.688063338265486 ], [ -51.179794511, -29.687888303 ], [ -51.176550724155526, -29.681858736201761 ], [ -51.1767093, -29.682477 ] ] ], [ [ [ -51.178, -29.693 ], [ -51.167120095172386, -29.694978169871852 ], [ -51.167224628, -29.695455685 ], [ -51.178685617, -29.693105344999896 ], [ -51.1782451411976, -29.691189064647673 ], [ -51.178, -29.693 ] ] ] ] } },
{ "type": "Feature", "properties": { "name": "Santos Dumont", "code_muni": 4313409.0, "name_muni": "Novo Hamburgo" }, "geometry": { "type": "MultiPolygon", "coordinates": [ [ [ [ -51.1476176, -29.7155607 ], [ -51.1475755, -29.7155618 ], [ -51.1474528, -29.7156242 ], [ -51.1473929, -29.7157309 ], [ -51.147327, -29.7159857 ], [ -51.1472312, -29.7161496 ], [ -51.1470824, -29.7162841 ], [ -51.1470126, -29.7163472 ], [ -51.1468317, -29.7165932 ], [ -51.1468012, -29.7166347 ], [ -51.1466819, -29.716892 ], [ -51.1466678, -29.7169223 ], [ -51.1465191, -29.7172019 ], [ -51.1464624, -29.7173923 ], [ -51.1465007, -29.7175801 ], [ -51.1466172, -29.7178158 ], [ -51.1466786, -29.7180741 ], [ -51.1468043, -29.7183191 ], [ -51.1468487, -29.7184296 ], [ -51.1468557, -29.718486099999986 ], [ -51.1468595, -29.7185148 ], [ -51.1469055, -29.7186067 ], [ -51.146979139381337, -29.718677164319629 ], [ -51.146788671, -29.716785747 ], [ -51.148015441024739, -29.716739653970102 ], [ -51.1478915, -29.7155534 ], [ -51.1476176, -29.7155607 ] ] ], [ [ [ -51.1470725, -29.7204576 ], [ -51.1468257, -29.720634399999987 ], [ -51.1466533, -29.7208757 ], [ -51.1464975, -29.721013 ], [ -51.1464784, -29.7211566 ], [ -51.1466315, -29.7213922 ], [ -51.1466736, -29.7219556 ], [ -51.1466791, -29.7220401 ], [ -51.1467275, -29.7227765 ], [ -51.1467635, -29.7229256 ], [ -51.1469412, -29.7232289 ], [ -51.1469976, -29.7232664 ], [ -51.147096, -29.7234426 ], [ -51.1474581, -29.7238775 ], [ -51.1474689, -29.7240245 ], [ -51.1475523, -29.7245379 ], [ -51.1475402, -29.7246528 ], [ -51.1474656, -29.7247414 ], [ -51.1474558, -29.7247968 ], [ -51.147482, -29.7248426 ], [ -51.147506, -29.7251599 ], [ -51.1475569, -29.7252639 ], [ -51.1475419, -29.7253913 ], [ -51.1475718, -29.7254849 ], [ -51.1475569, -29.725537 ], [ -51.147566503150578, -29.725645921708004 ], [ -51.14765722899989, -29.725410235 ], [ -51.147147577169278, -29.720349749082153 ], [ -51.1470725, -29.7204576 ] ] ], [ [ [ -51.1475179, -29.7257658 ], [ -51.1473582, -29.725858 ], [ -51.1473011, -29.7260701 ], [ -51.1469871, -29.7264474 ], [ -51.1468349, -29.726538200000011 ], [ -51.1468, -29.7266374 ], [ -51.1468634, -29.7266622 ], [ -51.146984, -29.7266594 ], [ -51.1470157, -29.7267475 ], [ -51.1469681, -29.7267943 ], [ -51.1469364, -29.7269816 ], [ -51.1468539, -29.7272295 ], [ -51.146920924201915, -29.727322966636116 ], [ -51.147522188074575, -29.725761042547759 ], [ -51.1475179, -29.7257658 ] ] ], [ [ [ -51.1468191, -29.727579199999987 ], [ -51.146814769328579, -29.727598723531099 ], [ -51.146828095553374, -29.72756410628779 ], [ -51.1468191, -29.727579199999987 ] ] ], [ [ [ -51.1465913, -29.72814880000001 ], [ -51.14658826672035, -29.728152938320694 ], [ -51.146605414, -29.728142557999888 ], [ -51.146634758360065, -29.728066331632405 ], [ -51.1465913, -29.72814880000001 ] ] ], [ [ [ -51.1419334, -29.7308909 ], [ -51.1412635, -29.7312902 ], [ -51.1410057, -29.7314373 ], [ -51.1407419, -29.7315927 ], [ -51.1402805, -29.7319029 ], [ -51.1400177, -29.7321311 ], [ -51.1399039, -29.7322299 ], [ -51.1395709, -29.7325741 ], [ -51.139402076534274, -29.732806250276997 ], [ -51.140113904, -29.732071962999978 ], [ -51.142703603200026, -29.730504455587784 ], [ -51.1419334, -29.7308909 ] ] ], [ [ [ -51.1319818, -29.7403051 ], [ -51.1318262, -29.7400908 ], [ -51.1316948, -29.7399709 ], [ -51.1315513, -29.7399569 ], [ -51.1315092, -29.739976299999988 ], [ -51.1314024, -29.7400256 ], [ -51.1312053, -29.7401526 ], [ -51.1309451, -29.740439 ], [ -51.130701, -29.7408385 ], [ -51.1304006, -29.7411703 ], [ -51.1300138, -29.7415942 ], [ -51.1299229, -29.7417465 ], [ -51.1298743, -29.741828 ], [ -51.129797, -29.7420244 ], [ -51.1297397, -29.7421736 ], [ -51.12974, -29.742175 ], [ -51.1301627, -29.742317399999987 ], [ -51.130174092519553, -29.742324080355065 ], [ -51.132036674255282, -29.740403193094775 ], [ -51.1319818, -29.7403051 ] ] ] ] } },
{ "type": "Feature", "properties": { "name": "Feitoria", "code_muni": 4313409.0, "name_muni": "Novo Hamburgo" }, "geometry": { "type": "MultiPolygon", "coordinates": [ [ [ [ -51.0860537, -29.7416326 ], [ -51.0864402, -29.7419522 ], [ -51.0864669, -29.7423869 ], [ -51.086642711580488, -29.742650712976843 ], [ -51.086217702298903, -29.740383139486255 ], [ -51.0860537, -29.7416326 ] ] ], [ [ [ -51.0859148, -29.7457424 ], [ -51.084875, -29.746046 ], [ -51.084656966961141, -29.746402730507235 ], [ -51.087141365, -29.74531107 ], [ -51.087010730811933, -29.744614139819589 ], [ -51.0859148, -29.7457424 ] ] ], [ [ [ -51.0840775, -29.7473508 ], [ -51.0841233, -29.7475707 ], [ -51.0840461, -29.7479581 ], [ -51.084063425660609, -29.748019266324693 ], [ -51.08439169813672, -29.746836741017649 ], [ -51.0840775, -29.7473508 ] ] ], [ [ [ -51.0839183, -29.7482618 ], [ -51.0839014, -29.7483728 ], [ -51.083955945732228, -29.748406431564586 ], [ -51.084011186961497, -29.748207441456561 ], [ -51.0839183, -29.7482618 ] ] ], [ [ [ -51.084219, -29.7488649 ], [ -51.0841766, -29.7492943 ], [ -51.0844546, -29.749777 ], [ -51.084742, -29.7499161 ], [ -51.0849398, -29.7501656 ], [ -51.0852111, -29.7503833 ], [ -51.0856007, -29.7504184 ], [ -51.085752290196353, -29.750541440848519 ], [ -51.084170654433763, -29.748730233525947 ], [ -51.084219, -29.7488649 ] ] ], [ [ [ -51.0859217, -29.7508287 ], [ -51.086167331735147, -29.751016710888674 ], [ -51.085860154308094, -29.750664958156218 ], [ -51.0859217, -29.7508287 ] ] ], [ [ [ -51.0866725, -29.7630362 ], [ -51.0863668, -29.7631946 ], [ -51.0858709, -29.763360799999987 ], [ -51.0855736, -29.7636602 ], [ -51.0854602, -29.7640095 ], [ -51.0854924, -29.764181799999989 ], [ -51.0856211, -29.7644379 ], [ -51.0855192, -29.7649688 ], [ -51.0852403, -29.7653739 ], [ -51.0849989, -29.7656347 ], [ -51.0849237, -29.7658861 ], [ -51.084567, -29.7663192 ], [ -51.0844409, -29.7666475 ], [ -51.0842747, -29.7671388 ], [ -51.0840467, -29.7676021 ], [ -51.0839206, -29.7678466 ], [ -51.0839233, -29.7682517 ], [ -51.0839139, -29.7684182 ], [ -51.0840024, -29.7687197 ], [ -51.0839843, -29.7689719 ], [ -51.0839037, -29.7692006 ], [ -51.0839103, -29.7692486 ], [ -51.083963061791934, -29.76923087883198 ], [ -51.086863643545428, -29.762836393997418 ], [ -51.0866725, -29.7630362 ] ] ], [ [ [ -51.1014824, -29.736096 ], [ -51.1006584, -29.7365581 ], [ -51.100594088724272, -29.736569775852065 ], [ -51.101566623787271, -29.736603843225677 ], [ -51.1014824, -29.736096 ] ] ], [ [ [ -51.0977145, -29.736409 ], [ -51.097458479463583, -29.736459888342331 ], [ -51.098192569449189, -29.736485621227398 ], [ -51.0977145, -29.736409 ] ] ], [ [ [ -51.0970021, -29.7365506 ], [ -51.0963669, -29.7371617 ], [ -51.096135977483229, -29.73772190617273 ], [ -51.097438071872133, -29.736463944667229 ], [ -51.0970021, -29.7365506 ] ] ], [ [ [ -51.095043375470574, -29.73855491449358 ], [ -51.095156050999897, -29.73866859 ], [ -51.095208380764412, -29.738618036085729 ], [ -51.095043375470574, -29.73855491449358 ] ] ], [ [ [ -51.0928736, -29.7359097 ], [ -51.0919895, -29.7353656 ], [ -51.0915175, -29.735701 ], [ -51.091494493227806, -29.736109143380364 ], [ -51.091997064999902, -29.735481434 ], [ -51.093004129842186, -29.736497509551892 ], [ -51.0928736, -29.7359097 ] ] ] ] } },
{ "type": "Feature", "properties": { "name": "Campestre", "code_muni": 4313409.0, "name_muni": "Novo Hamburgo" }, "geometry": { "type": "MultiPolygon", "coordinates": [ [ [ [ -51.0839103, -29.7692486 ], [ -51.0839024, -29.7692899 ], [ -51.0839035888322, -29.769361980896459 ], [ -51.083963061791934, -29.76923087883198 ], [ -51.0839103, -29.7692486 ] ] ], [ [ [ -51.0831106, -29.770843 ], [ -51.0829201, -29.770959399999985 ], [ -51.0827646, -29.7712248 ], [ -51.0825822, -29.771511199999988 ], [ -51.0825312, -29.7719978 ], [ -51.0824937, -29.7722842 ], [ -51.0823542, -29.7725123 ], [ -51.0821369, -29.7728383 ], [ -51.082234265429612, -29.773041683000436 ], [ -51.083266137773265, -29.770767153423513 ], [ -51.0831106, -29.770843 ] ] ] ] } },
{ "type": "Feature", "properties": { "name": "Pedras", "code_muni": 4313409.0, "name_muni": "Novo Hamburgo" }, "geometry": { "type": "Polygon", "coordinates": [ [ [ -51.1419059, -29.637422600000011 ], [ -51.1418818, -29.6376546 ], [ -51.1418757, -29.637759 ], [ -51.1418939, -29.6378807 ], [ -51.142323839067714, -29.637826343740482 ], [ -51.142173848, -29.637005753 ], [ -51.141999066638995, -29.637025391662853 ], [ -51.1419059, -29.637422600000011 ] ] ] } },
{ "type": "Feature", "properties": { "name": "Rincão de Ilhéus", "code_muni": 4313409.0, "name_muni": "Novo Hamburgo" }, "geometry": { "type": "MultiPolygon", "coordinates": [ [ [ [ -51.1431234, -29.6698602 ], [ -51.143316597551937, -29.669845963339974 ], [ -51.144660736580036, -29.657516097502715 ], [ -51.144222, -29.6576225 ], [ -51.1431234, -29.6698602 ] ] ], [ [ [ -51.1536514, -29.669101899999987 ], [ -51.1538662, -29.6690751 ], [ -51.154010804751536, -29.669057090510581 ], [ -51.153599882254305, -29.669089919559461 ], [ -51.1536514, -29.669101899999987 ] ] ] ] } },
{ "type": "Feature", "properties": { "name": "Sol Nascente", "code_muni": 4313409.0, "name_muni": "Novo Hamburgo" }, "geometry": { "type": "MultiPolygon", "coordinates": [ [ [ [ -51.1550184, -29.668983 ], [ -51.1559135, -29.6694198 ], [ -51.156588, -29.6695917 ], [ -51.1574395, -29.6698379 ], [ -51.1575895, -29.6698812 ], [ -51.157662, -29.6698999 ], [ -51.15831270000001, -29.6700635 ], [ -51.158434128467007, -29.670090105088928 ], [ -51.155178212, -29.668963817999984 ], [ -51.154999985389821, -29.668978058474011 ], [ -51.1550184, -29.668983 ] ] ], [ [ [ -51.162119, -29.67146 ], [ -51.162489, -29.6717624 ], [ -51.162870107393211, -29.671624429883927 ], [ -51.16197862608734, -29.671316098353564 ], [ -51.162119, -29.67146 ] ] ] ] } },
{ "type": "Feature", "properties": { "name": "Rincão Gaúcho", "code_muni": 4313409.0, "name_muni": "Novo Hamburgo" }, "geometry": { "type": "Polygon", "coordinates": [ [ [ -51.1418939, -29.6378807 ], [ -51.1419207, -29.6380276 ], [ -51.1419609, -29.6382759 ], [ -51.1420763, -29.6388144 ], [ -51.1423726, -29.6403239 ], [ -51.1425886, -29.6413881 ], [ -51.1431609, -29.644339 ], [ -51.1431737, -29.6444048 ], [ -51.143244, -29.6447652 ], [ -51.1433805, -29.6454625 ], [ -51.1435009, -29.646123 ], [ -51.1436921, -29.6471039 ], [ -51.1438105, -29.6477116 ], [ -51.143854, -29.64792940000001 ], [ -51.143915, -29.6480875 ], [ -51.1440283, -29.6485364 ], [ -51.1440996, -29.6489715 ], [ -51.1441833, -29.649464299999988 ], [ -51.1442556, -29.6498874 ], [ -51.1442837, -29.6500342 ], [ -51.1443389, -29.6502903 ], [ -51.1444588, -29.6513348 ], [ -51.1445105, -29.6515211 ], [ -51.144569, -29.6517627 ], [ -51.1446225, -29.65202870000001 ], [ -51.1446527, -29.6522628 ], [ -51.1446633, -29.6523584 ], [ -51.1446835, -29.6525394 ], [ -51.1446938, -29.6526728 ], [ -51.144736, -29.6529878 ], [ -51.1447383, -29.6530526 ], [ -51.1446628, -29.6538362 ], [ -51.1445961, -29.654387 ], [ -51.1445527, -29.6546822 ], [ -51.1445286, -29.6548116 ], [ -51.1444125, -29.6556075 ], [ -51.144222, -29.6576225 ], [ -51.144660736580036, -29.657516097502715 ], [ -51.145132369, -29.653189079 ], [ -51.142323839067714, -29.637826343740482 ], [ -51.1418939, -29.6378807 ] ] ] } },
{ "type": "Feature", "properties": { "name": "Águas", "code_muni": 4313409.0, "name_muni": "Novo Hamburgo" }, "geometry": { "type": "Polygon", "coordinates": [ [ [ -51.1349067, -29.6386932 ], [ -51.1351509, -29.6386673 ], [ -51.1371893, -29.6384204 ], [ -51.1379698, -29.6383342 ], [ -51.1387584, -29.6382467 ], [ -51.1387865, -29.6381104 ], [ -51.1393847, -29.638087 ], [ -51.1401343, -29.6380218 ], [ -51.1401853, -29.6380521 ], [ -51.1412019, -29.6379612 ], [ -51.1418939, -29.6378807 ], [ -51.1418757, -29.637759 ], [ -51.1418818, -29.6376546 ], [ -51.1419059, -29.637422600000011 ], [ -51.141999066638995, -29.637025391662853 ], [ -51.134786761670178, -29.637835568253735 ], [ -51.1349067, -29.6386932 ] ] ] } },
{ "type": "Feature", "properties": { "name": "Encosta do Sol", "code_muni": 4313409.0, "name_muni": "Novo Hamburgo" }, "geometry": { "type": "Polygon", "coordinates": [ [ [ -51.17072869002957, -29.66970200984597 ], [ -51.170671164999895, -29.669681805 ], [ -51.170589835136219, -29.66970212266256 ], [ -51.17072869002957, -29.66970200984597 ] ] ] } },
{ "type": "Feature", "properties": { "name": "Imigrante Norte", "code_muni": 4313409.0, "name_muni": "Novo Hamburgo" }, "geometry": { "type": "MultiPolygon", "coordinates": [ [ [ [ -51.087986, -29.676041 ], [ -51.0883892, -29.6759167 ], [ -51.0891411, -29.6757725 ], [ -51.0891562, -29.6756855 ], [ -51.089232725287701, -29.675243390953941 ], [ -51.0879631611691, -29.676040150840926 ], [ -51.087986, -29.676041 ] ] ], [ [ [ -51.09, -29.674 ], [ -51.089943425778344, -29.673607195783362 ], [ -51.090004713415318, -29.674344439185901 ], [ -51.09, -29.674 ] ] ] ] } },
{ "type": "Feature", "properties": { "name": "Imigrante Sul", "code_muni": 4313409.0, "name_muni": "Novo Hamburgo" }, "geometry": { "type": "MultiPolygon", "coordinates": [ [ [ [ -51.0816193, -29.6862446 ], [ -51.0816689, -29.686302199999989 ], [ -51.0817865, -29.6862598 ], [ -51.0819564, -29.6861743 ], [ -51.0820803, -29.6860896 ], [ -51.082245, -29.6859582 ], [ -51.0824275, -29.6857126 ], [ -51.082628349627868, -29.685396864949745 ], [ -51.082038847, -29.686107928999903 ], [ -51.081598832210716, -29.686103139652317 ], [ -51.0816193, -29.6862446 ] ] ], [ [ [ -51.0858452, -29.6815242 ], [ -51.0860555, -29.6812805 ], [ -51.0864584, -29.6808484 ], [ -51.0865435, -29.6807565 ], [ -51.0866164, -29.6806777 ], [ -51.0867673, -29.6804427 ], [ -51.0868317, -29.6803139 ], [ -51.0868946, -29.6801627 ], [ -51.0870791, -29.6795184 ], [ -51.0872465, -29.6788748 ], [ -51.0873055, -29.6787746 ], [ -51.0873432, -29.6785906 ], [ -51.0873943, -29.6783851 ], [ -51.0875272, -29.6778782 ], [ -51.0877627, -29.6769346 ], [ -51.087986, -29.676041 ], [ -51.0879631611691, -29.676040150840926 ], [ -51.087955812, -29.67604476299989 ], [ -51.086803142, -29.680360824999987 ], [ -51.085764562215282, -29.681613720237177 ], [ -51.0858452, -29.6815242 ] ] ] ] } },
{ "type": "Feature", "properties": { "name": "Dona Augusta", "code_muni": 4313409.0, "name_muni": "Novo Hamburgo" }, "geometry": { "type": "MultiPolygon", "coordinates": [ [ [ [ -51.0816193, -29.6862446 ], [ -51.081598832210716, -29.686103139652317 ], [ -51.080325021614101, -29.686089266600579 ], [ -51.0804155, -29.6861593 ], [ -51.0806314, -29.6862617 ], [ -51.0808673, -29.6863333 ], [ -51.0811032, -29.686364199999986 ], [ -51.0813748, -29.6863507 ], [ -51.081574, -29.6863279 ], [ -51.0816689, -29.686302199999989 ], [ -51.0816193, -29.6862446 ] ] ], [ [ [ -51.0757461, -29.686098 ], [ -51.0757926, -29.6860548 ], [ -51.075889, -29.6859473 ], [ -51.076001623063334, -29.685765955479681 ], [ -51.075690904999895, -29.686101526 ], [ -51.075696932249969, -29.686138132063036 ], [ -51.0757461, -29.686098 ] ] ], [ [ [ -51.078103230245596, -29.683530943599877 ], [ -51.078087712, -29.6835129359999 ], [ -51.078069212433952, -29.68353291650476 ], [ -51.078103230245596, -29.683530943599877 ] ] ], [ [ [ -51.0800059, -29.6857416 ], [ -51.080115, -29.6858905 ], [ -51.080273, -29.686049 ], [ -51.080273790673409, -29.686049612010052 ], [ -51.080003557219214, -29.685736048173343 ], [ -51.0800059, -29.6857416 ] ] ] ] } },
{ "type": "Feature", "properties": { "name": "Operário", "code_muni": 4313409.0, "name_muni": "Novo Hamburgo" }, "geometry": { "type": "MultiPolygon", "coordinates": [ [ [ [ -51.0773663, -29.69489410000001 ], [ -51.07701911995207, -29.69416768508593 ], [ -51.078092639885895, -29.700686133395344 ], [ -51.0780939, -29.7006868 ], [ -51.0787895, -29.7010494 ], [ -51.0789308, -29.7011213 ], [ -51.0789801, -29.7011471 ], [ -51.0773663, -29.69489410000001 ] ] ], [ [ [ -51.0757461, -29.686098 ], [ -51.075696932249969, -29.686138132063036 ], [ -51.076095207723526, -29.688556968782887 ], [ -51.0757461, -29.686098 ] ] ] ] } }
]
}
