{
"type": "FeatureCollection",
"name": "bairros_poa_ibge2022",
"crs": { "type": "name", "properties": { "name": "urn:ogc:def:crs:EPSG::4674" } },
"features": [
{ "type": "Feature", "properties": { "code_muni": 4314902.0, "name_muni": "Porto Alegre", "code_neighborhood": 4314902001.0, "name_neighborhood": "Medianeira", "code_district": 431490205.0, "name_district": "Porto Alegre", "code_subdistrict": 43149020500.0, "name_subdistrict": null, "code_state": 43.0, "abbrev_state": "RS", "name_state": "Rio Grande do Sul", "code_region": 4.0, "name_region": "Sul", "year": 2022.0 }, "geometry": { "type": "Polygon", "coordinates": [ [ [ -51.2104369, -30.0724753 ], [ -51.2131896, -30.074129 ], [ -51.213233099999989, -30.0696701 ], [ -51.213028099999988, -30.0684988 ], [ -51.213417199999988, -30.0684283 ], [ -51.2160502, -30.0652308 ], [ -51.2191004, -30.0607175 ], [ -51.217291599999989, -30.059901199999985 ], [ -51.2163979, -30.0593352 ], [ -51.2134403, -30.0580144 ], [ -51.2115269, -30.0607418 ], [ -51.2116675, -30.0617348 ], [ -51.2107296, -30.0609406 ], [ -51.210249499999989, -30.0600381 ], [ -51.2098227, -30.0595376 ], [ -51.209227, -30.0596019 ], [ -51.2083363, -30.0588902 ], [ -51.2063459, -30.0620238 ], [ -51.2061528, -30.0635076 ], [ -51.2019029, -30.0647283 ], [ -51.203285099999988, -30.068288799999987 ], [ -51.2024437, -30.0685142 ], [ -51.202645, -30.0689132 ], [ -51.2050066, -30.068997 ], [ -51.204634399999989, -30.0699337 ], [ -51.208526799999987, -30.0705219 ], [ -51.2111781, -30.0700765 ], [ -51.2113094, -30.0707428 ], [ -51.2104369, -30.0724753 ] ] ] } },
{ "type": "Feature", "properties": { "code_muni": 4314902.0, "name_muni": "Porto Alegre", "code_neighborhood": 4314902002.0, "name_neighborhood": "Praia de Belas", "code_district": 431490205.0, "name_district": "Porto Alegre", "code_subdistrict": 43149020500.0, "name_subdistrict": null, "code_state": 43.0, "abbrev_state": "RS", "name_state": "Rio Grande do Sul", "code_region": 4.0, "name_region": "Sul", "year": 2022.0 }, "geometry": { "type": "Polygon", "coordinates": [ [ [ -51.2300844, -30.0590349 ], [ -51.231862099999987, -30.0637334 ], [ -51.2325567, -30.0644876 ], [ -51.23610189999998, -30.0673115 ], [ -51.239262600000011, -30.0705185 ], [ -51.2398221, -30.0711631 ], [ -51.2406178, -30.0729873 ], [ -51.241302, -30.0738931 ], [ -51.242332499999989, -30.0730555 ], [ -51.2421783, -30.0726464 ], [ -51.241625899999988, -30.0720384 ], [ -51.2408952, -30.0700677 ], [ -51.2407561, -30.0690578 ], [ -51.2405811, -30.068859 ], [ -51.240653699999989, -30.0669045 ], [ -51.240196, -30.0654505 ], [ -51.2399262, -30.063337 ], [ -51.2372499, -30.060764899999988 ], [ -51.23681, -30.0606558 ], [ -51.2362733, -30.0603187 ], [ -51.2358083, -30.0598294 ], [ -51.2356455, -30.0593482 ], [ -51.2350455, -30.0592257 ], [ -51.2347928, -30.0590199 ], [ -51.234466099999985, -30.0583507 ], [ -51.2342957, -30.0574649 ], [ -51.2343678, -30.0568125 ], [ -51.234208699999989, -30.0553442 ], [ -51.233988499999988, -30.0551555 ], [ -51.2337021, -30.0543056 ], [ -51.2336999, -30.052909 ], [ -51.2339505, -30.0517086 ], [ -51.2337528, -30.0514038 ], [ -51.2338345, -30.0505862 ], [ -51.2336771, -30.0496778 ], [ -51.2337859, -30.0484502 ], [ -51.234037199999989, -30.0478013 ], [ -51.2338435, -30.0476165 ], [ -51.2329635, -30.0476015 ], [ -51.23285869999998, -30.0472083 ], [ -51.2332435, -30.0470905 ], [ -51.2348982, -30.047063 ], [ -51.2352035, -30.0464949 ], [ -51.235563399999982, -30.0462622 ], [ -51.2359219, -30.0462817 ], [ -51.2378134, -30.0471016 ], [ -51.2378079, -30.0468674 ], [ -51.236623699999988, -30.0462133 ], [ -51.235395, -30.0445238 ], [ -51.2353893, -30.044271 ], [ -51.2360955, -30.0435963 ], [ -51.2368587, -30.0431546 ], [ -51.2383948, -30.0428317 ], [ -51.238959799999982, -30.042931 ], [ -51.2394213, -30.0425854 ], [ -51.240211, -30.0427467 ], [ -51.2412383, -30.0418907 ], [ -51.241638699999989, -30.0417868 ], [ -51.2415723, -30.0411132 ], [ -51.2418658, -30.039947 ], [ -51.2419091, -30.038062499999981 ], [ -51.242227, -30.0376259 ], [ -51.2419779, -30.0367384 ], [ -51.2422879, -30.0363066 ], [ -51.2420689, -30.0359379 ], [ -51.2422824, -30.0353694 ], [ -51.2426575, -30.0352021 ], [ -51.2406326, -30.034563 ], [ -51.240995200000015, -30.0355191 ], [ -51.2409458, -30.035945699999981 ], [ -51.2408095, -30.0362551 ], [ -51.2398624, -30.0368646 ], [ -51.2393851, -30.0370164 ], [ -51.2370735, -30.0372658 ], [ -51.2329787, -30.0373158 ], [ -51.2310891, -30.0374856 ], [ -51.2305195, -30.0376506 ], [ -51.2294377, -30.0384367 ], [ -51.228371, -30.0387002 ], [ -51.228575899999989, -30.0405103 ], [ -51.2283363, -30.0406197 ], [ -51.2281061, -30.0410196 ], [ -51.227967299999982, -30.0416477 ], [ -51.2273561, -30.0461393 ], [ -51.228903099999989, -30.0549174 ], [ -51.2300844, -30.0590349 ] ] ] } },
{ "type": "Feature", "properties": { "code_muni": 4314902.0, "name_muni": "Porto Alegre", "code_neighborhood": 4314902003.0, "name_neighborhood": "Cidade Baixa", "code_district": 431490205.0, "name_district": "Porto Alegre", "code_subdistrict": 43149020500.0, "name_subdistrict": null, "code_state": 43.0, "abbrev_state": "RS", "name_state": "Rio Grande do Sul", "code_region": 4.0, "name_region": "Sul", "year": 2022.0 }, "geometry": { "type": "Polygon", "coordinates": [ [ [ -51.2218264, -30.0436686 ], [ -51.2277672, -30.0431302 ], [ -51.2281061, -30.0410196 ], [ -51.2283363, -30.0406197 ], [ -51.228575899999989, -30.0405103 ], [ -51.228371, -30.0387002 ], [ -51.227761799999989, -30.0386877 ], [ -51.227021, -30.0382962 ], [ -51.2242104, -30.03538240000001 ], [ -51.2234543, -30.035120700000011 ], [ -51.2221839, -30.0350049 ], [ -51.2212987, -30.0347539 ], [ -51.2163953, -30.0411758 ], [ -51.2210742, -30.0438942 ], [ -51.2218264, -30.0436686 ] ] ] } },
{ "type": "Feature", "properties": { "code_muni": 4314902.0, "name_muni": "Porto Alegre", "code_neighborhood": 4314902004.0, "name_neighborhood": "Menino-Deus", "code_district": 431490205.0, "name_district": "Porto Alegre", "code_subdistrict": 43149020500.0, "name_subdistrict": null, "code_state": 43.0, "abbrev_state": "RS", "name_state": "Rio Grande do Sul", "code_region": 4.0, "name_region": "Sul", "year": 2022.0 }, "geometry": { "type": "Polygon", "coordinates": [ [ [ -51.2229672, -30.0632459 ], [ -51.2241015, -30.0671015 ], [ -51.2291663, -30.0639906 ], [ -51.2316344, -30.0631966 ], [ -51.2300844, -30.0590349 ], [ -51.2286698, -30.0538761 ], [ -51.2273561, -30.0461393 ], [ -51.2277672, -30.0431302 ], [ -51.2218264, -30.0436686 ], [ -51.2207721, -30.0440282 ], [ -51.2193886, -30.04510740000001 ], [ -51.218787, -30.045918 ], [ -51.2184229, -30.0471007 ], [ -51.2181175, -30.0488519 ], [ -51.2184011, -30.0536294 ], [ -51.2180938, -30.057446 ], [ -51.2179714, -30.058105499999989 ], [ -51.217663, -30.058711 ], [ -51.2167731, -30.0595872 ], [ -51.2191004, -30.0607175 ], [ -51.21964, -30.0611729 ], [ -51.2218513, -30.0624062 ], [ -51.2229672, -30.0632459 ] ] ] } },
{ "type": "Feature", "properties": { "code_muni": 4314902.0, "name_muni": "Porto Alegre", "code_neighborhood": 4314902005.0, "name_neighborhood": "Farroupilha", "code_district": 431490205.0, "name_district": "Porto Alegre", "code_subdistrict": 43149020500.0, "name_subdistrict": null, "code_state": 43.0, "abbrev_state": "RS", "name_state": "Rio Grande do Sul", "code_region": 4.0, "name_region": "Sul", "year": 2022.0 }, "geometry": { "type": "Polygon", "coordinates": [ [ [ -51.2088962, -30.0368045 ], [ -51.2163953, -30.0411758 ], [ -51.2212987, -30.0347539 ], [ -51.220677699999989, -30.0342479 ], [ -51.2214771, -30.0341503 ], [ -51.2215747, -30.0339171 ], [ -51.220529299999988, -30.0323054 ], [ -51.2153674, -30.0334856 ], [ -51.2088962, -30.0368045 ] ] ] } },
{ "type": "Feature", "properties": { "code_muni": 4314902.0, "name_muni": "Porto Alegre", "code_neighborhood": 4314902006.0, "name_neighborhood": "Santa Cecília", "code_district": 431490205.0, "name_district": "Porto Alegre", "code_subdistrict": 43149020500.0, "name_subdistrict": null, "code_state": 43.0, "abbrev_state": "RS", "name_state": "Rio Grande do Sul", "code_region": 4.0, "name_region": "Sul", "year": 2022.0 }, "geometry": { "type": "Polygon", "coordinates": [ [ [ -51.2005632, -30.0434104 ], [ -51.2054261, -30.04333440000001 ], [ -51.2060266, -30.0434954 ], [ -51.2070027, -30.0440797 ], [ -51.2078469, -30.0430177 ], [ -51.2080151, -30.0426163 ], [ -51.2083358, -30.0369591 ], [ -51.2049299, -30.0374714 ], [ -51.2017497, -30.0388786 ], [ -51.1974398, -30.0400708 ], [ -51.195907, -30.0402952 ], [ -51.1973313, -30.0463078 ], [ -51.1978295, -30.0465704 ], [ -51.199922799999982, -30.0436231 ], [ -51.2005632, -30.0434104 ] ] ] } },
{ "type": "Feature", "properties": { "code_muni": 4314902.0, "name_muni": "Porto Alegre", "code_neighborhood": 4314902007.0, "name_neighborhood": "Santana", "code_district": 431490205.0, "name_district": "Porto Alegre", "code_subdistrict": 43149020500.0, "name_subdistrict": null, "code_state": 43.0, "abbrev_state": "RS", "name_state": "Rio Grande do Sul", "code_region": 4.0, "name_region": "Sul", "year": 2022.0 }, "geometry": { "type": "Polygon", "coordinates": [ [ [ -51.2090524, -30.0505737 ], [ -51.2141853, -30.0440246 ], [ -51.214281199999988, -30.0440616 ], [ -51.2163953, -30.0411758 ], [ -51.2088962, -30.0368045 ], [ -51.2083358, -30.0369591 ], [ -51.2080151, -30.0426163 ], [ -51.2078469, -30.0430177 ], [ -51.2070027, -30.0440797 ], [ -51.2060266, -30.0434954 ], [ -51.2054261, -30.04333440000001 ], [ -51.2010072, -30.0433261 ], [ -51.199922799999982, -30.0436231 ], [ -51.1965047, -30.0484422 ], [ -51.2046905, -30.0527741 ], [ -51.2086276, -30.0513304 ], [ -51.2090524, -30.0505737 ] ] ] } },
{ "type": "Feature", "properties": { "code_muni": 4314902.0, "name_muni": "Porto Alegre", "code_neighborhood": 4314902008.0, "name_neighborhood": "Azenha", "code_district": 431490205.0, "name_district": "Porto Alegre", "code_subdistrict": 43149020500.0, "name_subdistrict": null, "code_state": 43.0, "abbrev_state": "RS", "name_state": "Rio Grande do Sul", "code_region": 4.0, "name_region": "Sul", "year": 2022.0 }, "geometry": { "type": "Polygon", "coordinates": [ [ [ -51.2134403, -30.0580144 ], [ -51.2167731, -30.0595872 ], [ -51.2173959, -30.0590401 ], [ -51.2179714, -30.058105499999989 ], [ -51.2180938, -30.057446 ], [ -51.2184011, -30.0536294 ], [ -51.2181175, -30.0488519 ], [ -51.2185468, -30.0465918 ], [ -51.218787, -30.045918 ], [ -51.2193886, -30.04510740000001 ], [ -51.2200623, -30.0445004 ], [ -51.2210742, -30.0438942 ], [ -51.2163953, -30.0411758 ], [ -51.214281199999988, -30.0440616 ], [ -51.2141853, -30.0440246 ], [ -51.2090524, -30.0505737 ], [ -51.2086276, -30.0513304 ], [ -51.2090233, -30.0528148 ], [ -51.210796099999989, -30.0526946 ], [ -51.2108506, -30.0536213 ], [ -51.211785199999987, -30.0535392 ], [ -51.2100665, -30.0569198 ], [ -51.2083363, -30.0588902 ], [ -51.209227, -30.0596019 ], [ -51.2098227, -30.0595376 ], [ -51.210249499999989, -30.0600381 ], [ -51.2107296, -30.0609406 ], [ -51.2116675, -30.0617348 ], [ -51.2115269, -30.0607418 ], [ -51.2134403, -30.0580144 ] ] ] } },
{ "type": "Feature", "properties": { "code_muni": 4314902.0, "name_muni": "Porto Alegre", "code_neighborhood": 4314902009.0, "name_neighborhood": "Santa Tereza", "code_district": 431490205.0, "name_district": "Porto Alegre", "code_subdistrict": 43149020500.0, "name_subdistrict": null, "code_state": 43.0, "abbrev_state": "RS", "name_state": "Rio Grande do Sul", "code_region": 4.0, "name_region": "Sul", "year": 2022.0 }, "geometry": { "type": "Polygon", "coordinates": [ [ [ -51.2295342, -30.0850833 ], [ -51.2321947, -30.0846096 ], [ -51.2321596, -30.0842496 ], [ -51.2323424, -30.0838066 ], [ -51.2310534, -30.0828325 ], [ -51.2341398, -30.0811557 ], [ -51.2338422, -30.0806019 ], [ -51.2343664, -30.080246399999989 ], [ -51.2341828, -30.0799514 ], [ -51.2347601, -30.0779736 ], [ -51.2352986, -30.0773816 ], [ -51.2360111, -30.077272 ], [ -51.2370474, -30.0767795 ], [ -51.2378674, -30.0769123 ], [ -51.2386687, -30.0766677 ], [ -51.2403626, -30.0756795 ], [ -51.2407174, -30.0751843 ], [ -51.2408554, -30.074419399999989 ], [ -51.241302, -30.0738931 ], [ -51.2406178, -30.0729873 ], [ -51.2398221, -30.0711631 ], [ -51.239262600000011, -30.0705185 ], [ -51.23610189999998, -30.0673115 ], [ -51.2325567, -30.0644876 ], [ -51.231862099999987, -30.0637334 ], [ -51.2316344, -30.0631966 ], [ -51.2291663, -30.0639906 ], [ -51.2241015, -30.0671015 ], [ -51.2229672, -30.0632459 ], [ -51.2218513, -30.0624062 ], [ -51.21964, -30.0611729 ], [ -51.2191004, -30.0607175 ], [ -51.2160502, -30.0652308 ], [ -51.213417199999988, -30.0684283 ], [ -51.213028099999988, -30.0684988 ], [ -51.213233099999989, -30.0696701 ], [ -51.2131896, -30.074129 ], [ -51.214809699999982, -30.074651499999987 ], [ -51.214546099999986, -30.0767112 ], [ -51.2184094, -30.0796074 ], [ -51.2193213, -30.0805778 ], [ -51.2208355, -30.0814021 ], [ -51.2279391, -30.0866833 ], [ -51.2295342, -30.0850833 ] ] ] } },
{ "type": "Feature", "properties": { "code_muni": 4314902.0, "name_muni": "Porto Alegre", "code_neighborhood": 4314902010.0, "name_neighborhood": "Nonoai", "code_district": 431490205.0, "name_district": "Porto Alegre", "code_subdistrict": 43149020500.0, "name_subdistrict": null, "code_state": 43.0, "abbrev_state": "RS", "name_state": "Rio Grande do Sul", "code_region": 4.0, "name_region": "Sul", "year": 2022.0 }, "geometry": { "type": "Polygon", "coordinates": [ [ [ -51.2251697, -30.1001374 ], [ -51.2254478, -30.098792299999985 ], [ -51.224758099999988, -30.0977467 ], [ -51.2246447, -30.0971804 ], [ -51.2256061, -30.095134 ], [ -51.231775899999988, -30.0932663 ], [ -51.2310155, -30.0913606 ], [ -51.2303108, -30.0905802 ], [ -51.2279919, -30.0896656 ], [ -51.2259824, -30.0890885 ], [ -51.2279391, -30.0866833 ], [ -51.2208355, -30.0814021 ], [ -51.2193213, -30.0805778 ], [ -51.2184094, -30.0796074 ], [ -51.214546099999986, -30.0767112 ], [ -51.214266099999989, -30.0784092 ], [ -51.213789299999988, -30.0796162 ], [ -51.2153436, -30.0807649 ], [ -51.2134742, -30.0826781 ], [ -51.2137709, -30.0835461 ], [ -51.2132016, -30.0836806 ], [ -51.212773899999988, -30.0836252 ], [ -51.2118909, -30.0841545 ], [ -51.2116088, -30.0843928 ], [ -51.2115316, -30.084791 ], [ -51.2098171, -30.086311899999984 ], [ -51.209195099999988, -30.086668499999988 ], [ -51.2086312, -30.0866736 ], [ -51.2082663, -30.0868523 ], [ -51.2080137, -30.0877824 ], [ -51.2075289, -30.088260800000011 ], [ -51.206661299999986, -30.0885083 ], [ -51.2062454, -30.0888604 ], [ -51.2040177, -30.0892942 ], [ -51.2037115, -30.0896362 ], [ -51.2030226, -30.0898709 ], [ -51.2027751, -30.0903404 ], [ -51.2023898, -30.0906262 ], [ -51.2023418, -30.0908719 ], [ -51.2024969, -30.091312599999988 ], [ -51.2023949, -30.0916137 ], [ -51.202742799999982, -30.0942705 ], [ -51.203184899999982, -30.0945186 ], [ -51.2040704, -30.094698399999984 ], [ -51.205264299999989, -30.0957866 ], [ -51.205355, -30.0961442 ], [ -51.2069762, -30.0976345 ], [ -51.2081901, -30.0977566 ], [ -51.2087277, -30.0982641 ], [ -51.208875899999988, -30.0991474 ], [ -51.2112667, -30.1015702 ], [ -51.2118469, -30.1019857 ], [ -51.2120173, -30.102269199999984 ], [ -51.2120424, -30.1027461 ], [ -51.2128115, -30.10311840000001 ], [ -51.2201586, -30.1033615 ], [ -51.2227943, -30.1046946 ], [ -51.2236304, -30.1018544 ], [ -51.2246408, -30.10090940000001 ], [ -51.2251697, -30.1001374 ] ] ] } },
{ "type": "Feature", "properties": { "code_muni": 4314902.0, "name_muni": "Porto Alegre", "code_neighborhood": 4314902011.0, "name_neighborhood": "Teresópolis", "code_district": 431490205.0, "name_district": "Porto Alegre", "code_subdistrict": 43149020500.0, "name_subdistrict": null, "code_state": 43.0, "abbrev_state": "RS", "name_state": "Rio Grande do Sul", "code_region": 4.0, "name_region": "Sul", "year": 2022.0 }, "geometry": { "type": "Polygon", "coordinates": [ [ [ -51.212773899999988, -30.0836252 ], [ -51.2132016, -30.0836806 ], [ -51.2137709, -30.0835461 ], [ -51.2134742, -30.0826781 ], [ -51.2153436, -30.0807649 ], [ -51.213789299999988, -30.0796162 ], [ -51.214266099999989, -30.0784092 ], [ -51.2147551, -30.075762 ], [ -51.214809699999982, -30.074651499999987 ], [ -51.2131896, -30.074129 ], [ -51.2104369, -30.0724753 ], [ -51.2113094, -30.0707428 ], [ -51.2111781, -30.0700765 ], [ -51.2086948, -30.0705344 ], [ -51.207110299999989, -30.0703079 ], [ -51.2053458, -30.0741625 ], [ -51.2043721, -30.0737248 ], [ -51.2037476, -30.074641 ], [ -51.2054391, -30.0757668 ], [ -51.2066095, -30.0776813 ], [ -51.2025267, -30.0795143 ], [ -51.1988859, -30.0816303 ], [ -51.1976157, -30.0826419 ], [ -51.1979518, -30.0829465 ], [ -51.1976668, -30.0835724 ], [ -51.1979787, -30.0840938 ], [ -51.1993766, -30.0844127 ], [ -51.199625, -30.0845476 ], [ -51.199981199999989, -30.0851016 ], [ -51.200533899999989, -30.0851407 ], [ -51.200259599999988, -30.0855682 ], [ -51.1995164, -30.0853086 ], [ -51.19872669999998, -30.0858183 ], [ -51.198389, -30.0864472 ], [ -51.1982182, -30.0871926 ], [ -51.1972476, -30.0884931 ], [ -51.1972748, -30.0888386 ], [ -51.1967158, -30.0898092 ], [ -51.196560499999983, -30.09051190000001 ], [ -51.196152899999987, -30.0908613 ], [ -51.1946388, -30.0928683 ], [ -51.193513, -30.0933031 ], [ -51.1931714, -30.0937379 ], [ -51.1928963, -30.0942429 ], [ -51.1910232, -30.1015075 ], [ -51.1929029, -30.1018 ], [ -51.193892, -30.1021201 ], [ -51.1947101, -30.1026991 ], [ -51.1948477, -30.1021638 ], [ -51.195038, -30.1019847 ], [ -51.205691, -30.1026118 ], [ -51.2061126, -30.1017722 ], [ -51.2074463, -30.1018276 ], [ -51.2074223, -30.102793799999986 ], [ -51.2111849, -30.1029851 ], [ -51.211677, -30.1032391 ], [ -51.2126639, -30.1031086 ], [ -51.2120424, -30.1027461 ], [ -51.2120173, -30.102269199999984 ], [ -51.2118469, -30.1019857 ], [ -51.2112667, -30.1015702 ], [ -51.208875899999988, -30.0991474 ], [ -51.2087277, -30.0982641 ], [ -51.2081901, -30.0977566 ], [ -51.2069762, -30.0976345 ], [ -51.205355, -30.0961442 ], [ -51.205264299999989, -30.0957866 ], [ -51.2040704, -30.094698399999984 ], [ -51.202804099999987, -30.0943727 ], [ -51.2023949, -30.0916137 ], [ -51.2024969, -30.091312599999988 ], [ -51.2023418, -30.0908719 ], [ -51.2023898, -30.0906262 ], [ -51.2027751, -30.0903404 ], [ -51.2030226, -30.0898709 ], [ -51.2037115, -30.0896362 ], [ -51.2040177, -30.0892942 ], [ -51.2062454, -30.0888604 ], [ -51.206661299999986, -30.0885083 ], [ -51.2075289, -30.088260800000011 ], [ -51.2080137, -30.0877824 ], [ -51.2082663, -30.0868523 ], [ -51.2086312, -30.0866736 ], [ -51.209195099999988, -30.086668499999988 ], [ -51.2098171, -30.086311899999984 ], [ -51.2115316, -30.084791 ], [ -51.2116088, -30.0843928 ], [ -51.212773899999988, -30.0836252 ] ] ] } },
{ "type": "Feature", "properties": { "code_muni": 4314902.0, "name_muni": "Porto Alegre", "code_neighborhood": 4314902012.0, "name_neighborhood": "Glória", "code_district": 431490205.0, "name_district": "Porto Alegre", "code_subdistrict": 43149020500.0, "name_subdistrict": null, "code_state": 43.0, "abbrev_state": "RS", "name_state": "Rio Grande do Sul", "code_region": 4.0, "name_region": "Sul", "year": 2022.0 }, "geometry": { "type": "Polygon", "coordinates": [ [ [ -51.1928026, -30.0943059 ], [ -51.193513, -30.0933031 ], [ -51.1946388, -30.0928683 ], [ -51.196152899999987, -30.0908613 ], [ -51.196560499999983, -30.09051190000001 ], [ -51.1967158, -30.0898092 ], [ -51.1972748, -30.0888386 ], [ -51.1972476, -30.0884931 ], [ -51.1982182, -30.0871926 ], [ -51.198389, -30.0864472 ], [ -51.19872669999998, -30.0858183 ], [ -51.1995164, -30.0853086 ], [ -51.200259599999988, -30.0855682 ], [ -51.200533899999989, -30.0851407 ], [ -51.199981199999989, -30.0851016 ], [ -51.199625, -30.0845476 ], [ -51.1993766, -30.0844127 ], [ -51.1979787, -30.0840938 ], [ -51.1976668, -30.0835724 ], [ -51.1979518, -30.0829465 ], [ -51.1976157, -30.0826419 ], [ -51.1988859, -30.0816303 ], [ -51.2025267, -30.0795143 ], [ -51.2066095, -30.0776813 ], [ -51.2054391, -30.0757668 ], [ -51.2037476, -30.074641 ], [ -51.2043721, -30.0737248 ], [ -51.2053458, -30.0741625 ], [ -51.207110299999989, -30.0703079 ], [ -51.204634399999989, -30.0699337 ], [ -51.2050066, -30.068997 ], [ -51.2018602, -30.0688898 ], [ -51.2003862, -30.0716258 ], [ -51.1996968, -30.0734316 ], [ -51.1929976, -30.0721323 ], [ -51.191559, -30.0742587 ], [ -51.1872166, -30.073459 ], [ -51.186952399999988, -30.0744253 ], [ -51.1861812, -30.0742791 ], [ -51.1857733, -30.0756891 ], [ -51.1850928, -30.0757979 ], [ -51.1848205, -30.0760576 ], [ -51.1843701, -30.0759154 ], [ -51.1841097, -30.0762755 ], [ -51.1847005, -30.0768727 ], [ -51.1822564, -30.0797744 ], [ -51.183200699999986, -30.0795698 ], [ -51.1836006, -30.0801596 ], [ -51.1833585, -30.0805013 ], [ -51.1828563, -30.0808087 ], [ -51.1835162, -30.0811007 ], [ -51.1846032, -30.0829266 ], [ -51.185764, -30.083081499999988 ], [ -51.1863878, -30.0840695 ], [ -51.1857631, -30.0855613 ], [ -51.185529599999988, -30.0873374 ], [ -51.18452, -30.0876752 ], [ -51.184939899999989, -30.0886192 ], [ -51.1856088, -30.0890957 ], [ -51.1850795, -30.0892666 ], [ -51.1853977, -30.0899433 ], [ -51.186416099999988, -30.0896552 ], [ -51.1916923, -30.0933935 ], [ -51.1924753, -30.0943122 ], [ -51.1928026, -30.0943059 ] ] ] } },
{ "type": "Feature", "properties": { "code_muni": 4314902.0, "name_muni": "Porto Alegre", "code_neighborhood": 4314902013.0, "name_neighborhood": "Coronel Aparício Borges", "code_district": 431490205.0, "name_district": "Porto Alegre", "code_subdistrict": 43149020500.0, "name_subdistrict": null, "code_state": 43.0, "abbrev_state": "RS", "name_state": "Rio Grande do Sul", "code_region": 4.0, "name_region": "Sul", "year": 2022.0 }, "geometry": { "type": "Polygon", "coordinates": [ [ [ -51.1841097, -30.0762755 ], [ -51.1843701, -30.0759154 ], [ -51.1848205, -30.0760576 ], [ -51.1850928, -30.0757979 ], [ -51.1857733, -30.0756891 ], [ -51.1861812, -30.0742791 ], [ -51.186952399999988, -30.0744253 ], [ -51.1872166, -30.073459 ], [ -51.191559, -30.0742587 ], [ -51.1929976, -30.0721323 ], [ -51.1904064, -30.0715838 ], [ -51.1892345, -30.0704682 ], [ -51.1871998, -30.0675132 ], [ -51.1862413, -30.0644422 ], [ -51.179904099999987, -30.0671555 ], [ -51.1803438, -30.0684181 ], [ -51.1790683, -30.0689859 ], [ -51.1797284, -30.069685 ], [ -51.1808404, -30.0705348 ], [ -51.1760673, -30.0735961 ], [ -51.1753824, -30.073905 ], [ -51.174772399999988, -30.0744444 ], [ -51.1744639, -30.0740447 ], [ -51.174210599999981, -30.0746656 ], [ -51.174226499999989, -30.0749601 ], [ -51.174531699999989, -30.075403499999986 ], [ -51.1744736, -30.075553 ], [ -51.173922, -30.0757484 ], [ -51.1721592, -30.0755285 ], [ -51.1716621, -30.075887 ], [ -51.1712238, -30.0756233 ], [ -51.1709994, -30.0765048 ], [ -51.170484799999983, -30.077299599999986 ], [ -51.1695205, -30.0775994 ], [ -51.1690616, -30.0774069 ], [ -51.1683261, -30.0774485 ], [ -51.1680399, -30.0779142 ], [ -51.1676634, -30.0780378 ], [ -51.1674106, -30.0778824 ], [ -51.1669744, -30.0780001 ], [ -51.1667205, -30.0777735 ], [ -51.166539899999989, -30.0777954 ], [ -51.165753, -30.0784257 ], [ -51.1653944, -30.0787903 ], [ -51.1653168, -30.0791618 ], [ -51.164798, -30.0795527 ], [ -51.1647391, -30.0801017 ], [ -51.1643884, -30.0803603 ], [ -51.1639614, -30.0809895 ], [ -51.1637912, -30.082265 ], [ -51.1635712, -30.0825803 ], [ -51.1636557, -30.0843277 ], [ -51.1638179, -30.0845981 ], [ -51.1634915, -30.085092 ], [ -51.1635977, -30.0858911 ], [ -51.1634443, -30.0875383 ], [ -51.163839, -30.0873808 ], [ -51.1697321, -30.0879429 ], [ -51.1735512, -30.0855131 ], [ -51.173945699999983, -30.0860666 ], [ -51.1771079, -30.0840369 ], [ -51.1766429, -30.0834142 ], [ -51.1822564, -30.0797744 ], [ -51.1847005, -30.0768727 ], [ -51.1841097, -30.0762755 ] ] ] } },
{ "type": "Feature", "properties": { "code_muni": 4314902.0, "name_muni": "Porto Alegre", "code_neighborhood": 4314902014.0, "name_neighborhood": "Santo Antônio", "code_district": 431490205.0, "name_district": "Porto Alegre", "code_subdistrict": 43149020500.0, "name_subdistrict": null, "code_state": 43.0, "abbrev_state": "RS", "name_state": "Rio Grande do Sul", "code_region": 4.0, "name_region": "Sul", "year": 2022.0 }, "geometry": { "type": "Polygon", "coordinates": [ [ [ -51.2061528, -30.0635076 ], [ -51.2063459, -30.0620238 ], [ -51.208102, -30.059175 ], [ -51.2100665, -30.0569198 ], [ -51.211785199999987, -30.0535392 ], [ -51.2108506, -30.0536213 ], [ -51.210796099999989, -30.0526946 ], [ -51.2090233, -30.0528148 ], [ -51.2086276, -30.0513304 ], [ -51.2033671, -30.0532821 ], [ -51.2007617, -30.0540081 ], [ -51.1978722, -30.0563044 ], [ -51.1951516, -30.0580947 ], [ -51.199184599999988, -30.065206499999988 ], [ -51.2005655, -30.0648819 ], [ -51.2019029, -30.0647283 ], [ -51.2061528, -30.0635076 ] ] ] } },
{ "type": "Feature", "properties": { "code_muni": 4314902.0, "name_muni": "Porto Alegre", "code_neighborhood": 4314902015.0, "name_neighborhood": "Partenon", "code_district": 431490205.0, "name_district": "Porto Alegre", "code_subdistrict": 43149020500.0, "name_subdistrict": null, "code_state": 43.0, "abbrev_state": "RS", "name_state": "Rio Grande do Sul", "code_region": 4.0, "name_region": "Sul", "year": 2022.0 }, "geometry": { "type": "Polygon", "coordinates": [ [ [ -51.2003862, -30.0716258 ], [ -51.2018602, -30.0688898 ], [ -51.202645, -30.0689132 ], [ -51.2024437, -30.0685142 ], [ -51.203285099999988, -30.068288799999987 ], [ -51.2019029, -30.0647283 ], [ -51.2005655, -30.0648819 ], [ -51.199184599999988, -30.065206499999988 ], [ -51.1951516, -30.0580947 ], [ -51.1978722, -30.0563044 ], [ -51.2004723, -30.0541642 ], [ -51.2046905, -30.0527741 ], [ -51.1965047, -30.0484422 ], [ -51.1934428, -30.0528264 ], [ -51.1926142, -30.0536427 ], [ -51.1886292, -30.0557427 ], [ -51.1828188, -30.0585546 ], [ -51.1819923, -30.058837 ], [ -51.180261, -30.0590498 ], [ -51.1787288, -30.0587897 ], [ -51.1724231, -30.0560567 ], [ -51.1708241, -30.0557482 ], [ -51.1593825, -30.0559265 ], [ -51.158204499999989, -30.0562178 ], [ -51.153972, -30.0580279 ], [ -51.1525364, -30.0589862 ], [ -51.1518637, -30.059863199999988 ], [ -51.1503272, -30.0641647 ], [ -51.1512986, -30.0656308 ], [ -51.1516467, -30.065463399999977 ], [ -51.1516848, -30.068089 ], [ -51.1507683, -30.0683924 ], [ -51.1508482, -30.0691399 ], [ -51.150483, -30.0701322 ], [ -51.150484299999988, -30.0707168 ], [ -51.1486425, -30.0753068 ], [ -51.1497011, -30.075229 ], [ -51.1506906, -30.0758494 ], [ -51.151688199999988, -30.0759439 ], [ -51.1529089, -30.0763876 ], [ -51.1539485, -30.0764086 ], [ -51.1544342, -30.07656609999998 ], [ -51.157616, -30.0756709 ], [ -51.1580378, -30.0756617 ], [ -51.1583422, -30.0751169 ], [ -51.1590373, -30.075057 ], [ -51.1591118, -30.074704299999986 ], [ -51.1589652, -30.0738372 ], [ -51.1587038, -30.0737186 ], [ -51.1581571, -30.0730589 ], [ -51.1594925, -30.0729731 ], [ -51.1596927, -30.0717937 ], [ -51.1598945, -30.071877 ], [ -51.1599744, -30.0702071 ], [ -51.1600774, -30.0700144 ], [ -51.1603206, -30.0700159 ], [ -51.1602902, -30.0694588 ], [ -51.161493299999989, -30.0625631 ], [ -51.1627286, -30.0621911 ], [ -51.1643377, -30.0621766 ], [ -51.1687809, -30.0616435 ], [ -51.1698648, -30.0616008 ], [ -51.171631, -30.0617773 ], [ -51.1731682, -30.0616761 ], [ -51.1745202, -30.0620542 ], [ -51.177133399999981, -30.0623338 ], [ -51.1776738, -30.0625002 ], [ -51.179064, -30.0638349 ], [ -51.1801129, -30.0643218 ], [ -51.1796851, -30.0662533 ], [ -51.179904099999987, -30.0671555 ], [ -51.1862413, -30.0644422 ], [ -51.1871998, -30.0675132 ], [ -51.1892345, -30.0704682 ], [ -51.190072699999988, -30.0713742 ], [ -51.1906023, -30.0716621 ], [ -51.1996968, -30.0734316 ], [ -51.2003862, -30.0716258 ] ] ] } },
{ "type": "Feature", "properties": { "code_muni": 4314902.0, "name_muni": "Porto Alegre", "code_neighborhood": 4314902016.0, "name_neighborhood": "Vila João Pessoa", "code_district": 431490205.0, "name_district": "Porto Alegre", "code_subdistrict": 43149020500.0, "name_subdistrict": null, "code_state": 43.0, "abbrev_state": "RS", "name_state": "Rio Grande do Sul", "code_region": 4.0, "name_region": "Sul", "year": 2022.0 }, "geometry": { "type": "Polygon", "coordinates": [ [ [ -51.1808404, -30.0705348 ], [ -51.1790683, -30.0689859 ], [ -51.1803438, -30.0684181 ], [ -51.1796851, -30.0662533 ], [ -51.1801129, -30.0643218 ], [ -51.179064, -30.0638349 ], [ -51.1780255, -30.062722 ], [ -51.1774004, -30.0623932 ], [ -51.1745202, -30.0620542 ], [ -51.1731682, -30.0616761 ], [ -51.171194299999989, -30.0617452 ], [ -51.1698905, -30.0687261 ], [ -51.170506499999988, -30.0688121 ], [ -51.1706757, -30.0695882 ], [ -51.1707842, -30.069603199999989 ], [ -51.1709629, -30.0687855 ], [ -51.171324299999988, -30.0681845 ], [ -51.1724743, -30.0675369 ], [ -51.1718235, -30.0688236 ], [ -51.1715916, -30.070735 ], [ -51.1716033, -30.07333010000001 ], [ -51.1708872, -30.0742985 ], [ -51.1707677, -30.0754848 ], [ -51.1703409, -30.0766901 ], [ -51.1700312, -30.0770326 ], [ -51.1695298, -30.0771677 ], [ -51.1693498, -30.0775672 ], [ -51.1695851, -30.0775879 ], [ -51.1705874, -30.0772304 ], [ -51.1709994, -30.0765048 ], [ -51.1712238, -30.0756233 ], [ -51.1716621, -30.075887 ], [ -51.1721592, -30.0755285 ], [ -51.173922, -30.0757484 ], [ -51.1744736, -30.075553 ], [ -51.174531699999989, -30.075403499999986 ], [ -51.174226499999989, -30.0749601 ], [ -51.174210599999981, -30.0746656 ], [ -51.1744639, -30.0740447 ], [ -51.174772399999988, -30.0744444 ], [ -51.1753824, -30.073905 ], [ -51.1760673, -30.0735961 ], [ -51.1806753, -30.0707236 ], [ -51.1808404, -30.0705348 ] ] ] } },
{ "type": "Feature", "properties": { "code_muni": 4314902.0, "name_muni": "Porto Alegre", "code_neighborhood": 4314902018.0, "name_neighborhood": "Jardim Botânico", "code_district": 431490205.0, "name_district": "Porto Alegre", "code_subdistrict": 43149020500.0, "name_subdistrict": null, "code_state": 43.0, "abbrev_state": "RS", "name_state": "Rio Grande do Sul", "code_region": 4.0, "name_region": "Sul", "year": 2022.0 }, "geometry": { "type": "Polygon", "coordinates": [ [ [ -51.1828188, -30.0585546 ], [ -51.1926142, -30.0536427 ], [ -51.1934428, -30.0528264 ], [ -51.1947921, -30.0509028 ], [ -51.194636, -30.0502609 ], [ -51.1936532, -30.0504374 ], [ -51.1934923, -30.0496967 ], [ -51.191833499999987, -30.0499662 ], [ -51.1911039, -30.0498793 ], [ -51.1904658, -30.0499861 ], [ -51.1900439, -30.048973499999988 ], [ -51.1845239, -30.050672399999989 ], [ -51.183835, -30.0494543 ], [ -51.1830348, -30.0484147 ], [ -51.1833131, -30.0475353 ], [ -51.1836343, -30.0474 ], [ -51.183649699999989, -30.046496800000011 ], [ -51.1820438, -30.0467497 ], [ -51.1803086, -30.0467033 ], [ -51.1798999, -30.0468892 ], [ -51.1789686, -30.0469763 ], [ -51.1788981, -30.0472001 ], [ -51.1783218, -30.0473161 ], [ -51.1785348, -30.0477147 ], [ -51.17248, -30.0475949 ], [ -51.1727882, -30.0489428 ], [ -51.1726337, -30.0497426 ], [ -51.171408, -30.0518009 ], [ -51.1694673, -30.0538948 ], [ -51.169110599999989, -30.0546681 ], [ -51.1691267, -30.0557485 ], [ -51.171134599999988, -30.0557641 ], [ -51.1721264, -30.055951 ], [ -51.1787288, -30.0587897 ], [ -51.1795865, -30.0589838 ], [ -51.1810178, -30.0590346 ], [ -51.1819923, -30.058837 ], [ -51.1828188, -30.0585546 ] ] ] } },
{ "type": "Feature", "properties": { "code_muni": 4314902.0, "name_muni": "Porto Alegre", "code_neighborhood": 4314902019.0, "name_neighborhood": "Petrópolis", "code_district": 431490205.0, "name_district": "Porto Alegre", "code_subdistrict": 43149020500.0, "name_subdistrict": null, "code_state": 43.0, "abbrev_state": "RS", "name_state": "Rio Grande do Sul", "code_region": 4.0, "name_region": "Sul", "year": 2022.0 }, "geometry": { "type": "Polygon", "coordinates": [ [ [ -51.1947921, -30.0509028 ], [ -51.1978295, -30.0465704 ], [ -51.1973313, -30.0463078 ], [ -51.195907, -30.0402952 ], [ -51.195878699999987, -30.0389505 ], [ -51.1944521, -30.0385142 ], [ -51.190155399999988, -30.0384288 ], [ -51.1893379, -30.0382444 ], [ -51.187709, -30.0375091 ], [ -51.185621, -30.0353914 ], [ -51.1831535, -30.030612399999988 ], [ -51.1821104, -30.0298247 ], [ -51.180906799999988, -30.029485 ], [ -51.1798041, -30.031912 ], [ -51.177249, -30.035203 ], [ -51.176499899999989, -30.0358466 ], [ -51.1746668, -30.036928 ], [ -51.1741729, -30.0375406 ], [ -51.1737812, -30.0385989 ], [ -51.1717089, -30.039701 ], [ -51.17248, -30.0475949 ], [ -51.1785348, -30.0477147 ], [ -51.1783218, -30.0473161 ], [ -51.1788981, -30.0472001 ], [ -51.1789686, -30.0469763 ], [ -51.1798999, -30.0468892 ], [ -51.1803086, -30.0467033 ], [ -51.1820438, -30.0467497 ], [ -51.183649699999989, -30.046496800000011 ], [ -51.1836343, -30.0474 ], [ -51.1833131, -30.0475353 ], [ -51.1830348, -30.0484147 ], [ -51.183835, -30.0494543 ], [ -51.1845239, -30.050672399999989 ], [ -51.1900439, -30.048973499999988 ], [ -51.1904658, -30.0499861 ], [ -51.1911039, -30.0498793 ], [ -51.191833499999987, -30.0499662 ], [ -51.1934923, -30.0496967 ], [ -51.1936532, -30.0504374 ], [ -51.194636, -30.0502609 ], [ -51.1947921, -30.0509028 ] ] ] } },
{ "type": "Feature", "properties": { "code_muni": 4314902.0, "name_muni": "Porto Alegre", "code_neighborhood": 4314902021.0, "name_neighborhood": "Bom Jesus", "code_district": 431490205.0, "name_district": "Porto Alegre", "code_subdistrict": 43149020500.0, "name_subdistrict": null, "code_state": 43.0, "abbrev_state": "RS", "name_state": "Rio Grande do Sul", "code_region": 4.0, "name_region": "Sul", "year": 2022.0 }, "geometry": { "type": "Polygon", "coordinates": [ [ [ -51.1650358, -30.0511234 ], [ -51.1647307, -30.0499972 ], [ -51.165120599999987, -30.0489739 ], [ -51.164358799999988, -30.0487398 ], [ -51.1649133, -30.0473846 ], [ -51.1663828, -30.047908499999988 ], [ -51.1660495, -30.046466799999987 ], [ -51.1685822, -30.046284 ], [ -51.1686116, -30.0465389 ], [ -51.1689341, -30.0462555 ], [ -51.172292, -30.046023 ], [ -51.1717089, -30.039701 ], [ -51.170384299999988, -30.0408363 ], [ -51.169872299999987, -30.0410127 ], [ -51.1625662, -30.0399343 ], [ -51.1617188, -30.0400439 ], [ -51.1586628, -30.0409169 ], [ -51.1527558, -30.0416607 ], [ -51.151582499999989, -30.0415186 ], [ -51.1499611, -30.0416978 ], [ -51.1504896, -30.0445053 ], [ -51.1500749, -30.0481753 ], [ -51.1500969, -30.0500189 ], [ -51.1498962, -30.0502276 ], [ -51.1495549, -30.05127920000001 ], [ -51.150717, -30.0511705 ], [ -51.1517918, -30.0512685 ], [ -51.1519523, -30.0509553 ], [ -51.1527084, -30.0509618 ], [ -51.1526816, -30.0512496 ], [ -51.1531631, -30.051333099999983 ], [ -51.1537328, -30.0516161 ], [ -51.153787, -30.050772399999985 ], [ -51.1592894, -30.050854 ], [ -51.1595665, -30.0513165 ], [ -51.159562199999989, -30.0520843 ], [ -51.164598, -30.0520955 ], [ -51.1650358, -30.0511234 ] ] ] } },
{ "type": "Feature", "properties": { "code_muni": 4314902.0, "name_muni": "Porto Alegre", "code_neighborhood": 4314902022.0, "name_neighborhood": "Cavalhada", "code_district": 431490205.0, "name_district": "Porto Alegre", "code_subdistrict": 43149020500.0, "name_subdistrict": null, "code_state": 43.0, "abbrev_state": "RS", "name_state": "Rio Grande do Sul", "code_region": 4.0, "name_region": "Sul", "year": 2022.0 }, "geometry": { "type": "Polygon", "coordinates": [ [ [ -51.2314089, -30.1123196 ], [ -51.2319528, -30.1112367 ], [ -51.2326199, -30.1114929 ], [ -51.2328475, -30.110981 ], [ -51.2314484, -30.1103229 ], [ -51.233612799999989, -30.1058319 ], [ -51.2326917, -30.1055027 ], [ -51.2358684, -30.0981328 ], [ -51.236602799999986, -30.0983108 ], [ -51.237661299999985, -30.0951368 ], [ -51.2375957, -30.0947995 ], [ -51.2373013, -30.0946915 ], [ -51.2372306, -30.094518699999984 ], [ -51.236923299999987, -30.0946347 ], [ -51.2365423, -30.0945657 ], [ -51.2362493, -30.0938384 ], [ -51.2352929, -30.0922501 ], [ -51.2256061, -30.095134 ], [ -51.2246447, -30.0971804 ], [ -51.224758099999988, -30.0977467 ], [ -51.2254478, -30.098792299999985 ], [ -51.2252565, -30.0999646 ], [ -51.2248086, -30.10071670000001 ], [ -51.2238579, -30.1015433 ], [ -51.2235633, -30.102007 ], [ -51.2220822, -30.1073035 ], [ -51.220577, -30.1085778 ], [ -51.2190142, -30.110441 ], [ -51.219586199999988, -30.1103174 ], [ -51.2202239, -30.1097698 ], [ -51.2216398, -30.1099126 ], [ -51.2245931, -30.1093356 ], [ -51.2248179, -30.1094197 ], [ -51.2254259, -30.1101022 ], [ -51.2269194, -30.1106664 ], [ -51.2262861, -30.114051 ], [ -51.225011099999989, -30.1161585 ], [ -51.2245545, -30.1171811 ], [ -51.2241478, -30.1200649 ], [ -51.2212282, -30.1229886 ], [ -51.2201557, -30.1251561 ], [ -51.2200037, -30.1269031 ], [ -51.217692199999988, -30.1268214 ], [ -51.215965499999989, -30.127062 ], [ -51.213289, -30.1266649 ], [ -51.2131608, -30.1290998 ], [ -51.2126882, -30.130393299999984 ], [ -51.2121516, -30.1310194 ], [ -51.2123563, -30.1314306 ], [ -51.2131146, -30.1317612 ], [ -51.2136239, -30.1321632 ], [ -51.2139201, -30.1321212 ], [ -51.214057499999988, -30.1319636 ], [ -51.2165951, -30.1319353 ], [ -51.2180648, -30.1321484 ], [ -51.2180264, -30.131711 ], [ -51.2232931, -30.1311972 ], [ -51.2235458, -30.1290917 ], [ -51.2229069, -30.1274808 ], [ -51.222593499999988, -30.1259879 ], [ -51.2238801, -30.1240438 ], [ -51.2253849, -30.1244341 ], [ -51.2265472, -30.1248891 ], [ -51.2289639, -30.1263053 ], [ -51.2294062, -30.1262412 ], [ -51.231060799999987, -30.121639 ], [ -51.2313248, -30.1216358 ], [ -51.2323921, -30.1206843 ], [ -51.2329014, -30.1198527 ], [ -51.2331016, -30.1190797 ], [ -51.2330872, -30.1185222 ], [ -51.2324573, -30.1170847 ], [ -51.2325223, -30.1162402 ], [ -51.233112399999982, -30.1155831 ], [ -51.234238, -30.1147835 ], [ -51.2349179, -30.113687 ], [ -51.2314089, -30.1123196 ] ] ] } },
{ "type": "Feature", "properties": { "code_muni": 4314902.0, "name_muni": "Porto Alegre", "code_neighborhood": 4314902023.0, "name_neighborhood": "Camaquã", "code_district": 431490205.0, "name_district": "Porto Alegre", "code_subdistrict": 43149020500.0, "name_subdistrict": null, "code_state": 43.0, "abbrev_state": "RS", "name_state": "Rio Grande do Sul", "code_region": 4.0, "name_region": "Sul", "year": 2022.0 }, "geometry": { "type": "Polygon", "coordinates": [ [ [ -51.236464, -30.1142732 ], [ -51.2371032, -30.1148373 ], [ -51.2384138, -30.1152249 ], [ -51.239585899999987, -30.1157617 ], [ -51.241290799999987, -30.1162425 ], [ -51.243853, -30.1108127 ], [ -51.2443355, -30.1096832 ], [ -51.2442498, -30.1096535 ], [ -51.2470943, -30.103458 ], [ -51.2446446, -30.1028461 ], [ -51.2451788, -30.1004419 ], [ -51.2358684, -30.0981328 ], [ -51.2326917, -30.1055027 ], [ -51.233612799999989, -30.1058319 ], [ -51.2314484, -30.1103229 ], [ -51.2328475, -30.110981 ], [ -51.2326199, -30.1114929 ], [ -51.2319528, -30.1112367 ], [ -51.2314089, -30.1123196 ], [ -51.236464, -30.1142732 ] ] ] } },
{ "type": "Feature", "properties": { "code_muni": 4314902.0, "name_muni": "Porto Alegre", "code_neighborhood": 4314902024.0, "name_neighborhood": "Cristal", "code_district": 431490205.0, "name_district": "Porto Alegre", "code_subdistrict": 43149020500.0, "name_subdistrict": null, "code_state": 43.0, "abbrev_state": "RS", "name_state": "Rio Grande do Sul", "code_region": 4.0, "name_region": "Sul", "year": 2022.0 }, "geometry": { "type": "Polygon", "coordinates": [ [ [ -51.245078, -30.1004177 ], [ -51.245980799999984, -30.097625 ], [ -51.2463591, -30.0976819 ], [ -51.2480503, -30.0974534 ], [ -51.2482021, -30.0976724 ], [ -51.248252699999988, -30.0985054 ], [ -51.248805, -30.100589 ], [ -51.2492628, -30.1010335 ], [ -51.25161019999998, -30.0959218 ], [ -51.2522428, -30.0961869 ], [ -51.2523191, -30.096016 ], [ -51.2520264, -30.0954283 ], [ -51.2513273, -30.0947086 ], [ -51.2523339, -30.0940739 ], [ -51.2515946, -30.093513199999986 ], [ -51.251077399999986, -30.0927057 ], [ -51.2503711, -30.092295 ], [ -51.2502712, -30.0916688 ], [ -51.2504766, -30.0913539 ], [ -51.2504173, -30.0908334 ], [ -51.249955199999988, -30.0904659 ], [ -51.2498883, -30.0895715 ], [ -51.2495197, -30.0893925 ], [ -51.2494169, -30.089152 ], [ -51.248797, -30.0846411 ], [ -51.248261, -30.082928 ], [ -51.248678099999985, -30.082477 ], [ -51.2483882, -30.0818714 ], [ -51.248462599999989, -30.0814617 ], [ -51.2489828, -30.0813795 ], [ -51.249166599999981, -30.0811944 ], [ -51.2505379, -30.0813298 ], [ -51.2505977, -30.0811832 ], [ -51.249322699999986, -30.0809231 ], [ -51.2493389, -30.079988699999987 ], [ -51.2490605, -30.0793221 ], [ -51.248406499999987, -30.0790369 ], [ -51.2482662, -30.0783661 ], [ -51.247293299999988, -30.0782627 ], [ -51.2460414, -30.0774487 ], [ -51.245811, -30.0774579 ], [ -51.245199899999989, -30.0771738 ], [ -51.244745, -30.0767778 ], [ -51.2440776, -30.075771299999989 ], [ -51.2436539, -30.0744229 ], [ -51.2432773, -30.0744206 ], [ -51.2431059, -30.0740059 ], [ -51.242774399999988, -30.0737291 ], [ -51.242605499999982, -30.0732491 ], [ -51.242332499999989, -30.0730555 ], [ -51.241302, -30.0738931 ], [ -51.2408554, -30.074419399999989 ], [ -51.2407174, -30.0751843 ], [ -51.2403626, -30.0756795 ], [ -51.2386687, -30.0766677 ], [ -51.2378674, -30.0769123 ], [ -51.2370474, -30.0767795 ], [ -51.2360111, -30.077272 ], [ -51.2352986, -30.0773816 ], [ -51.2347601, -30.0779736 ], [ -51.2341828, -30.0799514 ], [ -51.2343664, -30.080246399999989 ], [ -51.2338422, -30.0806019 ], [ -51.2341398, -30.0811557 ], [ -51.2310534, -30.0828325 ], [ -51.2323424, -30.0838066 ], [ -51.2321596, -30.0842496 ], [ -51.2321947, -30.0846096 ], [ -51.2295342, -30.0850833 ], [ -51.227659, -30.0869392 ], [ -51.2259824, -30.0890885 ], [ -51.2279919, -30.0896656 ], [ -51.2303108, -30.0905802 ], [ -51.2310155, -30.0913606 ], [ -51.231775899999988, -30.0932663 ], [ -51.2352929, -30.0922501 ], [ -51.2366045, -30.0946388 ], [ -51.2372306, -30.094518699999984 ], [ -51.2376393, -30.094885800000011 ], [ -51.237661299999985, -30.0951368 ], [ -51.236602799999986, -30.0983108 ], [ -51.245078, -30.1004177 ] ] ] } },
{ "type": "Feature", "properties": { "code_muni": 4314902.0, "name_muni": "Porto Alegre", "code_neighborhood": 4314902025.0, "name_neighborhood": "Vila Assunção", "code_district": 431490205.0, "name_district": "Porto Alegre", "code_subdistrict": 43149020500.0, "name_subdistrict": null, "code_state": 43.0, "abbrev_state": "RS", "name_state": "Rio Grande do Sul", "code_region": 4.0, "name_region": "Sul", "year": 2022.0 }, "geometry": { "type": "Polygon", "coordinates": [ [ [ -51.2613581, -30.1060207 ], [ -51.2628055, -30.1051876 ], [ -51.2642187, -30.1051666 ], [ -51.2645923, -30.1047986 ], [ -51.2651464, -30.1049131 ], [ -51.2653956, -30.1051099 ], [ -51.2658942, -30.1047125 ], [ -51.2661435, -30.1046455 ], [ -51.2665194, -30.1047776 ], [ -51.2668788, -30.1045655 ], [ -51.2669566, -30.1041009 ], [ -51.2676935, -30.1037105 ], [ -51.2676089, -30.1036294 ], [ -51.2667418, -30.1038177 ], [ -51.266621099999988, -30.1032026 ], [ -51.2667197, -30.1026817 ], [ -51.2663811, -30.1019317 ], [ -51.2659095, -30.101618 ], [ -51.2664772, -30.0998432 ], [ -51.2653555, -30.0997851 ], [ -51.2647852, -30.0991143 ], [ -51.2651544, -30.098719 ], [ -51.2651191, -30.098512 ], [ -51.2642224, -30.0985594 ], [ -51.263457699999989, -30.0978244 ], [ -51.263047400000012, -30.0976221 ], [ -51.262723899999983, -30.0977895 ], [ -51.2612679, -30.0968866 ], [ -51.2586527, -30.0970791 ], [ -51.2574659, -30.0960906 ], [ -51.2574626, -30.097222 ], [ -51.2567658, -30.097129 ], [ -51.2563575, -30.095757299999988 ], [ -51.2529075, -30.096567 ], [ -51.2524816, -30.0963423 ], [ -51.2523191, -30.096016 ], [ -51.2522428, -30.0961869 ], [ -51.25161019999998, -30.0959218 ], [ -51.2492628, -30.1010335 ], [ -51.2499923, -30.101469899999987 ], [ -51.2511368, -30.1029248 ], [ -51.2526331, -30.103796 ], [ -51.2613581, -30.1060207 ] ] ] } },
{ "type": "Feature", "properties": { "code_muni": 4314902.0, "name_muni": "Porto Alegre", "code_neighborhood": 4314902026.0, "name_neighborhood": "Tristeza", "code_district": 431490205.0, "name_district": "Porto Alegre", "code_subdistrict": 43149020500.0, "name_subdistrict": null, "code_state": 43.0, "abbrev_state": "RS", "name_state": "Rio Grande do Sul", "code_region": 4.0, "name_region": "Sul", "year": 2022.0 }, "geometry": { "type": "Polygon", "coordinates": [ [ [ -51.250788199999988, -30.1159568 ], [ -51.2622394, -30.1201964 ], [ -51.261643899999989, -30.1191529 ], [ -51.2616443, -30.118825599999987 ], [ -51.2611187, -30.1186887 ], [ -51.2608516, -30.1177278 ], [ -51.2605959, -30.1175767 ], [ -51.2602053, -30.1168867 ], [ -51.2595266, -30.1137267 ], [ -51.259141199999988, -30.1125364 ], [ -51.2585729, -30.1114441 ], [ -51.2587278, -30.1111191 ], [ -51.2586733, -30.110712100000011 ], [ -51.259843499999988, -30.1105425 ], [ -51.2602403, -30.1106899 ], [ -51.2605774, -30.111005 ], [ -51.260875299999988, -30.1124265 ], [ -51.2618923, -30.1119946 ], [ -51.2634811, -30.1116369 ], [ -51.2637667, -30.1110499 ], [ -51.2648796, -30.10958 ], [ -51.2651187, -30.1094889 ], [ -51.2623824, -30.108755 ], [ -51.2621884, -30.1093047 ], [ -51.2619376, -30.1093105 ], [ -51.2618376, -30.1095702 ], [ -51.2608527, -30.1096609 ], [ -51.2607646, -30.1099531 ], [ -51.2602173, -30.1099486 ], [ -51.260111699999989, -30.110313099999985 ], [ -51.2598605, -30.1103968 ], [ -51.2586286, -30.110512899999986 ], [ -51.2585622, -30.110086 ], [ -51.258738699999988, -30.1089612 ], [ -51.2594129, -30.1076737 ], [ -51.2601135, -30.1070976 ], [ -51.2602877, -30.1066953 ], [ -51.2613581, -30.1060207 ], [ -51.2526331, -30.103796 ], [ -51.2514225, -30.1031792 ], [ -51.2499923, -30.101469899999987 ], [ -51.2492628, -30.1010335 ], [ -51.248805, -30.100589 ], [ -51.248252699999988, -30.0985054 ], [ -51.2482021, -30.0976724 ], [ -51.2480503, -30.0974534 ], [ -51.2463591, -30.0976819 ], [ -51.245980799999984, -30.097625 ], [ -51.245078, -30.1004177 ], [ -51.2451788, -30.1004419 ], [ -51.2448343, -30.1016243 ], [ -51.2449372, -30.1019357 ], [ -51.2446446, -30.1028461 ], [ -51.2470943, -30.103458 ], [ -51.2442498, -30.1096535 ], [ -51.2443355, -30.1096832 ], [ -51.243853, -30.1108127 ], [ -51.241290799999987, -30.1162425 ], [ -51.242963499999988, -30.1167202 ], [ -51.248058699999987, -30.1186734 ], [ -51.2488195, -30.1186511 ], [ -51.2494383, -30.117865 ], [ -51.2497319, -30.117901799999988 ], [ -51.250788199999988, -30.1159568 ] ] ] } },
{ "type": "Feature", "properties": { "code_muni": 4314902.0, "name_muni": "Porto Alegre", "code_neighborhood": 4314902027.0, "name_neighborhood": "Vila Conceição", "code_district": 431490205.0, "name_district": "Porto Alegre", "code_subdistrict": 43149020500.0, "name_subdistrict": null, "code_state": 43.0, "abbrev_state": "RS", "name_state": "Rio Grande do Sul", "code_region": 4.0, "name_region": "Sul", "year": 2022.0 }, "geometry": { "type": "MultiPolygon", "coordinates": [ [ [ [ -51.2865183, -30.121867 ], [ -51.2871023, -30.1218855 ], [ -51.287645399999988, -30.1215361 ], [ -51.2883293, -30.1214406 ], [ -51.2884508, -30.1212667 ], [ -51.288304799999985, -30.1205372 ], [ -51.2878702, -30.1202237 ], [ -51.2873197, -30.1200634 ], [ -51.2869367, -30.1202046 ], [ -51.2866487, -30.1205192 ], [ -51.2862802, -30.1215359 ], [ -51.2865183, -30.121867 ] ] ], [ [ [ -51.256724899999988, -30.122283 ], [ -51.2597507, -30.123250899999984 ], [ -51.2601283, -30.122957 ], [ -51.2609502, -30.1228584 ], [ -51.2611492, -30.1227041 ], [ -51.2613586, -30.1216671 ], [ -51.2616353, -30.121226 ], [ -51.2617257, -30.1207545 ], [ -51.2622394, -30.1201964 ], [ -51.253452, -30.1169332 ], [ -51.253213, -30.1175678 ], [ -51.2532649, -30.1183537 ], [ -51.2536084, -30.1194023 ], [ -51.2535746, -30.1198204 ], [ -51.2529987, -30.1211781 ], [ -51.2528052, -30.1222482 ], [ -51.2523268, -30.1227433 ], [ -51.2559752, -30.1224505 ], [ -51.256724899999988, -30.122283 ] ] ] ] } },
{ "type": "Feature", "properties": { "code_muni": 4314902.0, "name_muni": "Porto Alegre", "code_neighborhood": 4314902028.0, "name_neighborhood": "Pedra Redonda", "code_district": 431490205.0, "name_district": "Porto Alegre", "code_subdistrict": 43149020500.0, "name_subdistrict": null, "code_state": 43.0, "abbrev_state": "RS", "name_state": "Rio Grande do Sul", "code_region": 4.0, "name_region": "Sul", "year": 2022.0 }, "geometry": { "type": "Polygon", "coordinates": [ [ [ -51.2419406, -30.1247596 ], [ -51.2411046, -30.1245906 ], [ -51.2402017, -30.1264268 ], [ -51.2424813, -30.1272201 ], [ -51.2381987, -30.1304873 ], [ -51.240860499999989, -30.1321123 ], [ -51.241426, -30.131997 ], [ -51.2420841, -30.1323815 ], [ -51.2426015, -30.1323915 ], [ -51.243767399999989, -30.1321616 ], [ -51.244904299999988, -30.1313398 ], [ -51.2451544, -30.131015 ], [ -51.2448763, -30.130411 ], [ -51.2449474, -30.1300865 ], [ -51.2452615, -30.1298014 ], [ -51.2457176, -30.1297392 ], [ -51.245823, -30.1295546 ], [ -51.2457843, -30.1293535 ], [ -51.2454902, -30.1291473 ], [ -51.245461399999989, -30.1288025 ], [ -51.2451331, -30.1286644 ], [ -51.2447959, -30.1282047 ], [ -51.244836, -30.1276949 ], [ -51.2450677, -30.1270457 ], [ -51.2458579, -30.125904799999986 ], [ -51.24627779999998, -30.1255291 ], [ -51.2477837, -30.12489350000001 ], [ -51.2506862, -30.124249299999985 ], [ -51.2564736, -30.1235727 ], [ -51.2570189, -30.1236415 ], [ -51.2572113, -30.1234941 ], [ -51.259218, -30.1234616 ], [ -51.2597507, -30.123250899999984 ], [ -51.256724899999988, -30.122283 ], [ -51.2516978, -30.1228874 ], [ -51.249867599999988, -30.122833300000011 ], [ -51.249620799999988, -30.1212504 ], [ -51.2485737, -30.1215205 ], [ -51.2453039, -30.1227563 ], [ -51.2419406, -30.1247596 ] ] ] } },
{ "type": "Feature", "properties": { "code_muni": 4314902.0, "name_muni": "Porto Alegre", "code_neighborhood": 4314902029.0, "name_neighborhood": "Ipanema", "code_district": 431490205.0, "name_district": "Porto Alegre", "code_subdistrict": 43149020500.0, "name_subdistrict": null, "code_state": 43.0, "abbrev_state": "RS", "name_state": "Rio Grande do Sul", "code_region": 4.0, "name_region": "Sul", "year": 2022.0 }, "geometry": { "type": "Polygon", "coordinates": [ [ [ -51.2260285, -30.1441744 ], [ -51.226393099999989, -30.1435134 ], [ -51.2268502, -30.1430278 ], [ -51.2271536, -30.1432288 ], [ -51.2274782, -30.1429426 ], [ -51.2270818, -30.1422282 ], [ -51.227240699999989, -30.1418749 ], [ -51.2275916, -30.1416716 ], [ -51.2282254, -30.1405123 ], [ -51.230900899999988, -30.1376356 ], [ -51.231779899999985, -30.137146 ], [ -51.231993, -30.1366652 ], [ -51.2343849, -30.1349698 ], [ -51.2366903, -30.1337448 ], [ -51.2377762, -30.1332323 ], [ -51.240860499999989, -30.1321123 ], [ -51.2381987, -30.1304873 ], [ -51.2360847, -30.1312997 ], [ -51.2334116, -30.1287598 ], [ -51.2299486, -30.1273871 ], [ -51.2301937, -30.12695350000001 ], [ -51.2268049, -30.125006499999976 ], [ -51.2253849, -30.1244341 ], [ -51.2238801, -30.1240438 ], [ -51.222593499999988, -30.1259879 ], [ -51.2229069, -30.1274808 ], [ -51.2235458, -30.1290917 ], [ -51.2232931, -30.1311972 ], [ -51.2180264, -30.131711 ], [ -51.2180648, -30.1321484 ], [ -51.2165951, -30.1319353 ], [ -51.214057499999988, -30.1319636 ], [ -51.2139201, -30.1321212 ], [ -51.2136239, -30.1321632 ], [ -51.213271399999982, -30.1318844 ], [ -51.212923499999988, -30.1350571 ], [ -51.210783, -30.134529 ], [ -51.2086424, -30.1346204 ], [ -51.2086032, -30.1352306 ], [ -51.2080791, -30.1349327 ], [ -51.2078972, -30.1344579 ], [ -51.207296, -30.1346721 ], [ -51.2067348, -30.1361645 ], [ -51.2087026, -30.1410923 ], [ -51.2060021, -30.142248 ], [ -51.2072749, -30.1425465 ], [ -51.208160799999987, -30.1425222 ], [ -51.208413, -30.1427782 ], [ -51.2081328, -30.1430427 ], [ -51.2063217, -30.1435969 ], [ -51.2061294, -30.1439394 ], [ -51.2074634, -30.143951399999985 ], [ -51.2077977, -30.144174 ], [ -51.2081537, -30.145125600000011 ], [ -51.20917, -30.146003 ], [ -51.209666, -30.146894699999986 ], [ -51.212583, -30.1455876 ], [ -51.215215799999989, -30.1439875 ], [ -51.2161314, -30.1436259 ], [ -51.218133, -30.1423093 ], [ -51.2186312, -30.1427601 ], [ -51.2194231, -30.143030399999983 ], [ -51.220317, -30.143529 ], [ -51.225541, -30.1472388 ], [ -51.2256483, -30.1467054 ], [ -51.2255022, -30.1464273 ], [ -51.225583099999987, -30.1459083 ], [ -51.2260285, -30.1441744 ] ] ] } },
{ "type": "Feature", "properties": { "code_muni": 4314902.0, "name_muni": "Porto Alegre", "code_neighborhood": 4314902030.0, "name_neighborhood": "Espírito Santo", "code_district": 431490205.0, "name_district": "Porto Alegre", "code_subdistrict": 43149020500.0, "name_subdistrict": null, "code_state": 43.0, "abbrev_state": "RS", "name_state": "Rio Grande do Sul", "code_region": 4.0, "name_region": "Sul", "year": 2022.0 }, "geometry": { "type": "Polygon", "coordinates": [ [ [ -51.209989, -30.15074 ], [ -51.2107236, -30.155098399999986 ], [ -51.2198222, -30.1530549 ], [ -51.2193959, -30.152421400000012 ], [ -51.2204446, -30.1521697 ], [ -51.2227682, -30.152982 ], [ -51.2251328, -30.1524934 ], [ -51.2253609, -30.1518 ], [ -51.225181199999987, -30.1508791 ], [ -51.225489499999988, -30.1500606 ], [ -51.2258614, -30.149973 ], [ -51.2259678, -30.1497765 ], [ -51.225805, -30.1489508 ], [ -51.2259271, -30.1486287 ], [ -51.2257253, -30.148611700000011 ], [ -51.2256296, -30.1483607 ], [ -51.225645, -30.1478775 ], [ -51.2254818, -30.1476606 ], [ -51.225541, -30.1472388 ], [ -51.220317, -30.143529 ], [ -51.2194231, -30.143030399999983 ], [ -51.2186312, -30.1427601 ], [ -51.218133, -30.1423093 ], [ -51.2161314, -30.1436259 ], [ -51.215215799999989, -30.1439875 ], [ -51.212583, -30.1455876 ], [ -51.209666, -30.146894699999986 ], [ -51.2075617, -30.1474853 ], [ -51.204549, -30.1476639 ], [ -51.2082812, -30.1507176 ], [ -51.2086119, -30.1508499 ], [ -51.209989, -30.15074 ] ] ] } },
{ "type": "Feature", "properties": { "code_muni": 4314902.0, "name_muni": "Porto Alegre", "code_neighborhood": 4314902031.0, "name_neighborhood": "Guarujá", "code_district": 431490205.0, "name_district": "Porto Alegre", "code_subdistrict": 43149020500.0, "name_subdistrict": null, "code_state": 43.0, "abbrev_state": "RS", "name_state": "Rio Grande do Sul", "code_region": 4.0, "name_region": "Sul", "year": 2022.0 }, "geometry": { "type": "Polygon", "coordinates": [ [ [ -51.222575799999987, -30.1596323 ], [ -51.2258664, -30.1592022 ], [ -51.227736, -30.159098199999985 ], [ -51.2274512, -30.1587511 ], [ -51.2275018, -30.1582776 ], [ -51.226499, -30.1566278 ], [ -51.226118, -30.1557167 ], [ -51.226141299999981, -30.1552846 ], [ -51.2255572, -30.1539881 ], [ -51.2255343, -30.153471 ], [ -51.2251328, -30.1524934 ], [ -51.2227682, -30.152982 ], [ -51.2206524, -30.1521733 ], [ -51.2197275, -30.1523336 ], [ -51.2193959, -30.152421400000012 ], [ -51.2198222, -30.1530549 ], [ -51.2107236, -30.155098399999986 ], [ -51.2080335, -30.1569187 ], [ -51.207518, -30.1595564 ], [ -51.2063879, -30.1638332 ], [ -51.2183899, -30.163101 ], [ -51.219992699999985, -30.1620973 ], [ -51.2205711, -30.1611117 ], [ -51.221458, -30.1610531 ], [ -51.2221827, -30.1606826 ], [ -51.2225966, -30.160169299999989 ], [ -51.222575799999987, -30.1596323 ] ] ] } },
{ "type": "Feature", "properties": { "code_muni": 4314902.0, "name_muni": "Porto Alegre", "code_neighborhood": 4314902032.0, "name_neighborhood": "Vila Nova", "code_district": 431490205.0, "name_district": "Porto Alegre", "code_subdistrict": 43149020500.0, "name_subdistrict": null, "code_state": 43.0, "abbrev_state": "RS", "name_state": "Rio Grande do Sul", "code_region": 4.0, "name_region": "Sul", "year": 2022.0 }, "geometry": { "type": "Polygon", "coordinates": [ [ [ -51.217692199999988, -30.1268214 ], [ -51.2200037, -30.1269031 ], [ -51.2201557, -30.1251561 ], [ -51.2212282, -30.1229886 ], [ -51.2241478, -30.1200649 ], [ -51.224653599999982, -30.116899299999986 ], [ -51.2263555, -30.1138543 ], [ -51.2269194, -30.1106664 ], [ -51.2254259, -30.1101022 ], [ -51.2247109, -30.109358 ], [ -51.2216398, -30.1099126 ], [ -51.2202239, -30.1097698 ], [ -51.219586199999988, -30.1103174 ], [ -51.2190142, -30.110441 ], [ -51.220577, -30.1085778 ], [ -51.2220822, -30.1073035 ], [ -51.2227943, -30.1046946 ], [ -51.2201586, -30.1033615 ], [ -51.2127063, -30.103067 ], [ -51.211677, -30.1032391 ], [ -51.2111849, -30.1029851 ], [ -51.2074223, -30.102793799999986 ], [ -51.2074463, -30.1018276 ], [ -51.2061126, -30.1017722 ], [ -51.205691, -30.1026118 ], [ -51.195038, -30.1019847 ], [ -51.1948477, -30.1021638 ], [ -51.1947101, -30.1026991 ], [ -51.193892, -30.1021201 ], [ -51.1924162, -30.1016501 ], [ -51.1903992, -30.1014589 ], [ -51.1871157, -30.1016762 ], [ -51.1868998, -30.1016052 ], [ -51.1865301, -30.1008889 ], [ -51.1842094, -30.0991401 ], [ -51.183415599999989, -30.098971 ], [ -51.180934199999989, -30.0977201 ], [ -51.1799944, -30.097547 ], [ -51.178039, -30.0967 ], [ -51.1843478, -30.111787 ], [ -51.1851603, -30.1118352 ], [ -51.1850364, -30.1130947 ], [ -51.185222, -30.1138794 ], [ -51.1842695, -30.1175474 ], [ -51.1874771, -30.1180333 ], [ -51.189164, -30.1184808 ], [ -51.1920072, -30.1183287 ], [ -51.1937005, -30.121389 ], [ -51.1939958, -30.1221696 ], [ -51.192729899999989, -30.1223529 ], [ -51.1918014, -30.122802 ], [ -51.1898234, -30.1241468 ], [ -51.188234899999983, -30.125012899999987 ], [ -51.1867702, -30.1265303 ], [ -51.185984, -30.127047 ], [ -51.184619, -30.127396 ], [ -51.1826467, -30.127392 ], [ -51.181303899999989, -30.1279504 ], [ -51.1780146, -30.130666 ], [ -51.1767133, -30.1319509 ], [ -51.1758071, -30.1334253 ], [ -51.1753109, -30.1350448 ], [ -51.1740144, -30.1364388 ], [ -51.1752457, -30.1369827 ], [ -51.1776403, -30.1370535 ], [ -51.1785029, -30.1376152 ], [ -51.1797533, -30.1381173 ], [ -51.1829864, -30.1379193 ], [ -51.183865, -30.1380835 ], [ -51.186402099999988, -30.1366978 ], [ -51.1868473, -30.1354751 ], [ -51.1871601, -30.1350428 ], [ -51.1885839, -30.1338061 ], [ -51.1889871, -30.1330544 ], [ -51.1898362, -30.1324018 ], [ -51.196197, -30.1300745 ], [ -51.1997515, -30.1277479 ], [ -51.2019525, -30.127447799999985 ], [ -51.2018279, -30.128471 ], [ -51.2024019, -30.1286073 ], [ -51.2032731, -30.129486599999986 ], [ -51.2060793, -30.1303179 ], [ -51.2062542, -30.1306199 ], [ -51.2067247, -30.130935599999983 ], [ -51.208112899999989, -30.1304757 ], [ -51.2092763, -30.1305808 ], [ -51.2102267, -30.130538 ], [ -51.2107846, -30.1303713 ], [ -51.2112255, -30.1305207 ], [ -51.2122416, -30.1312978 ], [ -51.2121516, -30.1310194 ], [ -51.2126882, -30.130393299999984 ], [ -51.2131403, -30.1292023 ], [ -51.213289, -30.1266649 ], [ -51.215965499999989, -30.127062 ], [ -51.217692199999988, -30.1268214 ] ] ] } },
{ "type": "Feature", "properties": { "code_muni": 4314902.0, "name_muni": "Porto Alegre", "code_neighborhood": 4314902033.0, "name_neighborhood": "Arquipélago", "code_district": 431490205.0, "name_district": "Porto Alegre", "code_subdistrict": 43149020500.0, "name_subdistrict": null, "code_state": 43.0, "abbrev_state": "RS", "name_state": "Rio Grande do Sul", "code_region": 4.0, "name_region": "Sul", "year": 2022.0 }, "geometry": { "type": "MultiPolygon", "coordinates": [ [ [ [ -51.291468299999984, -30.0651351 ], [ -51.2919966, -30.0648121 ], [ -51.2920018, -30.0642242 ], [ -51.291535499999981, -30.0632337 ], [ -51.2910103, -30.0603232 ], [ -51.2913169, -30.0596703 ], [ -51.2927805, -30.0587787 ], [ -51.2936461, -30.056557 ], [ -51.2944786, -30.0557063 ], [ -51.2947051, -30.0542483 ], [ -51.2946457, -30.054053 ], [ -51.2944625, -30.0540073 ], [ -51.2942055, -30.0540249 ], [ -51.2940636, -30.054958 ], [ -51.2931692, -30.0561193 ], [ -51.290591199999987, -30.0583526 ], [ -51.2895717, -30.0584853 ], [ -51.2891434, -30.0586547 ], [ -51.2889501, -30.0589065 ], [ -51.2886823, -30.0601722 ], [ -51.2876823, -30.0603808 ], [ -51.2869727, -30.0602177 ], [ -51.2864456, -30.0596083 ], [ -51.286442099999988, -30.0590568 ], [ -51.286116899999989, -30.0589641 ], [ -51.2856357, -30.0602224 ], [ -51.286877299999986, -30.063278 ], [ -51.2901535, -30.0649687 ], [ -51.291468299999984, -30.0651351 ] ] ], [ [ [ -51.251974399999987, -30.0387523 ], [ -51.2535238, -30.0423108 ], [ -51.2542361, -30.042585599999988 ], [ -51.2549499, -30.04338280000001 ], [ -51.2549532, -30.0436413 ], [ -51.25455, -30.044110800000016 ], [ -51.2545435, -30.0443298 ], [ -51.2551294, -30.0456127 ], [ -51.256164299999988, -30.0470584 ], [ -51.2572298, -30.0483557 ], [ -51.2582203, -30.0485049 ], [ -51.2585976, -30.0488204 ], [ -51.2595993, -30.0500912 ], [ -51.2604079, -30.0508178 ], [ -51.2607099, -30.0514258 ], [ -51.262489, -30.0535674 ], [ -51.263475799999988, -30.0541681 ], [ -51.2661749, -30.0551706 ], [ -51.2669393, -30.0557537 ], [ -51.2669435, -30.0561067 ], [ -51.2664791, -30.056298 ], [ -51.2663967, -30.0565163 ], [ -51.2665362, -30.0571136 ], [ -51.2668902, -30.0572841 ], [ -51.2684524, -30.0575048 ], [ -51.2687653, -30.0576705 ], [ -51.269180899999981, -30.0581676 ], [ -51.2704238, -30.0585546 ], [ -51.270555, -30.0587929 ], [ -51.2702749, -30.0598097 ], [ -51.2704313, -30.0600569 ], [ -51.2708265, -30.0600336 ], [ -51.2719934, -30.0592225 ], [ -51.2721425, -30.0577437 ], [ -51.2712846, -30.0559249 ], [ -51.2714493, -30.0553098 ], [ -51.2714015, -30.0549399 ], [ -51.2695398, -30.0543047 ], [ -51.267864899999985, -30.0540171 ], [ -51.2658578, -30.0534046 ], [ -51.264752699999988, -30.0525036 ], [ -51.2638422, -30.0504522 ], [ -51.2628476, -30.0504127 ], [ -51.262132, -30.0491524 ], [ -51.2622066, -30.0488927 ], [ -51.262716, -30.0485727 ], [ -51.2627098, -30.0483754 ], [ -51.262330599999984, -30.0480195 ], [ -51.2616724, -30.0477242 ], [ -51.2615498, -30.047513799999983 ], [ -51.2616458, -30.0473157 ], [ -51.2620206, -30.0470934 ], [ -51.2621541, -30.0467942 ], [ -51.2620868, -30.0455537 ], [ -51.2627996, -30.0446407 ], [ -51.2629954, -30.0422768 ], [ -51.2626737, -30.0402572 ], [ -51.2615366, -30.0390501 ], [ -51.2603919, -30.0374527 ], [ -51.259434899999988, -30.035042 ], [ -51.259365699999989, -30.0343276 ], [ -51.2595488, -30.0336837 ], [ -51.260489099999987, -30.0336566 ], [ -51.2642798, -30.0357468 ], [ -51.2665277, -30.0358539 ], [ -51.268132599999987, -30.0351709 ], [ -51.269441699999987, -30.035154300000013 ], [ -51.270043699999981, -30.035471599999987 ], [ -51.2703546, -30.0362106 ], [ -51.2702907, -30.037079700000014 ], [ -51.2706401, -30.03807 ], [ -51.2718996, -30.0389721 ], [ -51.2729186, -30.0384426 ], [ -51.2735683, -30.0374277 ], [ -51.273814199999983, -30.0362377 ], [ -51.2734799, -30.0350856 ], [ -51.272493499999982, -30.0340173 ], [ -51.2713362, -30.033132 ], [ -51.2699109, -30.0326538 ], [ -51.2685483, -30.0315329 ], [ -51.2677786, -30.0304276 ], [ -51.2652935, -30.023956699999989 ], [ -51.264679, -30.0194418 ], [ -51.2637768, -30.0160611 ], [ -51.2634646, -30.0135937 ], [ -51.2631939, -30.0130647 ], [ -51.2624226, -30.0121429 ], [ -51.2619845, -30.0111924 ], [ -51.2618114, -30.0096426 ], [ -51.2651179, -30.000763 ], [ -51.271963, -29.9886488 ], [ -51.2752724, -29.9846535 ], [ -51.2785415, -29.9812966 ], [ -51.2814756, -29.97727 ], [ -51.283349099999988, -29.9731136 ], [ -51.2851829, -29.9705885 ], [ -51.2896314, -29.9669826 ], [ -51.2937527, -29.9646934 ], [ -51.2975309, -29.963331499999985 ], [ -51.2992633, -29.9611417 ], [ -51.3025088, -29.9532353 ], [ -51.3032452, -29.9500727 ], [ -51.294019099999986, -29.9483699 ], [ -51.2885665, -29.9470993 ], [ -51.283242, -29.9448883 ], [ -51.280091, -29.9428138 ], [ -51.2673162, -29.9351526 ], [ -51.2635543, -29.9341988 ], [ -51.2566196, -29.9328297 ], [ -51.2510279, -29.9323022 ], [ -51.2456563, -29.9326248 ], [ -51.2418081, -29.9338261 ], [ -51.2370955, -29.9364794 ], [ -51.2334965, -29.9387397 ], [ -51.2311857, -29.9411153 ], [ -51.229984599999987, -29.9437956 ], [ -51.228909099999989, -29.9471682 ], [ -51.2279383, -29.9528183 ], [ -51.2275759, -29.9564767 ], [ -51.2211366, -29.9661216 ], [ -51.2201436, -29.966764 ], [ -51.2186345, -29.9667482 ], [ -51.2117692, -29.9645223 ], [ -51.2082301, -29.9643777 ], [ -51.2052177, -29.9666958 ], [ -51.204622099999987, -29.967449 ], [ -51.2037951, -29.969034699999987 ], [ -51.2009017, -29.9714929 ], [ -51.2001277, -29.9720134 ], [ -51.200619499999981, -29.9722978 ], [ -51.2003933, -29.9725014 ], [ -51.201351, -29.9732555 ], [ -51.2025651, -29.9753293 ], [ -51.2033418, -29.9776745 ], [ -51.203711299999988, -29.9801404 ], [ -51.2035303, -29.9804797 ], [ -51.2035303, -29.9811056 ], [ -51.203289, -29.9816109 ], [ -51.203553, -29.9816787 ], [ -51.2035711, -29.9817947 ], [ -51.2028366, -29.9819226 ], [ -51.2026455, -29.9820834 ], [ -51.202886799999987, -29.9824454 ], [ -51.202736, -29.9837525 ], [ -51.202866699999987, -29.9840139 ], [ -51.2031382, -29.984034 ], [ -51.203449899999981, -29.9848484 ], [ -51.2034197, -29.9858036 ], [ -51.204123599999988, -29.9871509 ], [ -51.2052195, -29.9881991 ], [ -51.2060993, -29.9908636 ], [ -51.2061207, -29.990989 ], [ -51.205987, -29.9910194 ], [ -51.206727699999988, -29.9933488 ], [ -51.2068484, -29.9933152 ], [ -51.207049399999988, -29.9937677 ], [ -51.2063155, -29.993952 ], [ -51.2064864, -29.9944648 ], [ -51.2072271, -29.9942872 ], [ -51.2073511, -29.9946592 ], [ -51.2066204, -29.9948603 ], [ -51.2069489, -29.9958859 ], [ -51.2075053, -29.9957384 ], [ -51.2077734, -29.9982386 ], [ -51.2102736, -30.0054461 ], [ -51.215873, -30.0161478 ], [ -51.2197254, -30.0197287 ], [ -51.218976399999988, -30.0208741 ], [ -51.219905, -30.021682499999983 ], [ -51.220111599999989, -30.0216825 ], [ -51.2209743, -30.020854799999984 ], [ -51.2214159, -30.021245699999987 ], [ -51.220998599999987, -30.0227487 ], [ -51.221869599999984, -30.02317 ], [ -51.2222139, -30.0219709 ], [ -51.223615599999988, -30.0226474 ], [ -51.223599399999983, -30.0240004 ], [ -51.2244825, -30.0244217 ], [ -51.2244987, -30.0233077 ], [ -51.225726099999989, -30.0239113 ], [ -51.2257099, -30.0250253 ], [ -51.2262933, -30.025304899999988 ], [ -51.2263014, -30.0243812 ], [ -51.2272129, -30.0248147 ], [ -51.2271926, -30.025661299999989 ], [ -51.2277638, -30.0256735 ], [ -51.227767799999988, -30.0250901 ], [ -51.2410126, -30.0315636 ], [ -51.2412192, -30.0318452 ], [ -51.2412243, -30.032417400000011 ], [ -51.2406531, -30.0327739 ], [ -51.240867800000011, -30.0328731 ], [ -51.2414876, -30.0325268 ], [ -51.2412719, -30.0327232 ], [ -51.241663799999984, -30.0327708 ], [ -51.2418927, -30.0329542 ], [ -51.2419058, -30.0332266 ], [ -51.2417519, -30.0335405 ], [ -51.241316399999988, -30.0338423 ], [ -51.2422461, -30.03413 ], [ -51.242207599999986, -30.034257600000011 ], [ -51.2419372, -30.0341664 ], [ -51.2417063, -30.0347893 ], [ -51.2424264, -30.0348348 ], [ -51.2426546, -30.0351281 ], [ -51.2502406, -30.0352996 ], [ -51.250835899999984, -30.0355511 ], [ -51.251191899999988, -30.0361669 ], [ -51.251974399999987, -30.0387523 ] ] ] ] } },
{ "type": "Feature", "properties": { "code_muni": 4314902.0, "name_muni": "Porto Alegre", "code_neighborhood": 4314902034.0, "name_neighborhood": "Cascata", "code_district": 431490205.0, "name_district": "Porto Alegre", "code_subdistrict": 43149020500.0, "name_subdistrict": null, "code_state": 43.0, "abbrev_state": "RS", "name_state": "Rio Grande do Sul", "code_region": 4.0, "name_region": "Sul", "year": 2022.0 }, "geometry": { "type": "Polygon", "coordinates": [ [ [ -51.180032499999989, -30.0975592 ], [ -51.180934199999989, -30.0977201 ], [ -51.1833794, -30.0989559 ], [ -51.1842094, -30.0991401 ], [ -51.1865301, -30.1008889 ], [ -51.1869999, -30.10165 ], [ -51.1910232, -30.1015075 ], [ -51.1928963, -30.0942429 ], [ -51.1924753, -30.0943122 ], [ -51.1916923, -30.0933935 ], [ -51.186416099999988, -30.0896552 ], [ -51.1853977, -30.0899433 ], [ -51.1850795, -30.0892666 ], [ -51.1856088, -30.0890957 ], [ -51.184939899999989, -30.0886192 ], [ -51.18452, -30.0876752 ], [ -51.185529599999988, -30.0873374 ], [ -51.1857631, -30.0855613 ], [ -51.1863878, -30.0840695 ], [ -51.185764, -30.083081499999988 ], [ -51.1846032, -30.0829266 ], [ -51.1835162, -30.0811007 ], [ -51.1828563, -30.0808087 ], [ -51.1833585, -30.0805013 ], [ -51.1836006, -30.0801596 ], [ -51.1831568, -30.0795324 ], [ -51.182094199999987, -30.0798613 ], [ -51.1766429, -30.0834142 ], [ -51.1771079, -30.0840369 ], [ -51.173945699999983, -30.0860666 ], [ -51.1735512, -30.0855131 ], [ -51.1697321, -30.0879429 ], [ -51.163839, -30.0873808 ], [ -51.1521694, -30.0925942 ], [ -51.1524387, -30.0931308 ], [ -51.152215399999982, -30.0950695 ], [ -51.1536394, -30.0964009 ], [ -51.1538441, -30.0967478 ], [ -51.1534979, -30.0987981 ], [ -51.1537453, -30.0993487 ], [ -51.1539561, -30.1008225 ], [ -51.154804899999988, -30.1007443 ], [ -51.1574629, -30.100923899999984 ], [ -51.1588263, -30.1011613 ], [ -51.1608285, -30.100954 ], [ -51.1640004, -30.101023 ], [ -51.1645713, -30.1012525 ], [ -51.1650364, -30.1016539 ], [ -51.1661137, -30.1013732 ], [ -51.1668479, -30.1016498 ], [ -51.1674, -30.1016284 ], [ -51.168330399999988, -30.10149190000001 ], [ -51.1690594, -30.1011387 ], [ -51.1695085, -30.1007546 ], [ -51.170237199999988, -30.1006114 ], [ -51.1711065, -30.0994981 ], [ -51.172193899999989, -30.100057 ], [ -51.1724864, -30.1000703 ], [ -51.1730319, -30.0991984 ], [ -51.1733816, -30.0989114 ], [ -51.175789099999989, -30.097762 ], [ -51.1766167, -30.0979961 ], [ -51.1769527, -30.0979586 ], [ -51.1777994, -30.0972908 ], [ -51.178039, -30.0967 ], [ -51.180032499999989, -30.0975592 ] ] ] } },
{ "type": "Feature", "properties": { "code_muni": 4314902.0, "name_muni": "Porto Alegre", "code_neighborhood": 4314902035.0, "name_neighborhood": "Agronomia", "code_district": 431490205.0, "name_district": "Porto Alegre", "code_subdistrict": 43149020500.0, "name_subdistrict": null, "code_state": 43.0, "abbrev_state": "RS", "name_state": "Rio Grande do Sul", "code_region": 4.0, "name_region": "Sul", "year": 2022.0 }, "geometry": { "type": "Polygon", "coordinates": [ [ [ -51.1494598, -30.075229 ], [ -51.1486425, -30.0753068 ], [ -51.150484299999988, -30.0707168 ], [ -51.150483, -30.0701322 ], [ -51.1508482, -30.0691399 ], [ -51.1507683, -30.0683924 ], [ -51.1516848, -30.068089 ], [ -51.1516467, -30.065463399999977 ], [ -51.1512986, -30.0656308 ], [ -51.1501517, -30.0639367 ], [ -51.149733, -30.0650538 ], [ -51.149099799999988, -30.0659743 ], [ -51.148046, -30.0667182 ], [ -51.1470201, -30.0671475 ], [ -51.1430311, -30.0681568 ], [ -51.142764199999988, -30.067083899999986 ], [ -51.1416182, -30.0666673 ], [ -51.1413532, -30.066076699999989 ], [ -51.14072, -30.0658495 ], [ -51.1400936, -30.0652159 ], [ -51.139578199999988, -30.0651115 ], [ -51.1384056, -30.065251 ], [ -51.137388, -30.0637349 ], [ -51.1362593, -30.0538965 ], [ -51.1324376, -30.053769499999987 ], [ -51.1300386, -30.0540084 ], [ -51.1297061, -30.0538589 ], [ -51.1298302, -30.053209 ], [ -51.1296051, -30.0529854 ], [ -51.1282199, -30.0529426 ], [ -51.1276867, -30.0533826 ], [ -51.1270164, -30.0537141 ], [ -51.1266138, -30.0536844 ], [ -51.1264052, -30.0535016 ], [ -51.125805299999989, -30.0533551 ], [ -51.1205721, -30.0552841 ], [ -51.1220273, -30.055385399999981 ], [ -51.1224301, -30.0559389 ], [ -51.1218345, -30.056855 ], [ -51.1206885, -30.0572151 ], [ -51.118427, -30.0571666 ], [ -51.1183554, -30.061792 ], [ -51.11768619999998, -30.0621451 ], [ -51.1174254, -30.0630483 ], [ -51.1204234, -30.0631044 ], [ -51.1204199, -30.0654607 ], [ -51.1202046, -30.0661766 ], [ -51.1203637, -30.066830299999985 ], [ -51.1187645, -30.0673736 ], [ -51.1183008, -30.0677976 ], [ -51.1181191, -30.0683253 ], [ -51.1180887, -30.0693409 ], [ -51.117744899999984, -30.0714288 ], [ -51.1171594, -30.0730596 ], [ -51.1169637, -30.0731816 ], [ -51.1165656, -30.073146 ], [ -51.1157437, -30.07255 ], [ -51.1147536, -30.0726177 ], [ -51.113794, -30.0733335 ], [ -51.1110425, -30.076328 ], [ -51.110021, -30.0770187 ], [ -51.1094312, -30.0777123 ], [ -51.1092383, -30.0783264 ], [ -51.110562599999987, -30.0789667 ], [ -51.111377, -30.0798842 ], [ -51.1121772, -30.0802637 ], [ -51.112682299999989, -30.0801971 ], [ -51.115522899999988, -30.0791381 ], [ -51.1185515, -30.0786458 ], [ -51.1207961, -30.07743 ], [ -51.1231101, -30.076859 ], [ -51.125251, -30.076815099999987 ], [ -51.1268998, -30.0769709 ], [ -51.128496899999988, -30.0769522 ], [ -51.1333899, -30.0757476 ], [ -51.134963199999987, -30.0750477 ], [ -51.1352182, -30.0753994 ], [ -51.136565399999981, -30.0754651 ], [ -51.136762499999982, -30.0758101 ], [ -51.1371076, -30.0758101 ], [ -51.1372226, -30.0762373 ], [ -51.137699, -30.0764016 ], [ -51.137699, -30.0770095 ], [ -51.136762499999982, -30.0775024 ], [ -51.1364668, -30.0780774 ], [ -51.1366147, -30.0792932 ], [ -51.1360725, -30.0794411 ], [ -51.1357603, -30.0799504 ], [ -51.136696799999989, -30.0813962 ], [ -51.1370911, -30.081544 ], [ -51.1372801, -30.081790499999979 ], [ -51.1370911, -30.0821684 ], [ -51.136696799999989, -30.082513399999986 ], [ -51.1368693, -30.0830391 ], [ -51.136779, -30.0832363 ], [ -51.1365654, -30.083302 ], [ -51.136598299999989, -30.0835649 ], [ -51.1364175, -30.0837949 ], [ -51.1364139, -30.0846103 ], [ -51.1371113, -30.0844386 ], [ -51.138742799999989, -30.084662 ], [ -51.1390729, -30.0848522 ], [ -51.1402455, -30.0861194 ], [ -51.1422524, -30.0876984 ], [ -51.1430558, -30.0888676 ], [ -51.144019, -30.0896813 ], [ -51.1450027, -30.0899817 ], [ -51.1453059, -30.0901895 ], [ -51.1461198, -30.0915236 ], [ -51.146490799999988, -30.0919199 ], [ -51.1469956, -30.0921966 ], [ -51.1478517, -30.0925559 ], [ -51.1487216, -30.0909452 ], [ -51.1521694, -30.0925942 ], [ -51.156471499999988, -30.079245300000011 ], [ -51.1563083, -30.0788373 ], [ -51.1559607, -30.0787073 ], [ -51.1563959, -30.0780183 ], [ -51.1566921, -30.0779578 ], [ -51.157161699999982, -30.076542 ], [ -51.1580378, -30.0756617 ], [ -51.157616, -30.0756709 ], [ -51.1544342, -30.07656609999998 ], [ -51.1539485, -30.0764086 ], [ -51.1529089, -30.0763876 ], [ -51.151688199999988, -30.0759439 ], [ -51.1506906, -30.0758494 ], [ -51.1503913, -30.0757522 ], [ -51.1499113, -30.0753224 ], [ -51.1494598, -30.075229 ] ] ] } },
{ "type": "Feature", "properties": { "code_muni": 4314902.0, "name_muni": "Porto Alegre", "code_neighborhood": 4314902036.0, "name_neighborhood": "Centro Histórico", "code_district": 431490205.0, "name_district": "Porto Alegre", "code_subdistrict": 43149020500.0, "name_subdistrict": null, "code_state": 43.0, "abbrev_state": "RS", "name_state": "Rio Grande do Sul", "code_region": 4.0, "name_region": "Sul", "year": 2022.0 }, "geometry": { "type": "Polygon", "coordinates": [ [ [ -51.2310891, -30.0374856 ], [ -51.2329787, -30.0373158 ], [ -51.2370735, -30.0372658 ], [ -51.2393851, -30.0370164 ], [ -51.2401852, -30.0367033 ], [ -51.2408095, -30.0362551 ], [ -51.2410094, -30.0356907 ], [ -51.2406326, -30.034563 ], [ -51.2426575, -30.0352021 ], [ -51.2424264, -30.0348348 ], [ -51.2417063, -30.0347893 ], [ -51.2419372, -30.0341664 ], [ -51.242207599999986, -30.034257600000011 ], [ -51.2422461, -30.03413 ], [ -51.241316399999988, -30.0338423 ], [ -51.2418471, -30.0334048 ], [ -51.2418927, -30.0329542 ], [ -51.241663799999984, -30.0327708 ], [ -51.2412719, -30.0327232 ], [ -51.2414876, -30.0325268 ], [ -51.240867800000011, -30.0328731 ], [ -51.2406531, -30.0327739 ], [ -51.2412243, -30.032417400000011 ], [ -51.2412192, -30.0318452 ], [ -51.2410126, -30.0315636 ], [ -51.227767799999988, -30.0250901 ], [ -51.2277638, -30.0256735 ], [ -51.2271926, -30.025661299999989 ], [ -51.2272129, -30.0248147 ], [ -51.2263014, -30.0243812 ], [ -51.2262933, -30.025304899999988 ], [ -51.2257099, -30.0250253 ], [ -51.225726099999989, -30.0239113 ], [ -51.2244987, -30.0233077 ], [ -51.2244825, -30.0244217 ], [ -51.223599399999983, -30.0240004 ], [ -51.223615599999988, -30.0226474 ], [ -51.2222139, -30.0219709 ], [ -51.221869599999984, -30.02317 ], [ -51.220998599999987, -30.0227487 ], [ -51.2214159, -30.021245699999987 ], [ -51.2209743, -30.020854799999984 ], [ -51.220111599999989, -30.0216825 ], [ -51.219905, -30.021682499999983 ], [ -51.218908, -30.0208186 ], [ -51.2180286, -30.021343099999985 ], [ -51.2181498, -30.0217533 ], [ -51.2179773, -30.022858 ], [ -51.2189748, -30.0237992 ], [ -51.2192353, -30.0244405 ], [ -51.2189087, -30.0254223 ], [ -51.2195884, -30.0269415 ], [ -51.2193752, -30.0304314 ], [ -51.2215901, -30.0339764 ], [ -51.2214771, -30.0341503 ], [ -51.220677699999989, -30.0342479 ], [ -51.2209411, -30.034537 ], [ -51.2216542, -30.0348903 ], [ -51.2234543, -30.035120700000011 ], [ -51.2242104, -30.03538240000001 ], [ -51.227021, -30.0382962 ], [ -51.227761799999989, -30.0386877 ], [ -51.2290196, -30.0386112 ], [ -51.2305195, -30.0376506 ], [ -51.2310891, -30.0374856 ] ] ] } },
{ "type": "Feature", "properties": { "code_muni": 4314902.0, "name_muni": "Porto Alegre", "code_neighborhood": 4314902037.0, "name_neighborhood": "Belém Velho", "code_district": 431490205.0, "name_district": "Porto Alegre", "code_subdistrict": 43149020500.0, "name_subdistrict": null, "code_state": 43.0, "abbrev_state": "RS", "name_state": "Rio Grande do Sul", "code_region": 4.0, "name_region": "Sul", "year": 2022.0 }, "geometry": { "type": "Polygon", "coordinates": [ [ [ -51.1733297, -30.1250378 ], [ -51.1733269, -30.1254789 ], [ -51.173541899999982, -30.125845 ], [ -51.174161, -30.1263633 ], [ -51.1756995, -30.127078699999984 ], [ -51.1762616, -30.1281193 ], [ -51.1762849, -30.1285697 ], [ -51.175974299999986, -30.1298402 ], [ -51.176089, -30.1309899 ], [ -51.1758071, -30.1334253 ], [ -51.1766072, -30.1320851 ], [ -51.1771965, -30.1314537 ], [ -51.1814897, -30.1278323 ], [ -51.1826467, -30.127392 ], [ -51.184619, -30.127396 ], [ -51.185984, -30.127047 ], [ -51.1867702, -30.1265303 ], [ -51.188234899999983, -30.125012899999987 ], [ -51.1898234, -30.1241468 ], [ -51.1918014, -30.122802 ], [ -51.192729899999989, -30.1223529 ], [ -51.1939958, -30.1221696 ], [ -51.1937005, -30.121389 ], [ -51.1920072, -30.1183287 ], [ -51.189164, -30.1184808 ], [ -51.1874771, -30.1180333 ], [ -51.1842695, -30.1175474 ], [ -51.185222, -30.1138794 ], [ -51.1850364, -30.1130947 ], [ -51.1851603, -30.1118352 ], [ -51.1843478, -30.111787 ], [ -51.178039, -30.0967 ], [ -51.1777994, -30.0972908 ], [ -51.1769527, -30.0979586 ], [ -51.176541699999987, -30.0979806 ], [ -51.1759613, -30.0977482 ], [ -51.1756626, -30.0978123 ], [ -51.173311399999982, -30.0989585 ], [ -51.1724362, -30.1000851 ], [ -51.1711065, -30.0994981 ], [ -51.170237199999988, -30.1006114 ], [ -51.1695085, -30.1007546 ], [ -51.1690594, -30.1011387 ], [ -51.168288, -30.1015048 ], [ -51.166877, -30.101653 ], [ -51.1660651, -30.101375 ], [ -51.165078599999987, -30.101660799999987 ], [ -51.1645713, -30.1012525 ], [ -51.1640004, -30.101023 ], [ -51.1608285, -30.100954 ], [ -51.1588263, -30.1011613 ], [ -51.1574986, -30.1009271 ], [ -51.1544696, -30.1007463 ], [ -51.1520273, -30.101266 ], [ -51.149064299999985, -30.1031668 ], [ -51.1476274, -30.1134354 ], [ -51.1469316, -30.1143628 ], [ -51.1468998, -30.1151395 ], [ -51.1475834, -30.1156442 ], [ -51.1470777, -30.1167398 ], [ -51.1471048, -30.1176602 ], [ -51.1483701, -30.118210799999989 ], [ -51.1490295, -30.1183123 ], [ -51.149812, -30.1186404 ], [ -51.150673, -30.119473 ], [ -51.1524211, -30.1207527 ], [ -51.1544898, -30.1202465 ], [ -51.1561312, -30.1207335 ], [ -51.157598899999989, -30.1199514 ], [ -51.1598851, -30.1225677 ], [ -51.161967399999988, -30.1243423 ], [ -51.16259, -30.124694 ], [ -51.1642348, -30.1252762 ], [ -51.1654149, -30.125315 ], [ -51.1680464, -30.1248503 ], [ -51.1708923, -30.1251625 ], [ -51.1724015, -30.124663 ], [ -51.1736079, -30.1244854 ], [ -51.1733297, -30.1250378 ] ] ] } },
{ "type": "Feature", "properties": { "code_muni": 4314902.0, "name_muni": "Porto Alegre", "code_neighborhood": 4314902038.0, "name_neighborhood": "Bom Fim", "code_district": 431490205.0, "name_district": "Porto Alegre", "code_subdistrict": 43149020500.0, "name_subdistrict": null, "code_state": 43.0, "abbrev_state": "RS", "name_state": "Rio Grande do Sul", "code_region": 4.0, "name_region": "Sul", "year": 2022.0 }, "geometry": { "type": "Polygon", "coordinates": [ [ [ -51.2088962, -30.0368045 ], [ -51.2157482, -30.0333543 ], [ -51.220529299999988, -30.0323054 ], [ -51.219416, -30.0305248 ], [ -51.2172786, -30.030475 ], [ -51.214186299999987, -30.0312212 ], [ -51.2139314, -30.0293316 ], [ -51.2135023, -30.0299371 ], [ -51.2124903, -30.0300185 ], [ -51.211903799999988, -30.0294093 ], [ -51.2108573, -30.0317438 ], [ -51.2107918, -30.0302402 ], [ -51.208481199999987, -30.0302023 ], [ -51.2083358, -30.0369591 ], [ -51.2088962, -30.0368045 ] ] ] } },
{ "type": "Feature", "properties": { "code_muni": 4314902.0, "name_muni": "Porto Alegre", "code_neighborhood": 4314902039.0, "name_neighborhood": "Independência", "code_district": 431490205.0, "name_district": "Porto Alegre", "code_subdistrict": 43149020500.0, "name_subdistrict": null, "code_state": 43.0, "abbrev_state": "RS", "name_state": "Rio Grande do Sul", "code_region": 4.0, "name_region": "Sul", "year": 2022.0 }, "geometry": { "type": "Polygon", "coordinates": [ [ [ -51.214186299999987, -30.0312212 ], [ -51.2172786, -30.030475 ], [ -51.219416, -30.0305248 ], [ -51.2195623, -30.0279173 ], [ -51.2156898, -30.0276938 ], [ -51.2104295, -30.023911 ], [ -51.2085601, -30.028664799999987 ], [ -51.208481199999987, -30.0302023 ], [ -51.2107918, -30.0302402 ], [ -51.2108573, -30.0317438 ], [ -51.211903799999988, -30.0294093 ], [ -51.2124903, -30.0300185 ], [ -51.2135023, -30.0299371 ], [ -51.2139314, -30.0293316 ], [ -51.214186299999987, -30.0312212 ] ] ] } },
{ "type": "Feature", "properties": { "code_muni": 4314902.0, "name_muni": "Porto Alegre", "code_neighborhood": 4314902040.0, "name_neighborhood": "Floresta", "code_district": 431490205.0, "name_district": "Porto Alegre", "code_subdistrict": 43149020500.0, "name_subdistrict": null, "code_state": 43.0, "abbrev_state": "RS", "name_state": "Rio Grande do Sul", "code_region": 4.0, "name_region": "Sul", "year": 2022.0 }, "geometry": { "type": "Polygon", "coordinates": [ [ [ -51.2195623, -30.0279173 ], [ -51.2195725, -30.0268793 ], [ -51.2189087, -30.0254223 ], [ -51.219219099999989, -30.0245733 ], [ -51.2191586, -30.024182 ], [ -51.2189748, -30.0237992 ], [ -51.2179773, -30.022858 ], [ -51.2181498, -30.0217533 ], [ -51.2180286, -30.021343099999985 ], [ -51.218976399999988, -30.0208741 ], [ -51.2197254, -30.0197287 ], [ -51.215873, -30.0161478 ], [ -51.2128452, -30.0103571 ], [ -51.2106312, -30.0112669 ], [ -51.211127399999988, -30.012377 ], [ -51.2055852, -30.0134642 ], [ -51.2054241, -30.0141701 ], [ -51.204803, -30.014068899999987 ], [ -51.20461, -30.0141786 ], [ -51.204411, -30.0139939 ], [ -51.2026128, -30.0136939 ], [ -51.2025047, -30.0141784 ], [ -51.1967812, -30.0162384 ], [ -51.1977732, -30.0179152 ], [ -51.205264299999989, -30.0183345 ], [ -51.2085469, -30.0220367 ], [ -51.2104295, -30.023911 ], [ -51.2156898, -30.0276938 ], [ -51.2195623, -30.0279173 ] ] ] } },
{ "type": "Feature", "properties": { "code_muni": 4314902.0, "name_muni": "Porto Alegre", "code_neighborhood": 4314902041.0, "name_neighborhood": "Moinhos de Vento", "code_district": 431490205.0, "name_district": "Porto Alegre", "code_subdistrict": 43149020500.0, "name_subdistrict": null, "code_state": 43.0, "abbrev_state": "RS", "name_state": "Rio Grande do Sul", "code_region": 4.0, "name_region": "Sul", "year": 2022.0 }, "geometry": { "type": "Polygon", "coordinates": [ [ [ -51.2085007, -30.0289836 ], [ -51.2104295, -30.023911 ], [ -51.2085469, -30.0220367 ], [ -51.205449599999987, -30.018443299999984 ], [ -51.205104, -30.0183058 ], [ -51.197641, -30.0179043 ], [ -51.1960303, -30.0282811 ], [ -51.2085007, -30.0289836 ] ] ] } },
{ "type": "Feature", "properties": { "code_muni": 4314902.0, "name_muni": "Porto Alegre", "code_neighborhood": 4314902042.0, "name_neighborhood": "Rio Branco", "code_district": 431490205.0, "name_district": "Porto Alegre", "code_subdistrict": 43149020500.0, "name_subdistrict": null, "code_state": 43.0, "abbrev_state": "RS", "name_state": "Rio Grande do Sul", "code_region": 4.0, "name_region": "Sul", "year": 2022.0 }, "geometry": { "type": "Polygon", "coordinates": [ [ [ -51.2017497, -30.0388786 ], [ -51.2049299, -30.0374714 ], [ -51.2083358, -30.0369591 ], [ -51.2085007, -30.0289836 ], [ -51.1960303, -30.0282811 ], [ -51.1958663, -30.0292646 ], [ -51.1959491, -30.034075 ], [ -51.1957174, -30.03477 ], [ -51.195907, -30.0402952 ], [ -51.1974398, -30.0400708 ], [ -51.2017497, -30.0388786 ] ] ] } },
{ "type": "Feature", "properties": { "code_muni": 4314902.0, "name_muni": "Porto Alegre", "code_neighborhood": 4314902043.0, "name_neighborhood": "Bela Vista", "code_district": 431490205.0, "name_district": "Porto Alegre", "code_subdistrict": 43149020500.0, "name_subdistrict": null, "code_state": 43.0, "abbrev_state": "RS", "name_state": "Rio Grande do Sul", "code_region": 4.0, "name_region": "Sul", "year": 2022.0 }, "geometry": { "type": "Polygon", "coordinates": [ [ [ -51.1944521, -30.0385142 ], [ -51.195878699999987, -30.0389505 ], [ -51.1957174, -30.03477 ], [ -51.1959491, -30.034075 ], [ -51.1958663, -30.0292646 ], [ -51.195305, -30.0292311 ], [ -51.195314599999982, -30.0287674 ], [ -51.194561099999987, -30.028693199999989 ], [ -51.1945098, -30.0294632 ], [ -51.1929583, -30.0294998 ], [ -51.1929758, -30.030686799999987 ], [ -51.1900869, -30.0306678 ], [ -51.1895594, -30.0305564 ], [ -51.1895687, -30.031297 ], [ -51.1867851, -30.0305694 ], [ -51.1869084, -30.0293097 ], [ -51.1851882, -30.029188 ], [ -51.1852343, -30.0285223 ], [ -51.1818278, -30.0273318 ], [ -51.180906799999988, -30.029485 ], [ -51.1821104, -30.0298247 ], [ -51.1831535, -30.030612399999988 ], [ -51.185621, -30.0353914 ], [ -51.187709, -30.0375091 ], [ -51.1893379, -30.0382444 ], [ -51.190155399999988, -30.0384288 ], [ -51.1944521, -30.0385142 ] ] ] } },
{ "type": "Feature", "properties": { "code_muni": 4314902.0, "name_muni": "Porto Alegre", "code_neighborhood": 4314902044.0, "name_neighborhood": "Mont’Serrat", "code_district": 431490205.0, "name_district": "Porto Alegre", "code_subdistrict": 43149020500.0, "name_subdistrict": null, "code_state": 43.0, "abbrev_state": "RS", "name_state": "Rio Grande do Sul", "code_region": 4.0, "name_region": "Sul", "year": 2022.0 }, "geometry": { "type": "Polygon", "coordinates": [ [ [ -51.1945098, -30.0294632 ], [ -51.194561099999987, -30.028693199999989 ], [ -51.195314599999982, -30.0287674 ], [ -51.195305, -30.0292311 ], [ -51.1958663, -30.0292646 ], [ -51.1965795, -30.0248178 ], [ -51.1856598, -30.0238162 ], [ -51.1856039, -30.024375 ], [ -51.185102399999984, -30.0243499 ], [ -51.183615399999987, -30.0237836 ], [ -51.1818278, -30.0273318 ], [ -51.1852343, -30.0285223 ], [ -51.1851882, -30.029188 ], [ -51.1869084, -30.0293097 ], [ -51.1867851, -30.0305694 ], [ -51.1895687, -30.031297 ], [ -51.1895594, -30.0305564 ], [ -51.1900869, -30.0306678 ], [ -51.1929758, -30.030686799999987 ], [ -51.1929583, -30.0294998 ], [ -51.1945098, -30.0294632 ] ] ] } },
{ "type": "Feature", "properties": { "code_muni": 4314902.0, "name_muni": "Porto Alegre", "code_neighborhood": 4314902045.0, "name_neighborhood": "Auxiliadora", "code_district": 431490205.0, "name_district": "Porto Alegre", "code_subdistrict": 43149020500.0, "name_subdistrict": null, "code_state": 43.0, "abbrev_state": "RS", "name_state": "Rio Grande do Sul", "code_region": 4.0, "name_region": "Sul", "year": 2022.0 }, "geometry": { "type": "Polygon", "coordinates": [ [ [ -51.1856598, -30.0238162 ], [ -51.1965795, -30.0248178 ], [ -51.197641, -30.0179043 ], [ -51.1896915, -30.0176392 ], [ -51.1865083, -30.0173999 ], [ -51.186178, -30.0197569 ], [ -51.1845834, -30.0219202 ], [ -51.183615399999987, -30.0237836 ], [ -51.185102399999984, -30.0243499 ], [ -51.1856039, -30.024375 ], [ -51.1856598, -30.0238162 ] ] ] } },
{ "type": "Feature", "properties": { "code_muni": 4314902.0, "name_muni": "Porto Alegre", "code_neighborhood": 4314902046.0, "name_neighborhood": "São João", "code_district": 431490205.0, "name_district": "Porto Alegre", "code_subdistrict": 43149020500.0, "name_subdistrict": null, "code_state": 43.0, "abbrev_state": "RS", "name_state": "Rio Grande do Sul", "code_region": 4.0, "name_region": "Sul", "year": 2022.0 }, "geometry": { "type": "Polygon", "coordinates": [ [ [ -51.1967812, -30.0162384 ], [ -51.1939843, -30.0121556 ], [ -51.1923602, -30.0090255 ], [ -51.1920599, -30.0079443 ], [ -51.1937626, -30.0074398 ], [ -51.1903727, -29.9981263 ], [ -51.1898749, -29.997124 ], [ -51.1897311, -29.9961641 ], [ -51.1870021, -29.9935261 ], [ -51.1864084, -29.9935536 ], [ -51.186385, -29.994824899999983 ], [ -51.1860481, -29.9954459 ], [ -51.1863264, -29.9973059 ], [ -51.1878216, -29.9997169 ], [ -51.187577199999986, -29.9998157 ], [ -51.188275499999989, -30.000948 ], [ -51.187353099999989, -30.0026603 ], [ -51.1851561, -30.0032254 ], [ -51.1826872, -30.0032404 ], [ -51.1824964, -30.0085039 ], [ -51.181856799999984, -30.0085772 ], [ -51.1817815, -30.0115318 ], [ -51.1842274, -30.0115879 ], [ -51.185522, -30.0117944 ], [ -51.1919578, -30.0141714 ], [ -51.1918558, -30.0145613 ], [ -51.1920138, -30.0157746 ], [ -51.1918214, -30.0177036 ], [ -51.1977732, -30.0179152 ], [ -51.1967812, -30.0162384 ] ] ] } },
{ "type": "Feature", "properties": { "code_muni": 4314902.0, "name_muni": "Porto Alegre", "code_neighborhood": 4314902047.0, "name_neighborhood": "São Geraldo", "code_district": 431490205.0, "name_district": "Porto Alegre", "code_subdistrict": 43149020500.0, "name_subdistrict": null, "code_state": 43.0, "abbrev_state": "RS", "name_state": "Rio Grande do Sul", "code_region": 4.0, "name_region": "Sul", "year": 2022.0 }, "geometry": { "type": "Polygon", "coordinates": [ [ [ -51.2054241, -30.0141701 ], [ -51.2055852, -30.0134642 ], [ -51.211127399999988, -30.012377 ], [ -51.2106312, -30.0112669 ], [ -51.2128452, -30.0103571 ], [ -51.2102736, -30.0054461 ], [ -51.2093309, -30.002687 ], [ -51.1920599, -30.0079443 ], [ -51.1923602, -30.0090255 ], [ -51.1935249, -30.0114046 ], [ -51.1967812, -30.0162384 ], [ -51.2025047, -30.0141784 ], [ -51.2026128, -30.0136939 ], [ -51.204411, -30.0139939 ], [ -51.20461, -30.0141786 ], [ -51.204803, -30.014068899999987 ], [ -51.2054241, -30.0141701 ] ] ] } },
{ "type": "Feature", "properties": { "code_muni": 4314902.0, "name_muni": "Porto Alegre", "code_neighborhood": 4314902048.0, "name_neighborhood": "Navegantes", "code_district": 431490205.0, "name_district": "Porto Alegre", "code_subdistrict": 43149020500.0, "name_subdistrict": null, "code_state": 43.0, "abbrev_state": "RS", "name_state": "Rio Grande do Sul", "code_region": 4.0, "name_region": "Sul", "year": 2022.0 }, "geometry": { "type": "Polygon", "coordinates": [ [ [ -51.1937626, -30.0074398 ], [ -51.2093309, -30.002687 ], [ -51.2077734, -29.9982386 ], [ -51.2075053, -29.9957384 ], [ -51.2069489, -29.9958859 ], [ -51.2066204, -29.9948603 ], [ -51.2073511, -29.9946592 ], [ -51.2072271, -29.9942872 ], [ -51.2064864, -29.9944648 ], [ -51.2063155, -29.993952 ], [ -51.207049399999988, -29.9937677 ], [ -51.2068484, -29.9933152 ], [ -51.206727699999988, -29.9933488 ], [ -51.205987, -29.9910194 ], [ -51.2061207, -29.990989 ], [ -51.2060993, -29.9908636 ], [ -51.2052195, -29.9881991 ], [ -51.2048019, -29.987875099999989 ], [ -51.203775099999987, -29.9885306 ], [ -51.2031029, -29.9887672 ], [ -51.202709899999988, -29.9888149 ], [ -51.2024104, -29.988638399999985 ], [ -51.201756, -29.9886938 ], [ -51.2004586, -29.9885409 ], [ -51.1978053, -29.9894849 ], [ -51.197422499999988, -29.9897065 ], [ -51.1968246, -29.9910499 ], [ -51.1958965, -29.9921123 ], [ -51.1963711, -29.9937313 ], [ -51.1983431, -29.9932763 ], [ -51.1995404, -29.99722 ], [ -51.1974814, -29.9971217 ], [ -51.1976276, -29.9975665 ], [ -51.192833299999982, -29.9973022 ], [ -51.1913619, -29.9969645 ], [ -51.1897311, -29.9961641 ], [ -51.1898749, -29.997124 ], [ -51.1903727, -29.9981263 ], [ -51.1937626, -30.0074398 ] ] ] } },
{ "type": "Feature", "properties": { "code_muni": 4314902.0, "name_muni": "Porto Alegre", "code_neighborhood": 4314902049.0, "name_neighborhood": "Higienópolis", "code_district": 431490205.0, "name_district": "Porto Alegre", "code_subdistrict": 43149020500.0, "name_subdistrict": null, "code_state": 43.0, "abbrev_state": "RS", "name_state": "Rio Grande do Sul", "code_region": 4.0, "name_region": "Sul", "year": 2022.0 }, "geometry": { "type": "Polygon", "coordinates": [ [ [ -51.186178, -30.0197569 ], [ -51.1865083, -30.0173999 ], [ -51.1918214, -30.0177036 ], [ -51.1920138, -30.0157746 ], [ -51.1918558, -30.0145613 ], [ -51.1919578, -30.0141714 ], [ -51.1849549, -30.0116511 ], [ -51.1806148, -30.0115228 ], [ -51.180632, -30.0109719 ], [ -51.1788093, -30.0109183 ], [ -51.1781108, -30.0196294 ], [ -51.1838391, -30.0217639 ], [ -51.1845834, -30.0219202 ], [ -51.186178, -30.0197569 ] ] ] } },
{ "type": "Feature", "properties": { "code_muni": 4314902.0, "name_muni": "Porto Alegre", "code_neighborhood": 4314902050.0, "name_neighborhood": "Passo da Areia", "code_district": 431490205.0, "name_district": "Porto Alegre", "code_subdistrict": 43149020500.0, "name_subdistrict": null, "code_state": 43.0, "abbrev_state": "RS", "name_state": "Rio Grande do Sul", "code_region": 4.0, "name_region": "Sul", "year": 2022.0 }, "geometry": { "type": "Polygon", "coordinates": [ [ [ -51.1715885, -30.0186179 ], [ -51.1751412, -30.018829300000011 ], [ -51.1753037, -30.0184767 ], [ -51.1766641, -30.018912 ], [ -51.1781108, -30.0196294 ], [ -51.1788093, -30.0109183 ], [ -51.180632, -30.0109719 ], [ -51.1806148, -30.0115228 ], [ -51.1817815, -30.0115318 ], [ -51.181856799999984, -30.0085772 ], [ -51.1788895, -30.0087493 ], [ -51.1787251, -30.00863 ], [ -51.1763945, -30.0084318 ], [ -51.1739868, -30.007975700000017 ], [ -51.1727876, -30.0080274 ], [ -51.169322799999989, -30.0077932 ], [ -51.169187, -30.007906 ], [ -51.1670503, -30.007553 ], [ -51.16691, -30.0076305 ], [ -51.16614, -30.0117045 ], [ -51.162025299999989, -30.0109723 ], [ -51.1608252, -30.0195612 ], [ -51.161490499999985, -30.0203455 ], [ -51.1639133, -30.0205799 ], [ -51.1652721, -30.0203538 ], [ -51.1672941, -30.0213215 ], [ -51.1711739, -30.0219515 ], [ -51.1715885, -30.0186179 ] ] ] } },
{ "type": "Feature", "properties": { "code_muni": 4314902.0, "name_muni": "Porto Alegre", "code_neighborhood": 4314902051.0, "name_neighborhood": "Cristo Redentor", "code_district": 431490205.0, "name_district": "Porto Alegre", "code_subdistrict": 43149020500.0, "name_subdistrict": null, "code_state": 43.0, "abbrev_state": "RS", "name_state": "Rio Grande do Sul", "code_region": 4.0, "name_region": "Sul", "year": 2022.0 }, "geometry": { "type": "Polygon", "coordinates": [ [ [ -51.1610594, -30.0180898 ], [ -51.162025299999989, -30.0109723 ], [ -51.1622694, -30.0110058 ], [ -51.162748, -30.0080321 ], [ -51.1633612, -30.00689920000001 ], [ -51.1635092, -30.0054179 ], [ -51.162853299999981, -30.0045796 ], [ -51.1623963, -30.004307399999984 ], [ -51.1618301, -30.0042035 ], [ -51.1602526, -30.0048573 ], [ -51.1599369, -30.004435 ], [ -51.1591524, -30.004098700000011 ], [ -51.1576929, -30.0043222 ], [ -51.1548509, -30.0040926 ], [ -51.154869299999987, -30.0050704 ], [ -51.1539613, -30.0050782 ], [ -51.1539098, -30.0060686 ], [ -51.154445, -30.006132099999988 ], [ -51.154688799999988, -30.0064166 ], [ -51.1541631, -30.0104146 ], [ -51.1500436, -30.0105106 ], [ -51.150267, -30.016990299999989 ], [ -51.1524357, -30.0169188 ], [ -51.152380799999989, -30.0172867 ], [ -51.1610594, -30.0180898 ] ] ] } },
{ "type": "Feature", "properties": { "code_muni": 4314902.0, "name_muni": "Porto Alegre", "code_neighborhood": 4314902052.0, "name_neighborhood": "Jardim São Pedro", "code_district": 431490205.0, "name_district": "Porto Alegre", "code_subdistrict": 43149020500.0, "name_subdistrict": null, "code_state": 43.0, "abbrev_state": "RS", "name_state": "Rio Grande do Sul", "code_region": 4.0, "name_region": "Sul", "year": 2022.0 }, "geometry": { "type": "Polygon", "coordinates": [ [ [ -51.1622694, -30.0110058 ], [ -51.16614, -30.0117045 ], [ -51.16691, -30.0076305 ], [ -51.1670503, -30.007553 ], [ -51.1677538, -30.0077107 ], [ -51.1678075, -30.0074014 ], [ -51.1674915, -30.0073445 ], [ -51.168332, -30.0027968 ], [ -51.1719399, -30.003202499999983 ], [ -51.1714905, -29.9966731 ], [ -51.163933899999989, -29.9968117 ], [ -51.1626574, -30.0022225 ], [ -51.1628565, -30.0022646 ], [ -51.1628957, -30.0033337 ], [ -51.1626828, -30.003748 ], [ -51.1618301, -30.0042035 ], [ -51.1623963, -30.004307399999984 ], [ -51.162853299999981, -30.0045796 ], [ -51.1635092, -30.0054179 ], [ -51.1635636, -30.0056866 ], [ -51.1633612, -30.00689920000001 ], [ -51.162748, -30.0080321 ], [ -51.1622694, -30.0110058 ] ] ] } },
{ "type": "Feature", "properties": { "code_muni": 4314902.0, "name_muni": "Porto Alegre", "code_neighborhood": 4314902054.0, "name_neighborhood": "Jardim Lindóia", "code_district": 431490205.0, "name_district": "Porto Alegre", "code_subdistrict": 43149020500.0, "name_subdistrict": null, "code_state": 43.0, "abbrev_state": "RS", "name_state": "Rio Grande do Sul", "code_region": 4.0, "name_region": "Sul", "year": 2022.0 }, "geometry": { "type": "Polygon", "coordinates": [ [ [ -51.1490479, -30.0105277 ], [ -51.1541631, -30.0104146 ], [ -51.154688799999988, -30.0064166 ], [ -51.154445, -30.006132099999988 ], [ -51.1539098, -30.0060686 ], [ -51.1539613, -30.0050782 ], [ -51.154869299999987, -30.0050704 ], [ -51.1548432, -30.0034647 ], [ -51.155248899999989, -29.9981465 ], [ -51.1478196, -29.997968 ], [ -51.1472557, -30.0042299 ], [ -51.1484597, -30.0043833 ], [ -51.1490479, -30.0105277 ] ] ] } },
{ "type": "Feature", "properties": { "code_muni": 4314902.0, "name_muni": "Porto Alegre", "code_neighborhood": 4314902055.0, "name_neighborhood": "Anchieta", "code_district": 431490205.0, "name_district": "Porto Alegre", "code_subdistrict": 43149020500.0, "name_subdistrict": null, "code_state": 43.0, "abbrev_state": "RS", "name_state": "Rio Grande do Sul", "code_region": 4.0, "name_region": "Sul", "year": 2022.0 }, "geometry": { "type": "Polygon", "coordinates": [ [ [ -51.154837, -29.9894241 ], [ -51.1544479, -29.9893448 ], [ -51.1462107, -29.9895093 ], [ -51.146417899999989, -29.9973321 ], [ -51.154615, -29.9971788 ], [ -51.1546421, -29.9967199 ], [ -51.1579469, -29.9968545 ], [ -51.1587346, -29.9966903 ], [ -51.1602527, -29.9968339 ], [ -51.1714905, -29.9966731 ], [ -51.1719399, -30.003202499999983 ], [ -51.1851561, -30.0032254 ], [ -51.187353099999989, -30.0026603 ], [ -51.188275499999989, -30.000948 ], [ -51.187577199999986, -29.9998157 ], [ -51.1878216, -29.9997169 ], [ -51.1863264, -29.9973059 ], [ -51.1860481, -29.9954459 ], [ -51.186385, -29.994824899999983 ], [ -51.1864084, -29.9935536 ], [ -51.1870021, -29.9935261 ], [ -51.182437199999988, -29.988572600000012 ], [ -51.181557299999987, -29.987064699999983 ], [ -51.1810319, -29.9846599 ], [ -51.178455299999989, -29.976222 ], [ -51.1768298, -29.9718708 ], [ -51.176433599999982, -29.970451099999988 ], [ -51.1763622, -29.9677242 ], [ -51.173416, -29.9673241 ], [ -51.1711165, -29.9673961 ], [ -51.1686731, -29.9668873 ], [ -51.167812, -29.9669535 ], [ -51.166858399999988, -29.9672779 ], [ -51.1663986, -29.9672568 ], [ -51.1660492, -29.96704 ], [ -51.165155, -29.965828499999986 ], [ -51.164575099999986, -29.9655988 ], [ -51.163886, -29.9656578 ], [ -51.163233, -29.9658842 ], [ -51.1613079, -29.967115199999988 ], [ -51.1607634, -29.9672064 ], [ -51.1602663, -29.967108 ], [ -51.159751, -29.9667868 ], [ -51.1593369, -29.9663145 ], [ -51.158831899999988, -29.9651572 ], [ -51.158393299999986, -29.9648342 ], [ -51.156254499999989, -29.9644496 ], [ -51.1556974, -29.9647149 ], [ -51.1554843, -29.9660975 ], [ -51.1550972, -29.9668338 ], [ -51.1553008, -29.9713576 ], [ -51.155883499999987, -29.971392 ], [ -51.1556353, -29.9726662 ], [ -51.154837, -29.9894241 ] ] ] } },
{ "type": "Feature", "properties": { "code_muni": 4314902.0, "name_muni": "Porto Alegre", "code_neighborhood": 4314902056.0, "name_neighborhood": "Boa Vista", "code_district": 431490205.0, "name_district": "Porto Alegre", "code_subdistrict": 43149020500.0, "name_subdistrict": null, "code_state": 43.0, "abbrev_state": "RS", "name_state": "Rio Grande do Sul", "code_region": 4.0, "name_region": "Sul", "year": 2022.0 }, "geometry": { "type": "Polygon", "coordinates": [ [ [ -51.1736423, -30.0274822 ], [ -51.180906799999988, -30.029485 ], [ -51.1818278, -30.0273318 ], [ -51.1845834, -30.0219202 ], [ -51.1838391, -30.0217639 ], [ -51.1789324, -30.0199795 ], [ -51.1766641, -30.018912 ], [ -51.1753037, -30.0184767 ], [ -51.1751412, -30.018829300000011 ], [ -51.1715885, -30.0186179 ], [ -51.1711739, -30.0219515 ], [ -51.1672941, -30.0213215 ], [ -51.1652721, -30.0203538 ], [ -51.1639133, -30.0205799 ], [ -51.1633771, -30.023198399999988 ], [ -51.1632536, -30.028049 ], [ -51.1694244, -30.028232699999986 ], [ -51.1709981, -30.0280574 ], [ -51.1727358, -30.0275107 ], [ -51.1736423, -30.0274822 ] ] ] } },
{ "type": "Feature", "properties": { "code_muni": 4314902.0, "name_muni": "Porto Alegre", "code_neighborhood": 4314902057.0, "name_neighborhood": "Vila Ipiranga", "code_district": 431490205.0, "name_district": "Porto Alegre", "code_subdistrict": 43149020500.0, "name_subdistrict": null, "code_state": 43.0, "abbrev_state": "RS", "name_state": "Rio Grande do Sul", "code_region": 4.0, "name_region": "Sul", "year": 2022.0 }, "geometry": { "type": "Polygon", "coordinates": [ [ [ -51.1548647, -30.0209361 ], [ -51.155401, -30.0212036 ], [ -51.156864299999988, -30.021362199999988 ], [ -51.1614037, -30.0211457 ], [ -51.161490499999985, -30.0203455 ], [ -51.1608252, -30.0195612 ], [ -51.1610594, -30.0180898 ], [ -51.152380799999989, -30.0172867 ], [ -51.1524357, -30.0169188 ], [ -51.150267, -30.016990299999989 ], [ -51.1500436, -30.0105106 ], [ -51.146136, -30.0105277 ], [ -51.1430181, -30.009907 ], [ -51.1435419, -30.0152289 ], [ -51.143307499999985, -30.0152441 ], [ -51.1423269, -30.016401899999988 ], [ -51.1427903, -30.0168004 ], [ -51.1433379, -30.0180305 ], [ -51.143866499999987, -30.018083299999986 ], [ -51.1439341, -30.0188191 ], [ -51.1434797, -30.018785199999989 ], [ -51.143543799999989, -30.0194942 ], [ -51.1443428, -30.019545 ], [ -51.1449777, -30.026639 ], [ -51.1463872, -30.0266404 ], [ -51.1463405, -30.0273185 ], [ -51.152946, -30.0273963 ], [ -51.1528026, -30.0273064 ], [ -51.152940799999989, -30.0263532 ], [ -51.153248, -30.0261198 ], [ -51.1540668, -30.0261942 ], [ -51.1547598, -30.0210289 ], [ -51.1548647, -30.0209361 ] ] ] } },
{ "type": "Feature", "properties": { "code_muni": 4314902.0, "name_muni": "Porto Alegre", "code_neighborhood": 4314902058.0, "name_neighborhood": "Três Figueiras", "code_district": 431490205.0, "name_district": "Porto Alegre", "code_subdistrict": 43149020500.0, "name_subdistrict": null, "code_state": 43.0, "abbrev_state": "RS", "name_state": "Rio Grande do Sul", "code_region": 4.0, "name_region": "Sul", "year": 2022.0 }, "geometry": { "type": "Polygon", "coordinates": [ [ [ -51.1692944, -30.0409598 ], [ -51.169872299999987, -30.0410127 ], [ -51.170384299999988, -30.0408363 ], [ -51.171334599999987, -30.0399338 ], [ -51.1737812, -30.0385989 ], [ -51.1741729, -30.0375406 ], [ -51.1746668, -30.036928 ], [ -51.176499899999989, -30.0358466 ], [ -51.177249, -30.035203 ], [ -51.1798041, -30.031912 ], [ -51.180906799999988, -30.029485 ], [ -51.1736423, -30.0274822 ], [ -51.1725346, -30.0275483 ], [ -51.1704169, -30.0281531 ], [ -51.1694244, -30.028232699999986 ], [ -51.1658477, -30.0281386 ], [ -51.1660463, -30.0306514 ], [ -51.166534, -30.031751 ], [ -51.166697, -30.0336281 ], [ -51.1669252, -30.0345253 ], [ -51.1669156, -30.0353821 ], [ -51.1677208, -30.0377536 ], [ -51.1683832, -30.0382034 ], [ -51.167845899999989, -30.038828100000011 ], [ -51.1687369, -30.0393185 ], [ -51.169151, -30.0397438 ], [ -51.1693342, -30.0402852 ], [ -51.1692944, -30.0409598 ] ] ] } },
{ "type": "Feature", "properties": { "code_muni": 4314902.0, "name_muni": "Porto Alegre", "code_neighborhood": 4314902059.0, "name_neighborhood": "Chácara das Pedras", "code_district": 431490205.0, "name_district": "Porto Alegre", "code_subdistrict": 43149020500.0, "name_subdistrict": null, "code_state": 43.0, "abbrev_state": "RS", "name_state": "Rio Grande do Sul", "code_region": 4.0, "name_region": "Sul", "year": 2022.0 }, "geometry": { "type": "Polygon", "coordinates": [ [ [ -51.1594318, -30.040724 ], [ -51.1617188, -30.0400439 ], [ -51.1625662, -30.0399343 ], [ -51.1692944, -30.0409598 ], [ -51.1693342, -30.0402852 ], [ -51.169151, -30.0397438 ], [ -51.1687369, -30.0393185 ], [ -51.167845899999989, -30.038828100000011 ], [ -51.1683832, -30.0382034 ], [ -51.1677208, -30.0377536 ], [ -51.1669156, -30.0353821 ], [ -51.1669252, -30.0345253 ], [ -51.166697, -30.0336281 ], [ -51.166534, -30.031751 ], [ -51.1660463, -30.0306514 ], [ -51.1658477, -30.0281386 ], [ -51.160847, -30.0280199 ], [ -51.1597516, -30.0280783 ], [ -51.1586967, -30.0284316 ], [ -51.1584546, -30.0300936 ], [ -51.1588328, -30.0308814 ], [ -51.159611, -30.0319197 ], [ -51.1596084, -30.0331597 ], [ -51.1588261, -30.0351798 ], [ -51.1580333, -30.03786 ], [ -51.1584157, -30.0395107 ], [ -51.1594318, -30.040724 ] ] ] } },
{ "type": "Feature", "properties": { "code_muni": 4314902.0, "name_muni": "Porto Alegre", "code_neighborhood": 4314902060.0, "name_neighborhood": "Vila Jardim", "code_district": 431490205.0, "name_district": "Porto Alegre", "code_subdistrict": 43149020500.0, "name_subdistrict": null, "code_state": 43.0, "abbrev_state": "RS", "name_state": "Rio Grande do Sul", "code_region": 4.0, "name_region": "Sul", "year": 2022.0 }, "geometry": { "type": "Polygon", "coordinates": [ [ [ -51.1527558, -30.0416607 ], [ -51.1594318, -30.040724 ], [ -51.1584157, -30.0395107 ], [ -51.1580333, -30.03786 ], [ -51.1588261, -30.0351798 ], [ -51.1596084, -30.0331597 ], [ -51.159611, -30.0319197 ], [ -51.1588328, -30.0308814 ], [ -51.1584546, -30.0300936 ], [ -51.1586967, -30.0284316 ], [ -51.1554412, -30.0305248 ], [ -51.1552745, -30.0296749 ], [ -51.1543953, -30.0283386 ], [ -51.152946, -30.0273963 ], [ -51.1471301, -30.0273169 ], [ -51.1476219, -30.0300363 ], [ -51.147928699999987, -30.0333647 ], [ -51.1485085, -30.034639 ], [ -51.1486755, -30.0353782 ], [ -51.148791599999988, -30.036044 ], [ -51.148646199999988, -30.0360825 ], [ -51.1498019, -30.041713 ], [ -51.1509873, -30.0415283 ], [ -51.1527558, -30.0416607 ] ] ] } },
{ "type": "Feature", "properties": { "code_muni": 4314902.0, "name_muni": "Porto Alegre", "code_neighborhood": 4314902061.0, "name_neighborhood": "Sarandi", "code_district": 431490205.0, "name_district": "Porto Alegre", "code_subdistrict": 43149020500.0, "name_subdistrict": null, "code_state": 43.0, "abbrev_state": "RS", "name_state": "Rio Grande do Sul", "code_region": 4.0, "name_region": "Sul", "year": 2022.0 }, "geometry": { "type": "Polygon", "coordinates": [ [ [ -51.1351873, -30.0099745 ], [ -51.1378718, -30.0104004 ], [ -51.1410421, -30.009672499999986 ], [ -51.1430181, -30.009907 ], [ -51.1429101, -30.0086802 ], [ -51.1378741, -30.0050268 ], [ -51.1396064, -30.001867699999988 ], [ -51.139827, -29.9978371 ], [ -51.155248899999989, -29.9981465 ], [ -51.1552967, -29.9967509 ], [ -51.1546421, -29.9967199 ], [ -51.154615, -29.9971788 ], [ -51.146417899999989, -29.9973321 ], [ -51.1462107, -29.9895093 ], [ -51.1544479, -29.9893448 ], [ -51.154873099999989, -29.9894271 ], [ -51.155622, -29.9729024 ], [ -51.155883499999987, -29.971392 ], [ -51.1553008, -29.9713576 ], [ -51.1550972, -29.9668338 ], [ -51.154413699999985, -29.967045 ], [ -51.153917, -29.9670062 ], [ -51.152446, -29.9662524 ], [ -51.1511125, -29.9658334 ], [ -51.1505907, -29.965439 ], [ -51.150221, -29.96493950000001 ], [ -51.1500827, -29.9643896 ], [ -51.1502349, -29.9630644 ], [ -51.150171099999987, -29.9623408 ], [ -51.149787599999989, -29.9617665 ], [ -51.148521199999983, -29.9608064 ], [ -51.1477321, -29.9598172 ], [ -51.1466778, -29.959648 ], [ -51.1458419, -29.9597659 ], [ -51.1438556, -29.9605628 ], [ -51.1431488, -29.9606393 ], [ -51.1423233, -29.9598144 ], [ -51.1409872, -29.9575832 ], [ -51.1406774, -29.9573972 ], [ -51.1401061, -29.957442 ], [ -51.138053199999987, -29.9580093 ], [ -51.137497599999989, -29.9583107 ], [ -51.1358435, -29.960114099999984 ], [ -51.1350037, -29.9607662 ], [ -51.1344838, -29.9609148 ], [ -51.1340494, -29.9608856 ], [ -51.133384, -29.9603784 ], [ -51.1324154, -29.9591274 ], [ -51.131203, -29.9584378 ], [ -51.1298973, -29.9579813 ], [ -51.1291924, -29.9575979 ], [ -51.128697699999989, -29.9570198 ], [ -51.1285, -29.95651 ], [ -51.1283543, -29.9553266 ], [ -51.1273529, -29.9544582 ], [ -51.126275, -29.9542292 ], [ -51.1255277, -29.9542849 ], [ -51.1244617, -29.9547622 ], [ -51.1237084, -29.9553965 ], [ -51.1216399, -29.956558 ], [ -51.1206491, -29.9577566 ], [ -51.120046, -29.9580456 ], [ -51.1188066, -29.9581059 ], [ -51.1157548, -29.9585355 ], [ -51.1150855, -29.9582518 ], [ -51.1145258, -29.9577929 ], [ -51.1141001, -29.9576955 ], [ -51.112784599999983, -29.9580514 ], [ -51.108534599999984, -29.9610753 ], [ -51.1081368, -29.9617422 ], [ -51.1077252, -29.9631866 ], [ -51.1065982, -29.9644082 ], [ -51.106002299999986, -29.9648158 ], [ -51.10543, -29.9650113 ], [ -51.1047914, -29.9649687 ], [ -51.1033071, -29.9644236 ], [ -51.1017133, -29.964061 ], [ -51.098794, -29.964474 ], [ -51.097336299999988, -29.9653845 ], [ -51.096074599999987, -29.9658602 ], [ -51.0948381, -29.9655293 ], [ -51.093736400000012, -29.9641296 ], [ -51.092350699999983, -29.963288 ], [ -51.0915605, -29.9630023 ], [ -51.0909812, -29.9629824 ], [ -51.090106, -29.9631974 ], [ -51.088591, -29.9638411 ], [ -51.0883435, -29.9641844 ], [ -51.0883019, -29.9645469 ], [ -51.0885223, -29.96504 ], [ -51.0899265, -29.9661554 ], [ -51.0901257, -29.9665723 ], [ -51.090091, -29.9668293 ], [ -51.0895447, -29.9674224 ], [ -51.0883429, -29.9678472 ], [ -51.0879773, -29.9681905 ], [ -51.0873918, -29.9690836 ], [ -51.0873126, -29.9700571 ], [ -51.0870738, -29.9705409 ], [ -51.086475599999986, -29.9709396 ], [ -51.0868082, -29.9726689 ], [ -51.0881521, -29.9768803 ], [ -51.0884315, -29.9799356 ], [ -51.0889642, -29.979989 ], [ -51.0940789, -29.9795475 ], [ -51.1074614, -29.9782295 ], [ -51.107193099999989, -29.9839546 ], [ -51.1091571, -29.9838557 ], [ -51.1092321, -29.9852458 ], [ -51.1110616, -29.9857792 ], [ -51.110963, -29.985946 ], [ -51.1123943, -29.9861678 ], [ -51.1123735, -29.9906446 ], [ -51.112219499999988, -29.9919878 ], [ -51.112645099999988, -29.9920926 ], [ -51.1126557, -29.9943888 ], [ -51.1136238, -29.9962704 ], [ -51.1168984, -30.0049657 ], [ -51.116890299999987, -30.0061252 ], [ -51.1174799, -30.0077015 ], [ -51.1203319, -30.007416 ], [ -51.1201241, -30.0056332 ], [ -51.1202469, -30.0054157 ], [ -51.1276551, -30.0047278 ], [ -51.1277151, -30.0060064 ], [ -51.1285588, -30.011608 ], [ -51.130037, -30.0115225 ], [ -51.1338871, -30.0100277 ], [ -51.1351873, -30.0099745 ] ] ] } },
{ "type": "Feature", "properties": { "code_muni": 4314902.0, "name_muni": "Porto Alegre", "code_neighborhood": 4314902062.0, "name_neighborhood": "Santa Maria Goretti", "code_district": 431490205.0, "name_district": "Porto Alegre", "code_subdistrict": 43149020500.0, "name_subdistrict": null, "code_state": 43.0, "abbrev_state": "RS", "name_state": "Rio Grande do Sul", "code_region": 4.0, "name_region": "Sul", "year": 2022.0 }, "geometry": { "type": "Polygon", "coordinates": [ [ [ -51.1788895, -30.0087493 ], [ -51.1824964, -30.0085039 ], [ -51.1826872, -30.0032404 ], [ -51.1719399, -30.003202499999983 ], [ -51.168332, -30.0027968 ], [ -51.1674915, -30.0073445 ], [ -51.1678075, -30.0074014 ], [ -51.1677538, -30.0077107 ], [ -51.169187, -30.007906 ], [ -51.169322799999989, -30.0077932 ], [ -51.1727876, -30.0080274 ], [ -51.1739868, -30.007975700000017 ], [ -51.1763945, -30.0084318 ], [ -51.1787251, -30.00863 ], [ -51.1788895, -30.0087493 ] ] ] } },
{ "type": "Feature", "properties": { "code_muni": 4314902.0, "name_muni": "Porto Alegre", "code_neighborhood": 4314902063.0, "name_neighborhood": "Rubem Berta", "code_district": 431490205.0, "name_district": "Porto Alegre", "code_subdistrict": 43149020500.0, "name_subdistrict": null, "code_state": 43.0, "abbrev_state": "RS", "name_state": "Rio Grande do Sul", "code_region": 4.0, "name_region": "Sul", "year": 2022.0 }, "geometry": { "type": "Polygon", "coordinates": [ [ [ -51.1038233, -30.025962 ], [ -51.1037384, -30.0266933 ], [ -51.1034794, -30.0266317 ], [ -51.1034635, -30.0271191 ], [ -51.1039598, -30.027144699999987 ], [ -51.1038693, -30.0278529 ], [ -51.10469, -30.0277817 ], [ -51.105469899999989, -30.0278803 ], [ -51.107103, -30.0285651 ], [ -51.107896, -30.0270681 ], [ -51.1079983, -30.0265237 ], [ -51.1069302, -30.0163094 ], [ -51.1048402, -30.0161972 ], [ -51.1038294, -30.0160031 ], [ -51.1002958, -30.0147637 ], [ -51.099359, -30.0140507 ], [ -51.098671599999989, -30.0048558 ], [ -51.0983276, -30.004951 ], [ -51.098090700000014, -30.0029147 ], [ -51.0975743, -30.0017943 ], [ -51.097721799999988, -29.9993464 ], [ -51.0877516, -30.0004972 ], [ -51.0874995, -30.0030283 ], [ -51.0875613, -30.0041558 ], [ -51.0928422, -30.0102777 ], [ -51.0931419, -30.011276 ], [ -51.0927496, -30.012446 ], [ -51.0927735, -30.0128582 ], [ -51.0940112, -30.0150731 ], [ -51.0943954, -30.0154966 ], [ -51.0942114, -30.016157399999983 ], [ -51.0934225, -30.0163578 ], [ -51.0931197, -30.0170859 ], [ -51.092491, -30.0176735 ], [ -51.0923215, -30.0177384 ], [ -51.09133, -30.0173454 ], [ -51.0905476, -30.0174463 ], [ -51.09058, -30.0178358 ], [ -51.0904466, -30.0180341 ], [ -51.0897796, -30.0180305 ], [ -51.0895704, -30.0177889 ], [ -51.089026, -30.0179187 ], [ -51.0883914, -30.0185533 ], [ -51.088514, -30.0195773 ], [ -51.088268799999987, -30.019909 ], [ -51.0880308, -30.0213152 ], [ -51.0872257, -30.0216944 ], [ -51.0881774, -30.0219658 ], [ -51.089138899999988, -30.0216982 ], [ -51.089444199999988, -30.02173 ], [ -51.0897692, -30.0214547 ], [ -51.0940721, -30.0201471 ], [ -51.0947379, -30.0203404 ], [ -51.0955061, -30.0212232 ], [ -51.0961808, -30.0206622 ], [ -51.0977044, -30.0206993 ], [ -51.0977434, -30.0213699 ], [ -51.0983167, -30.0213452 ], [ -51.0982285, -30.0203169 ], [ -51.0984045, -30.020157599999987 ], [ -51.0987799, -30.020019 ], [ -51.09899, -30.0203543 ], [ -51.1001176, -30.020387499999984 ], [ -51.0999049, -30.0212802 ], [ -51.1000051, -30.021459 ], [ -51.0999292, -30.022559 ], [ -51.0996484, -30.0249381 ], [ -51.1000459, -30.0250479 ], [ -51.10095, -30.0259264 ], [ -51.1018684, -30.0258964 ], [ -51.1028173, -30.0260852 ], [ -51.1038233, -30.025962 ] ] ] } },
{ "type": "Feature", "properties": { "code_muni": 4314902.0, "name_muni": "Porto Alegre", "code_neighborhood": 4314902065.0, "name_neighborhood": "São Sebastião", "code_district": 431490205.0, "name_district": "Porto Alegre", "code_subdistrict": 43149020500.0, "name_subdistrict": null, "code_state": 43.0, "abbrev_state": "RS", "name_state": "Rio Grande do Sul", "code_region": 4.0, "name_region": "Sul", "year": 2022.0 }, "geometry": { "type": "Polygon", "coordinates": [ [ [ -51.1490479, -30.0105277 ], [ -51.1484597, -30.0043833 ], [ -51.1472557, -30.0042299 ], [ -51.1478196, -29.997968 ], [ -51.139827, -29.9978371 ], [ -51.1396064, -30.001867699999988 ], [ -51.1378741, -30.0050268 ], [ -51.1429101, -30.0086802 ], [ -51.1430181, -30.009907 ], [ -51.146136, -30.0105277 ], [ -51.1490479, -30.0105277 ] ] ] } },
{ "type": "Feature", "properties": { "code_muni": 4314902.0, "name_muni": "Porto Alegre", "code_neighborhood": 4314902066.0, "name_neighborhood": "Humaitá", "code_district": 431490205.0, "name_district": "Porto Alegre", "code_subdistrict": 43149020500.0, "name_subdistrict": null, "code_state": 43.0, "abbrev_state": "RS", "name_state": "Rio Grande do Sul", "code_region": 4.0, "name_region": "Sul", "year": 2022.0 }, "geometry": { "type": "Polygon", "coordinates": [ [ [ -51.1983431, -29.9932763 ], [ -51.1963711, -29.9937313 ], [ -51.1908495, -29.9768131 ], [ -51.1910055, -29.9767694 ], [ -51.1892235, -29.97131 ], [ -51.189395799999986, -29.9683977 ], [ -51.1875655, -29.9682007 ], [ -51.1833737, -29.9689344 ], [ -51.1769805, -29.9677452 ], [ -51.1763622, -29.9677242 ], [ -51.1763568, -29.9700011 ], [ -51.1768298, -29.9718708 ], [ -51.1782522, -29.9755667 ], [ -51.1810319, -29.9846599 ], [ -51.181557299999987, -29.987064699999983 ], [ -51.182437199999988, -29.988572600000012 ], [ -51.1880739, -29.9946712 ], [ -51.1897311, -29.9961641 ], [ -51.1913619, -29.9969645 ], [ -51.192833299999982, -29.9973022 ], [ -51.1976276, -29.9975665 ], [ -51.1974814, -29.9971217 ], [ -51.1995404, -29.99722 ], [ -51.1983431, -29.9932763 ] ] ] } },
{ "type": "Feature", "properties": { "code_muni": 4314902.0, "name_muni": "Porto Alegre", "code_neighborhood": 4314902067.0, "name_neighborhood": "Farrapos", "code_district": 431490205.0, "name_district": "Porto Alegre", "code_subdistrict": 43149020500.0, "name_subdistrict": null, "code_state": 43.0, "abbrev_state": "RS", "name_state": "Rio Grande do Sul", "code_region": 4.0, "name_region": "Sul", "year": 2022.0 }, "geometry": { "type": "Polygon", "coordinates": [ [ [ -51.1968246, -29.9910499 ], [ -51.197422499999988, -29.9897065 ], [ -51.1978053, -29.9894849 ], [ -51.2004586, -29.9885409 ], [ -51.201756, -29.9886938 ], [ -51.2024104, -29.988638399999985 ], [ -51.202709899999988, -29.9888149 ], [ -51.2031029, -29.9887672 ], [ -51.203775099999987, -29.9885306 ], [ -51.2048019, -29.987875099999989 ], [ -51.204123599999988, -29.9871509 ], [ -51.2034197, -29.9858036 ], [ -51.203449899999981, -29.9848484 ], [ -51.2031382, -29.984034 ], [ -51.202866699999987, -29.9840139 ], [ -51.202736, -29.9837525 ], [ -51.202886799999987, -29.9824454 ], [ -51.2026455, -29.9820834 ], [ -51.2028366, -29.9819226 ], [ -51.2035711, -29.9817947 ], [ -51.203553, -29.9816787 ], [ -51.203289, -29.9816109 ], [ -51.2035303, -29.9811056 ], [ -51.2035303, -29.9804797 ], [ -51.203711299999988, -29.9801404 ], [ -51.2033418, -29.9776745 ], [ -51.2029271, -29.976385 ], [ -51.2025651, -29.9753293 ], [ -51.201351, -29.9732555 ], [ -51.2003933, -29.9725014 ], [ -51.200619499999981, -29.9722978 ], [ -51.2001277, -29.9720134 ], [ -51.2009017, -29.9714929 ], [ -51.1999415, -29.9712524 ], [ -51.1985536, -29.9703266 ], [ -51.1970155, -29.9695858 ], [ -51.1951209, -29.9691194 ], [ -51.189395799999986, -29.9683977 ], [ -51.1892235, -29.97131 ], [ -51.1910055, -29.9767694 ], [ -51.1908495, -29.9768131 ], [ -51.1942546, -29.9874279 ], [ -51.1958965, -29.9921123 ], [ -51.1968246, -29.9910499 ] ] ] } },
{ "type": "Feature", "properties": { "code_muni": 4314902.0, "name_muni": "Porto Alegre", "code_neighborhood": 4314902068.0, "name_neighborhood": "Jardim Carvalho", "code_district": 431490205.0, "name_district": "Porto Alegre", "code_subdistrict": 43149020500.0, "name_subdistrict": null, "code_state": 43.0, "abbrev_state": "RS", "name_state": "Rio Grande do Sul", "code_region": 4.0, "name_region": "Sul", "year": 2022.0 }, "geometry": { "type": "Polygon", "coordinates": [ [ [ -51.1503272, -30.0641647 ], [ -51.1518637, -30.059863199999988 ], [ -51.1525364, -30.0589862 ], [ -51.1531066, -30.0585388 ], [ -51.1543052, -30.0578712 ], [ -51.157599399999981, -30.0564627 ], [ -51.1593825, -30.0559265 ], [ -51.15959, -30.051466 ], [ -51.1593299, -30.0508948 ], [ -51.153787, -30.050772399999985 ], [ -51.1537328, -30.0516161 ], [ -51.1531631, -30.051333099999983 ], [ -51.1526816, -30.0512496 ], [ -51.1527084, -30.0509618 ], [ -51.1519523, -30.0509553 ], [ -51.1517918, -30.0512685 ], [ -51.150717, -30.0511705 ], [ -51.1495549, -30.05127920000001 ], [ -51.1498962, -30.0502276 ], [ -51.1500969, -30.0500189 ], [ -51.1500749, -30.0481753 ], [ -51.1504896, -30.0445053 ], [ -51.1499611, -30.0416978 ], [ -51.1477191, -30.0419121 ], [ -51.1469478, -30.0421257 ], [ -51.1446749, -30.0431326 ], [ -51.141803599999989, -30.0440047 ], [ -51.1411142, -30.0439894 ], [ -51.1371762, -30.0429207 ], [ -51.136153, -30.0450025 ], [ -51.1360775, -30.0454167 ], [ -51.136411599999988, -30.045695 ], [ -51.1373014, -30.0459655 ], [ -51.1383858, -30.0467444 ], [ -51.1391096, -30.0476037 ], [ -51.1394786, -30.0484171 ], [ -51.1395621, -30.0499061 ], [ -51.1395323, -30.0509165 ], [ -51.1362593, -30.0538965 ], [ -51.137388, -30.0637349 ], [ -51.1384056, -30.065251 ], [ -51.139578199999988, -30.0651115 ], [ -51.1400936, -30.0652159 ], [ -51.14072, -30.0658495 ], [ -51.1413532, -30.066076699999989 ], [ -51.1416182, -30.0666673 ], [ -51.142764199999988, -30.067083899999986 ], [ -51.1430311, -30.0681568 ], [ -51.1434309, -30.0680931 ], [ -51.1471299, -30.0671135 ], [ -51.1488081, -30.066245099999989 ], [ -51.149733, -30.0650538 ], [ -51.1501517, -30.0639367 ], [ -51.1503272, -30.0641647 ] ] ] } },
{ "type": "Feature", "properties": { "code_muni": 4314902.0, "name_muni": "Porto Alegre", "code_neighborhood": 4314902069.0, "name_neighborhood": "Jardim do Salso", "code_district": 431490205.0, "name_district": "Porto Alegre", "code_subdistrict": 43149020500.0, "name_subdistrict": null, "code_state": 43.0, "abbrev_state": "RS", "name_state": "Rio Grande do Sul", "code_region": 4.0, "name_region": "Sul", "year": 2022.0 }, "geometry": { "type": "Polygon", "coordinates": [ [ [ -51.1593825, -30.0559265 ], [ -51.1691267, -30.0557485 ], [ -51.169110599999989, -30.0546681 ], [ -51.1693367, -30.054062300000012 ], [ -51.171408, -30.0518009 ], [ -51.1727262, -30.0494824 ], [ -51.1727758, -30.0488065 ], [ -51.1724153, -30.0473261 ], [ -51.172292, -30.046023 ], [ -51.1689341, -30.0462555 ], [ -51.1686116, -30.0465389 ], [ -51.1685822, -30.046284 ], [ -51.1660495, -30.046466799999987 ], [ -51.1663828, -30.047908499999988 ], [ -51.1649133, -30.0473846 ], [ -51.164358799999988, -30.0487398 ], [ -51.165120599999987, -30.0489739 ], [ -51.1647307, -30.0499972 ], [ -51.1650667, -30.051195 ], [ -51.164598, -30.0520955 ], [ -51.159562199999989, -30.0520843 ], [ -51.1593825, -30.0559265 ] ] ] } },
{ "type": "Feature", "properties": { "code_muni": 4314902.0, "name_muni": "Porto Alegre", "code_neighborhood": 4314902070.0, "name_neighborhood": "Restinga", "code_district": 431490205.0, "name_district": "Porto Alegre", "code_subdistrict": 43149020500.0, "name_subdistrict": null, "code_state": 43.0, "abbrev_state": "RS", "name_state": "Rio Grande do Sul", "code_region": 4.0, "name_region": "Sul", "year": 2022.0 }, "geometry": { "type": "Polygon", "coordinates": [ [ [ -51.1539946, -30.1678569 ], [ -51.1552132, -30.1656578 ], [ -51.1555246, -30.1639638 ], [ -51.1558117, -30.1634344 ], [ -51.1568719, -30.1626282 ], [ -51.1590272, -30.1616918 ], [ -51.1594647, -30.1613933 ], [ -51.159895899999988, -30.1608004 ], [ -51.1605702, -30.1593503 ], [ -51.1614738, -30.1583204 ], [ -51.161015899999988, -30.1566669 ], [ -51.1610548, -30.1532483 ], [ -51.1614594, -30.1505278 ], [ -51.1613077, -30.1483467 ], [ -51.1614601, -30.1471506 ], [ -51.1620057, -30.146123 ], [ -51.1626468, -30.1442811 ], [ -51.1643797, -30.142547 ], [ -51.1665961, -30.141291499999987 ], [ -51.1672786, -30.1394593 ], [ -51.1677885, -30.1388204 ], [ -51.168530099999984, -30.1382155 ], [ -51.169335499999988, -30.1377003 ], [ -51.1703509, -30.1373139 ], [ -51.171235, -30.1372008 ], [ -51.1724878, -30.137307299999989 ], [ -51.1740377, -30.1364239 ], [ -51.17470849999998, -30.1357917 ], [ -51.175361599999988, -30.1349482 ], [ -51.1758071, -30.1334253 ], [ -51.176089, -30.1309899 ], [ -51.175974299999986, -30.1298402 ], [ -51.1762857, -30.1282414 ], [ -51.1756995, -30.127078699999984 ], [ -51.174161, -30.1263633 ], [ -51.173445, -30.1257263 ], [ -51.1732991, -30.1251657 ], [ -51.1736079, -30.1244854 ], [ -51.1724015, -30.124663 ], [ -51.1708923, -30.1251625 ], [ -51.1680464, -30.1248503 ], [ -51.1654149, -30.125315 ], [ -51.1642348, -30.1252762 ], [ -51.16259, -30.124694 ], [ -51.161967399999988, -30.1243423 ], [ -51.1598851, -30.1225677 ], [ -51.157598899999989, -30.1199514 ], [ -51.1561312, -30.1207335 ], [ -51.1544898, -30.1202465 ], [ -51.1524211, -30.1207527 ], [ -51.150673, -30.119473 ], [ -51.149812, -30.1186404 ], [ -51.147048299999987, -30.1176627 ], [ -51.143899499999989, -30.1189261 ], [ -51.1423301, -30.1200109 ], [ -51.142263499999984, -30.1202923 ], [ -51.1426679, -30.1211267 ], [ -51.1426416, -30.1215247 ], [ -51.1408358, -30.124673699999985 ], [ -51.1400396, -30.1254703 ], [ -51.1396623, -30.1264311 ], [ -51.139529599999989, -30.1270798 ], [ -51.1398465, -30.1280703 ], [ -51.1421062, -30.1317568 ], [ -51.142033399999988, -30.132175199999985 ], [ -51.1409348, -30.132904 ], [ -51.139987, -30.1339313 ], [ -51.1377588, -30.1344608 ], [ -51.1349613, -30.1355886 ], [ -51.1333869, -30.1364044 ], [ -51.1310968, -30.1371667 ], [ -51.1307146, -30.1371953 ], [ -51.1289579, -30.1368511 ], [ -51.127497, -30.1380269 ], [ -51.1272982, -30.1383311 ], [ -51.127046199999981, -30.1397467 ], [ -51.1262379, -30.1409985 ], [ -51.125874599999989, -30.1425888 ], [ -51.1253673, -30.1427058 ], [ -51.123849, -30.1457148 ], [ -51.1230359, -30.145369599999984 ], [ -51.122395, -30.146939 ], [ -51.122246, -30.1482558 ], [ -51.117085299999985, -30.1569189 ], [ -51.1138365, -30.1620137 ], [ -51.1224139, -30.1700312 ], [ -51.1430696, -30.1688533 ], [ -51.1424861, -30.1714942 ], [ -51.1418146, -30.172367799999989 ], [ -51.1411233, -30.1743181 ], [ -51.140348, -30.1754286 ], [ -51.140393499999988, -30.1756589 ], [ -51.1406244, -30.1757741 ], [ -51.1454551, -30.1760021 ], [ -51.149492699999989, -30.1716829 ], [ -51.1539946, -30.1678569 ] ] ] } },
{ "type": "Feature", "properties": { "code_muni": 4314902.0, "name_muni": "Porto Alegre", "code_neighborhood": 4314902071.0, "name_neighborhood": "Ponta Grossa", "code_district": 431490205.0, "name_district": "Porto Alegre", "code_subdistrict": 43149020500.0, "name_subdistrict": null, "code_state": 43.0, "abbrev_state": "RS", "name_state": "Rio Grande do Sul", "code_region": 4.0, "name_region": "Sul", "year": 2022.0 }, "geometry": { "type": "Polygon", "coordinates": [ [ [ -51.1909099, -30.190066099999989 ], [ -51.1908518, -30.1904716 ], [ -51.194334499999989, -30.1928778 ], [ -51.194334499999989, -30.1936749 ], [ -51.1963781, -30.1946756 ], [ -51.1972691, -30.1954912 ], [ -51.1979604, -30.1946807 ], [ -51.1997478, -30.1930709 ], [ -51.2026883, -30.1917024 ], [ -51.2043504, -30.1911102 ], [ -51.2050715, -30.1910422 ], [ -51.2066948, -30.1904099 ], [ -51.207033, -30.1905115 ], [ -51.2072703, -30.1907423 ], [ -51.20809209999998, -30.1904276 ], [ -51.2096467, -30.190445 ], [ -51.2101633, -30.1902444 ], [ -51.2110309, -30.1904141 ], [ -51.213746, -30.1900557 ], [ -51.2146936, -30.1901955 ], [ -51.215345299999989, -30.1898394 ], [ -51.216275499999988, -30.1898786 ], [ -51.2168038, -30.189529 ], [ -51.2172414, -30.1896681 ], [ -51.2174474, -30.1891685 ], [ -51.2188872, -30.1891105 ], [ -51.2199282, -30.188673 ], [ -51.2202506, -30.188722899999984 ], [ -51.2213844, -30.1880769 ], [ -51.2219427, -30.188155499999983 ], [ -51.2223554, -30.1881244 ], [ -51.2226068, -30.1879043 ], [ -51.22476, -30.1879134 ], [ -51.2250775, -30.187821 ], [ -51.2262487, -30.1879579 ], [ -51.2266119, -30.1878353 ], [ -51.227172499999988, -30.1880016 ], [ -51.229136, -30.1881562 ], [ -51.230114599999986, -30.1886587 ], [ -51.2313856, -30.1890403 ], [ -51.2355252, -30.1893336 ], [ -51.2364828, -30.1896202 ], [ -51.2380613, -30.1898087 ], [ -51.2390521, -30.1902995 ], [ -51.239534299999988, -30.1903707 ], [ -51.2401439, -30.1902499 ], [ -51.2414029, -30.1896932 ], [ -51.241863099999989, -30.1897428 ], [ -51.2427665, -30.1893301 ], [ -51.243132, -30.1890026 ], [ -51.2434253, -30.1889925 ], [ -51.2438627, -30.188635 ], [ -51.2446231, -30.1884405 ], [ -51.244937199999988, -30.1881675 ], [ -51.2455156, -30.187944 ], [ -51.2461687, -30.187833 ], [ -51.2480164, -30.1866802 ], [ -51.248626599999987, -30.186504099999983 ], [ -51.2488944, -30.1856373 ], [ -51.2477652, -30.1847683 ], [ -51.2466861, -30.1844286 ], [ -51.2461325, -30.1836535 ], [ -51.2457684, -30.1835217 ], [ -51.245262, -30.1829531 ], [ -51.244384, -30.1826476 ], [ -51.2438954, -30.1821451 ], [ -51.2426288, -30.1820929 ], [ -51.241902499999988, -30.1816364 ], [ -51.241281099999988, -30.1819014 ], [ -51.2407862, -30.1818824 ], [ -51.2402927, -30.1820732 ], [ -51.2395542, -30.1826572 ], [ -51.2375395, -30.1833165 ], [ -51.2362939, -30.1833743 ], [ -51.2349802, -30.1829238 ], [ -51.2335266, -30.1827465 ], [ -51.2331598, -30.1828837 ], [ -51.2327374, -30.1827214 ], [ -51.2313878, -30.1812459 ], [ -51.2311662, -30.180696299999983 ], [ -51.2308129, -30.180529500000013 ], [ -51.2286103, -30.1777594 ], [ -51.2278884, -30.177483599999988 ], [ -51.2277896, -30.1770791 ], [ -51.2266645, -30.176924 ], [ -51.226709899999989, -30.1765829 ], [ -51.2262067, -30.1759079 ], [ -51.2250248, -30.174885 ], [ -51.2243705, -30.1746326 ], [ -51.2231903, -30.1746495 ], [ -51.2225847, -30.1740191 ], [ -51.2215743, -30.1741366 ], [ -51.220684299999988, -30.173465699999984 ], [ -51.2200484, -30.1733889 ], [ -51.2198342, -30.1729443 ], [ -51.2196521, -30.1728457 ], [ -51.219128, -30.1727703 ], [ -51.2186089, -30.1728904 ], [ -51.2178659, -30.1728654 ], [ -51.217016699999988, -30.1734839 ], [ -51.215074199999989, -30.1744729 ], [ -51.2135859, -30.1750715 ], [ -51.2086611, -30.1758878 ], [ -51.2067748, -30.1760067 ], [ -51.2059785, -30.1757398 ], [ -51.2053291, -30.1749556 ], [ -51.204336399999988, -30.173299699999983 ], [ -51.2026712, -30.1716115 ], [ -51.2020043, -30.1712998 ], [ -51.2010313, -30.1712823 ], [ -51.1930355, -30.17245149999998 ], [ -51.1919537, -30.1723996 ], [ -51.1908537, -30.1721621 ], [ -51.1838617, -30.1694851 ], [ -51.182598, -30.169369 ], [ -51.1806409, -30.169518 ], [ -51.1798732, -30.1713536 ], [ -51.176764299999988, -30.1744957 ], [ -51.1763924, -30.1750616 ], [ -51.175716, -30.1814791 ], [ -51.1746672, -30.1855542 ], [ -51.1791501, -30.185201 ], [ -51.1793774, -30.1841146 ], [ -51.1820272, -30.1846026 ], [ -51.1818254, -30.185654799999984 ], [ -51.1892869, -30.1910758 ], [ -51.190743399999988, -30.1898817 ], [ -51.1909099, -30.190066099999989 ] ] ] } },
{ "type": "Feature", "properties": { "code_muni": 4314902.0, "name_muni": "Porto Alegre", "code_neighborhood": 4314902072.0, "name_neighborhood": "Hípica", "code_district": 431490205.0, "name_district": "Porto Alegre", "code_subdistrict": 43149020500.0, "name_subdistrict": null, "code_state": 43.0, "abbrev_state": "RS", "name_state": "Rio Grande do Sul", "code_region": 4.0, "name_region": "Sul", "year": 2022.0 }, "geometry": { "type": "Polygon", "coordinates": [ [ [ -51.1806785, -30.1695235 ], [ -51.182598, -30.169369 ], [ -51.1838617, -30.1694851 ], [ -51.1908537, -30.1721621 ], [ -51.1919537, -30.1723996 ], [ -51.1930355, -30.17245149999998 ], [ -51.1984499, -30.171668 ], [ -51.1911932, -30.1585771 ], [ -51.1907958, -30.1585564 ], [ -51.1903269, -30.1563497 ], [ -51.1914376, -30.1455344 ], [ -51.1866439, -30.1359585 ], [ -51.186402099999988, -30.1366978 ], [ -51.183865, -30.1380835 ], [ -51.1829864, -30.1379193 ], [ -51.1797533, -30.1381173 ], [ -51.1785029, -30.1376152 ], [ -51.1776403, -30.1370535 ], [ -51.1752457, -30.1369827 ], [ -51.1740144, -30.1364388 ], [ -51.1723625, -30.1373486 ], [ -51.1711686, -30.1372029 ], [ -51.1698743, -30.1374606 ], [ -51.169141599999989, -30.1378006 ], [ -51.1679815, -30.1386387 ], [ -51.1671914, -30.1396148 ], [ -51.1665961, -30.141291499999987 ], [ -51.1643797, -30.142547 ], [ -51.1628702, -30.1439738 ], [ -51.1625583, -30.1444807 ], [ -51.1620057, -30.146123 ], [ -51.1614601, -30.1471506 ], [ -51.1612924, -30.1485324 ], [ -51.1614594, -30.1505278 ], [ -51.1610548, -30.1532483 ], [ -51.161015899999988, -30.1566669 ], [ -51.1614738, -30.1583204 ], [ -51.160524, -30.1594219 ], [ -51.1596055, -30.1612449 ], [ -51.1591831, -30.161604399999987 ], [ -51.1582589, -30.162010100000014 ], [ -51.1585993, -30.1631215 ], [ -51.159853399999989, -30.1642361 ], [ -51.165138899999988, -30.1658064 ], [ -51.166460699999988, -30.166353 ], [ -51.1668259, -30.1671785 ], [ -51.166798499999985, -30.1676948 ], [ -51.1674162, -30.1708135 ], [ -51.168082899999987, -30.1715991 ], [ -51.1695294, -30.1721744 ], [ -51.1705218, -30.1721008 ], [ -51.170971599999987, -30.1718906 ], [ -51.1718573, -30.1710332 ], [ -51.1722624, -30.1708312 ], [ -51.1772982, -30.1689847 ], [ -51.177630199999989, -30.1689134 ], [ -51.1806785, -30.1695235 ] ] ] } },
{ "type": "Feature", "properties": { "code_muni": 4314902.0, "name_muni": "Porto Alegre", "code_neighborhood": 4314902073.0, "name_neighborhood": "Belém Novo", "code_district": 431490205.0, "name_district": "Porto Alegre", "code_subdistrict": 43149020500.0, "name_subdistrict": null, "code_state": 43.0, "abbrev_state": "RS", "name_state": "Rio Grande do Sul", "code_region": 4.0, "name_region": "Sul", "year": 2022.0 }, "geometry": { "type": "MultiPolygon", "coordinates": [ [ [ [ -51.1921387, -30.2418747 ], [ -51.1929087, -30.241847 ], [ -51.1930964, -30.2421224 ], [ -51.1932922, -30.2421716 ], [ -51.1933741, -30.2420272 ], [ -51.1930748, -30.2416611 ], [ -51.1934997, -30.241424 ], [ -51.191964, -30.241115 ], [ -51.1918132, -30.2414467 ], [ -51.1921387, -30.2418747 ] ] ], [ [ [ -51.1807649, -30.2143622 ], [ -51.181826, -30.213822699999987 ], [ -51.1820153, -30.2134154 ], [ -51.1825956, -30.2129463 ], [ -51.1840559, -30.212708 ], [ -51.1852417, -30.2120404 ], [ -51.186432, -30.2119603 ], [ -51.1866168, -30.2121172 ], [ -51.1867564, -30.2127791 ], [ -51.186824399999985, -30.2117698 ], [ -51.187338899999986, -30.211453 ], [ -51.1877353, -30.2113884 ], [ -51.1879614, -30.21114 ], [ -51.188817, -30.2114108 ], [ -51.1901333, -30.212747 ], [ -51.1906799, -30.2129331 ], [ -51.1909269, -30.2126709 ], [ -51.1923374, -30.213428 ], [ -51.1943018, -30.213626 ], [ -51.1956501, -30.2132341 ], [ -51.1959305, -30.2130078 ], [ -51.1968141, -30.212968900000011 ], [ -51.1985053, -30.211664199999987 ], [ -51.1986674, -30.2112351 ], [ -51.199539299999984, -30.2107428 ], [ -51.1999624, -30.2101265 ], [ -51.1996631, -30.2096892 ], [ -51.199648, -30.2092372 ], [ -51.1993933, -30.2092755 ], [ -51.1987155, -30.2089889 ], [ -51.1979699, -30.2089173 ], [ -51.197948, -30.2085742 ], [ -51.197714399999988, -30.2083345 ], [ -51.1973442, -30.2082458 ], [ -51.197228, -30.2079568 ], [ -51.1960879, -30.2079111 ], [ -51.195724, -30.2076683 ], [ -51.1952168, -30.2063609 ], [ -51.1952332, -30.2054347 ], [ -51.1947328, -30.203198 ], [ -51.1945179, -30.2002645 ], [ -51.194329, -30.199762 ], [ -51.194882599999985, -30.1988471 ], [ -51.194885799999987, -30.1983015 ], [ -51.195290199999988, -30.1977769 ], [ -51.1961248, -30.1969998 ], [ -51.1963819, -30.1969513 ], [ -51.196944, -30.197173099999986 ], [ -51.197165399999989, -30.196955400000011 ], [ -51.1967182, -30.1962118 ], [ -51.1972691, -30.1954912 ], [ -51.1963781, -30.1946756 ], [ -51.194334499999989, -30.1936749 ], [ -51.194334499999989, -30.1928778 ], [ -51.1908518, -30.1904716 ], [ -51.1909352, -30.1901334 ], [ -51.190743399999988, -30.1898817 ], [ -51.1892869, -30.1910758 ], [ -51.1818254, -30.185654799999984 ], [ -51.1820272, -30.1846026 ], [ -51.1793774, -30.1841146 ], [ -51.1791501, -30.185201 ], [ -51.1746672, -30.1855542 ], [ -51.1751906, -30.1832877 ], [ -51.1712736, -30.1850868 ], [ -51.170247, -30.1838939 ], [ -51.169105, -30.184405 ], [ -51.1678657, -30.1832025 ], [ -51.1673201, -30.1831483 ], [ -51.1617802, -30.1873911 ], [ -51.1611569, -30.187425699999988 ], [ -51.160684, -30.1881102 ], [ -51.1593046, -30.1892224 ], [ -51.1612216, -30.1920207 ], [ -51.1615569, -30.1922935 ], [ -51.1622602, -30.1925712 ], [ -51.162455, -30.1944232 ], [ -51.162838099999988, -30.195765 ], [ -51.1627072, -30.1966234 ], [ -51.1616349, -30.1990438 ], [ -51.1612652, -30.1996001 ], [ -51.160278, -30.2002459 ], [ -51.1598909, -30.201156 ], [ -51.160603, -30.203035899999989 ], [ -51.1607403, -30.2037656 ], [ -51.1599243, -30.2055497 ], [ -51.159982899999989, -30.2068342 ], [ -51.160338, -30.207959100000011 ], [ -51.1598702, -30.2086988 ], [ -51.1597839, -30.209163799999985 ], [ -51.1604216, -30.2102108 ], [ -51.1615691, -30.2112643 ], [ -51.161697, -30.2127769 ], [ -51.1603892, -30.2126124 ], [ -51.1594212, -30.2126309 ], [ -51.155518, -30.2131562 ], [ -51.153184, -30.2131801 ], [ -51.1532013, -30.2133281 ], [ -51.156769, -30.2192641 ], [ -51.1594583, -30.2215199 ], [ -51.1611599, -30.2241439 ], [ -51.1612284, -30.2245025 ], [ -51.1624149, -30.2252099 ], [ -51.1658246, -30.2294019 ], [ -51.1668428, -30.2348371 ], [ -51.1670695, -30.237424 ], [ -51.1685367, -30.2378775 ], [ -51.1690249, -30.2378263 ], [ -51.169269899999989, -30.2379233 ], [ -51.169644, -30.2385698 ], [ -51.1701108, -30.23900690000001 ], [ -51.170828199999988, -30.239077100000014 ], [ -51.1713658, -30.2385443 ], [ -51.1739964, -30.2384061 ], [ -51.1744103, -30.238161 ], [ -51.1749722, -30.2381893 ], [ -51.1759136, -30.2377926 ], [ -51.177657, -30.2369588 ], [ -51.1789753, -30.2355572 ], [ -51.1811946, -30.2352457 ], [ -51.1839731, -30.2352439 ], [ -51.1869616, -30.2355101 ], [ -51.1884395, -30.235831 ], [ -51.1907219, -30.2385894 ], [ -51.1911358, -30.2393971 ], [ -51.1913001, -30.2394091 ], [ -51.191547799999988, -30.239109499999987 ], [ -51.19219, -30.238957400000011 ], [ -51.192278699999981, -30.2386462 ], [ -51.1928645, -30.238351 ], [ -51.1933675, -30.2377692 ], [ -51.1934833, -30.237129 ], [ -51.193031399999981, -30.2369662 ], [ -51.1929969, -30.236592199999983 ], [ -51.1926801, -30.2364137 ], [ -51.192943, -30.2360504 ], [ -51.1924625, -30.2359269 ], [ -51.1922907, -30.235693 ], [ -51.192278899999984, -30.2352251 ], [ -51.1928276, -30.2348111 ], [ -51.1922338, -30.2345173 ], [ -51.1918699, -30.2346683 ], [ -51.1915908, -30.234615 ], [ -51.191373299999988, -30.2344571 ], [ -51.1912727, -30.2338664 ], [ -51.1908281, -30.2332997 ], [ -51.1905778, -30.2332443 ], [ -51.1903625, -30.2333733 ], [ -51.1903162, -30.2336812 ], [ -51.1898767, -30.233744599999984 ], [ -51.1893455, -30.2334195 ], [ -51.188357, -30.2330908 ], [ -51.1873182, -30.2330274 ], [ -51.1871462, -30.2327677 ], [ -51.1862042, -30.233142 ], [ -51.1851114, -30.233200300000011 ], [ -51.1844733, -30.2329769 ], [ -51.1838756, -30.2331293 ], [ -51.183075599999988, -30.232187299999978 ], [ -51.182640199999987, -30.2319235 ], [ -51.1811929, -30.2296895 ], [ -51.181176, -30.2290427 ], [ -51.1801358, -30.2274662 ], [ -51.1791072, -30.2253716 ], [ -51.1787097, -30.2236486 ], [ -51.178800799999983, -30.2226124 ], [ -51.1786233, -30.2210189 ], [ -51.1779145, -30.2198428 ], [ -51.1781976, -30.2188679 ], [ -51.1780059, -30.2184992 ], [ -51.178493, -30.2169826 ], [ -51.1787548, -30.2166876 ], [ -51.179338, -30.2163627 ], [ -51.1795943, -30.2156594 ], [ -51.1801878, -30.2152777 ], [ -51.180107, -30.2147094 ], [ -51.1802178, -30.2144952 ], [ -51.1807649, -30.2143622 ] ] ] ] } },
{ "type": "Feature", "properties": { "code_muni": 4314902.0, "name_muni": "Porto Alegre", "code_neighborhood": 4314902074.0, "name_neighborhood": "Lami", "code_district": 431490205.0, "name_district": "Porto Alegre", "code_subdistrict": 43149020500.0, "name_subdistrict": null, "code_state": 43.0, "abbrev_state": "RS", "name_state": "Rio Grande do Sul", "code_region": 4.0, "name_region": "Sul", "year": 2022.0 }, "geometry": { "type": "Polygon", "coordinates": [ [ [ -51.0926373, -30.2409338 ], [ -51.0958935, -30.2412158 ], [ -51.0988311, -30.2423616 ], [ -51.1004041, -30.2432566 ], [ -51.1013101, -30.2440544 ], [ -51.102097, -30.2455543 ], [ -51.1025204, -30.2460683 ], [ -51.1028388, -30.2461491 ], [ -51.1038517, -30.2457372 ], [ -51.104646, -30.245603 ], [ -51.1050067, -30.2452532 ], [ -51.1051608, -30.2446774 ], [ -51.105007, -30.2440694 ], [ -51.1051925, -30.2431679 ], [ -51.1061391, -30.2428909 ], [ -51.1064344, -30.2429768 ], [ -51.106593399999987, -30.243192199999985 ], [ -51.106650499999986, -30.243902599999984 ], [ -51.107026, -30.2443659 ], [ -51.1071331, -30.2448305 ], [ -51.1069487, -30.246035100000014 ], [ -51.1062343, -30.2470943 ], [ -51.1063314, -30.247690599999988 ], [ -51.106155, -30.2482012 ], [ -51.1052046, -30.2491588 ], [ -51.104802199999988, -30.2493888 ], [ -51.103994399999984, -30.2495354 ], [ -51.1036652, -30.2497236 ], [ -51.1022074, -30.249426 ], [ -51.1013888, -30.2499609 ], [ -51.1013918, -30.2500784 ], [ -51.1018422, -30.250154499999983 ], [ -51.101989499999988, -30.2503129 ], [ -51.101971, -30.250697 ], [ -51.1025392, -30.2520783 ], [ -51.1025145, -30.2522963 ], [ -51.1017618, -30.253384699999984 ], [ -51.1017623, -30.2539825 ], [ -51.1008541, -30.256083399999987 ], [ -51.1002197, -30.2565376 ], [ -51.0991385, -30.2569535 ], [ -51.0990318, -30.257108 ], [ -51.099079299999985, -30.257389299999989 ], [ -51.0999323, -30.2580372 ], [ -51.1004538, -30.2580923 ], [ -51.1011177, -30.2587874 ], [ -51.1013956, -30.2592996 ], [ -51.103747099999985, -30.2599305 ], [ -51.1047727, -30.2600877 ], [ -51.1066013, -30.2589835 ], [ -51.1061085, -30.2585908 ], [ -51.1060419, -30.2575092 ], [ -51.1056461, -30.2570375 ], [ -51.1049912, -30.2568581 ], [ -51.1046851, -30.2563712 ], [ -51.1044473, -30.2551211 ], [ -51.104404099999989, -30.2538892 ], [ -51.1045368, -30.2526827 ], [ -51.1049339, -30.2518452 ], [ -51.1054823, -30.2516448 ], [ -51.1064576, -30.250360699999984 ], [ -51.107131099999989, -30.2497913 ], [ -51.108966, -30.2492838 ], [ -51.1095128, -30.2486129 ], [ -51.110026, -30.248291 ], [ -51.1110737, -30.2481616 ], [ -51.111495299999987, -30.2477551 ], [ -51.113059, -30.2470446 ], [ -51.1137188, -30.2463709 ], [ -51.114663099999987, -30.24607 ], [ -51.1175803, -30.2458077 ], [ -51.118641599999989, -30.2458599 ], [ -51.118983399999983, -30.2460766 ], [ -51.119773299999984, -30.2357102 ], [ -51.1204487, -30.2348361 ], [ -51.1142457, -30.2312578 ], [ -51.113640399999987, -30.2282626 ], [ -51.1139267, -30.226025 ], [ -51.1138441, -30.2248169 ], [ -51.1129299, -30.219886399999989 ], [ -51.1092921, -30.2200315 ], [ -51.1060157, -30.2197655 ], [ -51.10271789999998, -30.2193529 ], [ -51.1014772, -30.218846100000011 ], [ -51.1012164, -30.2186222 ], [ -51.1068951, -30.2146479 ], [ -51.109796599999989, -30.2112217 ], [ -51.1077958, -30.2100533 ], [ -51.1068389, -30.2091792 ], [ -51.1056694, -30.2085123 ], [ -51.0918036, -30.2102305 ], [ -51.091375299999989, -30.2109 ], [ -51.0907807, -30.2109481 ], [ -51.0903098, -30.2108642 ], [ -51.086405199999987, -30.2091887 ], [ -51.0855598, -30.2090754 ], [ -51.087612799999988, -30.2218648 ], [ -51.083092099999988, -30.2223678 ], [ -51.0790737, -30.2234 ], [ -51.076101699999988, -30.2248457 ], [ -51.0707233, -30.2269205 ], [ -51.0674772, -30.228586399999983 ], [ -51.0645728, -30.2294012 ], [ -51.0613499, -30.2312324 ], [ -51.0608834, -30.2316738 ], [ -51.0600303, -30.2318786 ], [ -51.0594668, -30.2317405 ], [ -51.0557465, -30.2287693 ], [ -51.0529947, -30.2293564 ], [ -51.0521099, -30.2297215 ], [ -51.05263, -30.2301333 ], [ -51.0530436, -30.230716799999986 ], [ -51.053248499999988, -30.2315514 ], [ -51.0531133, -30.2322041 ], [ -51.053226699999989, -30.2331392 ], [ -51.053822, -30.234545099999988 ], [ -51.0549878, -30.2360059 ], [ -51.0549959, -30.236555400000011 ], [ -51.0547325, -30.2372432 ], [ -51.0555757, -30.238774599999989 ], [ -51.0562682, -30.2394423 ], [ -51.057076799999983, -30.2396569 ], [ -51.058646799999984, -30.2397424 ], [ -51.0583668, -30.2418376 ], [ -51.058754699999987, -30.2425846 ], [ -51.0589032, -30.2435217 ], [ -51.0587426, -30.2437364 ], [ -51.0569638, -30.24476 ], [ -51.0569219, -30.2459204 ], [ -51.057256899999985, -30.2467447 ], [ -51.057311, -30.247464 ], [ -51.0545677, -30.2511168 ], [ -51.054168, -30.2521446 ], [ -51.0542097, -30.2537849 ], [ -51.0550024, -30.2543414 ], [ -51.0555047, -30.2557347 ], [ -51.05496320000001, -30.256738299999984 ], [ -51.0538335, -30.2572568 ], [ -51.0535834, -30.2577292 ], [ -51.0537693, -30.2579808 ], [ -51.055011699999987, -30.2583807 ], [ -51.055203, -30.2586716 ], [ -51.0548345, -30.258881 ], [ -51.0543293, -30.2587632 ], [ -51.053857699999988, -30.2590129 ], [ -51.05357, -30.2593839 ], [ -51.053572299999985, -30.2597616 ], [ -51.054537, -30.260058 ], [ -51.055019, -30.2603875 ], [ -51.0558002, -30.2604483 ], [ -51.0570108, -30.260098199999984 ], [ -51.0579774, -30.259237400000011 ], [ -51.0585915, -30.259021 ], [ -51.0594522, -30.2592686 ], [ -51.060553399999989, -30.2590002 ], [ -51.0608389, -30.259127399999986 ], [ -51.061285199999986, -30.2597056 ], [ -51.061737799999989, -30.2598264 ], [ -51.062523799999987, -30.2597842 ], [ -51.0628966, -30.2596116 ], [ -51.0628265, -30.2587799 ], [ -51.0632072, -30.2576541 ], [ -51.0631303, -30.2569498 ], [ -51.0633791, -30.2558115 ], [ -51.063981299999988, -30.255445 ], [ -51.064918, -30.2538585 ], [ -51.065315, -30.2535043 ], [ -51.065353099999989, -30.2529709 ], [ -51.065837599999988, -30.2524393 ], [ -51.0664228, -30.2521625 ], [ -51.0676376, -30.2506451 ], [ -51.0685059, -30.249823299999989 ], [ -51.0685176, -30.249253499999988 ], [ -51.0688316, -30.249024 ], [ -51.069246, -30.2490386 ], [ -51.0694317, -30.2488072 ], [ -51.0698812, -30.24799 ], [ -51.069698099999989, -30.2471953 ], [ -51.071792, -30.2458973 ], [ -51.0723079, -30.2456723 ], [ -51.072816299999985, -30.2458467 ], [ -51.0733625, -30.2456785 ], [ -51.0747289, -30.2448158 ], [ -51.0751247, -30.2448181 ], [ -51.076054899999988, -30.2443367 ], [ -51.076354, -30.2434851 ], [ -51.0764992, -30.2433844 ], [ -51.0792267, -30.2426163 ], [ -51.079771799999989, -30.2428355 ], [ -51.0805391, -30.242791499999989 ], [ -51.0816625, -30.2424141 ], [ -51.082065799999988, -30.242423599999988 ], [ -51.0825149, -30.2421802 ], [ -51.0828843, -30.2422142 ], [ -51.083326, -30.2419067 ], [ -51.083809399999986, -30.241909 ], [ -51.084401799999981, -30.2416634 ], [ -51.087718599999988, -30.2414253 ], [ -51.0894014, -30.240983299999989 ], [ -51.0926373, -30.2409338 ] ] ] } },
{ "type": "Feature", "properties": { "code_muni": 4314902.0, "name_muni": "Porto Alegre", "code_neighborhood": 4314902075.0, "name_neighborhood": "Serraria", "code_district": 431490205.0, "name_district": "Porto Alegre", "code_subdistrict": 43149020500.0, "name_subdistrict": null, "code_state": 43.0, "abbrev_state": "RS", "name_state": "Rio Grande do Sul", "code_region": 4.0, "name_region": "Sul", "year": 2022.0 }, "geometry": { "type": "Polygon", "coordinates": [ [ [ -51.217016699999988, -30.1734839 ], [ -51.2174399, -30.173089099999984 ], [ -51.2179719, -30.1728337 ], [ -51.2196521, -30.1728457 ], [ -51.2198342, -30.1729443 ], [ -51.2200484, -30.1733889 ], [ -51.220684299999988, -30.173465699999984 ], [ -51.2215743, -30.1741366 ], [ -51.222432299999987, -30.1739897 ], [ -51.2226777, -30.1740745 ], [ -51.2231903, -30.1746495 ], [ -51.2243705, -30.1746326 ], [ -51.2248546, -30.1747634 ], [ -51.226081, -30.175763199999984 ], [ -51.2265093, -30.1764366 ], [ -51.226709899999989, -30.1765829 ], [ -51.2269773, -30.1765133 ], [ -51.2273777, -30.1758981 ], [ -51.2273154, -30.174823 ], [ -51.226967699999989, -30.1744092 ], [ -51.227059099999984, -30.173232599999988 ], [ -51.2267661, -30.1727834 ], [ -51.226230699999981, -30.1698049 ], [ -51.2266336, -30.168213399999985 ], [ -51.226946399999989, -30.1679699 ], [ -51.2273387, -30.1680358 ], [ -51.2277849, -30.1677063 ], [ -51.2284675, -30.1675994 ], [ -51.2302309, -30.1666925 ], [ -51.2305827, -30.1666448 ], [ -51.2307328, -30.166367300000012 ], [ -51.2321246, -30.1656355 ], [ -51.2323682, -30.1650994 ], [ -51.2329932, -30.1649135 ], [ -51.2330178, -30.1646267 ], [ -51.2332486, -30.164545 ], [ -51.233218199999989, -30.1640843 ], [ -51.2334189, -30.163597700000011 ], [ -51.2331007, -30.1634413 ], [ -51.2331616, -30.163073599999983 ], [ -51.232797, -30.1628576 ], [ -51.2328485, -30.1624371 ], [ -51.2324742, -30.1622061 ], [ -51.2322715, -30.1622348 ], [ -51.231979699999989, -30.1624539 ], [ -51.2318747, -30.1628254 ], [ -51.231187199999987, -30.1629638 ], [ -51.2305625, -30.1626627 ], [ -51.2302029, -30.1627463 ], [ -51.2301108, -30.1625735 ], [ -51.2296263, -30.1623452 ], [ -51.2290686, -30.1616544 ], [ -51.2284988, -30.1614622 ], [ -51.2280067, -30.1605677 ], [ -51.2280689, -30.1602483 ], [ -51.2277548, -30.1597409 ], [ -51.2278734, -30.1592767 ], [ -51.227736, -30.159098199999985 ], [ -51.222557799999983, -30.159574 ], [ -51.2225966, -30.160169299999989 ], [ -51.2221827, -30.1606826 ], [ -51.221458, -30.1610531 ], [ -51.2205711, -30.1611117 ], [ -51.219992699999985, -30.1620973 ], [ -51.2183899, -30.163101 ], [ -51.2063879, -30.1638332 ], [ -51.2080601, -30.1685073 ], [ -51.2012972, -30.167362499999985 ], [ -51.2022075, -30.1714114 ], [ -51.2026712, -30.1716115 ], [ -51.204336399999988, -30.173299699999983 ], [ -51.205598, -30.1753521 ], [ -51.2059785, -30.1757398 ], [ -51.2063458, -30.1759112 ], [ -51.2072077, -30.176037 ], [ -51.2086611, -30.1758878 ], [ -51.2135859, -30.1750715 ], [ -51.215074199999989, -30.1744729 ], [ -51.217016699999988, -30.1734839 ] ] ] } },
{ "type": "Feature", "properties": { "code_muni": 4314902.0, "name_muni": "Porto Alegre", "code_neighborhood": 4314902076.0, "name_neighborhood": "Lageado", "code_district": 431490205.0, "name_district": "Porto Alegre", "code_subdistrict": 43149020500.0, "name_subdistrict": null, "code_state": 43.0, "abbrev_state": "RS", "name_state": "Rio Grande do Sul", "code_region": 4.0, "name_region": "Sul", "year": 2022.0 }, "geometry": { "type": "Polygon", "coordinates": [ [ [ -51.1438554, -30.2054799 ], [ -51.1460754, -30.2104714 ], [ -51.1473546, -30.210642 ], [ -51.1490029, -30.2111712 ], [ -51.1516428, -30.212851 ], [ -51.1529238, -30.2131543 ], [ -51.1542259, -30.213226 ], [ -51.155994299999989, -30.2131125 ], [ -51.1597511, -30.2126106 ], [ -51.161697, -30.2127769 ], [ -51.1615691, -30.2112643 ], [ -51.1604216, -30.2102108 ], [ -51.1597839, -30.209163799999985 ], [ -51.1598702, -30.2086988 ], [ -51.160338, -30.207959100000011 ], [ -51.159982899999989, -30.2068342 ], [ -51.1599243, -30.2055497 ], [ -51.1607403, -30.2037656 ], [ -51.160603, -30.203035899999989 ], [ -51.1598909, -30.201156 ], [ -51.160278, -30.2002459 ], [ -51.1614503, -30.1993732 ], [ -51.162766, -30.1964552 ], [ -51.162838099999988, -30.195765 ], [ -51.162455, -30.1944232 ], [ -51.1622602, -30.1925712 ], [ -51.1615569, -30.1922935 ], [ -51.1612216, -30.1920207 ], [ -51.1580945, -30.1874894 ], [ -51.1574274, -30.1868517 ], [ -51.1545945, -30.1865788 ], [ -51.1522009, -30.1866961 ], [ -51.150989, -30.1865619 ], [ -51.1494563, -30.185816 ], [ -51.1474589, -30.184473100000012 ], [ -51.146114, -30.1839506 ], [ -51.143213099999983, -30.1838846 ], [ -51.141902, -30.1834145 ], [ -51.1406072, -30.1833216 ], [ -51.1410164, -30.1829898 ], [ -51.1414646, -30.1822975 ], [ -51.1417613, -30.1815184 ], [ -51.1419109, -30.1803269 ], [ -51.1429618, -30.1784289 ], [ -51.1436542, -30.1775935 ], [ -51.1454551, -30.1760021 ], [ -51.1407474, -30.1757859 ], [ -51.14037, -30.1756171 ], [ -51.1403695, -30.1753691 ], [ -51.1411233, -30.1743181 ], [ -51.1417534, -30.1724808 ], [ -51.1424861, -30.1714942 ], [ -51.1430696, -30.1688533 ], [ -51.1224139, -30.1700312 ], [ -51.1138365, -30.1620137 ], [ -51.088422099999988, -30.1754372 ], [ -51.0826093, -30.1788466 ], [ -51.0833496, -30.1798004 ], [ -51.08662, -30.1810878 ], [ -51.0927052, -30.185536299999988 ], [ -51.0948466, -30.188073799999987 ], [ -51.0945192, -30.1886717 ], [ -51.0938078, -30.1894148 ], [ -51.0949617, -30.1908007 ], [ -51.0963219, -30.191789699999983 ], [ -51.096663299999989, -30.1933067 ], [ -51.099337299999988, -30.1955803 ], [ -51.1014123, -30.1977943 ], [ -51.1029785, -30.1987652 ], [ -51.1048577, -30.1991769 ], [ -51.107101, -30.2002083 ], [ -51.110483699999989, -30.2013558 ], [ -51.1122119, -30.2026047 ], [ -51.114299, -30.2035755 ], [ -51.114922, -30.2037299 ], [ -51.1166109, -30.203724 ], [ -51.1186934, -30.202748599999985 ], [ -51.1207529, -30.2020196 ], [ -51.1242575, -30.2000521 ], [ -51.1260266, -30.1994912 ], [ -51.1268611, -30.1987914 ], [ -51.136237099999988, -30.2059383 ], [ -51.1439495, -30.2045156 ], [ -51.1438554, -30.2054799 ] ] ] } },
{ "type": "Feature", "properties": { "code_muni": 4314902.0, "name_muni": "Porto Alegre", "code_neighborhood": 4314902077.0, "name_neighborhood": "Lomba do Pinheiro", "code_district": 431490205.0, "name_district": "Porto Alegre", "code_subdistrict": 43149020500.0, "name_subdistrict": null, "code_state": 43.0, "abbrev_state": "RS", "name_state": "Rio Grande do Sul", "code_region": 4.0, "name_region": "Sul", "year": 2022.0 }, "geometry": { "type": "Polygon", "coordinates": [ [ [ -51.1333869, -30.1364044 ], [ -51.1378139, -30.134443 ], [ -51.140041, -30.1339077 ], [ -51.1409348, -30.132904 ], [ -51.1420993, -30.1320743 ], [ -51.1421062, -30.1317568 ], [ -51.1399969, -30.1283815 ], [ -51.1395844, -30.12733930000001 ], [ -51.1395577, -30.126771500000011 ], [ -51.1399266, -30.1257159 ], [ -51.140115, -30.1253629 ], [ -51.140893899999988, -30.1245854 ], [ -51.1426416, -30.1215247 ], [ -51.1426679, -30.1211267 ], [ -51.1422577, -30.1202629 ], [ -51.1423559, -30.1199805 ], [ -51.143899499999989, -30.1189261 ], [ -51.1471048, -30.1176602 ], [ -51.1470777, -30.1167398 ], [ -51.1475834, -30.1156442 ], [ -51.1468998, -30.1151395 ], [ -51.1469316, -30.1143628 ], [ -51.1476274, -30.1134354 ], [ -51.1489804, -30.1032421 ], [ -51.1519725, -30.1012913 ], [ -51.1539561, -30.1008225 ], [ -51.1537453, -30.0993487 ], [ -51.1534979, -30.0987981 ], [ -51.1538441, -30.0967478 ], [ -51.1536394, -30.0964009 ], [ -51.152215399999982, -30.0950695 ], [ -51.1524387, -30.0931308 ], [ -51.1522334, -30.0926324 ], [ -51.1487216, -30.0909452 ], [ -51.1478517, -30.0925559 ], [ -51.1469956, -30.0921966 ], [ -51.146490799999988, -30.0919199 ], [ -51.1461198, -30.0915236 ], [ -51.1453059, -30.0901895 ], [ -51.1450027, -30.0899817 ], [ -51.144019, -30.0896813 ], [ -51.1430558, -30.0888676 ], [ -51.1422524, -30.0876984 ], [ -51.1402455, -30.0861194 ], [ -51.1390729, -30.0848522 ], [ -51.138742799999989, -30.084662 ], [ -51.1371113, -30.0844386 ], [ -51.1364139, -30.0846103 ], [ -51.1364175, -30.0837949 ], [ -51.136598299999989, -30.0835649 ], [ -51.1365654, -30.083302 ], [ -51.136779, -30.0832363 ], [ -51.1368693, -30.0830391 ], [ -51.136696799999989, -30.082513399999986 ], [ -51.1370911, -30.0821684 ], [ -51.1372801, -30.081790499999979 ], [ -51.1370911, -30.081544 ], [ -51.136696799999989, -30.0813962 ], [ -51.1357603, -30.0799504 ], [ -51.1360725, -30.0794411 ], [ -51.1366147, -30.0792932 ], [ -51.1364668, -30.0780774 ], [ -51.136762499999982, -30.0775024 ], [ -51.137699, -30.0770095 ], [ -51.137699, -30.0764016 ], [ -51.1372226, -30.0762373 ], [ -51.1371076, -30.0758101 ], [ -51.136762499999982, -30.0758101 ], [ -51.136565399999981, -30.0754651 ], [ -51.1352182, -30.0753994 ], [ -51.134963199999987, -30.0750477 ], [ -51.1338471, -30.0756112 ], [ -51.1288561, -30.0769029 ], [ -51.1275394, -30.0769784 ], [ -51.125251, -30.076815099999987 ], [ -51.1231101, -30.076859 ], [ -51.1207961, -30.07743 ], [ -51.1188573, -30.0785267 ], [ -51.117772599999981, -30.0787685 ], [ -51.1167802, -30.0796176 ], [ -51.1156078, -30.0800621 ], [ -51.1150659, -30.0807819 ], [ -51.1142846, -30.081465199999986 ], [ -51.1132544, -30.0830937 ], [ -51.1114447, -30.0853201 ], [ -51.1108877, -30.0863276 ], [ -51.110436899999989, -30.0876876 ], [ -51.1107261, -30.0911301 ], [ -51.1106286, -30.093322 ], [ -51.1114923, -30.0971012 ], [ -51.1111828, -30.1021429 ], [ -51.112018, -30.103412 ], [ -51.1119695, -30.1042052 ], [ -51.1117488, -30.1044322 ], [ -51.1114627, -30.1043969 ], [ -51.1101086, -30.105161 ], [ -51.1084943, -30.1054724 ], [ -51.105938, -30.1066443 ], [ -51.104224099999989, -30.1078073 ], [ -51.1018249, -30.1097511 ], [ -51.1007945, -30.1108709 ], [ -51.1006873, -30.1112779 ], [ -51.1008934, -30.1142057 ], [ -51.1002913, -30.1144821 ], [ -51.0995801, -30.114612299999983 ], [ -51.0963394, -30.1148644 ], [ -51.096318, -30.1163976 ], [ -51.0957259, -30.117524 ], [ -51.0949183, -30.1186166 ], [ -51.0946909, -30.119389299999984 ], [ -51.0949565, -30.1195826 ], [ -51.0949501, -30.1198343 ], [ -51.0953788, -30.1199989 ], [ -51.0955872, -30.1218396 ], [ -51.0968259, -30.1223013 ], [ -51.0965705, -30.1231385 ], [ -51.0963238, -30.1233588 ], [ -51.0962945, -30.123788499999989 ], [ -51.096542, -30.12449860000001 ], [ -51.096263099999987, -30.12486890000001 ], [ -51.096269799999988, -30.125219599999983 ], [ -51.0965663, -30.1256905 ], [ -51.0971189, -30.125866699999989 ], [ -51.0973172, -30.126163 ], [ -51.097619, -30.127165500000011 ], [ -51.097614199999988, -30.12822640000001 ], [ -51.0979884, -30.1282451 ], [ -51.0986638, -30.128710400000013 ], [ -51.0977646, -30.1296516 ], [ -51.0977191, -30.1317834 ], [ -51.0970811, -30.1326931 ], [ -51.094929199999989, -30.1348267 ], [ -51.0943814, -30.1355322 ], [ -51.0940257, -30.13654 ], [ -51.093831699999981, -30.1376477 ], [ -51.0933124, -30.1383819 ], [ -51.0912724, -30.1393353 ], [ -51.0901651, -30.1395493 ], [ -51.0876935, -30.1405714 ], [ -51.0870963, -30.1410196 ], [ -51.0855894, -30.1431392 ], [ -51.0861366, -30.1454818 ], [ -51.0868878, -30.1464724 ], [ -51.087992, -30.1474328 ], [ -51.0885035, -30.1482821 ], [ -51.0891138, -30.1499039 ], [ -51.088994, -30.1512706 ], [ -51.086799199999987, -30.153048 ], [ -51.0863084, -30.1535623 ], [ -51.08603, -30.1542447 ], [ -51.0857258, -30.1545828 ], [ -51.0833696, -30.1559416 ], [ -51.0824492, -30.1566371 ], [ -51.081994699999989, -30.1570011 ], [ -51.0809364, -30.1584159 ], [ -51.078897, -30.1598368 ], [ -51.0786389, -30.1602208 ], [ -51.0787968, -30.16174040000001 ], [ -51.0791952, -30.1635018 ], [ -51.0793854, -30.163765 ], [ -51.0788821, -30.1644889 ], [ -51.0784418, -30.165540199999988 ], [ -51.0777196, -30.1660855 ], [ -51.0770128, -30.1671177 ], [ -51.076785, -30.1678517 ], [ -51.0768241, -30.168120699999989 ], [ -51.0764727, -30.169282 ], [ -51.0767032, -30.1699761 ], [ -51.0766961, -30.1706308 ], [ -51.0768958, -30.1710762 ], [ -51.0766182, -30.1720167 ], [ -51.076644699999989, -30.1728638 ], [ -51.0768692, -30.1732435 ], [ -51.0765271, -30.1742178 ], [ -51.0767111, -30.1747434 ], [ -51.0766601, -30.1752643 ], [ -51.0768937, -30.1755678 ], [ -51.0774505, -30.175709599999983 ], [ -51.0777372, -30.1759276 ], [ -51.0778229, -30.1766691 ], [ -51.0782163, -30.177091 ], [ -51.079462, -30.1791084 ], [ -51.0806337, -30.179391599999988 ], [ -51.0813106, -30.1790685 ], [ -51.0816337, -30.1785569 ], [ -51.0819298, -30.1783916 ], [ -51.0826093, -30.1788466 ], [ -51.088422099999988, -30.1754372 ], [ -51.0928683, -30.1532266 ], [ -51.093196, -30.1534299 ], [ -51.0936486, -30.1532384 ], [ -51.0939206, -30.1528876 ], [ -51.0954994, -30.1516908 ], [ -51.0968077, -30.1501206 ], [ -51.0962596, -30.1497982 ], [ -51.0961724, -30.1485715 ], [ -51.0966867, -30.1475543 ], [ -51.0962279, -30.1457371 ], [ -51.095552399999988, -30.1442079 ], [ -51.0965404, -30.1417711 ], [ -51.0964834, -30.1409482 ], [ -51.0969746, -30.138756499999989 ], [ -51.0980601, -30.1371374 ], [ -51.0976578, -30.1364101 ], [ -51.0982949, -30.1368167 ], [ -51.1029528, -30.1327721 ], [ -51.1036459, -30.1331485 ], [ -51.1036389, -30.13350040000001 ], [ -51.1038359, -30.1336341 ], [ -51.1038711, -30.1340703 ], [ -51.1045747, -30.1344714 ], [ -51.105213899999988, -30.1363394 ], [ -51.1066331, -30.137233 ], [ -51.1076912, -30.1389539 ], [ -51.1087504, -30.1393306 ], [ -51.1100515, -30.1407235 ], [ -51.110742, -30.1401767 ], [ -51.1115831, -30.1404133 ], [ -51.112581899999988, -30.1399928 ], [ -51.113466699999982, -30.1404133 ], [ -51.1143954, -30.1405622 ], [ -51.1159548, -30.1402731 ], [ -51.116138799999987, -30.1398964 ], [ -51.1164892, -30.1397387 ], [ -51.1173391, -30.1401066 ], [ -51.1179913, -30.1398728 ], [ -51.1180336, -30.140027099999987 ], [ -51.1183481, -30.1400019 ], [ -51.1189115, -30.139796 ], [ -51.11954, -30.1400994 ], [ -51.1199843, -30.1400344 ], [ -51.120266, -30.13907 ], [ -51.1210353, -30.1386799 ], [ -51.122140599999987, -30.138474 ], [ -51.122769, -30.1378239 ], [ -51.123365, -30.1379972 ], [ -51.1248698, -30.136192800000011 ], [ -51.1254576, -30.1360226 ], [ -51.1268127, -30.1360545 ], [ -51.1273952, -30.1355907 ], [ -51.1278074, -30.1354666 ], [ -51.1284308, -30.1356901 ], [ -51.1289579, -30.1368511 ], [ -51.1308489, -30.1372025 ], [ -51.1333869, -30.1364044 ] ] ] } },
{ "type": "Feature", "properties": { "code_muni": 4314902.0, "name_muni": "Porto Alegre", "code_neighborhood": 4314902078.0, "name_neighborhood": "Mário Quintana", "code_district": 431490205.0, "name_district": "Porto Alegre", "code_subdistrict": 43149020500.0, "name_subdistrict": null, "code_state": 43.0, "abbrev_state": "RS", "name_state": "Rio Grande do Sul", "code_region": 4.0, "name_region": "Sul", "year": 2022.0 }, "geometry": { "type": "Polygon", "coordinates": [ [ [ -51.1078895, -30.0501193 ], [ -51.107085, -30.0409691 ], [ -51.107774199999987, -30.0408104 ], [ -51.1088801, -30.0403353 ], [ -51.1119686, -30.0385051 ], [ -51.112437, -30.038355 ], [ -51.117899199999989, -30.0379417 ], [ -51.118752199999989, -30.0379928 ], [ -51.121069299999988, -30.038596599999984 ], [ -51.1223815, -30.0386853 ], [ -51.1202074, -30.0268077 ], [ -51.1201428, -30.0257376 ], [ -51.1143305, -30.026192 ], [ -51.1142958, -30.0257974 ], [ -51.1134647, -30.025853 ], [ -51.1132676, -30.0234865 ], [ -51.1100216, -30.0237341 ], [ -51.1102658, -30.0265435 ], [ -51.1088318, -30.0266617 ], [ -51.1087471, -30.025957299999988 ], [ -51.1079671, -30.0260054 ], [ -51.107896, -30.0270681 ], [ -51.107103, -30.0285651 ], [ -51.105469899999989, -30.0278803 ], [ -51.10469, -30.0277817 ], [ -51.1038693, -30.0278529 ], [ -51.1039598, -30.027144699999987 ], [ -51.1034635, -30.0271191 ], [ -51.1034794, -30.0266317 ], [ -51.1037384, -30.0266933 ], [ -51.1038027, -30.0265187 ], [ -51.1038233, -30.025962 ], [ -51.1028173, -30.0260852 ], [ -51.1018684, -30.0258964 ], [ -51.10095, -30.0259264 ], [ -51.1000459, -30.0250479 ], [ -51.0996484, -30.0249381 ], [ -51.0999292, -30.022559 ], [ -51.1000051, -30.021459 ], [ -51.0999049, -30.0212802 ], [ -51.1001176, -30.020387499999984 ], [ -51.09899, -30.0203543 ], [ -51.0987799, -30.020019 ], [ -51.0984045, -30.020157599999987 ], [ -51.0982285, -30.0203169 ], [ -51.0983167, -30.0213452 ], [ -51.0977434, -30.0213699 ], [ -51.0977044, -30.0206993 ], [ -51.0961808, -30.0206622 ], [ -51.0955061, -30.0212232 ], [ -51.0947379, -30.0203404 ], [ -51.0940721, -30.0201471 ], [ -51.0897692, -30.0214547 ], [ -51.089444199999988, -30.02173 ], [ -51.089138899999988, -30.0216982 ], [ -51.0881774, -30.0219658 ], [ -51.0872257, -30.0216944 ], [ -51.0870056, -30.022228 ], [ -51.086365, -30.0226348 ], [ -51.086433799999988, -30.0227937 ], [ -51.0862641, -30.0229521 ], [ -51.0861415, -30.0252958 ], [ -51.0874326, -30.0257408 ], [ -51.0876971, -30.025946 ], [ -51.087852299999987, -30.0262928 ], [ -51.0878347, -30.0270611 ], [ -51.087140199999986, -30.0276488 ], [ -51.0873674, -30.029045699999983 ], [ -51.0883313, -30.0293312 ], [ -51.0883838, -30.02955 ], [ -51.088149099999988, -30.0298831 ], [ -51.0884703, -30.029940899999989 ], [ -51.0886839, -30.0306014 ], [ -51.089335, -30.0308477 ], [ -51.0896418, -30.03340810000001 ], [ -51.0897338, -30.0337223 ], [ -51.0902808, -30.0341729 ], [ -51.090273499999988, -30.0343027 ], [ -51.0898048, -30.0346921 ], [ -51.0894803, -30.035845899999984 ], [ -51.0887186, -30.0363145 ], [ -51.087901, -30.0373098 ], [ -51.0869275, -30.0377569 ], [ -51.0867328, -30.0379876 ], [ -51.0867437, -30.0383651 ], [ -51.0872945, -30.038841699999985 ], [ -51.0870068, -30.0394443 ], [ -51.0874678, -30.0398192 ], [ -51.0878217, -30.0410163 ], [ -51.0875765, -30.0416509 ], [ -51.0872484, -30.041943 ], [ -51.0871799, -30.0426605 ], [ -51.0869744, -30.0429706 ], [ -51.0862122, -30.0456516 ], [ -51.0856873, -30.0455125 ], [ -51.0852313, -30.04581 ], [ -51.0846818, -30.0463444 ], [ -51.084477099999987, -30.0472273 ], [ -51.0842501, -30.047503 ], [ -51.0848389, -30.0478674 ], [ -51.0853818, -30.0479443 ], [ -51.086188, -30.0473554 ], [ -51.0866639, -30.047393 ], [ -51.0872646, -30.0471603 ], [ -51.0875735, -30.046731 ], [ -51.0878138, -30.0470524 ], [ -51.0882911, -30.0472129 ], [ -51.0908687, -30.0474106 ], [ -51.0912579, -30.047548099999986 ], [ -51.0917154, -30.0480142 ], [ -51.0933061, -30.0484915 ], [ -51.0933741, -30.0488893 ], [ -51.0940775, -30.0496541 ], [ -51.094390399999988, -30.050213599999985 ], [ -51.0957008, -30.050573 ], [ -51.096640099999988, -30.0501904 ], [ -51.0976838, -30.0485901 ], [ -51.0980317, -30.0485669 ], [ -51.100231399999984, -30.0486266 ], [ -51.1010415, -30.0484806 ], [ -51.101574899999989, -30.0486052 ], [ -51.1025145, -30.0491069 ], [ -51.1037624, -30.0490682 ], [ -51.1078895, -30.0501193 ] ] ] } },
{ "type": "Feature", "properties": { "code_muni": 4314902.0, "name_muni": "Porto Alegre", "code_neighborhood": 4314902079.0, "name_neighborhood": "Jardim Isabel", "code_district": 431490205.0, "name_district": "Porto Alegre", "code_subdistrict": 43149020500.0, "name_subdistrict": null, "code_state": 43.0, "abbrev_state": "RS", "name_state": "Rio Grande do Sul", "code_region": 4.0, "name_region": "Sul", "year": 2022.0 }, "geometry": { "type": "Polygon", "coordinates": [ [ [ -51.2334116, -30.1287598 ], [ -51.2360847, -30.1312997 ], [ -51.2381987, -30.1304873 ], [ -51.2424813, -30.1272201 ], [ -51.2402017, -30.1264268 ], [ -51.2411046, -30.1245906 ], [ -51.2350992, -30.1230212 ], [ -51.2323667, -30.122862 ], [ -51.2317326, -30.1226728 ], [ -51.2304469, -30.1234496 ], [ -51.229544399999988, -30.1260023 ], [ -51.229255599999988, -30.1263238 ], [ -51.2294686, -30.1265993 ], [ -51.2301937, -30.12695350000001 ], [ -51.2299486, -30.1273871 ], [ -51.2334116, -30.1287598 ] ] ] } },
{ "type": "Feature", "properties": { "code_muni": 4314902.0, "name_muni": "Porto Alegre", "code_neighborhood": 4314902080.0, "name_neighborhood": "Aberta dos Morros", "code_district": 431490205.0, "name_district": "Porto Alegre", "code_subdistrict": 43149020500.0, "name_subdistrict": null, "code_state": 43.0, "abbrev_state": "RS", "name_state": "Rio Grande do Sul", "code_region": 4.0, "name_region": "Sul", "year": 2022.0 }, "geometry": { "type": "Polygon", "coordinates": [ [ [ -51.2012972, -30.167362499999985 ], [ -51.2080601, -30.1685073 ], [ -51.206352599999988, -30.1639657 ], [ -51.207518, -30.1595564 ], [ -51.2080335, -30.1569187 ], [ -51.2107236, -30.155098399999986 ], [ -51.209989, -30.15074 ], [ -51.2086119, -30.1508499 ], [ -51.2082812, -30.1507176 ], [ -51.204549, -30.1476639 ], [ -51.2042054, -30.1472373 ], [ -51.203968, -30.1473015 ], [ -51.1914376, -30.1455344 ], [ -51.1903269, -30.1563497 ], [ -51.1907958, -30.1585564 ], [ -51.1911932, -30.1585771 ], [ -51.1984499, -30.171668 ], [ -51.2013862, -30.1712482 ], [ -51.2022075, -30.1714114 ], [ -51.2012972, -30.167362499999985 ] ] ] } },
{ "type": "Feature", "properties": { "code_muni": 4314902.0, "name_muni": "Porto Alegre", "code_neighborhood": 4314902081.0, "name_neighborhood": "Boa Vista do Sul", "code_district": 431490205.0, "name_district": "Porto Alegre", "code_subdistrict": 43149020500.0, "name_subdistrict": null, "code_state": 43.0, "abbrev_state": "RS", "name_state": "Rio Grande do Sul", "code_region": 4.0, "name_region": "Sul", "year": 2022.0 }, "geometry": { "type": "MultiPolygon", "coordinates": [ [ [ [ -51.1629205, -30.2627137 ], [ -51.1623654, -30.2622198 ], [ -51.162583899999987, -30.2628038 ], [ -51.1626009, -30.2644338 ], [ -51.1628274, -30.2650942 ], [ -51.1641036, -30.2660147 ], [ -51.165292, -30.2661814 ], [ -51.1663, -30.2657931 ], [ -51.1668627, -30.265073799999985 ], [ -51.167561400000011, -30.2648841 ], [ -51.168052699999983, -30.2650465 ], [ -51.1691549, -30.2645571 ], [ -51.1699624, -30.2640115 ], [ -51.1701955, -30.2636623 ], [ -51.169862, -30.2629476 ], [ -51.169378, -30.2627959 ], [ -51.1687399, -30.2628677 ], [ -51.1660604, -30.2624209 ], [ -51.1649369, -30.2623982 ], [ -51.1643871, -30.2621256 ], [ -51.164048799999989, -30.2616995 ], [ -51.1640786, -30.2622796 ], [ -51.163468099999989, -30.2626875 ], [ -51.1629205, -30.2627137 ] ] ], [ [ [ -51.119773299999984, -30.2357102 ], [ -51.118983399999983, -30.2460766 ], [ -51.120013799999988, -30.2461761 ], [ -51.122136399999981, -30.2467459 ], [ -51.123086500000014, -30.2466932 ], [ -51.123295899999988, -30.2468893 ], [ -51.1237352, -30.2481796 ], [ -51.123959899999988, -30.248137799999984 ], [ -51.1240617, -30.2479108 ], [ -51.1250793, -30.2477187 ], [ -51.1254682, -30.2478252 ], [ -51.1261626, -30.2473085 ], [ -51.1273737, -30.2474851 ], [ -51.1282055, -30.2477705 ], [ -51.1286795, -30.2487335 ], [ -51.1290925, -30.2488317 ], [ -51.1298817, -30.2493175 ], [ -51.1307284, -30.250171400000013 ], [ -51.1326241, -30.2516462 ], [ -51.1332782, -30.2525646 ], [ -51.1338156, -30.2540693 ], [ -51.1345132, -30.254514099999984 ], [ -51.1346835, -30.2548274 ], [ -51.1345696, -30.2554453 ], [ -51.135307700000013, -30.2565292 ], [ -51.135411, -30.2568674 ], [ -51.1353252, -30.2573375 ], [ -51.135761099999982, -30.258287399999986 ], [ -51.136843899999981, -30.2594737 ], [ -51.136937899999985, -30.2597296 ], [ -51.13688, -30.2602763 ], [ -51.137051199999988, -30.2605457 ], [ -51.137079, -30.2614401 ], [ -51.136876799999989, -30.261963599999987 ], [ -51.1372673, -30.26376470000001 ], [ -51.1375369, -30.2642321 ], [ -51.1373105, -30.26583 ], [ -51.1367486, -30.267007 ], [ -51.1350373, -30.2676347 ], [ -51.1342551, -30.2677372 ], [ -51.1343539, -30.2680028 ], [ -51.134894599999988, -30.2681688 ], [ -51.1348612, -30.2686659 ], [ -51.134777299999989, -30.2688047 ], [ -51.1335781, -30.269202 ], [ -51.1335703, -30.2693572 ], [ -51.1358706, -30.2691743 ], [ -51.1378849, -30.2686719 ], [ -51.1385999, -30.2686818 ], [ -51.139596699999984, -30.2682378 ], [ -51.1404862, -30.2680629 ], [ -51.1418621, -30.2670893 ], [ -51.1422162, -30.2660205 ], [ -51.1426863, -30.2656623 ], [ -51.1436788, -30.2652881 ], [ -51.1457236, -30.265005 ], [ -51.1475244, -30.2643754 ], [ -51.1496609, -30.2638506 ], [ -51.1499782, -30.2634048 ], [ -51.1525091, -30.2632927 ], [ -51.1549072, -30.2625486 ], [ -51.1575737, -30.2623399 ], [ -51.1596861, -30.2619185 ], [ -51.1594524, -30.261467200000016 ], [ -51.1590916, -30.2615202 ], [ -51.1587586, -30.2612795 ], [ -51.157379899999988, -30.2610186 ], [ -51.1573184, -30.2608329 ], [ -51.157550199999989, -30.2601659 ], [ -51.1566621, -30.2596973 ], [ -51.1558855, -30.257545 ], [ -51.1555022, -30.2568465 ], [ -51.1545208, -30.2510879 ], [ -51.1545141, -30.2494053 ], [ -51.1546016, -30.249224 ], [ -51.155082699999987, -30.248960699999984 ], [ -51.155083399999988, -30.248613 ], [ -51.1540592, -30.248396 ], [ -51.153383, -30.2485966 ], [ -51.1527045, -30.2485209 ], [ -51.1524705, -30.2483345 ], [ -51.1521201, -30.2476084 ], [ -51.1518706, -30.2464835 ], [ -51.1518519, -30.2456016 ], [ -51.1524636, -30.2435064 ], [ -51.153411299999988, -30.2420411 ], [ -51.155040799999988, -30.2406119 ], [ -51.1562162, -30.2398819 ], [ -51.1605283, -30.2387351 ], [ -51.1608934, -30.2384596 ], [ -51.163230099999986, -30.237963 ], [ -51.1670695, -30.237424 ], [ -51.1668428, -30.2348371 ], [ -51.1658246, -30.2294019 ], [ -51.1624149, -30.2252099 ], [ -51.1612284, -30.2245025 ], [ -51.1611599, -30.2241439 ], [ -51.1594583, -30.2215199 ], [ -51.156769, -30.2192641 ], [ -51.153184, -30.2131801 ], [ -51.1514729, -30.2127711 ], [ -51.1501492, -30.2118092 ], [ -51.1490029, -30.2111712 ], [ -51.1473546, -30.210642 ], [ -51.1460754, -30.2104714 ], [ -51.143906299999983, -30.2057515 ], [ -51.1439495, -30.2045156 ], [ -51.136237099999988, -30.2059383 ], [ -51.1268611, -30.1987914 ], [ -51.1260266, -30.1994912 ], [ -51.1242575, -30.2000521 ], [ -51.1207529, -30.2020196 ], [ -51.1186934, -30.202748599999985 ], [ -51.1166109, -30.203724 ], [ -51.1088906, -30.2122402 ], [ -51.1070489, -30.214515 ], [ -51.1012164, -30.2186222 ], [ -51.1014772, -30.218846100000011 ], [ -51.10271789999998, -30.2193529 ], [ -51.1060157, -30.2197655 ], [ -51.1092921, -30.2200315 ], [ -51.1129299, -30.219886399999989 ], [ -51.1138441, -30.2248169 ], [ -51.1139267, -30.226025 ], [ -51.113640399999987, -30.2282626 ], [ -51.1142457, -30.2312578 ], [ -51.1204487, -30.2348361 ], [ -51.119773299999984, -30.2357102 ] ] ] ] } },
{ "type": "Feature", "properties": { "code_muni": 4314902.0, "name_muni": "Porto Alegre", "code_neighborhood": 4314902082.0, "name_neighborhood": "Campo Novo", "code_district": 431490205.0, "name_district": "Porto Alegre", "code_subdistrict": 43149020500.0, "name_subdistrict": null, "code_state": 43.0, "abbrev_state": "RS", "name_state": "Rio Grande do Sul", "code_region": 4.0, "name_region": "Sul", "year": 2022.0 }, "geometry": { "type": "Polygon", "coordinates": [ [ [ -51.2042054, -30.1472373 ], [ -51.204549, -30.1476639 ], [ -51.2075617, -30.1474853 ], [ -51.209666, -30.146894699999986 ], [ -51.20917, -30.146003 ], [ -51.2081537, -30.145125600000011 ], [ -51.2077977, -30.144174 ], [ -51.2074634, -30.143951399999985 ], [ -51.2061294, -30.1439394 ], [ -51.2063217, -30.1435969 ], [ -51.2081328, -30.1430427 ], [ -51.208413, -30.1427782 ], [ -51.208160799999987, -30.1425222 ], [ -51.2072749, -30.1425465 ], [ -51.2060021, -30.142248 ], [ -51.2087026, -30.1410923 ], [ -51.2067444, -30.1360724 ], [ -51.207296, -30.1346721 ], [ -51.207806, -30.1344529 ], [ -51.207965, -30.1345087 ], [ -51.2080791, -30.1349327 ], [ -51.2086032, -30.1352306 ], [ -51.2086424, -30.1346204 ], [ -51.210783, -30.134529 ], [ -51.212923499999988, -30.1350571 ], [ -51.213271399999982, -30.1318844 ], [ -51.2123563, -30.1314306 ], [ -51.211289699999988, -30.1305658 ], [ -51.210879, -30.1303827 ], [ -51.2092763, -30.1305808 ], [ -51.208112899999989, -30.1304757 ], [ -51.2067247, -30.130935599999983 ], [ -51.2062542, -30.1306199 ], [ -51.2060793, -30.1303179 ], [ -51.2032731, -30.129486599999986 ], [ -51.2024019, -30.1286073 ], [ -51.2018279, -30.128471 ], [ -51.2019525, -30.127447799999985 ], [ -51.1999518, -30.1276988 ], [ -51.1994446, -30.127897699999988 ], [ -51.196197, -30.1300745 ], [ -51.1898362, -30.1324018 ], [ -51.1889871, -30.1330544 ], [ -51.1885839, -30.1338061 ], [ -51.1871601, -30.1350428 ], [ -51.1866439, -30.1359585 ], [ -51.1914376, -30.1455344 ], [ -51.203968, -30.1473015 ], [ -51.2042054, -30.1472373 ] ] ] } },
{ "type": "Feature", "properties": { "code_muni": 4314902.0, "name_muni": "Porto Alegre", "code_neighborhood": 4314902083.0, "name_neighborhood": "Chapéu do Sol", "code_district": 431490205.0, "name_district": "Porto Alegre", "code_subdistrict": 43149020500.0, "name_subdistrict": null, "code_state": 43.0, "abbrev_state": "RS", "name_state": "Rio Grande do Sul", "code_region": 4.0, "name_region": "Sul", "year": 2022.0 }, "geometry": { "type": "Polygon", "coordinates": [ [ [ -51.1537262, -30.1681202 ], [ -51.149492699999989, -30.1716829 ], [ -51.145739, -30.1757494 ], [ -51.1433367, -30.1779286 ], [ -51.1419109, -30.1803269 ], [ -51.1417613, -30.1815184 ], [ -51.1414646, -30.1822975 ], [ -51.1410164, -30.1829898 ], [ -51.1406072, -30.1833216 ], [ -51.141902, -30.1834145 ], [ -51.143213099999983, -30.1838846 ], [ -51.146114, -30.1839506 ], [ -51.1474589, -30.184473100000012 ], [ -51.1494563, -30.185816 ], [ -51.150989, -30.1865619 ], [ -51.1522009, -30.1866961 ], [ -51.1545945, -30.1865788 ], [ -51.1572817, -30.1868042 ], [ -51.1578745, -30.1872037 ], [ -51.1593046, -30.1892224 ], [ -51.160684, -30.1881102 ], [ -51.1611569, -30.187425699999988 ], [ -51.1617802, -30.1873911 ], [ -51.1673201, -30.1831483 ], [ -51.1678657, -30.1832025 ], [ -51.169105, -30.184405 ], [ -51.170247, -30.1838939 ], [ -51.1712736, -30.1850868 ], [ -51.1751906, -30.1832877 ], [ -51.1757256, -30.1814173 ], [ -51.1763924, -30.1750616 ], [ -51.176764299999988, -30.1744957 ], [ -51.1798732, -30.1713536 ], [ -51.1806409, -30.169518 ], [ -51.177630199999989, -30.1689134 ], [ -51.1772982, -30.1689847 ], [ -51.1722624, -30.1708312 ], [ -51.1718573, -30.1710332 ], [ -51.170971599999987, -30.1718906 ], [ -51.1705218, -30.1721008 ], [ -51.1695294, -30.1721744 ], [ -51.168082899999987, -30.1715991 ], [ -51.1674162, -30.1708135 ], [ -51.166798499999985, -30.1676948 ], [ -51.1668259, -30.1671785 ], [ -51.166460699999988, -30.166353 ], [ -51.165138899999988, -30.1658064 ], [ -51.159853399999989, -30.1642361 ], [ -51.1585993, -30.1631215 ], [ -51.1582589, -30.162010100000014 ], [ -51.156705099999989, -30.1627252 ], [ -51.1557627, -30.1634984 ], [ -51.155506, -30.1640244 ], [ -51.1550337, -30.1661859 ], [ -51.1537262, -30.1681202 ] ] ] } },
{ "type": "Feature", "properties": { "code_muni": 4314902.0, "name_muni": "Porto Alegre", "code_neighborhood": 4314902084.0, "name_neighborhood": "Costa e Silva", "code_district": 431490205.0, "name_district": "Porto Alegre", "code_subdistrict": 43149020500.0, "name_subdistrict": null, "code_state": 43.0, "abbrev_state": "RS", "name_state": "Rio Grande do Sul", "code_region": 4.0, "name_region": "Sul", "year": 2022.0 }, "geometry": { "type": "Polygon", "coordinates": [ [ [ -51.1206415, -30.01475520000001 ], [ -51.1228116, -30.0139359 ], [ -51.1239671, -30.0128256 ], [ -51.124551, -30.0124974 ], [ -51.1270956, -30.0116057 ], [ -51.1285588, -30.011608 ], [ -51.1277151, -30.0060064 ], [ -51.1276551, -30.0047278 ], [ -51.1202469, -30.0054157 ], [ -51.1201241, -30.0056332 ], [ -51.1203319, -30.007416 ], [ -51.1174799, -30.0077015 ], [ -51.116890299999987, -30.0061252 ], [ -51.1168984, -30.0049657 ], [ -51.1152486, -30.0005984 ], [ -51.109810599999989, -30.0021392 ], [ -51.1102655, -30.0074049 ], [ -51.1117164, -30.0084311 ], [ -51.1123055, -30.015211 ], [ -51.11606, -30.0155188 ], [ -51.1206415, -30.01475520000001 ] ] ] } },
{ "type": "Feature", "properties": { "code_muni": 4314902.0, "name_muni": "Porto Alegre", "code_neighborhood": 4314902085.0, "name_neighborhood": "Extrema", "code_district": 431490205.0, "name_district": "Porto Alegre", "code_subdistrict": 43149020500.0, "name_subdistrict": null, "code_state": 43.0, "abbrev_state": "RS", "name_state": "Rio Grande do Sul", "code_region": 4.0, "name_region": "Sul", "year": 2022.0 }, "geometry": { "type": "MultiPolygon", "coordinates": [ [ [ [ -51.0707233, -30.2269205 ], [ -51.076101699999988, -30.2248457 ], [ -51.0792389, -30.22334480000001 ], [ -51.083092099999988, -30.2223678 ], [ -51.087612799999988, -30.2218648 ], [ -51.0855598, -30.2090754 ], [ -51.0860614, -30.209087 ], [ -51.0875212, -30.2096012 ], [ -51.0905293, -30.2109327 ], [ -51.091375299999989, -30.2109 ], [ -51.0918036, -30.2102305 ], [ -51.090938699999988, -30.2080421 ], [ -51.0907879, -30.2072357 ], [ -51.0908479, -30.2049397 ], [ -51.09129129999998, -30.2018728 ], [ -51.091233, -30.2011057 ], [ -51.090287, -30.1980284 ], [ -51.089373, -30.196187699999989 ], [ -51.055391, -30.1911077 ], [ -51.0536988, -30.1890036 ], [ -51.0514714, -30.188713 ], [ -51.0508646, -30.188439799999987 ], [ -51.0492913, -30.1873891 ], [ -51.0483418, -30.1871404 ], [ -51.0464449, -30.1870553 ], [ -51.045850599999987, -30.1867713 ], [ -51.0445018, -30.1857421 ], [ -51.0426534, -30.184727399999986 ], [ -51.0119422, -30.1989308 ], [ -51.0132275, -30.2000072 ], [ -51.0141626, -30.2004963 ], [ -51.0150489, -30.201423 ], [ -51.0153082, -30.2023192 ], [ -51.016538, -30.2042082 ], [ -51.0174846, -30.2046245 ], [ -51.018252, -30.2046469 ], [ -51.0190152, -30.204857699999984 ], [ -51.0195108, -30.2052742 ], [ -51.019872, -30.2058328 ], [ -51.0206342, -30.2059704 ], [ -51.0213781, -30.20703420000001 ], [ -51.0246891, -30.2101311 ], [ -51.025854, -30.2110038 ], [ -51.0271766, -30.2129198 ], [ -51.0291589, -30.2144506 ], [ -51.0301703, -30.2157378 ], [ -51.0315469, -30.2168845 ], [ -51.0330508, -30.2176501 ], [ -51.038066, -30.2186107 ], [ -51.0407376, -30.218456699999983 ], [ -51.0418198, -30.2191754 ], [ -51.0424432, -30.219897 ], [ -51.0427407, -30.2205568 ], [ -51.0440958, -30.221772 ], [ -51.0458788, -30.2223586 ], [ -51.047221, -30.222998 ], [ -51.047917, -30.2244165 ], [ -51.048122, -30.225479199999985 ], [ -51.0489821, -30.2267599 ], [ -51.0498836, -30.2272785 ], [ -51.0504415, -30.2283314 ], [ -51.0515197, -30.2287304 ], [ -51.0516199, -30.2291831 ], [ -51.0521099, -30.2297215 ], [ -51.0529947, -30.2293564 ], [ -51.0557465, -30.2287693 ], [ -51.0594668, -30.2317405 ], [ -51.0600303, -30.2318786 ], [ -51.0608834, -30.2316738 ], [ -51.0613499, -30.2312324 ], [ -51.064359, -30.229498 ], [ -51.0674772, -30.228586399999983 ], [ -51.0707233, -30.2269205 ] ] ], [ [ [ -51.067587599999989, -30.181747699999988 ], [ -51.068284699999985, -30.1800839 ], [ -51.067934, -30.1798333 ], [ -51.067828, -30.179075 ], [ -51.067373099999983, -30.17831090000001 ], [ -51.066963399999985, -30.1784548 ], [ -51.0642369, -30.1802685 ], [ -51.063254, -30.1812764 ], [ -51.0643156, -30.1825777 ], [ -51.067587599999989, -30.181747699999988 ] ] ] ] } },
{ "type": "Feature", "properties": { "code_muni": 4314902.0, "name_muni": "Porto Alegre", "code_neighborhood": 4314902086.0, "name_neighborhood": "Jardim Europa", "code_district": 431490205.0, "name_district": "Porto Alegre", "code_subdistrict": 43149020500.0, "name_subdistrict": null, "code_state": 43.0, "abbrev_state": "RS", "name_state": "Rio Grande do Sul", "code_region": 4.0, "name_region": "Sul", "year": 2022.0 }, "geometry": { "type": "Polygon", "coordinates": [ [ [ -51.1541867, -30.0281164 ], [ -51.1552745, -30.0296749 ], [ -51.1554412, -30.0305248 ], [ -51.1591077, -30.0282414 ], [ -51.1597516, -30.0280783 ], [ -51.160847, -30.0280199 ], [ -51.1632536, -30.028049 ], [ -51.1633771, -30.023198399999988 ], [ -51.1639133, -30.0205799 ], [ -51.161490499999985, -30.0203455 ], [ -51.1614037, -30.0211457 ], [ -51.156864299999988, -30.021362199999988 ], [ -51.155401, -30.0212036 ], [ -51.1548647, -30.0209361 ], [ -51.1547598, -30.0210289 ], [ -51.1540668, -30.0261942 ], [ -51.153248, -30.0261198 ], [ -51.152940799999989, -30.0263532 ], [ -51.1528026, -30.0273064 ], [ -51.1541867, -30.0281164 ] ] ] } },
{ "type": "Feature", "properties": { "code_muni": 4314902.0, "name_muni": "Porto Alegre", "code_neighborhood": 4314902087.0, "name_neighborhood": "Jardim Floresta", "code_district": 431490205.0, "name_district": "Porto Alegre", "code_subdistrict": 43149020500.0, "name_subdistrict": null, "code_state": 43.0, "abbrev_state": "RS", "name_state": "Rio Grande do Sul", "code_region": 4.0, "name_region": "Sul", "year": 2022.0 }, "geometry": { "type": "Polygon", "coordinates": [ [ [ -51.1573262, -30.0042963 ], [ -51.1591524, -30.004098700000011 ], [ -51.1599369, -30.004435 ], [ -51.1602526, -30.0048573 ], [ -51.1618301, -30.0042035 ], [ -51.1628083, -30.003614599999988 ], [ -51.1628565, -30.0022646 ], [ -51.1626574, -30.0022225 ], [ -51.163933899999989, -29.9968117 ], [ -51.1602527, -29.9968339 ], [ -51.1587346, -29.9966903 ], [ -51.157439499999988, -29.9968525 ], [ -51.1552967, -29.9967509 ], [ -51.1548509, -30.0040926 ], [ -51.1573262, -30.0042963 ] ] ] } },
{ "type": "Feature", "properties": { "code_muni": 4314902.0, "name_muni": "Porto Alegre", "code_neighborhood": 4314902088.0, "name_neighborhood": "Jardim Itu", "code_district": 431490205.0, "name_district": "Porto Alegre", "code_subdistrict": 43149020500.0, "name_subdistrict": null, "code_state": 43.0, "abbrev_state": "RS", "name_state": "Rio Grande do Sul", "code_region": 4.0, "name_region": "Sul", "year": 2022.0 }, "geometry": { "type": "Polygon", "coordinates": [ [ [ -51.1388095, -30.028522 ], [ -51.1387838, -30.0275482 ], [ -51.1436305, -30.0275391 ], [ -51.1436487, -30.0280035 ], [ -51.1445333, -30.0273341 ], [ -51.1463405, -30.0273185 ], [ -51.1463872, -30.0266404 ], [ -51.1449777, -30.026639 ], [ -51.1443428, -30.019545 ], [ -51.143543799999989, -30.0194942 ], [ -51.1434797, -30.018785199999989 ], [ -51.1439341, -30.0188191 ], [ -51.143866499999987, -30.018083299999986 ], [ -51.1433379, -30.0180305 ], [ -51.1427903, -30.0168004 ], [ -51.1423269, -30.016401899999988 ], [ -51.143307499999985, -30.0152441 ], [ -51.1435419, -30.0152289 ], [ -51.1430181, -30.009907 ], [ -51.1410421, -30.009672499999986 ], [ -51.1378718, -30.0104004 ], [ -51.1350203, -30.0099492 ], [ -51.1342204, -30.0099492 ], [ -51.1308159, -30.0112461 ], [ -51.131661199999989, -30.0268037 ], [ -51.1329488, -30.0299155 ], [ -51.133592799999981, -30.0306027 ], [ -51.1344362, -30.030352199999989 ], [ -51.1349172, -30.0309018 ], [ -51.1392533, -30.0296447 ], [ -51.1388095, -30.028522 ] ] ] } },
{ "type": "Feature", "properties": { "code_muni": 4314902.0, "name_muni": "Porto Alegre", "code_neighborhood": 4314902089.0, "name_neighborhood": "Jardim Leopoldina", "code_district": 431490205.0, "name_district": "Porto Alegre", "code_subdistrict": 43149020500.0, "name_subdistrict": null, "code_state": 43.0, "abbrev_state": "RS", "name_state": "Rio Grande do Sul", "code_region": 4.0, "name_region": "Sul", "year": 2022.0 }, "geometry": { "type": "Polygon", "coordinates": [ [ [ -51.1143305, -30.026192 ], [ -51.1201428, -30.0257376 ], [ -51.119153399999988, -30.0149877 ], [ -51.1159477, -30.015523 ], [ -51.1116117, -30.0152277 ], [ -51.108767, -30.0162023 ], [ -51.108121499999989, -30.0163221 ], [ -51.1069302, -30.0163094 ], [ -51.1079671, -30.0260054 ], [ -51.1087471, -30.025957299999988 ], [ -51.1088318, -30.0266617 ], [ -51.1102658, -30.0265435 ], [ -51.1100216, -30.0237341 ], [ -51.1132676, -30.0234865 ], [ -51.1134647, -30.025853 ], [ -51.1142958, -30.0257974 ], [ -51.1143305, -30.026192 ] ] ] } },
{ "type": "Feature", "properties": { "code_muni": 4314902.0, "name_muni": "Porto Alegre", "code_neighborhood": 4314902090.0, "name_neighborhood": "Jardim Sabará", "code_district": 431490205.0, "name_district": "Porto Alegre", "code_subdistrict": 43149020500.0, "name_subdistrict": null, "code_state": 43.0, "abbrev_state": "RS", "name_state": "Rio Grande do Sul", "code_region": 4.0, "name_region": "Sul", "year": 2022.0 }, "geometry": { "type": "Polygon", "coordinates": [ [ [ -51.144821699999987, -30.0430704 ], [ -51.1469478, -30.0421257 ], [ -51.1477191, -30.0419121 ], [ -51.1498019, -30.041713 ], [ -51.148646199999988, -30.0360825 ], [ -51.148791599999988, -30.036044 ], [ -51.1486755, -30.0353782 ], [ -51.1485085, -30.034639 ], [ -51.147928699999987, -30.0333647 ], [ -51.1476219, -30.0300363 ], [ -51.1471301, -30.0273169 ], [ -51.1445333, -30.0273341 ], [ -51.1436487, -30.0280035 ], [ -51.1436305, -30.0275391 ], [ -51.1387838, -30.0275482 ], [ -51.1388095, -30.028522 ], [ -51.1392533, -30.0296447 ], [ -51.1349172, -30.0309018 ], [ -51.1344362, -30.030352199999989 ], [ -51.133592799999981, -30.0306027 ], [ -51.1346949, -30.0317149 ], [ -51.135033299999989, -30.0327274 ], [ -51.1358164, -30.0426105 ], [ -51.1415229, -30.0440196 ], [ -51.1429262, -30.043719299999985 ], [ -51.144821699999987, -30.0430704 ] ] ] } },
{ "type": "Feature", "properties": { "code_muni": 4314902.0, "name_muni": "Porto Alegre", "code_neighborhood": 4314902091.0, "name_neighborhood": "Morro Santana", "code_district": 431490205.0, "name_district": "Porto Alegre", "code_subdistrict": 43149020500.0, "name_subdistrict": null, "code_state": 43.0, "abbrev_state": "RS", "name_state": "Rio Grande do Sul", "code_region": 4.0, "name_region": "Sul", "year": 2022.0 }, "geometry": { "type": "Polygon", "coordinates": [ [ [ -51.1276867, -30.0533826 ], [ -51.1281442, -30.0529531 ], [ -51.1292393, -30.0529221 ], [ -51.1298, -30.0531318 ], [ -51.1297061, -30.0538589 ], [ -51.1300386, -30.0540084 ], [ -51.1324376, -30.053769499999987 ], [ -51.1362593, -30.0538965 ], [ -51.1395323, -30.0509165 ], [ -51.1394786, -30.0484171 ], [ -51.1391096, -30.0476037 ], [ -51.1383858, -30.0467444 ], [ -51.1373014, -30.0459655 ], [ -51.136411599999988, -30.045695 ], [ -51.1360775, -30.0454167 ], [ -51.136153, -30.0450025 ], [ -51.1371762, -30.0429207 ], [ -51.1358164, -30.0426105 ], [ -51.135214499999989, -30.0344291 ], [ -51.1348647, -30.0321131 ], [ -51.1346949, -30.0317149 ], [ -51.133207399999989, -30.0323141 ], [ -51.130667699999989, -30.0323805 ], [ -51.1294753, -30.0320262 ], [ -51.1267178, -30.0307526 ], [ -51.1256739, -30.030436599999984 ], [ -51.1208474, -30.0301224 ], [ -51.1223815, -30.0386853 ], [ -51.121069299999988, -30.038596599999984 ], [ -51.118752199999989, -30.0379928 ], [ -51.117899199999989, -30.0379417 ], [ -51.112437, -30.038355 ], [ -51.1119686, -30.0385051 ], [ -51.1088801, -30.0403353 ], [ -51.107774199999987, -30.0408104 ], [ -51.107085, -30.0409691 ], [ -51.1078895, -30.0501193 ], [ -51.109171, -30.0504778 ], [ -51.1105586, -30.0505441 ], [ -51.1122865, -30.0509847 ], [ -51.1135157, -30.0516225 ], [ -51.116113299999988, -30.0533272 ], [ -51.1183978, -30.0545535 ], [ -51.1205721, -30.0552841 ], [ -51.125805299999989, -30.0533551 ], [ -51.1269059, -30.0537342 ], [ -51.1276867, -30.0533826 ] ] ] } },
{ "type": "Feature", "properties": { "code_muni": 4314902.0, "name_muni": "Porto Alegre", "code_neighborhood": 4314902092.0, "name_neighborhood": "Parque Santa Fé", "code_district": 431490205.0, "name_district": "Porto Alegre", "code_subdistrict": 43149020500.0, "name_subdistrict": null, "code_state": 43.0, "abbrev_state": "RS", "name_state": "Rio Grande do Sul", "code_region": 4.0, "name_region": "Sul", "year": 2022.0 }, "geometry": { "type": "Polygon", "coordinates": [ [ [ -51.108605, -30.0162385 ], [ -51.1112683, -30.0152978 ], [ -51.1123055, -30.015211 ], [ -51.1117164, -30.0084311 ], [ -51.1102655, -30.0074049 ], [ -51.109810599999989, -30.0021392 ], [ -51.1081454, -30.0021049 ], [ -51.1065722, -30.0017622 ], [ -51.105107, -30.0017023 ], [ -51.104930499999988, -30.0019669 ], [ -51.104604799999983, -30.0021214 ], [ -51.101566, -30.0023475 ], [ -51.098671599999989, -30.0048558 ], [ -51.099359, -30.0140507 ], [ -51.1004012, -30.0148084 ], [ -51.1042108, -30.0160976 ], [ -51.1076018, -30.0163423 ], [ -51.108605, -30.0162385 ] ] ] } },
{ "type": "Feature", "properties": { "code_muni": 4314902.0, "name_muni": "Porto Alegre", "code_neighborhood": 4314902093.0, "name_neighborhood": "Passo das Pedras", "code_district": 431490205.0, "name_district": "Porto Alegre", "code_subdistrict": 43149020500.0, "name_subdistrict": null, "code_state": 43.0, "abbrev_state": "RS", "name_state": "Rio Grande do Sul", "code_region": 4.0, "name_region": "Sul", "year": 2022.0 }, "geometry": { "type": "Polygon", "coordinates": [ [ [ -51.1202074, -30.0268077 ], [ -51.1208474, -30.0301224 ], [ -51.1256739, -30.030436599999984 ], [ -51.1267178, -30.0307526 ], [ -51.1294753, -30.0320262 ], [ -51.130667699999989, -30.0323805 ], [ -51.133207399999989, -30.0323141 ], [ -51.1346949, -30.0317149 ], [ -51.1329488, -30.0299155 ], [ -51.131661199999989, -30.0268037 ], [ -51.1308159, -30.0112461 ], [ -51.1295274, -30.011603 ], [ -51.1269869, -30.0116334 ], [ -51.1241789, -30.0126745 ], [ -51.1230057, -30.013791699999985 ], [ -51.1224851, -30.0140912 ], [ -51.1208634, -30.014697 ], [ -51.119153399999988, -30.0149877 ], [ -51.1199931, -30.023244499999983 ], [ -51.1202074, -30.0268077 ] ] ] } },
{ "type": "Feature", "properties": { "code_muni": 4314902.0, "name_muni": "Porto Alegre", "code_neighborhood": 4314902094.0, "name_neighborhood": "Pitinga", "code_district": 431490205.0, "name_district": "Porto Alegre", "code_subdistrict": 43149020500.0, "name_subdistrict": null, "code_state": 43.0, "abbrev_state": "RS", "name_state": "Rio Grande do Sul", "code_region": 4.0, "name_region": "Sul", "year": 2022.0 }, "geometry": { "type": "Polygon", "coordinates": [ [ [ -51.122246, -30.1482558 ], [ -51.122395, -30.146939 ], [ -51.1230359, -30.145369599999984 ], [ -51.123849, -30.1457148 ], [ -51.1253673, -30.1427058 ], [ -51.125874599999989, -30.1425888 ], [ -51.1262379, -30.1409985 ], [ -51.1271119, -30.1395891 ], [ -51.1273382, -30.1382268 ], [ -51.1289579, -30.1368511 ], [ -51.1284308, -30.1356901 ], [ -51.1278074, -30.1354666 ], [ -51.1273952, -30.1355907 ], [ -51.1268127, -30.1360545 ], [ -51.1254576, -30.1360226 ], [ -51.1248698, -30.136192800000011 ], [ -51.123365, -30.1379972 ], [ -51.122769, -30.1378239 ], [ -51.122140599999987, -30.138474 ], [ -51.1210353, -30.1386799 ], [ -51.120266, -30.13907 ], [ -51.1199843, -30.1400344 ], [ -51.11954, -30.1400994 ], [ -51.1189115, -30.139796 ], [ -51.1183481, -30.1400019 ], [ -51.1180336, -30.140027099999987 ], [ -51.1179913, -30.1398728 ], [ -51.1173391, -30.1401066 ], [ -51.1164892, -30.1397387 ], [ -51.116138799999987, -30.1398964 ], [ -51.1159548, -30.1402731 ], [ -51.1143954, -30.1405622 ], [ -51.113466699999982, -30.1404133 ], [ -51.112581899999988, -30.1399928 ], [ -51.1115831, -30.1404133 ], [ -51.110742, -30.1401767 ], [ -51.1100515, -30.1407235 ], [ -51.1087504, -30.1393306 ], [ -51.1076912, -30.1389539 ], [ -51.1066331, -30.137233 ], [ -51.105213899999988, -30.1363394 ], [ -51.1045747, -30.1344714 ], [ -51.1038711, -30.1340703 ], [ -51.1038359, -30.1336341 ], [ -51.1036389, -30.13350040000001 ], [ -51.1036459, -30.1331485 ], [ -51.1029528, -30.1327721 ], [ -51.0982949, -30.1368167 ], [ -51.0976578, -30.1364101 ], [ -51.0980601, -30.1371374 ], [ -51.0969746, -30.138756499999989 ], [ -51.0964834, -30.1409482 ], [ -51.0965404, -30.1417711 ], [ -51.095552399999988, -30.1442079 ], [ -51.0962279, -30.1457371 ], [ -51.0966867, -30.1475543 ], [ -51.0961724, -30.1485715 ], [ -51.0962596, -30.1497982 ], [ -51.0968077, -30.1501206 ], [ -51.0954994, -30.1516908 ], [ -51.0939206, -30.1528876 ], [ -51.0936486, -30.1532384 ], [ -51.093196, -30.1534299 ], [ -51.0928683, -30.1532266 ], [ -51.088422099999988, -30.1754372 ], [ -51.1138365, -30.1620137 ], [ -51.117085299999985, -30.1569189 ], [ -51.122246, -30.1482558 ] ] ] } },
{ "type": "Feature", "properties": { "code_muni": 4314902.0, "name_muni": "Porto Alegre", "code_neighborhood": 4314902095.0, "name_neighborhood": "Santa Rosa de Lima", "code_district": 431490205.0, "name_district": "Porto Alegre", "code_subdistrict": 43149020500.0, "name_subdistrict": null, "code_state": 43.0, "abbrev_state": "RS", "name_state": "Rio Grande do Sul", "code_region": 4.0, "name_region": "Sul", "year": 2022.0 }, "geometry": { "type": "Polygon", "coordinates": [ [ [ -51.1081454, -30.0021049 ], [ -51.1099119, -30.0021238 ], [ -51.1152486, -30.0005984 ], [ -51.1136238, -29.9962704 ], [ -51.1126305, -29.9942765 ], [ -51.112645099999988, -29.9920926 ], [ -51.112219499999988, -29.9919878 ], [ -51.1123735, -29.9906446 ], [ -51.1123943, -29.9861678 ], [ -51.110963, -29.985946 ], [ -51.1110616, -29.9857792 ], [ -51.1092321, -29.9852458 ], [ -51.1091571, -29.9838557 ], [ -51.107193099999989, -29.9839546 ], [ -51.1074614, -29.9782295 ], [ -51.0940789, -29.9795475 ], [ -51.0889642, -29.979989 ], [ -51.0884315, -29.9799356 ], [ -51.089017399999989, -29.986485699999989 ], [ -51.0890165, -29.9876878 ], [ -51.0882381, -29.9969309 ], [ -51.0877516, -30.0004972 ], [ -51.097721799999988, -29.9993464 ], [ -51.0975743, -30.0017943 ], [ -51.098090700000014, -30.0029147 ], [ -51.0983276, -30.004951 ], [ -51.098671599999989, -30.0048558 ], [ -51.1016487, -30.0023163 ], [ -51.104604799999983, -30.0021214 ], [ -51.104930499999988, -30.0019669 ], [ -51.105107, -30.0017023 ], [ -51.1065722, -30.0017622 ], [ -51.1081454, -30.0021049 ] ] ] } },
{ "type": "Feature", "properties": { "code_muni": 4314902.0, "name_muni": "Porto Alegre", "code_neighborhood": 4314902096.0, "name_neighborhood": "São Caetano", "code_district": 431490205.0, "name_district": "Porto Alegre", "code_subdistrict": 43149020500.0, "name_subdistrict": null, "code_state": 43.0, "abbrev_state": "RS", "name_state": "Rio Grande do Sul", "code_region": 4.0, "name_region": "Sul", "year": 2022.0 }, "geometry": { "type": "Polygon", "coordinates": [ [ [ -51.089373, -30.196187699999989 ], [ -51.090287, -30.1980284 ], [ -51.091233, -30.2011057 ], [ -51.09129129999998, -30.2018728 ], [ -51.0908479, -30.2049397 ], [ -51.0907879, -30.2072357 ], [ -51.090938699999988, -30.2080421 ], [ -51.0918036, -30.2102305 ], [ -51.1056694, -30.2085123 ], [ -51.1068389, -30.2091792 ], [ -51.1077958, -30.2100533 ], [ -51.109796599999989, -30.2112217 ], [ -51.1166109, -30.203724 ], [ -51.114922, -30.2037299 ], [ -51.114299, -30.2035755 ], [ -51.1122119, -30.2026047 ], [ -51.110483699999989, -30.2013558 ], [ -51.107101, -30.2002083 ], [ -51.1048577, -30.1991769 ], [ -51.1030909, -30.1988138 ], [ -51.1015041, -30.197867599999984 ], [ -51.099337299999988, -30.1955803 ], [ -51.0967333, -30.1933945 ], [ -51.0963219, -30.191789699999983 ], [ -51.0949617, -30.1908007 ], [ -51.0938078, -30.1894148 ], [ -51.0945192, -30.1886717 ], [ -51.0948466, -30.188073799999987 ], [ -51.0927052, -30.185536299999988 ], [ -51.08662, -30.1810878 ], [ -51.0833496, -30.1798004 ], [ -51.082946799999988, -30.1793986 ], [ -51.082555099999986, -30.178712699999988 ], [ -51.0820221, -30.1783993 ], [ -51.0816337, -30.1785569 ], [ -51.0813106, -30.1790685 ], [ -51.0806337, -30.179391599999988 ], [ -51.0785494, -30.1788993 ], [ -51.0779111, -30.1785108 ], [ -51.0763231, -30.178416 ], [ -51.0743121, -30.1774951 ], [ -51.0731602, -30.1774892 ], [ -51.0714496, -30.17783 ], [ -51.0694117, -30.1779677 ], [ -51.067392899999987, -30.1783091 ], [ -51.067828, -30.179075 ], [ -51.067934, -30.1798333 ], [ -51.068284699999985, -30.1800839 ], [ -51.067587599999989, -30.181747699999988 ], [ -51.0643156, -30.1825777 ], [ -51.063254, -30.1812764 ], [ -51.061596, -30.1828402 ], [ -51.0597776, -30.1852361 ], [ -51.0578271, -30.187402799999987 ], [ -51.056867499999989, -30.187877 ], [ -51.0563149, -30.1879936 ], [ -51.0546201, -30.1888616 ], [ -51.0536988, -30.1890036 ], [ -51.055391, -30.1911077 ], [ -51.089373, -30.196187699999989 ] ] ] } },
{ "type": "Feature", "properties": { "code_muni": 4314902.0, "name_muni": "Porto Alegre", "code_neighborhood": 4314902097.0, "name_neighborhood": "Sétimo Céu", "code_district": 431490205.0, "name_district": "Porto Alegre", "code_subdistrict": 43149020500.0, "name_subdistrict": null, "code_state": 43.0, "abbrev_state": "RS", "name_state": "Rio Grande do Sul", "code_region": 4.0, "name_region": "Sul", "year": 2022.0 }, "geometry": { "type": "Polygon", "coordinates": [ [ [ -51.2486095, -30.1215136 ], [ -51.249620799999988, -30.1212504 ], [ -51.249867599999988, -30.122833300000011 ], [ -51.2517763, -30.1228798 ], [ -51.2523268, -30.1227433 ], [ -51.2526302, -30.1225167 ], [ -51.253591799999988, -30.1197219 ], [ -51.253213, -30.1175678 ], [ -51.253452, -30.1169332 ], [ -51.250788199999988, -30.1159568 ], [ -51.2497319, -30.117901799999988 ], [ -51.2494383, -30.117865 ], [ -51.2488195, -30.1186511 ], [ -51.248058699999987, -30.1186734 ], [ -51.242963499999988, -30.1167202 ], [ -51.2406118, -30.1161045 ], [ -51.2373223, -30.1148253 ], [ -51.2371032, -30.1148373 ], [ -51.2365078, -30.1142904 ], [ -51.2349179, -30.113687 ], [ -51.234238, -30.1147835 ], [ -51.233112399999982, -30.1155831 ], [ -51.2325223, -30.1162402 ], [ -51.232422199999988, -30.1169361 ], [ -51.233051599999989, -30.1182898 ], [ -51.2330296, -30.1194347 ], [ -51.2327953, -30.120135400000013 ], [ -51.2323921, -30.1206843 ], [ -51.2313248, -30.1216358 ], [ -51.231060799999987, -30.121639 ], [ -51.2304469, -30.1234496 ], [ -51.2317326, -30.1226728 ], [ -51.2323667, -30.122862 ], [ -51.2350992, -30.1230212 ], [ -51.2419406, -30.1247596 ], [ -51.2453039, -30.1227563 ], [ -51.2486095, -30.1215136 ] ] ] } },
{ "type": "Feature", "properties": { "code_muni": 4314902.0, "name_muni": "Porto Alegre", "code_neighborhood": 4314902098.0, "name_neighborhood": "Vila São José", "code_district": 431490205.0, "name_district": "Porto Alegre", "code_subdistrict": 43149020500.0, "name_subdistrict": null, "code_state": 43.0, "abbrev_state": "RS", "name_state": "Rio Grande do Sul", "code_region": 4.0, "name_region": "Sul", "year": 2022.0 }, "geometry": { "type": "Polygon", "coordinates": [ [ [ -51.1643884, -30.0803603 ], [ -51.1647391, -30.0801017 ], [ -51.164798, -30.0795527 ], [ -51.1653168, -30.0791618 ], [ -51.1653944, -30.0787903 ], [ -51.1664108, -30.0778655 ], [ -51.1667205, -30.0777735 ], [ -51.1669744, -30.0780001 ], [ -51.1674106, -30.0778824 ], [ -51.1676634, -30.0780378 ], [ -51.1678528, -30.077993 ], [ -51.1680399, -30.0779142 ], [ -51.1683261, -30.0774485 ], [ -51.168774899999988, -30.0773729 ], [ -51.1693498, -30.0775672 ], [ -51.1695298, -30.0771677 ], [ -51.170177, -30.0769164 ], [ -51.1707677, -30.0754848 ], [ -51.1708872, -30.0742985 ], [ -51.1716033, -30.07333010000001 ], [ -51.1715916, -30.070735 ], [ -51.1718235, -30.0688236 ], [ -51.1724743, -30.0675369 ], [ -51.171324299999988, -30.0681845 ], [ -51.1709629, -30.0687855 ], [ -51.1707842, -30.069603199999989 ], [ -51.1706757, -30.0695882 ], [ -51.170506499999988, -30.0688121 ], [ -51.1698905, -30.0687261 ], [ -51.171194299999989, -30.0617452 ], [ -51.1698648, -30.0616008 ], [ -51.1687809, -30.0616435 ], [ -51.1643377, -30.0621766 ], [ -51.1627286, -30.0621911 ], [ -51.161493299999989, -30.0625631 ], [ -51.1602902, -30.0694588 ], [ -51.1603206, -30.0700159 ], [ -51.1600774, -30.0700144 ], [ -51.1599744, -30.0702071 ], [ -51.1598945, -30.071877 ], [ -51.1596927, -30.0717937 ], [ -51.1594925, -30.0729731 ], [ -51.1581571, -30.0730589 ], [ -51.1587038, -30.0737186 ], [ -51.1589652, -30.0738372 ], [ -51.1591118, -30.074704299999986 ], [ -51.1590373, -30.075057 ], [ -51.1586445, -30.0750172 ], [ -51.1582697, -30.0751773 ], [ -51.1578859, -30.0758725 ], [ -51.157161699999982, -30.076542 ], [ -51.1566921, -30.0779578 ], [ -51.1563959, -30.0780183 ], [ -51.1559607, -30.0787073 ], [ -51.1563083, -30.0788373 ], [ -51.156471499999988, -30.079245300000011 ], [ -51.1522281, -30.0925679 ], [ -51.1634443, -30.0875383 ], [ -51.1635977, -30.0858911 ], [ -51.1634915, -30.085092 ], [ -51.1638179, -30.0845981 ], [ -51.1636557, -30.0843277 ], [ -51.1635712, -30.0825803 ], [ -51.1637912, -30.082265 ], [ -51.1639614, -30.0809895 ], [ -51.1643884, -30.0803603 ] ] ] } }
]
}
