{
"type": "FeatureCollection",
"name": "bairros_erechim",
"crs": { "type": "name", "properties": { "name": "urn:ogc:def:crs:OGC:1.3:CRS84" } },
"features": [
{ "type": "Feature", "properties": { "name": "Centro", "code_muni": 4307005.0, "name_muni": "Erechim" }, "geometry": { "type": "Polygon", "coordinates": [ [ [ -52.2740282, -27.6250104 ], [ -52.2735152, -27.625984 ], [ -52.2730029, -27.62582 ], [ -52.2726756, -27.6264569 ], [ -52.2716001, -27.6260909 ], [ -52.2712329, -27.6268532 ], [ -52.2712118, -27.62689 ], [ -52.2700561, -27.6263863 ], [ -52.2698286, -27.6262548 ], [ -52.2677357, -27.6247113 ], [ -52.26730280000001, -27.6244867 ], [ -52.2671566, -27.6244465 ], [ -52.2668368, -27.6243584 ], [ -52.2667694, -27.6246318 ], [ -52.2667104, -27.6247601 ], [ -52.2662035, -27.6258449 ], [ -52.2657113, -27.6268727 ], [ -52.2656657, -27.626972599999988 ], [ -52.2651333, -27.6281037 ], [ -52.265081, -27.6282095 ], [ -52.2648731, -27.6286729 ], [ -52.2645088, -27.6293808 ], [ -52.2644755, -27.6294635 ], [ -52.2638859, -27.6307456 ], [ -52.2638484, -27.6308273 ], [ -52.2634332, -27.6316759 ], [ -52.2634025, -27.6317419 ], [ -52.262629, -27.6334226 ], [ -52.2620015, -27.6347863 ], [ -52.2613793, -27.6361785 ], [ -52.2609234, -27.6370245 ], [ -52.26059080000001, -27.6377534 ], [ -52.2603667, -27.6382419 ], [ -52.2600661, -27.6388275 ], [ -52.2600306, -27.6388972 ], [ -52.2599796, -27.6389965 ], [ -52.2596147, -27.6397962 ], [ -52.259526, -27.6399976 ], [ -52.2594883, -27.6400841 ], [ -52.259455, -27.6401607 ], [ -52.2595122, -27.6401822 ], [ -52.2604588, -27.6405466 ], [ -52.2609355, -27.6407345 ], [ -52.2610554, -27.6407758 ], [ -52.2611442, -27.6408112 ], [ -52.261397, -27.6409133 ], [ -52.2614786, -27.6409408 ], [ -52.2615232, -27.6409576 ], [ -52.261567, -27.6409738 ], [ -52.2617763, -27.641044 ], [ -52.2622605, -27.6412326 ], [ -52.2623584, -27.6412696 ], [ -52.2624098, -27.6412896 ], [ -52.2628402, -27.6414605 ], [ -52.2629513, -27.6415019 ], [ -52.263527, -27.6417131 ], [ -52.2640336, -27.6419032 ], [ -52.2641221, -27.6419382 ], [ -52.2649355, -27.64225 ], [ -52.2651721, -27.6423368 ], [ -52.2652803, -27.6423751 ], [ -52.265864, -27.6425963 ], [ -52.2659763, -27.6426395 ], [ -52.2660146, -27.6426531 ], [ -52.2663096, -27.6427645 ], [ -52.2663994, -27.6427984 ], [ -52.267395, -27.6431765 ], [ -52.2675354, -27.6432287 ], [ -52.2684584, -27.6435677 ], [ -52.2694872, -27.6439916 ], [ -52.2696414, -27.6440477 ], [ -52.2714916, -27.644696899999989 ], [ -52.2715713, -27.6447261 ], [ -52.272344, -27.645015 ], [ -52.2724033, -27.645037 ], [ -52.2724944, -27.6450707 ], [ -52.2727169, -27.6451477 ], [ -52.2738652, -27.6455829 ], [ -52.2742738, -27.6457335 ], [ -52.2743691, -27.6457684 ], [ -52.2749763, -27.6459891 ], [ -52.2751084, -27.6460373 ], [ -52.275857, -27.6463169 ], [ -52.2759265, -27.6463656 ], [ -52.2769797, -27.6467595 ], [ -52.2773542, -27.6469085 ], [ -52.2775195, -27.6465169 ], [ -52.2782983, -27.644851 ], [ -52.2783436, -27.6447585 ], [ -52.2786608, -27.6440964 ], [ -52.2787393, -27.6439478 ], [ -52.2795584, -27.6422149 ], [ -52.2795846, -27.6421566 ], [ -52.2797649, -27.6417945 ], [ -52.2800367, -27.6412161 ], [ -52.2804149, -27.6404239 ], [ -52.2804473, -27.6403573 ], [ -52.2807508, -27.6397031 ], [ -52.281057, -27.639094 ], [ -52.2813499, -27.6384343 ], [ -52.2813785, -27.6383831 ], [ -52.2817955, -27.6375137 ], [ -52.2818325, -27.637448 ], [ -52.2824319, -27.6361867 ], [ -52.2835537, -27.6366022 ], [ -52.2837511, -27.6366482 ], [ -52.2839208, -27.6367017 ], [ -52.2844553, -27.6369002 ], [ -52.2850223, -27.6371241 ], [ -52.2852054, -27.6371947 ], [ -52.2853485, -27.6372471 ], [ -52.2867517, -27.6377623 ], [ -52.2874261, -27.6380076 ], [ -52.2886639, -27.6384833 ], [ -52.287307, -27.6375863 ], [ -52.2870497, -27.6373356 ], [ -52.2868611, -27.63693 ], [ -52.2868319, -27.6364738 ], [ -52.28695050000001, -27.635248099999988 ], [ -52.2869252, -27.6348772 ], [ -52.2867969, -27.6345052 ], [ -52.286555, -27.6341762 ], [ -52.2861806, -27.6339542 ], [ -52.2862509, -27.6338101 ], [ -52.2862831, -27.6336358 ], [ -52.2861977, -27.6335904 ], [ -52.2857224, -27.6333253 ], [ -52.2851853, -27.6330223 ], [ -52.2850228, -27.632922 ], [ -52.2842558, -27.6324954 ], [ -52.2841944, -27.6324591 ], [ -52.2842377, -27.6323818 ], [ -52.2842867, -27.6322883 ], [ -52.2846182, -27.6315427 ], [ -52.2846558, -27.631458 ], [ -52.2840431, -27.6312571 ], [ -52.2835497, -27.6310743 ], [ -52.2834496, -27.6310337 ], [ -52.2828038, -27.6307947 ], [ -52.2823139, -27.6306484 ], [ -52.2822023, -27.6305919 ], [ -52.2821376, -27.6305558 ], [ -52.2812657, -27.6299535 ], [ -52.2809555, -27.6297094 ], [ -52.28084290000001, -27.6296296 ], [ -52.2795823, -27.6287845 ], [ -52.2793825, -27.6287061 ], [ -52.279062, -27.6288107 ], [ -52.2785199, -27.6288999 ], [ -52.2780178, -27.6288872 ], [ -52.2770545, -27.6286039 ], [ -52.2769987, -27.6285831 ], [ -52.2768599, -27.6285422 ], [ -52.276884, -27.6283412 ], [ -52.2769821, -27.6281331 ], [ -52.2770804, -27.6279417 ], [ -52.2772163, -27.6276538 ], [ -52.27733, -27.6273886 ], [ -52.27746590000001, -27.6271007 ], [ -52.277557, -27.6269042 ], [ -52.2776928, -27.6266164 ], [ -52.2777485, -27.6265094 ], [ -52.2777659, -27.626476 ], [ -52.2777182, -27.6264218 ], [ -52.2776105, -27.6263849 ], [ -52.2772232, -27.6262345 ], [ -52.2767392, -27.6260465 ], [ -52.2762463, -27.625855 ], [ -52.2748992, -27.625416 ], [ -52.2748276, -27.6253509 ], [ -52.2740282, -27.6250104 ] ] ] } },
{ "type": "Feature", "properties": { "name": "Dal Molin", "code_muni": 4307005.0, "name_muni": "Erechim" }, "geometry": { "type": "Polygon", "coordinates": [ [ [ -52.2923014, -27.6266993 ], [ -52.2872623, -27.6258553 ], [ -52.2865708, -27.6273494 ], [ -52.2862813, -27.628 ], [ -52.2861165, -27.6283291 ], [ -52.2860953, -27.628371799999989 ], [ -52.2860322, -27.6284114 ], [ -52.2859746, -27.6284624 ], [ -52.2855843, -27.6293228 ], [ -52.2855529, -27.6294143 ], [ -52.2853541, -27.6299801 ], [ -52.2853137, -27.6301141 ], [ -52.28516, -27.6304664 ], [ -52.2851311, -27.6305181 ], [ -52.2846558, -27.631458 ], [ -52.2846182, -27.6315427 ], [ -52.2842867, -27.6322883 ], [ -52.2842377, -27.6323818 ], [ -52.2841944, -27.6324591 ], [ -52.2842558, -27.6324954 ], [ -52.2850228, -27.632922 ], [ -52.2851853, -27.6330223 ], [ -52.2857224, -27.6333253 ], [ -52.2861977, -27.6335904 ], [ -52.2862831, -27.6336358 ], [ -52.286378, -27.6336654 ], [ -52.2870751, -27.633774 ], [ -52.2873299, -27.6338231 ], [ -52.2873877, -27.6337635 ], [ -52.2874422, -27.6337149 ], [ -52.2881433, -27.6330483 ], [ -52.2883089, -27.6328825 ], [ -52.2917971, -27.6330524 ], [ -52.2925669, -27.6331772 ], [ -52.2936325, -27.6332539 ], [ -52.300154, -27.6333708 ], [ -52.301563, -27.6333741 ], [ -52.3017776, -27.6243133 ], [ -52.2923577, -27.6243014 ], [ -52.2923014, -27.6266993 ] ] ] } },
{ "type": "Feature", "properties": { "name": "Esperança", "code_muni": 4307005.0, "name_muni": "Erechim" }, "geometry": { "type": "Polygon", "coordinates": [ [ [ -52.2649475, -27.6245324 ], [ -52.2655097, -27.624442200000011 ], [ -52.2656113, -27.624242 ], [ -52.2665766, -27.6222958 ], [ -52.2666769, -27.6220379 ], [ -52.2655108, -27.6215328 ], [ -52.265962, -27.6212429 ], [ -52.2660828, -27.620900699999989 ], [ -52.265903, -27.6203137 ], [ -52.2659358, -27.620083499999989 ], [ -52.2622298, -27.6200071 ], [ -52.2622418, -27.606063 ], [ -52.2516954, -27.6056375 ], [ -52.251653, -27.6100029 ], [ -52.2521138, -27.6151208 ], [ -52.252031, -27.619534299999987 ], [ -52.2518781, -27.6240589 ], [ -52.2526189, -27.6237783 ], [ -52.2529766, -27.6237539 ], [ -52.2533171, -27.6238016 ], [ -52.2544098, -27.6241406 ], [ -52.2549701, -27.6241484 ], [ -52.2555067, -27.6238896 ], [ -52.2558008, -27.6236132 ], [ -52.2559492, -27.6232184 ], [ -52.2560256, -27.6225507 ], [ -52.2561245, -27.6221998 ], [ -52.2563405, -27.6219086 ], [ -52.2567398, -27.6215959 ], [ -52.2575869, -27.6212875 ], [ -52.2580578, -27.6212759 ], [ -52.2582874, -27.6213174 ], [ -52.2585963, -27.621467 ], [ -52.2588924, -27.621762 ], [ -52.2590443, -27.6221352 ], [ -52.2590245, -27.6225411 ], [ -52.2587889, -27.6233166 ], [ -52.2587651, -27.6237198 ], [ -52.2589151, -27.6243576 ], [ -52.2593881, -27.6250009 ], [ -52.2597213, -27.6255794 ], [ -52.2599983, -27.6258905 ], [ -52.2603579, -27.6261652 ], [ -52.2606556, -27.6262952 ], [ -52.2609414, -27.6263263 ], [ -52.2613252, -27.6263018 ], [ -52.2617852, -27.6261728 ], [ -52.2622124, -27.6258721 ], [ -52.2627903, -27.6251442 ], [ -52.2631024, -27.6248951 ], [ -52.2634018, -27.6247903 ], [ -52.26394590000001, -27.624693099999988 ], [ -52.2649475, -27.6245324 ] ] ] } },
{ "type": "Feature", "properties": { "name": "São Vicente de Paulo", "code_muni": 4307005.0, "name_muni": "Erechim" }, "geometry": { "type": "Polygon", "coordinates": [ [ [ -52.2487865, -27.6314874 ], [ -52.2490807, -27.630704 ], [ -52.2497379, -27.6291642 ], [ -52.2497908, -27.6290329 ], [ -52.2503482, -27.6268061 ], [ -52.2504143, -27.6266371 ], [ -52.2505931, -27.6262141 ], [ -52.2513529, -27.6244463 ], [ -52.2514439, -27.6242292 ], [ -52.2511274, -27.6243859 ], [ -52.2508498, -27.6245306 ], [ -52.2504681, -27.6249518 ], [ -52.250022, -27.626249399999988 ], [ -52.2497988, -27.6265842 ], [ -52.2495373, -27.6267869 ], [ -52.2484113, -27.627249 ], [ -52.2481392, -27.6274124 ], [ -52.247672, -27.6279457 ], [ -52.2476463, -27.6279794 ], [ -52.2475757, -27.6280764 ], [ -52.2475263, -27.6281444 ], [ -52.2473253, -27.6284209 ], [ -52.2467318, -27.6292371 ], [ -52.246443, -27.6295462 ], [ -52.24557810000001, -27.6302537 ], [ -52.2453952, -27.6306551 ], [ -52.2453568, -27.6309907 ], [ -52.2454094, -27.6318501 ], [ -52.2453758, -27.6321487 ], [ -52.2452653, -27.6323895 ], [ -52.2452483, -27.6329024 ], [ -52.24521, -27.6334503 ], [ -52.24518710000001, -27.634044 ], [ -52.2451724, -27.6343195 ], [ -52.2454164, -27.6348264 ], [ -52.2455666, -27.6351318 ], [ -52.2461505, -27.6357574 ], [ -52.2463099, -27.6359286 ], [ -52.2463846, -27.6359924 ], [ -52.2464832, -27.6360434 ], [ -52.2466096, -27.6360579 ], [ -52.2468937, -27.6360912 ], [ -52.2470388, -27.6360293 ], [ -52.2471047, -27.6360012 ], [ -52.2472409, -27.6359222 ], [ -52.247346, -27.6358523 ], [ -52.247953, -27.6352012 ], [ -52.2481038, -27.635051799999989 ], [ -52.2481544, -27.6344507 ], [ -52.2481628, -27.6342974 ], [ -52.2482089, -27.6337156 ], [ -52.2482173, -27.6335363 ], [ -52.2483999, -27.6313504 ], [ -52.2487865, -27.6314874 ] ] ] } },
{ "type": "Feature", "properties": { "name": "Ipiranga", "code_muni": 4307005.0, "name_muni": "Erechim" }, "geometry": { "type": "Polygon", "coordinates": [ [ [ -52.278863, -27.6245187 ], [ -52.278359, -27.6255368 ], [ -52.278142, -27.6260054 ], [ -52.2777659, -27.626476 ], [ -52.2777485, -27.6265094 ], [ -52.2776928, -27.6266164 ], [ -52.277557, -27.6269042 ], [ -52.27746590000001, -27.6271007 ], [ -52.27733, -27.6273886 ], [ -52.2772163, -27.6276538 ], [ -52.2770804, -27.6279417 ], [ -52.2769821, -27.6281331 ], [ -52.276884, -27.6283412 ], [ -52.2768599, -27.6285422 ], [ -52.2769987, -27.6285831 ], [ -52.2770545, -27.6286039 ], [ -52.2780178, -27.6288872 ], [ -52.2785199, -27.6288999 ], [ -52.279062, -27.6288107 ], [ -52.2793825, -27.6287061 ], [ -52.2795823, -27.6287845 ], [ -52.28084290000001, -27.6296296 ], [ -52.2809555, -27.6297094 ], [ -52.2812657, -27.6299535 ], [ -52.2821376, -27.6305558 ], [ -52.2822023, -27.6305919 ], [ -52.2823139, -27.6306484 ], [ -52.2828038, -27.6307947 ], [ -52.2834496, -27.6310337 ], [ -52.2835497, -27.6310743 ], [ -52.2840431, -27.6312571 ], [ -52.2846558, -27.631458 ], [ -52.2851311, -27.6305181 ], [ -52.28516, -27.6304664 ], [ -52.2853137, -27.6301141 ], [ -52.2853541, -27.6299801 ], [ -52.2855529, -27.6294143 ], [ -52.2855843, -27.6293228 ], [ -52.2859746, -27.6284624 ], [ -52.2860322, -27.6284114 ], [ -52.2860953, -27.628371799999989 ], [ -52.2861165, -27.6283291 ], [ -52.2862813, -27.628 ], [ -52.2865708, -27.6273494 ], [ -52.2853466, -27.6268984 ], [ -52.284404, -27.6265198 ], [ -52.2842014, -27.6264444 ], [ -52.2831316, -27.6260487 ], [ -52.2806362, -27.6251073 ], [ -52.2801948, -27.6249514 ], [ -52.2799411, -27.6248655 ], [ -52.2788821, -27.6244864 ], [ -52.278863, -27.6245187 ] ] ] } },
{ "type": "Feature", "properties": { "name": "José Bonifácio", "code_muni": 4307005.0, "name_muni": "Erechim" }, "geometry": { "type": "Polygon", "coordinates": [ [ [ -52.2634332, -27.6316759 ], [ -52.2638484, -27.6308273 ], [ -52.2638859, -27.6307456 ], [ -52.2644755, -27.6294635 ], [ -52.2645088, -27.6293808 ], [ -52.2648731, -27.6286729 ], [ -52.265081, -27.6282095 ], [ -52.2651333, -27.6281037 ], [ -52.2656657, -27.626972599999988 ], [ -52.2657113, -27.6268727 ], [ -52.2662035, -27.6258449 ], [ -52.2667104, -27.6247601 ], [ -52.2667694, -27.6246318 ], [ -52.2668368, -27.6243584 ], [ -52.266436, -27.6243293 ], [ -52.2659147, -27.6243773 ], [ -52.2655097, -27.624442200000011 ], [ -52.2649475, -27.6245324 ], [ -52.26394590000001, -27.624693099999988 ], [ -52.2634018, -27.6247903 ], [ -52.2631024, -27.6248951 ], [ -52.2627903, -27.6251442 ], [ -52.2622124, -27.6258721 ], [ -52.2617852, -27.6261728 ], [ -52.2613252, -27.6263018 ], [ -52.2609414, -27.6263263 ], [ -52.2606556, -27.6262952 ], [ -52.2603579, -27.6261652 ], [ -52.2599983, -27.6258905 ], [ -52.2597213, -27.6255794 ], [ -52.2593881, -27.6250009 ], [ -52.2589151, -27.6243576 ], [ -52.2587651, -27.6237198 ], [ -52.2587889, -27.6233166 ], [ -52.2590245, -27.6225411 ], [ -52.2590443, -27.6221352 ], [ -52.2588924, -27.621762 ], [ -52.2585963, -27.621467 ], [ -52.2582874, -27.6213174 ], [ -52.2580578, -27.6212759 ], [ -52.2575869, -27.6212875 ], [ -52.2567398, -27.6215959 ], [ -52.2563405, -27.6219086 ], [ -52.2561245, -27.6221998 ], [ -52.2560256, -27.6225507 ], [ -52.2559492, -27.6232184 ], [ -52.2558008, -27.6236132 ], [ -52.2555067, -27.6238896 ], [ -52.2549701, -27.6241484 ], [ -52.2544098, -27.6241406 ], [ -52.2533171, -27.6238016 ], [ -52.2529766, -27.6237539 ], [ -52.2526189, -27.6237783 ], [ -52.2518781, -27.6240589 ], [ -52.2514439, -27.6242292 ], [ -52.2513529, -27.6244463 ], [ -52.2505931, -27.6262141 ], [ -52.2504143, -27.6266371 ], [ -52.2503482, -27.6268061 ], [ -52.2497908, -27.6290329 ], [ -52.2497379, -27.6291642 ], [ -52.2490807, -27.630704 ], [ -52.2487865, -27.6314874 ], [ -52.2494271, -27.631734 ], [ -52.2502213, -27.6320093 ], [ -52.2509692, -27.6322776 ], [ -52.2516922, -27.6325731 ], [ -52.2536778, -27.633323 ], [ -52.2537687, -27.63341 ], [ -52.2538559, -27.6334445 ], [ -52.2545224, -27.6336987 ], [ -52.255248, -27.6339554 ], [ -52.2559003, -27.634185399999986 ], [ -52.2565278, -27.6344352 ], [ -52.256862, -27.6345512 ], [ -52.2572202, -27.6346743 ], [ -52.2573737, -27.634733 ], [ -52.2575415, -27.6347949 ], [ -52.2578525, -27.634911 ], [ -52.2579717, -27.6349485 ], [ -52.2589982, -27.6353076 ], [ -52.2590242, -27.6353167 ], [ -52.2590455, -27.6353245 ], [ -52.2601349, -27.6357246 ], [ -52.2613793, -27.6361785 ], [ -52.2620015, -27.6347863 ], [ -52.262629, -27.6334226 ], [ -52.2634025, -27.6317419 ], [ -52.2634332, -27.6316759 ] ] ] } },
{ "type": "Feature", "properties": { "name": "Morro da Cegonha", "code_muni": 4307005.0, "name_muni": "Erechim" }, "geometry": { "type": "Polygon", "coordinates": [ [ [ -52.2716001, -27.6260909 ], [ -52.2726756, -27.6264569 ], [ -52.2730029, -27.62582 ], [ -52.2735152, -27.625984 ], [ -52.2740282, -27.6250104 ], [ -52.2732174, -27.6246959 ], [ -52.2734305, -27.6236481 ], [ -52.272284, -27.6231619 ], [ -52.2721499, -27.6202115 ], [ -52.2659358, -27.620083499999989 ], [ -52.265903, -27.6203137 ], [ -52.2660828, -27.620900699999989 ], [ -52.265962, -27.6212429 ], [ -52.2655108, -27.6215328 ], [ -52.2666769, -27.6220379 ], [ -52.2665766, -27.6222958 ], [ -52.2656113, -27.624242 ], [ -52.2655097, -27.624442200000011 ], [ -52.2659147, -27.6243773 ], [ -52.266436, -27.6243293 ], [ -52.2668368, -27.6243584 ], [ -52.2671566, -27.6244465 ], [ -52.26730280000001, -27.6244867 ], [ -52.2677357, -27.6247113 ], [ -52.2698286, -27.6262548 ], [ -52.2700561, -27.6263863 ], [ -52.2712118, -27.62689 ], [ -52.2712329, -27.6268532 ], [ -52.2716001, -27.6260909 ] ] ] } },
{ "type": "Feature", "properties": { "name": "São Caetano", "code_muni": 4307005.0, "name_muni": "Erechim" }, "geometry": { "type": "Polygon", "coordinates": [ [ [ -52.2767392, -27.6260465 ], [ -52.2772232, -27.6262345 ], [ -52.2776105, -27.6263849 ], [ -52.2777182, -27.6264218 ], [ -52.2777659, -27.626476 ], [ -52.278142, -27.6260054 ], [ -52.278359, -27.6255368 ], [ -52.278863, -27.6245187 ], [ -52.2788821, -27.6244864 ], [ -52.278916, -27.6244338 ], [ -52.2790581, -27.6242236 ], [ -52.2791717, -27.6241201 ], [ -52.2793351, -27.6240155 ], [ -52.27949910000001, -27.6238426 ], [ -52.2795645, -27.6237027 ], [ -52.2795747, -27.6235857 ], [ -52.2795622, -27.6232309 ], [ -52.2795805, -27.6228626 ], [ -52.2796187, -27.62277 ], [ -52.279756, -27.6226084 ], [ -52.2798083, -27.6224891 ], [ -52.2798747, -27.6222909 ], [ -52.2799391, -27.6221531 ], [ -52.2800222, -27.6220699 ], [ -52.2803816, -27.6217491 ], [ -52.2811029, -27.6211458 ], [ -52.2813426, -27.6209903 ], [ -52.2815957, -27.6208587 ], [ -52.2817388, -27.6208328 ], [ -52.2820246, -27.6208263 ], [ -52.2820741, -27.6129818 ], [ -52.27263, -27.6128915 ], [ -52.2727883, -27.60641 ], [ -52.2622418, -27.606063 ], [ -52.2622298, -27.6200071 ], [ -52.2659358, -27.620083499999989 ], [ -52.2721499, -27.6202115 ], [ -52.272284, -27.6231619 ], [ -52.2734305, -27.6236481 ], [ -52.2732174, -27.6246959 ], [ -52.2740282, -27.6250104 ], [ -52.2748276, -27.6253509 ], [ -52.2748992, -27.625416 ], [ -52.2762463, -27.625855 ], [ -52.2767392, -27.6260465 ] ] ] } },
{ "type": "Feature", "properties": { "name": "Atlântico", "code_muni": 4307005.0, "name_muni": "Erechim" }, "geometry": { "type": "Polygon", "coordinates": [ [ [ -52.2433213, -27.6405828 ], [ -52.2423921, -27.6396386 ], [ -52.2410484, -27.6382557 ], [ -52.2397905, -27.6369901 ], [ -52.2369553, -27.6369701 ], [ -52.2352333, -27.6369553 ], [ -52.2349058, -27.6368685 ], [ -52.2349191, -27.6372311 ], [ -52.2349204, -27.6374231 ], [ -52.2349052, -27.6378087 ], [ -52.2348915, -27.6380891 ], [ -52.2348866, -27.6383844 ], [ -52.2348831, -27.6387286 ], [ -52.2348686, -27.6389606 ], [ -52.2348526, -27.6394074 ], [ -52.2348425, -27.640096499999988 ], [ -52.2348368, -27.640737 ], [ -52.2347991, -27.6413836 ], [ -52.234795, -27.6414472 ], [ -52.2347842, -27.6419189 ], [ -52.2347813, -27.6419522 ], [ -52.2347797, -27.6425248 ], [ -52.2347921, -27.643085899999988 ], [ -52.2347532, -27.6436815 ], [ -52.2347478, -27.6443098 ], [ -52.234734, -27.6450367 ], [ -52.2361687, -27.6450649 ], [ -52.2366226, -27.6450693 ], [ -52.2376801, -27.6451017 ], [ -52.2380483, -27.6451005 ], [ -52.2379303, -27.6482413 ], [ -52.2384411, -27.6482542 ], [ -52.2388677, -27.6482654 ], [ -52.2390111, -27.648267 ], [ -52.2391793, -27.6482729 ], [ -52.2410431, -27.6483177 ], [ -52.2417616, -27.648346199999988 ], [ -52.2447576, -27.6484517 ], [ -52.2447698, -27.6484491 ], [ -52.2447749, -27.6484427 ], [ -52.244841, -27.6458998 ], [ -52.2448848, -27.6453763 ], [ -52.2448852, -27.6446619 ], [ -52.2448687, -27.6439158 ], [ -52.2449114, -27.6433628 ], [ -52.2448908, -27.6428019 ], [ -52.2449076, -27.6422328 ], [ -52.2439519, -27.6412281 ], [ -52.2433213, -27.6405828 ] ] ] } },
{ "type": "Feature", "properties": { "name": "Bela Vista", "code_muni": 4307005.0, "name_muni": "Erechim" }, "geometry": { "type": "Polygon", "coordinates": [ [ [ -52.2555547, -27.6498638 ], [ -52.2562511, -27.650411099999989 ], [ -52.2577088, -27.6514299 ], [ -52.2582488, -27.6517695 ], [ -52.2588599, -27.6521539 ], [ -52.2589665, -27.6519931 ], [ -52.2590359, -27.6519557 ], [ -52.2591224, -27.6519148 ], [ -52.2592277, -27.6518916 ], [ -52.2593129, -27.651891 ], [ -52.2599484, -27.6520466 ], [ -52.2603909, -27.6521227 ], [ -52.2606506, -27.6521673 ], [ -52.2611529, -27.6522949 ], [ -52.2613299, -27.6523103 ], [ -52.2614868, -27.652289 ], [ -52.2615835, -27.6522396 ], [ -52.2616518, -27.6522046 ], [ -52.261828, -27.6520495 ], [ -52.2622579, -27.6516712 ], [ -52.2623558, -27.6516166 ], [ -52.2624645, -27.6515893 ], [ -52.2626039, -27.6515905 ], [ -52.2628574, -27.6516582 ], [ -52.2629379, -27.6490843 ], [ -52.2631484, -27.6486784 ], [ -52.2632875, -27.6483589 ], [ -52.2634969, -27.6479446 ], [ -52.2636366, -27.6476427 ], [ -52.2639834, -27.646973 ], [ -52.2647623, -27.6452442 ], [ -52.2650956, -27.6445507 ], [ -52.2653405, -27.6440059 ], [ -52.2657324, -27.6431594 ], [ -52.2659763, -27.6426395 ], [ -52.265864, -27.6425963 ], [ -52.2652803, -27.6423751 ], [ -52.2651721, -27.6423368 ], [ -52.2649355, -27.64225 ], [ -52.2641221, -27.6419382 ], [ -52.2640336, -27.6419032 ], [ -52.263527, -27.6417131 ], [ -52.2629513, -27.6415019 ], [ -52.2628402, -27.6414605 ], [ -52.2624098, -27.6412896 ], [ -52.2623584, -27.6412696 ], [ -52.2622605, -27.6412326 ], [ -52.2617763, -27.641044 ], [ -52.261567, -27.6409738 ], [ -52.2615232, -27.6409576 ], [ -52.2614786, -27.6409408 ], [ -52.261397, -27.6409133 ], [ -52.2611442, -27.6408112 ], [ -52.2610554, -27.6407758 ], [ -52.2609355, -27.6407345 ], [ -52.2604588, -27.6405466 ], [ -52.2595122, -27.6401822 ], [ -52.259455, -27.6401607 ], [ -52.258667, -27.6398976 ], [ -52.2583114, -27.6397787 ], [ -52.2572093, -27.6393831 ], [ -52.2571061, -27.6393456 ], [ -52.2567817, -27.6400681 ], [ -52.2566811, -27.6402753 ], [ -52.2561394, -27.641405 ], [ -52.2556583, -27.6424287 ], [ -52.2554914, -27.6427768 ], [ -52.2550656, -27.6436546 ], [ -52.2545224, -27.643446 ], [ -52.2544058, -27.6433957 ], [ -52.254324, -27.6433604 ], [ -52.2539782, -27.6432349 ], [ -52.2536777, -27.6431259 ], [ -52.252643, -27.6427504 ], [ -52.2513066, -27.6422411 ], [ -52.24991, -27.6417325 ], [ -52.2498376, -27.6417051 ], [ -52.249633, -27.6416275 ], [ -52.2490817, -27.6414098 ], [ -52.2484317, -27.6411823 ], [ -52.2477216, -27.6409036 ], [ -52.2470508, -27.6406506 ], [ -52.2468287, -27.6405684 ], [ -52.2467762, -27.6408807 ], [ -52.2468084, -27.6411421 ], [ -52.246972, -27.641413 ], [ -52.2474548, -27.6417813 ], [ -52.2476426, -27.6421187 ], [ -52.2476801, -27.6424014 ], [ -52.2475702, -27.64262 ], [ -52.2465552, -27.6432635 ], [ -52.2468657, -27.6434473 ], [ -52.248873, -27.6445853 ], [ -52.2494786, -27.6449473 ], [ -52.250045, -27.6453112 ], [ -52.2503967, -27.6456119 ], [ -52.2505736, -27.6457521 ], [ -52.2511525, -27.646211 ], [ -52.2526329, -27.6474188 ], [ -52.2538007, -27.6483903 ], [ -52.2544429, -27.6489298 ], [ -52.2555547, -27.6498638 ] ] ] } },
{ "type": "Feature", "properties": { "name": "Espírito Santo", "code_muni": 4307005.0, "name_muni": "Erechim" }, "geometry": { "type": "Polygon", "coordinates": [ [ [ -52.2818325, -27.637448 ], [ -52.2817955, -27.6375137 ], [ -52.2813785, -27.6383831 ], [ -52.2813499, -27.6384343 ], [ -52.281057, -27.639094 ], [ -52.2807508, -27.6397031 ], [ -52.2804473, -27.6403573 ], [ -52.2804149, -27.6404239 ], [ -52.2800367, -27.6412161 ], [ -52.2797649, -27.6417945 ], [ -52.2795846, -27.6421566 ], [ -52.2795584, -27.6422149 ], [ -52.2787393, -27.6439478 ], [ -52.2786608, -27.6440964 ], [ -52.2783436, -27.6447585 ], [ -52.2787631, -27.6447236 ], [ -52.2792256, -27.6446884 ], [ -52.2793342, -27.6446809 ], [ -52.2794282, -27.6446756 ], [ -52.2797434, -27.6446592 ], [ -52.2799636, -27.6446506 ], [ -52.2801105, -27.6446514 ], [ -52.2802629, -27.6446616 ], [ -52.2803415, -27.6446662 ], [ -52.2806399, -27.6446858 ], [ -52.2810551, -27.644716 ], [ -52.2810864, -27.6447177 ], [ -52.2812621, -27.6447294 ], [ -52.281349, -27.6447358 ], [ -52.2814245, -27.6447451 ], [ -52.2815324, -27.6447668 ], [ -52.2817192, -27.6448078 ], [ -52.2818638, -27.6448454 ], [ -52.2819459, -27.6448767 ], [ -52.2821116, -27.6449507 ], [ -52.2822486, -27.6450203 ], [ -52.2823277, -27.6450685 ], [ -52.2824046, -27.6451228 ], [ -52.2824929, -27.6451957 ], [ -52.2826461, -27.645337 ], [ -52.2827021, -27.6453859 ], [ -52.2827904, -27.6454682 ], [ -52.2829096, -27.6455713 ], [ -52.283033, -27.6456526 ], [ -52.2831223, -27.6456819 ], [ -52.2832933, -27.6457357 ], [ -52.2833339, -27.6457486 ], [ -52.2835299, -27.6458027 ], [ -52.2836318, -27.6458478 ], [ -52.2837123, -27.6459245 ], [ -52.2837706, -27.645994 ], [ -52.2838102, -27.6460694 ], [ -52.2838564, -27.64619 ], [ -52.2839362, -27.6464401 ], [ -52.2844975, -27.645384499999988 ], [ -52.2845311, -27.6453283 ], [ -52.28459, -27.6452633 ], [ -52.2846878, -27.645158 ], [ -52.2848904, -27.6447287 ], [ -52.2850299, -27.6442975 ], [ -52.2854081, -27.6434564 ], [ -52.2855194, -27.6432877 ], [ -52.2858091, -27.6429895 ], [ -52.285947, -27.6428723 ], [ -52.2866551, -27.6421558 ], [ -52.2867732, -27.6419985 ], [ -52.2871958, -27.6410994 ], [ -52.2873084, -27.6410067 ], [ -52.287527, -27.640897399999989 ], [ -52.2879227, -27.6408201 ], [ -52.2885706, -27.6405756 ], [ -52.2888468, -27.6403634 ], [ -52.2892448, -27.6399175 ], [ -52.2895602, -27.6394748 ], [ -52.2896705, -27.6393026 ], [ -52.2897118, -27.6391997 ], [ -52.2895864, -27.6391138 ], [ -52.289246, -27.6388812 ], [ -52.2887034, -27.6385181 ], [ -52.2886639, -27.6384833 ], [ -52.2874261, -27.6380076 ], [ -52.2867517, -27.6377623 ], [ -52.2853485, -27.6372471 ], [ -52.2852054, -27.6371947 ], [ -52.2850223, -27.6371241 ], [ -52.2844553, -27.6369002 ], [ -52.2839208, -27.6367017 ], [ -52.2837511, -27.6366482 ], [ -52.2835537, -27.6366022 ], [ -52.2824319, -27.6361867 ], [ -52.2818325, -27.637448 ] ] ] } },
{ "type": "Feature", "properties": { "name": "Industrial", "code_muni": 4307005.0, "name_muni": "Erechim" }, "geometry": { "type": "Polygon", "coordinates": [ [ [ -52.2494786, -27.6449473 ], [ -52.248873, -27.6445853 ], [ -52.2468657, -27.6434473 ], [ -52.2465552, -27.6432635 ], [ -52.2449076, -27.6422328 ], [ -52.2448908, -27.6428019 ], [ -52.2449114, -27.6433628 ], [ -52.2448687, -27.6439158 ], [ -52.2448852, -27.6446619 ], [ -52.2448848, -27.6453763 ], [ -52.244841, -27.6458998 ], [ -52.2447749, -27.6484427 ], [ -52.2447698, -27.6484491 ], [ -52.2447576, -27.6484517 ], [ -52.2417616, -27.648346199999988 ], [ -52.2410431, -27.6483177 ], [ -52.2391793, -27.6482729 ], [ -52.2390111, -27.648267 ], [ -52.2388677, -27.6482654 ], [ -52.2384411, -27.6482542 ], [ -52.2379303, -27.6482413 ], [ -52.2375806, -27.6482272 ], [ -52.2363435, -27.6482108 ], [ -52.2360989, -27.6482116 ], [ -52.2350659, -27.6481838 ], [ -52.2347305, -27.6481748 ], [ -52.233848, -27.6481586 ], [ -52.2334485, -27.6481512 ], [ -52.2321455, -27.6481046 ], [ -52.2315306, -27.648095 ], [ -52.2308363, -27.6480856 ], [ -52.2301938, -27.6480667 ], [ -52.2278203, -27.6480748 ], [ -52.2267273, -27.6480591 ], [ -52.2241683, -27.6479588 ], [ -52.2243629, -27.6501782 ], [ -52.2260865, -27.6502203 ], [ -52.2277744, -27.6502614 ], [ -52.2300715, -27.6503175 ], [ -52.2320868, -27.650366699999989 ], [ -52.23292, -27.650387 ], [ -52.2345829, -27.6503942 ], [ -52.2345454, -27.6549416 ], [ -52.2360843, -27.6549934 ], [ -52.239234, -27.6550064 ], [ -52.2446236, -27.655096 ], [ -52.2446695, -27.6552126 ], [ -52.2492566, -27.655276499999989 ], [ -52.2492673, -27.6548015 ], [ -52.2492838, -27.6538191 ], [ -52.2493244, -27.6518435 ], [ -52.2493375, -27.6508315 ], [ -52.2493675, -27.6495947 ], [ -52.2494039, -27.648411 ], [ -52.2505466, -27.6482871 ], [ -52.2505736, -27.6457521 ], [ -52.2503967, -27.6456119 ], [ -52.250045, -27.6453112 ], [ -52.2494786, -27.6449473 ] ] ] } },
{ "type": "Feature", "properties": { "name": "Koller", "code_muni": 4307005.0, "name_muni": "Erechim" }, "geometry": { "type": "Polygon", "coordinates": [ [ [ -52.2910461, -27.6465476 ], [ -52.2909629, -27.6483177 ], [ -52.2909629, -27.6488261 ], [ -52.2909459, -27.6500179 ], [ -52.290967, -27.6509407 ], [ -52.2909388, -27.6512923 ], [ -52.2907658, -27.652506299999988 ], [ -52.290684, -27.6531751 ], [ -52.2907658, -27.6533141 ], [ -52.2910562, -27.6529644 ], [ -52.2914861, -27.6527132 ], [ -52.2918337, -27.6525774 ], [ -52.2923918, -27.6525015 ], [ -52.2932482, -27.652597 ], [ -52.2937711, -27.6525952 ], [ -52.294175, -27.6524759 ], [ -52.2944469, -27.6523055 ], [ -52.2947012, -27.6519682 ], [ -52.2948248, -27.651555 ], [ -52.2947919, -27.6512705 ], [ -52.2945154, -27.6506628 ], [ -52.2943394, -27.6502277 ], [ -52.2943367, -27.6498257 ], [ -52.2944108, -27.6495854 ], [ -52.2945166, -27.64938960000001 ], [ -52.2948134, -27.6488405 ], [ -52.294855, -27.6485 ], [ -52.294764, -27.648143 ], [ -52.2945361, -27.6478451 ], [ -52.2942116, -27.6476213 ], [ -52.2940263, -27.6475512 ], [ -52.2938278, -27.647516 ], [ -52.2929966, -27.6474053 ], [ -52.2926385, -27.647269 ], [ -52.2923589, -27.6470787 ], [ -52.292111, -27.6467656 ], [ -52.2920004, -27.6463409 ], [ -52.2920205, -27.6460255 ], [ -52.2921525, -27.6457088 ], [ -52.2927032, -27.6451432 ], [ -52.2935987, -27.6446034 ], [ -52.2939654, -27.6442828 ], [ -52.2940689, -27.644144099999988 ], [ -52.2942842, -27.6438556 ], [ -52.2949774, -27.6425415 ], [ -52.2950807, -27.642245899999988 ], [ -52.2950851, -27.6418484 ], [ -52.2949929, -27.6415322 ], [ -52.2948035, -27.641251 ], [ -52.2945534, -27.6410231 ], [ -52.2942628, -27.6408782 ], [ -52.2939999, -27.6407997 ], [ -52.2938973, -27.6407927 ], [ -52.2935893, -27.6407717 ], [ -52.2930324, -27.6408269 ], [ -52.2926649, -27.6408633 ], [ -52.2922689, -27.6408225 ], [ -52.2918432, -27.6406642 ], [ -52.2908204, -27.6399517 ], [ -52.2905501, -27.639769 ], [ -52.2897118, -27.6391997 ], [ -52.2896705, -27.6393026 ], [ -52.2895602, -27.6394748 ], [ -52.2892448, -27.6399175 ], [ -52.2888468, -27.6403634 ], [ -52.2885706, -27.6405756 ], [ -52.2879227, -27.6408201 ], [ -52.287527, -27.640897399999989 ], [ -52.2873084, -27.6410067 ], [ -52.2871958, -27.6410994 ], [ -52.2867732, -27.6419985 ], [ -52.2866551, -27.6421558 ], [ -52.285947, -27.6428723 ], [ -52.2858091, -27.6429895 ], [ -52.2855194, -27.6432877 ], [ -52.2854081, -27.6434564 ], [ -52.2850299, -27.6442975 ], [ -52.2848904, -27.6447287 ], [ -52.2846878, -27.645158 ], [ -52.2848368, -27.6453097 ], [ -52.2851157, -27.6457065 ], [ -52.2854698, -27.6458371 ], [ -52.2863817, -27.6456518 ], [ -52.2873953, -27.6457602 ], [ -52.2878382, -27.6456685 ], [ -52.2886946, -27.6455253 ], [ -52.2886372, -27.6468784 ], [ -52.2894492, -27.6466068 ], [ -52.2902495, -27.6463385 ], [ -52.2910756, -27.6460926 ], [ -52.2910461, -27.6465476 ] ] ] } },
{ "type": "Feature", "properties": { "name": "Linho", "code_muni": 4307005.0, "name_muni": "Erechim" }, "geometry": { "type": "Polygon", "coordinates": [ [ [ -52.2601349, -27.6357246 ], [ -52.2590455, -27.6353245 ], [ -52.2590242, -27.6353167 ], [ -52.2589982, -27.6353076 ], [ -52.2579717, -27.6349485 ], [ -52.2578525, -27.634911 ], [ -52.2575415, -27.6347949 ], [ -52.2573737, -27.634733 ], [ -52.2572202, -27.6346743 ], [ -52.256862, -27.6345512 ], [ -52.2565278, -27.6344352 ], [ -52.2559003, -27.634185399999986 ], [ -52.255248, -27.6339554 ], [ -52.2545224, -27.6336987 ], [ -52.2538559, -27.6334445 ], [ -52.2537687, -27.63341 ], [ -52.2536778, -27.633323 ], [ -52.2516922, -27.6325731 ], [ -52.2509692, -27.6322776 ], [ -52.2502213, -27.6320093 ], [ -52.2494271, -27.631734 ], [ -52.2487865, -27.6314874 ], [ -52.2483999, -27.6313504 ], [ -52.2482173, -27.6335363 ], [ -52.2482089, -27.6337156 ], [ -52.2481628, -27.6342974 ], [ -52.2481544, -27.6344507 ], [ -52.2481038, -27.635051799999989 ], [ -52.247953, -27.6352012 ], [ -52.247346, -27.6358523 ], [ -52.2472409, -27.6359222 ], [ -52.2471047, -27.6360012 ], [ -52.2470388, -27.6360293 ], [ -52.2468937, -27.6360912 ], [ -52.2468858, -27.6362221 ], [ -52.246869, -27.6368685 ], [ -52.246783, -27.6387052 ], [ -52.2471705, -27.6392555 ], [ -52.2471598, -27.6398828 ], [ -52.2468597, -27.640504199999988 ], [ -52.2468287, -27.6405684 ], [ -52.2470508, -27.6406506 ], [ -52.2477216, -27.6409036 ], [ -52.2484317, -27.6411823 ], [ -52.2490817, -27.6414098 ], [ -52.249633, -27.6416275 ], [ -52.2498376, -27.6417051 ], [ -52.24991, -27.6417325 ], [ -52.2513066, -27.6422411 ], [ -52.252643, -27.6427504 ], [ -52.2536777, -27.6431259 ], [ -52.2539782, -27.6432349 ], [ -52.254324, -27.6433604 ], [ -52.2544058, -27.6433957 ], [ -52.2545224, -27.643446 ], [ -52.2550656, -27.6436546 ], [ -52.2554914, -27.6427768 ], [ -52.2556583, -27.6424287 ], [ -52.2561394, -27.641405 ], [ -52.2566811, -27.6402753 ], [ -52.2567817, -27.6400681 ], [ -52.2571061, -27.6393456 ], [ -52.2572093, -27.6393831 ], [ -52.2583114, -27.6397787 ], [ -52.258667, -27.6398976 ], [ -52.259455, -27.6401607 ], [ -52.2594883, -27.6400841 ], [ -52.259526, -27.6399976 ], [ -52.2596147, -27.6397962 ], [ -52.2599796, -27.6389965 ], [ -52.2600306, -27.6388972 ], [ -52.2600661, -27.6388275 ], [ -52.2603667, -27.6382419 ], [ -52.26059080000001, -27.6377534 ], [ -52.2609234, -27.6370245 ], [ -52.2613793, -27.6361785 ], [ -52.2601349, -27.6357246 ] ] ] } },
{ "type": "Feature", "properties": { "name": "Paiol Grande", "code_muni": 4307005.0, "name_muni": "Erechim" }, "geometry": { "type": "Polygon", "coordinates": [ [ [ -52.3165812, -27.6424357 ], [ -52.3218108, -27.6425698 ], [ -52.3218432, -27.6373151 ], [ -52.3215566, -27.6372862 ], [ -52.3210623, -27.6372588 ], [ -52.3208957, -27.6372561 ], [ -52.3207395, -27.6372661 ], [ -52.3203596, -27.6372903 ], [ -52.319903, -27.6373047 ], [ -52.3193996, -27.6372907 ], [ -52.3191183, -27.637245 ], [ -52.3187901, -27.6371318 ], [ -52.3184884, -27.6369868 ], [ -52.3182873, -27.6368411 ], [ -52.3174701, -27.635956 ], [ -52.3171063, -27.6355646 ], [ -52.3169324, -27.635385 ], [ -52.3165637, -27.635096 ], [ -52.3162244, -27.6349027 ], [ -52.3158479, -27.6347688 ], [ -52.3150871, -27.6346107 ], [ -52.3144091, -27.6344996 ], [ -52.3141539, -27.6345062 ], [ -52.3138623, -27.6345698 ], [ -52.3119646, -27.635222599999988 ], [ -52.3116797, -27.6353191 ], [ -52.3114805, -27.6372939 ], [ -52.311632, -27.6372975 ], [ -52.3116227, -27.6388622 ], [ -52.3116709, -27.6406467 ], [ -52.3115252, -27.6424679 ], [ -52.3165812, -27.6424357 ] ] ] } },
{ "type": "Feature", "properties": { "name": "Parque Lívia", "code_muni": 4307005.0, "name_muni": "Erechim" }, "geometry": { "type": "Polygon", "coordinates": [ [ [ -52.2449815, -27.6327741 ], [ -52.24434140000001, -27.6331402 ], [ -52.2437842, -27.6332451 ], [ -52.24334, -27.6331942 ], [ -52.2429379, -27.633007 ], [ -52.2424361, -27.6326896 ], [ -52.2420972, -27.6325298 ], [ -52.2416838, -27.6324337 ], [ -52.2411743, -27.6324834 ], [ -52.2402133, -27.632816 ], [ -52.2397196, -27.6328639 ], [ -52.239416, -27.6328148 ], [ -52.2391481, -27.6327166 ], [ -52.2382998, -27.6321935 ], [ -52.2380275, -27.6320908 ], [ -52.2374381, -27.6320149 ], [ -52.2373826, -27.6320237 ], [ -52.2365155, -27.6321605 ], [ -52.23632760000001, -27.6321373 ], [ -52.2363045, -27.6323178 ], [ -52.2363515, -27.6328122 ], [ -52.2364142, -27.6330089 ], [ -52.2364924, -27.6332639 ], [ -52.2365484, -27.6333828 ], [ -52.2365758, -27.6334409 ], [ -52.23668, -27.6336293 ], [ -52.2369206, -27.6339729 ], [ -52.2373131, -27.6344045 ], [ -52.2379435, -27.6351021 ], [ -52.2396516, -27.636846 ], [ -52.2397905, -27.6369901 ], [ -52.2400095, -27.636989 ], [ -52.2403012, -27.6369967 ], [ -52.241118, -27.6369597 ], [ -52.2413023, -27.6369566 ], [ -52.2421573, -27.6369397 ], [ -52.2422924, -27.6369444 ], [ -52.2429052, -27.6369183 ], [ -52.24312, -27.6369096 ], [ -52.2437624, -27.636883 ], [ -52.2439425, -27.6368815 ], [ -52.2443552, -27.636875 ], [ -52.2447013, -27.6368645 ], [ -52.2450398, -27.6368605 ], [ -52.2450838, -27.6358353 ], [ -52.2450993, -27.6347891 ], [ -52.2451114, -27.6345498 ], [ -52.2451724, -27.6343195 ], [ -52.24518710000001, -27.634044 ], [ -52.24521, -27.6334503 ], [ -52.2452483, -27.6329024 ], [ -52.2452653, -27.6323895 ], [ -52.2449815, -27.6327741 ] ] ] } },
{ "type": "Feature", "properties": { "name": "Presidente Vargas", "code_muni": 4307005.0, "name_muni": "Erechim" }, "geometry": { "type": "Polygon", "coordinates": [ [ [ -52.3076013, -27.6545712 ], [ -52.3072038, -27.6540958 ], [ -52.3068028, -27.6535948 ], [ -52.306513, -27.6531132 ], [ -52.3063092, -27.6527819 ], [ -52.3059949, -27.6522377 ], [ -52.3058142, -27.6518679 ], [ -52.3057194, -27.6516875 ], [ -52.305667, -27.6515879 ], [ -52.3055487, -27.6513499 ], [ -52.3053844, -27.6510953 ], [ -52.3052348, -27.6508498 ], [ -52.3050238, -27.6505083 ], [ -52.3048096, -27.6501793 ], [ -52.3045617, -27.6499149 ], [ -52.3043355, -27.6496753 ], [ -52.303845, -27.6492661 ], [ -52.3037672, -27.6492012 ], [ -52.303507, -27.6490247 ], [ -52.3031461, -27.6487798 ], [ -52.3028465, -27.6485754 ], [ -52.3028276, -27.6487438 ], [ -52.3021945, -27.6487735 ], [ -52.3020476, -27.6487746 ], [ -52.3018629, -27.6487442 ], [ -52.3016292, -27.6486419 ], [ -52.3013655, -27.6485242 ], [ -52.3013032, -27.6485031 ], [ -52.3012319, -27.6484864 ], [ -52.3011297, -27.6484938 ], [ -52.3007401, -27.6486946 ], [ -52.3005399, -27.6488021 ], [ -52.3001946, -27.6489245 ], [ -52.3000475, -27.6489913 ], [ -52.3000214, -27.6491164 ], [ -52.3000042, -27.6493034 ], [ -52.3000133, -27.6494022 ], [ -52.3000356, -27.6494701 ], [ -52.30007, -27.6495694 ], [ -52.3000871, -27.6496211 ], [ -52.3000999, -27.64966 ], [ -52.3001179, -27.6497146 ], [ -52.3001722, -27.649839 ], [ -52.3001943, -27.6499161 ], [ -52.3002302, -27.650147199999985 ], [ -52.300258, -27.6503134 ], [ -52.3002603, -27.6507447 ], [ -52.3002609, -27.6510229 ], [ -52.3002036, -27.6513101 ], [ -52.300105, -27.6514885 ], [ -52.2996999, -27.6521337 ], [ -52.2995619, -27.6522957 ], [ -52.2994211, -27.6525038 ], [ -52.299137, -27.6529053 ], [ -52.2989892, -27.6531016 ], [ -52.2986448, -27.6534816 ], [ -52.2985992, -27.6535909 ], [ -52.2985724, -27.6537002 ], [ -52.2985576, -27.6538356 ], [ -52.2986341, -27.6544331 ], [ -52.2986875, -27.6549732 ], [ -52.2986998, -27.6550639 ], [ -52.2987118, -27.6552765 ], [ -52.2986984, -27.6554927 ], [ -52.3076013, -27.6545712 ] ] ] } },
{ "type": "Feature", "properties": { "name": "Santa Catarina", "code_muni": 4307005.0, "name_muni": "Erechim" }, "geometry": { "type": "Polygon", "coordinates": [ [ [ -52.2905501, -27.639769 ], [ -52.2908204, -27.6399517 ], [ -52.2910456, -27.6397747 ], [ -52.2915054, -27.639359 ], [ -52.2919314, -27.6389323 ], [ -52.2919906, -27.6388744 ], [ -52.2920609, -27.6388052 ], [ -52.2929009, -27.6379715 ], [ -52.2929947, -27.6378494 ], [ -52.2930477, -27.6368402 ], [ -52.2931722, -27.6367075 ], [ -52.2934906, -27.6368173 ], [ -52.2936325, -27.6332539 ], [ -52.2925669, -27.6331772 ], [ -52.2926349, -27.6343162 ], [ -52.2924895, -27.6344608 ], [ -52.2915614, -27.6353617 ], [ -52.2911123, -27.6350031 ], [ -52.2907127, -27.6352708 ], [ -52.2900778, -27.6354179 ], [ -52.2897291, -27.6357768 ], [ -52.2883612, -27.6360975 ], [ -52.2876343, -27.6366916 ], [ -52.2876146, -27.6368465 ], [ -52.2869123, -27.6365168 ], [ -52.2868319, -27.6364738 ], [ -52.2868611, -27.63693 ], [ -52.2870497, -27.6373356 ], [ -52.287307, -27.6375863 ], [ -52.2886639, -27.6384833 ], [ -52.2887034, -27.6385181 ], [ -52.289246, -27.6388812 ], [ -52.2895864, -27.6391138 ], [ -52.2897118, -27.6391997 ], [ -52.2905501, -27.639769 ] ] ] } },
{ "type": "Feature", "properties": { "name": "Triângulo", "code_muni": 4307005.0, "name_muni": "Erechim" }, "geometry": { "type": "Polygon", "coordinates": [ [ [ -52.286555, -27.6341762 ], [ -52.2867969, -27.6345052 ], [ -52.2869252, -27.6348772 ], [ -52.28695050000001, -27.635248099999988 ], [ -52.2868319, -27.6364738 ], [ -52.2869123, -27.6365168 ], [ -52.2876146, -27.6368465 ], [ -52.2876343, -27.6366916 ], [ -52.2883612, -27.6360975 ], [ -52.2897291, -27.6357768 ], [ -52.2900778, -27.6354179 ], [ -52.2907127, -27.6352708 ], [ -52.2911123, -27.6350031 ], [ -52.2915614, -27.6353617 ], [ -52.2924895, -27.6344608 ], [ -52.2926349, -27.6343162 ], [ -52.2925669, -27.6331772 ], [ -52.2917971, -27.6330524 ], [ -52.2883089, -27.6328825 ], [ -52.2881433, -27.6330483 ], [ -52.2874422, -27.6337149 ], [ -52.2873877, -27.6337635 ], [ -52.2873299, -27.6338231 ], [ -52.2870751, -27.633774 ], [ -52.286378, -27.6336654 ], [ -52.2862831, -27.6336358 ], [ -52.2862509, -27.6338101 ], [ -52.2861806, -27.6339542 ], [ -52.286555, -27.6341762 ] ] ] } },
{ "type": "Feature", "properties": { "name": "Três Vendas", "code_muni": 4307005.0, "name_muni": "Erechim" }, "geometry": { "type": "Polygon", "coordinates": [ [ [ -52.2934906, -27.6368173 ], [ -52.2931722, -27.6367075 ], [ -52.2930477, -27.6368402 ], [ -52.2929947, -27.6378494 ], [ -52.2929009, -27.6379715 ], [ -52.2920609, -27.6388052 ], [ -52.2919906, -27.6388744 ], [ -52.2919314, -27.6389323 ], [ -52.2915054, -27.639359 ], [ -52.2910456, -27.6397747 ], [ -52.2908204, -27.6399517 ], [ -52.2918432, -27.6406642 ], [ -52.2922689, -27.6408225 ], [ -52.2926649, -27.6408633 ], [ -52.2930324, -27.6408269 ], [ -52.2935893, -27.6407717 ], [ -52.2938973, -27.6407927 ], [ -52.2939999, -27.6407997 ], [ -52.2942628, -27.6408782 ], [ -52.2945534, -27.6410231 ], [ -52.2948035, -27.641251 ], [ -52.2949929, -27.6415322 ], [ -52.2950851, -27.6418484 ], [ -52.2950807, -27.642245899999988 ], [ -52.2949774, -27.6425415 ], [ -52.2942842, -27.6438556 ], [ -52.2940689, -27.644144099999988 ], [ -52.2939654, -27.6442828 ], [ -52.2935987, -27.6446034 ], [ -52.2927032, -27.6451432 ], [ -52.2921525, -27.6457088 ], [ -52.2920205, -27.6460255 ], [ -52.2920004, -27.6463409 ], [ -52.292111, -27.6467656 ], [ -52.2923589, -27.6470787 ], [ -52.2926385, -27.647269 ], [ -52.2929966, -27.6474053 ], [ -52.2938278, -27.647516 ], [ -52.2940263, -27.6475512 ], [ -52.2942116, -27.6476213 ], [ -52.2945361, -27.6478451 ], [ -52.294764, -27.648143 ], [ -52.294855, -27.6485 ], [ -52.2948134, -27.6488405 ], [ -52.2945166, -27.64938960000001 ], [ -52.2944108, -27.6495854 ], [ -52.2943367, -27.6498257 ], [ -52.2960028, -27.6500402 ], [ -52.2969753, -27.6502278 ], [ -52.3002603, -27.6507447 ], [ -52.300258, -27.6503134 ], [ -52.3002302, -27.650147199999985 ], [ -52.3001943, -27.6499161 ], [ -52.3001722, -27.649839 ], [ -52.3001179, -27.6497146 ], [ -52.3000999, -27.64966 ], [ -52.3000871, -27.6496211 ], [ -52.30007, -27.6495694 ], [ -52.3000356, -27.6494701 ], [ -52.3000133, -27.6494022 ], [ -52.3000042, -27.6493034 ], [ -52.3000214, -27.6491164 ], [ -52.3000475, -27.6489913 ], [ -52.3001946, -27.6489245 ], [ -52.3005399, -27.6488021 ], [ -52.3007401, -27.6486946 ], [ -52.3011297, -27.6484938 ], [ -52.3012319, -27.6484864 ], [ -52.3013032, -27.6485031 ], [ -52.3013655, -27.6485242 ], [ -52.3016292, -27.6486419 ], [ -52.3018629, -27.6487442 ], [ -52.3020476, -27.6487746 ], [ -52.3021945, -27.6487735 ], [ -52.3028276, -27.6487438 ], [ -52.3028465, -27.6485754 ], [ -52.3063266, -27.6485897 ], [ -52.3064979, -27.6430674 ], [ -52.3066123, -27.6409373 ], [ -52.3058304, -27.6409772 ], [ -52.3056168, -27.6410667 ], [ -52.3052321, -27.6412359 ], [ -52.3051063, -27.641266 ], [ -52.3050038, -27.641268199999988 ], [ -52.3049258, -27.6412268 ], [ -52.3048601, -27.6411663 ], [ -52.3044498, -27.6407261 ], [ -52.304218, -27.6405498 ], [ -52.3040837, -27.6404727 ], [ -52.3039361, -27.6404223 ], [ -52.3034419, -27.6404049 ], [ -52.3032052, -27.6403913 ], [ -52.302981, -27.6403662 ], [ -52.3028623, -27.6391731 ], [ -52.3028609, -27.6386712 ], [ -52.3028864, -27.6383714 ], [ -52.3028933, -27.6382213 ], [ -52.3028768, -27.637988199999988 ], [ -52.3028573, -27.6375936 ], [ -52.3028144, -27.637371 ], [ -52.3027062, -27.6371578 ], [ -52.3027143, -27.636863 ], [ -52.3025264, -27.6368021 ], [ -52.302354, -27.6367988 ], [ -52.302208, -27.6368742 ], [ -52.3019211, -27.6370171 ], [ -52.3016957, -27.63705 ], [ -52.3013857, -27.6368855 ], [ -52.3012818, -27.6366749 ], [ -52.3012024, -27.6366489 ], [ -52.3010785, -27.6366528 ], [ -52.300601, -27.6367316 ], [ -52.3004297, -27.636729 ], [ -52.300263, -27.6366769 ], [ -52.3000158, -27.6365203 ], [ -52.2997455, -27.6364121 ], [ -52.2994121, -27.6363537 ], [ -52.2992577, -27.6363235 ], [ -52.2991113, -27.6362539 ], [ -52.2989405, -27.6361142 ], [ -52.2988117, -27.6359218 ], [ -52.2985335, -27.6355902 ], [ -52.2984262, -27.6354048 ], [ -52.2983966, -27.6352492 ], [ -52.2984566, -27.6349888 ], [ -52.2987102, -27.6345851 ], [ -52.2990404, -27.6344841 ], [ -52.2997525, -27.6343082 ], [ -52.3002702, -27.6341573 ], [ -52.3005162, -27.6340159 ], [ -52.300682, -27.6338235 ], [ -52.3006712, -27.6336999 ], [ -52.3005813, -27.633593 ], [ -52.300154, -27.6333708 ], [ -52.2936325, -27.6332539 ], [ -52.2934906, -27.6368173 ] ] ] } },
{ "type": "Feature", "properties": { "name": "Aeroporto", "code_muni": 4307005.0, "name_muni": "Erechim" }, "geometry": { "type": "Polygon", "coordinates": [ [ [ -52.2861042, -27.6621589 ], [ -52.2855401, -27.661589 ], [ -52.2836382, -27.6597746 ], [ -52.2833808, -27.6595452 ], [ -52.2831178, -27.6593011 ], [ -52.2827157, -27.659042 ], [ -52.282337, -27.6588045 ], [ -52.2820394, -27.6586487 ], [ -52.2815679, -27.6584511 ], [ -52.278424, -27.6572497 ], [ -52.2780756, -27.6571117 ], [ -52.2772209, -27.6567939 ], [ -52.2767754, -27.656588 ], [ -52.2766819, -27.6571761 ], [ -52.2764127, -27.6588453 ], [ -52.2763929, -27.6589494 ], [ -52.2754617, -27.6589352 ], [ -52.2747766, -27.6589231 ], [ -52.2738826, -27.6589211 ], [ -52.2724047, -27.6599757 ], [ -52.2700417, -27.6594911 ], [ -52.2699076, -27.65956 ], [ -52.269575, -27.6609189 ], [ -52.2716054, -27.6612634 ], [ -52.2699934, -27.6624939 ], [ -52.26895, -27.6631472 ], [ -52.2679415, -27.6635392 ], [ -52.266874, -27.6642733 ], [ -52.2665088, -27.6642462 ], [ -52.266362, -27.6642961 ], [ -52.2655519, -27.6644534 ], [ -52.2654851, -27.6646198 ], [ -52.2641825, -27.6653952 ], [ -52.2636124, -27.6657122 ], [ -52.2630561, -27.6660007 ], [ -52.2625361, -27.6662763 ], [ -52.2577599, -27.6688034 ], [ -52.2581977, -27.669463 ], [ -52.2595811, -27.6715471 ], [ -52.2653322, -27.6685723 ], [ -52.2720453, -27.6647936 ], [ -52.2723913, -27.6648066 ], [ -52.2728071, -27.6647602 ], [ -52.2731516, -27.6647117 ], [ -52.2754694, -27.6647188 ], [ -52.2756595, -27.6647283 ], [ -52.2796212, -27.6647724 ], [ -52.2831396, -27.6647537 ], [ -52.2860914, -27.6648107 ], [ -52.2863026, -27.6647983 ], [ -52.2865033, -27.6647471 ], [ -52.286631, -27.6646982 ], [ -52.2887444, -27.6647621 ], [ -52.2884387, -27.6644888 ], [ -52.2872803, -27.6635036 ], [ -52.286713, -27.6628182 ], [ -52.2863072, -27.662361799999989 ], [ -52.2861889, -27.6622522 ], [ -52.2861042, -27.6621589 ] ] ] } },
{ "type": "Feature", "properties": { "name": "Boa Vista", "code_muni": 4307005.0, "name_muni": "Erechim" }, "geometry": { "type": "Polygon", "coordinates": [ [ [ -52.2943394, -27.6502277 ], [ -52.2945154, -27.6506628 ], [ -52.2947919, -27.6512705 ], [ -52.2948248, -27.651555 ], [ -52.2947012, -27.6519682 ], [ -52.2944469, -27.6523055 ], [ -52.294175, -27.6524759 ], [ -52.2937711, -27.6525952 ], [ -52.2932482, -27.652597 ], [ -52.2923918, -27.6525015 ], [ -52.2918337, -27.6525774 ], [ -52.2914861, -27.6527132 ], [ -52.2910562, -27.6529644 ], [ -52.2907658, -27.6533141 ], [ -52.2905793, -27.6535772 ], [ -52.2904633, -27.6539108 ], [ -52.2904189, -27.6542193 ], [ -52.2904272, -27.6546081 ], [ -52.2905577, -27.6550135 ], [ -52.2907548, -27.6552989 ], [ -52.2914723, -27.6560547 ], [ -52.2917246, -27.6564998 ], [ -52.2917704, -27.6569579 ], [ -52.291634, -27.6574647 ], [ -52.2914364, -27.6577267 ], [ -52.2911356, -27.6579622 ], [ -52.2906974, -27.6581613 ], [ -52.2902026, -27.6582563 ], [ -52.291673, -27.660758 ], [ -52.2922887, -27.6608846 ], [ -52.2992161, -27.663013 ], [ -52.2988433, -27.6621839 ], [ -52.2986555, -27.6617646 ], [ -52.2985925, -27.6616541 ], [ -52.2984973, -27.6615413 ], [ -52.2983564, -27.661451 ], [ -52.2981566, -27.6613239 ], [ -52.2980909, -27.6612622 ], [ -52.2980352, -27.6611535 ], [ -52.2980104, -27.6607752 ], [ -52.2980534, -27.660009 ], [ -52.2982062, -27.6593961 ], [ -52.298229, -27.6592904 ], [ -52.2982619, -27.6589934 ], [ -52.2982639, -27.658858 ], [ -52.2982954, -27.6587736 ], [ -52.2983731, -27.6586491 ], [ -52.2984742, -27.6584384 ], [ -52.2986324, -27.6582094 ], [ -52.2988127, -27.6579678 ], [ -52.298976, -27.6576761 ], [ -52.2990417, -27.6574919 ], [ -52.2989854, -27.6572484 ], [ -52.2989149, -27.6571002 ], [ -52.2987682, -27.6569693 ], [ -52.2986595, -27.6568659 ], [ -52.2984651, -27.6566889 ], [ -52.2982854, -27.6564989 ], [ -52.2982425, -27.6563848 ], [ -52.2982451, -27.6563005 ], [ -52.298254, -27.6561749 ], [ -52.298339, -27.6560178 ], [ -52.2984892, -27.6558396 ], [ -52.2986984, -27.6554927 ], [ -52.2987118, -27.6552765 ], [ -52.2986998, -27.6550639 ], [ -52.2986875, -27.6549732 ], [ -52.2986341, -27.6544331 ], [ -52.2985576, -27.6538356 ], [ -52.2985724, -27.6537002 ], [ -52.2985992, -27.6535909 ], [ -52.2986448, -27.6534816 ], [ -52.2989892, -27.6531016 ], [ -52.299137, -27.6529053 ], [ -52.2994211, -27.6525038 ], [ -52.2995619, -27.6522957 ], [ -52.2996999, -27.6521337 ], [ -52.300105, -27.6514885 ], [ -52.3002036, -27.6513101 ], [ -52.3002609, -27.6510229 ], [ -52.3002603, -27.6507447 ], [ -52.2969753, -27.6502278 ], [ -52.2960028, -27.6500402 ], [ -52.2943367, -27.6498257 ], [ -52.2943394, -27.6502277 ] ] ] } },
{ "type": "Feature", "properties": { "name": "Cerâmica", "code_muni": 4307005.0, "name_muni": "Erechim" }, "geometry": { "type": "Polygon", "coordinates": [ [ [ -52.2758695, -27.6501865 ], [ -52.2757843, -27.6505261 ], [ -52.2757468, -27.6506021 ], [ -52.2756556, -27.6507898 ], [ -52.2755523, -27.6509977 ], [ -52.2754075, -27.6513172 ], [ -52.2750555, -27.6519031 ], [ -52.2749239, -27.6521837 ], [ -52.2747838, -27.6524813 ], [ -52.2746194, -27.6529346 ], [ -52.2747109, -27.652955 ], [ -52.2751693, -27.6530573 ], [ -52.2759335, -27.6532142 ], [ -52.2760311, -27.653212 ], [ -52.276434, -27.6534087 ], [ -52.2765967, -27.6541486 ], [ -52.2764066, -27.6549796 ], [ -52.276188, -27.6555153 ], [ -52.2764294, -27.6557363 ], [ -52.2767754, -27.656588 ], [ -52.2772209, -27.6567939 ], [ -52.2780756, -27.6571117 ], [ -52.278424, -27.6572497 ], [ -52.2815679, -27.6584511 ], [ -52.2820394, -27.6586487 ], [ -52.2820914, -27.6584806 ], [ -52.2825731, -27.6575009 ], [ -52.2828638, -27.656885 ], [ -52.2831272, -27.6563681 ], [ -52.2831921, -27.6562081 ], [ -52.2833775, -27.6557949 ], [ -52.2843862, -27.6548204 ], [ -52.2846755, -27.6550428 ], [ -52.2851913, -27.6554128 ], [ -52.2859982, -27.655975 ], [ -52.2867009, -27.6565369 ], [ -52.2871202, -27.656901 ], [ -52.2875319, -27.6572384 ], [ -52.2888028, -27.6583096 ], [ -52.2889118, -27.6583949 ], [ -52.2890586, -27.6585136 ], [ -52.2893001, -27.6584003 ], [ -52.2896511, -27.6583163 ], [ -52.2902026, -27.6582563 ], [ -52.2906974, -27.6581613 ], [ -52.2911356, -27.6579622 ], [ -52.2914364, -27.6577267 ], [ -52.291634, -27.6574647 ], [ -52.2917704, -27.6569579 ], [ -52.2917246, -27.6564998 ], [ -52.2914723, -27.6560547 ], [ -52.2907548, -27.6552989 ], [ -52.2905577, -27.6550135 ], [ -52.2904272, -27.6546081 ], [ -52.2904189, -27.6542193 ], [ -52.290326, -27.654182 ], [ -52.2902454, -27.6541469 ], [ -52.2896339, -27.6539497 ], [ -52.2894186, -27.6538813 ], [ -52.2886156, -27.6536369 ], [ -52.2879558, -27.6534378 ], [ -52.2872025, -27.6532429 ], [ -52.2864444, -27.6529729 ], [ -52.2855382, -27.652684499999989 ], [ -52.2852552, -27.652542 ], [ -52.2850379, -27.6524137 ], [ -52.2848019, -27.6522545 ], [ -52.2843097, -27.6518981 ], [ -52.2839557, -27.6517698 ], [ -52.2830145, -27.6514077 ], [ -52.2818908, -27.6509734 ], [ -52.2817844, -27.6509323 ], [ -52.2816178, -27.6508697 ], [ -52.2810025, -27.6506291 ], [ -52.2802904, -27.650355 ], [ -52.279428, -27.6500283 ], [ -52.2787166, -27.6497484 ], [ -52.2779519, -27.6494582 ], [ -52.2775331, -27.6493048 ], [ -52.2771015, -27.6491812 ], [ -52.2768424, -27.6490857 ], [ -52.2767801, -27.6490275 ], [ -52.2767553, -27.6489693 ], [ -52.2767298, -27.6488297 ], [ -52.2767989, -27.648367 ], [ -52.2768244, -27.648171 ], [ -52.2768615, -27.6478546 ], [ -52.2767159, -27.6481771 ], [ -52.2764589, -27.6487726 ], [ -52.2761625, -27.6494023 ], [ -52.2759157, -27.6499986 ], [ -52.2758695, -27.6501865 ] ] ] } },
{ "type": "Feature", "properties": { "name": "Agrícola", "code_muni": 4307005.0, "name_muni": "Erechim" }, "geometry": { "type": "Polygon", "coordinates": [ [ [ -52.2984892, -27.6558396 ], [ -52.298339, -27.6560178 ], [ -52.298254, -27.6561749 ], [ -52.2982451, -27.6563005 ], [ -52.2982425, -27.6563848 ], [ -52.2982854, -27.6564989 ], [ -52.2984651, -27.6566889 ], [ -52.2986595, -27.6568659 ], [ -52.2987682, -27.6569693 ], [ -52.2989149, -27.6571002 ], [ -52.2989854, -27.6572484 ], [ -52.2990417, -27.6574919 ], [ -52.298976, -27.6576761 ], [ -52.2988127, -27.6579678 ], [ -52.2986324, -27.6582094 ], [ -52.2984742, -27.6584384 ], [ -52.2983731, -27.6586491 ], [ -52.2982954, -27.6587736 ], [ -52.2982639, -27.658858 ], [ -52.2982619, -27.6589934 ], [ -52.298229, -27.6592904 ], [ -52.2982062, -27.6593961 ], [ -52.2980534, -27.660009 ], [ -52.2980104, -27.6607752 ], [ -52.2980352, -27.6611535 ], [ -52.2980909, -27.6612622 ], [ -52.2981566, -27.6613239 ], [ -52.2983564, -27.661451 ], [ -52.2984973, -27.6615413 ], [ -52.2985925, -27.6616541 ], [ -52.2986555, -27.6617646 ], [ -52.2988433, -27.6621839 ], [ -52.2992161, -27.663013 ], [ -52.2994407, -27.663555 ], [ -52.2995542, -27.6638032 ], [ -52.3025586, -27.6643011 ], [ -52.3031318, -27.6643793 ], [ -52.3045444, -27.664429899999988 ], [ -52.311324, -27.6644927 ], [ -52.3118989, -27.6645512 ], [ -52.3124193, -27.6646272 ], [ -52.3138019, -27.6648707 ], [ -52.3142391, -27.6649289 ], [ -52.3154743, -27.665008499999985 ], [ -52.3190794, -27.6651234 ], [ -52.320258, -27.6651237 ], [ -52.3214531, -27.6650817 ], [ -52.321558916278505, -27.66506466817712 ], [ -52.321594975, -27.660935176 ], [ -52.321623781886231, -27.660935231069086 ], [ -52.3216728, -27.6570966 ], [ -52.3217969, -27.6540156 ], [ -52.3217923, -27.6516891 ], [ -52.3114332, -27.6514169 ], [ -52.3101863, -27.6513683 ], [ -52.3102145, -27.6474683 ], [ -52.3091617, -27.6474089 ], [ -52.3079414, -27.6473959 ], [ -52.3079365, -27.6485719 ], [ -52.3079304, -27.6500618 ], [ -52.3079244, -27.6514929 ], [ -52.3076195, -27.6514871 ], [ -52.3075524, -27.6535969 ], [ -52.3076013, -27.6545712 ], [ -52.2986984, -27.6554927 ], [ -52.2984892, -27.6558396 ] ] ] } },
{ "type": "Feature", "properties": { "name": "Fátima", "code_muni": 4307005.0, "name_muni": "Erechim" }, "geometry": { "type": "Polygon", "coordinates": [ [ [ -52.2657324, -27.6431594 ], [ -52.2653405, -27.6440059 ], [ -52.2650956, -27.6445507 ], [ -52.2647623, -27.6452442 ], [ -52.2639834, -27.646973 ], [ -52.2636366, -27.6476427 ], [ -52.2634969, -27.6479446 ], [ -52.2632875, -27.6483589 ], [ -52.2631484, -27.6486784 ], [ -52.2629379, -27.6490843 ], [ -52.2628574, -27.6516582 ], [ -52.2626039, -27.6515905 ], [ -52.2624645, -27.6515893 ], [ -52.2623558, -27.6516166 ], [ -52.2622579, -27.6516712 ], [ -52.261828, -27.6520495 ], [ -52.2616518, -27.6522046 ], [ -52.2615835, -27.6522396 ], [ -52.2614868, -27.652289 ], [ -52.2613299, -27.6523103 ], [ -52.2611529, -27.6522949 ], [ -52.2606506, -27.6521673 ], [ -52.2603909, -27.6521227 ], [ -52.2599484, -27.6520466 ], [ -52.2593129, -27.651891 ], [ -52.2592277, -27.6518916 ], [ -52.2591224, -27.6519148 ], [ -52.2590359, -27.6519557 ], [ -52.2589665, -27.6519931 ], [ -52.2588599, -27.6521539 ], [ -52.2603097, -27.6530675 ], [ -52.2607104, -27.6533177 ], [ -52.2610393, -27.6535246 ], [ -52.2617082, -27.6539468 ], [ -52.261853, -27.6540301 ], [ -52.2620819, -27.6541596 ], [ -52.2623567, -27.6543152 ], [ -52.2630129, -27.6546018 ], [ -52.2635736, -27.6547792 ], [ -52.264402, -27.6549527 ], [ -52.266455, -27.6551612 ], [ -52.2667123, -27.6551893 ], [ -52.2672753, -27.6552507 ], [ -52.2673043, -27.6551752 ], [ -52.2673154, -27.6550817 ], [ -52.2673599, -27.6549882 ], [ -52.267421, -27.6548996 ], [ -52.2675044, -27.6548356 ], [ -52.2676766, -27.654875 ], [ -52.2679211, -27.6548011 ], [ -52.2681323, -27.654786399999988 ], [ -52.2683434, -27.6547125 ], [ -52.2685379, -27.6545796 ], [ -52.2687769, -27.6541071 ], [ -52.2688102, -27.6540185 ], [ -52.2687935, -27.6539102 ], [ -52.2691881, -27.6533294 ], [ -52.2693826, -27.6531276 ], [ -52.2695715, -27.6529997 ], [ -52.2696048, -27.6529061 ], [ -52.2695715, -27.6525419 ], [ -52.2695159, -27.6522466 ], [ -52.2695215, -27.6521481 ], [ -52.2695715, -27.6519463 ], [ -52.2696382, -27.6518528 ], [ -52.2706273, -27.6518282 ], [ -52.270744, -27.6518184 ], [ -52.2716229, -27.651683099999989 ], [ -52.2719098, -27.6508864 ], [ -52.2722416, -27.6501346 ], [ -52.2725561, -27.6494643 ], [ -52.272635, -27.6492829 ], [ -52.2734675, -27.6474542 ], [ -52.273498, -27.6473891 ], [ -52.2742738, -27.6457335 ], [ -52.2738652, -27.6455829 ], [ -52.2727169, -27.6451477 ], [ -52.2724944, -27.6450707 ], [ -52.2724033, -27.645037 ], [ -52.272344, -27.645015 ], [ -52.2715713, -27.6447261 ], [ -52.2714916, -27.644696899999989 ], [ -52.2696414, -27.6440477 ], [ -52.2694872, -27.6439916 ], [ -52.2684584, -27.6435677 ], [ -52.2675354, -27.6432287 ], [ -52.267395, -27.6431765 ], [ -52.2663994, -27.6427984 ], [ -52.2663096, -27.6427645 ], [ -52.2660146, -27.6426531 ], [ -52.2659763, -27.6426395 ], [ -52.2657324, -27.6431594 ] ] ] } },
{ "type": "Feature", "properties": { "name": "São Cristóvão", "code_muni": 4307005.0, "name_muni": "Erechim" }, "geometry": { "type": "Polygon", "coordinates": [ [ [ -52.2719098, -27.6508864 ], [ -52.2716229, -27.651683099999989 ], [ -52.270744, -27.6518184 ], [ -52.2706273, -27.6518282 ], [ -52.2696382, -27.6518528 ], [ -52.2695715, -27.6519463 ], [ -52.2695215, -27.6521481 ], [ -52.2695159, -27.6522466 ], [ -52.2695715, -27.6525419 ], [ -52.2696048, -27.6529061 ], [ -52.2695715, -27.6529997 ], [ -52.2693826, -27.6531276 ], [ -52.2691881, -27.6533294 ], [ -52.2687935, -27.6539102 ], [ -52.2688102, -27.6540185 ], [ -52.2687769, -27.6541071 ], [ -52.2685379, -27.6545796 ], [ -52.2683434, -27.6547125 ], [ -52.2681323, -27.654786399999988 ], [ -52.2679211, -27.6548011 ], [ -52.2676766, -27.654875 ], [ -52.2675044, -27.6548356 ], [ -52.267421, -27.6548996 ], [ -52.2673599, -27.6549882 ], [ -52.2673154, -27.6550817 ], [ -52.2673043, -27.6551752 ], [ -52.2672753, -27.6552507 ], [ -52.2682579, -27.6553579 ], [ -52.2685878, -27.6553939 ], [ -52.2688192, -27.6554176 ], [ -52.2700194, -27.6555512 ], [ -52.2706059, -27.6556187 ], [ -52.2729613, -27.6558675 ], [ -52.2751803, -27.6561321 ], [ -52.2767754, -27.656588 ], [ -52.2764294, -27.6557363 ], [ -52.276188, -27.6555153 ], [ -52.2764066, -27.6549796 ], [ -52.2765967, -27.6541486 ], [ -52.276434, -27.6534087 ], [ -52.2760311, -27.653212 ], [ -52.2759335, -27.6532142 ], [ -52.2751693, -27.6530573 ], [ -52.2747109, -27.652955 ], [ -52.2746194, -27.6529346 ], [ -52.2747838, -27.6524813 ], [ -52.2749239, -27.6521837 ], [ -52.2750555, -27.6519031 ], [ -52.2754075, -27.6513172 ], [ -52.2755523, -27.6509977 ], [ -52.2756556, -27.6507898 ], [ -52.2757468, -27.6506021 ], [ -52.2757843, -27.6505261 ], [ -52.2758695, -27.6501865 ], [ -52.2759157, -27.6499986 ], [ -52.2761625, -27.6494023 ], [ -52.2764589, -27.6487726 ], [ -52.2767159, -27.6481771 ], [ -52.2768615, -27.6478546 ], [ -52.2772951, -27.6470591 ], [ -52.2773542, -27.6469085 ], [ -52.2769797, -27.6467595 ], [ -52.2759265, -27.6463656 ], [ -52.275857, -27.6463169 ], [ -52.2751084, -27.6460373 ], [ -52.2749763, -27.6459891 ], [ -52.2743691, -27.6457684 ], [ -52.2742738, -27.6457335 ], [ -52.273498, -27.6473891 ], [ -52.2734675, -27.6474542 ], [ -52.272635, -27.6492829 ], [ -52.2725561, -27.6494643 ], [ -52.2722416, -27.6501346 ], [ -52.2719098, -27.6508864 ] ] ] } },
{ "type": "Feature", "properties": { "name": "Copas Verdes", "code_muni": 4307005.0, "name_muni": "Erechim" }, "geometry": { "type": "Polygon", "coordinates": [ [ [ -52.236644, -27.6235931 ], [ -52.2364951, -27.6238808 ], [ -52.2363667, -27.6241268 ], [ -52.2362526, -27.6243978 ], [ -52.2360878, -27.6249213 ], [ -52.2360194, -27.625189 ], [ -52.2359945, -27.6253237 ], [ -52.2359445, -27.6256543 ], [ -52.2359144, -27.6262233 ], [ -52.2361692, -27.6294607 ], [ -52.2362717, -27.6319689 ], [ -52.23632760000001, -27.6321373 ], [ -52.2365155, -27.6321605 ], [ -52.2373826, -27.6320237 ], [ -52.2374381, -27.6320149 ], [ -52.2380275, -27.6320908 ], [ -52.2382998, -27.6321935 ], [ -52.2391481, -27.6327166 ], [ -52.239416, -27.6328148 ], [ -52.2397196, -27.6328639 ], [ -52.2402133, -27.632816 ], [ -52.2411743, -27.6324834 ], [ -52.2416838, -27.6324337 ], [ -52.2420972, -27.6325298 ], [ -52.2424361, -27.6326896 ], [ -52.2429379, -27.633007 ], [ -52.24334, -27.6331942 ], [ -52.2437842, -27.6332451 ], [ -52.24434140000001, -27.6331402 ], [ -52.2449815, -27.6327741 ], [ -52.2452653, -27.6323895 ], [ -52.2453758, -27.6321487 ], [ -52.2454094, -27.6318501 ], [ -52.2453568, -27.6309907 ], [ -52.2453952, -27.6306551 ], [ -52.24557810000001, -27.6302537 ], [ -52.246443, -27.6295462 ], [ -52.2467318, -27.6292371 ], [ -52.2473253, -27.6284209 ], [ -52.2475263, -27.6281444 ], [ -52.2475757, -27.6280764 ], [ -52.2476463, -27.6279794 ], [ -52.247672, -27.6279457 ], [ -52.2475634, -27.627886 ], [ -52.2467297, -27.6274056 ], [ -52.2466476, -27.6273605 ], [ -52.2459577, -27.6269684 ], [ -52.2455264, -27.6267095 ], [ -52.2446316, -27.6261737 ], [ -52.2439982, -27.6257772 ], [ -52.2432116, -27.6253043 ], [ -52.2424283, -27.6248262 ], [ -52.2410376, -27.6240127 ], [ -52.2404588, -27.6236472 ], [ -52.2401608, -27.6234695 ], [ -52.2400538, -27.6234049 ], [ -52.2396714, -27.6231741 ], [ -52.2382874, -27.6223389 ], [ -52.2380248, -27.6221804 ], [ -52.2377386, -27.6220071 ], [ -52.2375648, -27.6218994 ], [ -52.2370669, -27.6228585 ], [ -52.236644, -27.6235931 ] ] ] } },
{ "type": "Feature", "properties": { "name": "Cristo Rei", "code_muni": 4307005.0, "name_muni": "Erechim" }, "geometry": { "type": "Polygon", "coordinates": [ [ [ -52.2631108, -27.6607352 ], [ -52.2629453, -27.6609201 ], [ -52.2626375, -27.6612491 ], [ -52.2626042, -27.6612833 ], [ -52.262555, -27.6612841 ], [ -52.2624651, -27.6612752 ], [ -52.2619056, -27.6611821 ], [ -52.2610051, -27.6610367 ], [ -52.2604378, -27.660975 ], [ -52.2599163, -27.660898 ], [ -52.2594216, -27.660821 ], [ -52.259276, -27.660806 ], [ -52.2592257, -27.6608084 ], [ -52.2591664, -27.660819 ], [ -52.2588011, -27.6608086 ], [ -52.2587885, -27.6608257 ], [ -52.258612, -27.6609672 ], [ -52.2583433, -27.6610034 ], [ -52.256404, -27.6607701 ], [ -52.2563041, -27.6607767 ], [ -52.2562258, -27.660815 ], [ -52.2555977, -27.6614447 ], [ -52.2552775, -27.6614881 ], [ -52.255232, -27.6641597 ], [ -52.2551224, -27.6687021 ], [ -52.2551034, -27.6694871 ], [ -52.2581977, -27.669463 ], [ -52.2577599, -27.6688034 ], [ -52.2625361, -27.6662763 ], [ -52.2630561, -27.6660007 ], [ -52.2636124, -27.6657122 ], [ -52.2641825, -27.6653952 ], [ -52.2654851, -27.6646198 ], [ -52.2655519, -27.6644534 ], [ -52.26469, -27.6646587 ], [ -52.2645257, -27.6646569 ], [ -52.2641642, -27.6646143 ], [ -52.263599, -27.6645476 ], [ -52.263035, -27.6645106 ], [ -52.2631196, -27.6635411 ], [ -52.2631453, -27.663123 ], [ -52.2631489, -27.6630616 ], [ -52.2631614, -27.6628762 ], [ -52.263171, -27.6625768 ], [ -52.2631755, -27.6622864 ], [ -52.2631834, -27.662035599999985 ], [ -52.2631879, -27.6619306 ], [ -52.2632017, -27.661580699999988 ], [ -52.2631992, -27.6614521 ], [ -52.2632005, -27.6613651 ], [ -52.2632071, -27.6612644 ], [ -52.2632135, -27.6611749 ], [ -52.2632175, -27.6610947 ], [ -52.2632195, -27.6610127 ], [ -52.2632192, -27.6609351 ], [ -52.2632232, -27.6608073 ], [ -52.263223, -27.6607038 ], [ -52.2632295, -27.6606165 ], [ -52.2631108, -27.6607352 ] ] ] } },
{ "type": "Feature", "properties": { "name": "Frinape", "code_muni": 4307005.0, "name_muni": "Erechim" }, "geometry": { "type": "Polygon", "coordinates": [ [ [ -52.2863072, -27.662361799999989 ], [ -52.286713, -27.6628182 ], [ -52.2872803, -27.6635036 ], [ -52.2884387, -27.6644888 ], [ -52.2887444, -27.6647621 ], [ -52.286631, -27.6646982 ], [ -52.2866581, -27.664709899999988 ], [ -52.2868808, -27.6648403 ], [ -52.287788, -27.6651807 ], [ -52.2880782, -27.665404 ], [ -52.2882736, -27.6656439 ], [ -52.2884072, -27.6659548 ], [ -52.288463, -27.6663106 ], [ -52.2883792, -27.6666664 ], [ -52.2881769, -27.6669803 ], [ -52.2879049, -27.6672663 ], [ -52.2870886, -27.6676221 ], [ -52.2864623, -27.6676949 ], [ -52.2859042, -27.6676251 ], [ -52.2847965, -27.6672973 ], [ -52.2841796, -27.6671738 ], [ -52.2838182, -27.6671577 ], [ -52.2834136, -27.6672414 ], [ -52.2830159, -27.6674886 ], [ -52.2827718, -27.6678462 ], [ -52.2826758, -27.6682735 ], [ -52.2827718, -27.6686746 ], [ -52.2829281, -27.6689604 ], [ -52.28357, -27.6693232 ], [ -52.2852094, -27.6699859 ], [ -52.2855792, -27.6702859 ], [ -52.2858373, -27.6706696 ], [ -52.2866399, -27.672056 ], [ -52.2909481, -27.6721541 ], [ -52.2911371, -27.6704101 ], [ -52.2911776, -27.6699423 ], [ -52.2911842, -27.6697817 ], [ -52.3112941, -27.669733099999988 ], [ -52.3113347, -27.6685916 ], [ -52.3113283, -27.6676204 ], [ -52.3113231, -27.6656858 ], [ -52.311324, -27.6644927 ], [ -52.3045444, -27.664429899999988 ], [ -52.3031318, -27.6643793 ], [ -52.3025586, -27.6643011 ], [ -52.2995542, -27.6638032 ], [ -52.2994407, -27.663555 ], [ -52.2992161, -27.663013 ], [ -52.2922887, -27.6608846 ], [ -52.291673, -27.660758 ], [ -52.2902026, -27.6582563 ], [ -52.2896511, -27.6583163 ], [ -52.2893001, -27.6584003 ], [ -52.2890586, -27.6585136 ], [ -52.2888767, -27.6586493 ], [ -52.2886524, -27.658944 ], [ -52.2885833, -27.6592733 ], [ -52.2886163, -27.6595772 ], [ -52.2887621, -27.6599459 ], [ -52.2894245, -27.660760899999989 ], [ -52.2895236, -27.6609735 ], [ -52.2895946, -27.6612365 ], [ -52.2895378, -27.661541199999988 ], [ -52.2893785, -27.661894 ], [ -52.2890788, -27.662183 ], [ -52.288736, -27.6623512 ], [ -52.2883291, -27.6624389 ], [ -52.287886, -27.6623983 ], [ -52.2868793, -27.6621932 ], [ -52.2864697, -27.6621958 ], [ -52.2863469, -27.6622205 ], [ -52.2861889, -27.6622522 ], [ -52.2863072, -27.662361799999989 ] ] ] } },
{ "type": "Feature", "properties": { "name": "Presidente Castelo Branco", "code_muni": 4307005.0, "name_muni": "Erechim" }, "geometry": { "type": "Polygon", "coordinates": [ [ [ -52.2617082, -27.6539468 ], [ -52.2610393, -27.6535246 ], [ -52.2607104, -27.6533177 ], [ -52.2603097, -27.6530675 ], [ -52.2588599, -27.6521539 ], [ -52.2582488, -27.6517695 ], [ -52.2577088, -27.6514299 ], [ -52.2562511, -27.650411099999989 ], [ -52.2555547, -27.6498638 ], [ -52.255554, -27.6503877 ], [ -52.2559346, -27.6508052 ], [ -52.2559364, -27.6525147 ], [ -52.2558159, -27.652576 ], [ -52.2557205, -27.6526368 ], [ -52.255645, -27.6527056 ], [ -52.2555964, -27.6528109 ], [ -52.2555798, -27.6529125 ], [ -52.2555372, -27.6546513 ], [ -52.2555269, -27.6554072 ], [ -52.2555228, -27.6560085 ], [ -52.2554879, -27.6565716 ], [ -52.2559982, -27.6564514 ], [ -52.2570026, -27.6561161 ], [ -52.2580311, -27.6557469 ], [ -52.2582849, -27.6556563 ], [ -52.2598077, -27.6551298 ], [ -52.2602425, -27.6549735 ], [ -52.2605708, -27.6548645 ], [ -52.2607558, -27.6548015 ], [ -52.26089360000001, -27.6547132 ], [ -52.260996, -27.6547372 ], [ -52.2612239, -27.6547871 ], [ -52.2614023, -27.65478 ], [ -52.2616073, -27.6547235 ], [ -52.2617899, -27.6545638 ], [ -52.2618403, -27.654497599999988 ], [ -52.2620819, -27.6541596 ], [ -52.261853, -27.6540301 ], [ -52.2617082, -27.6539468 ] ] ] } },
{ "type": "Feature", "properties": { "name": "Progresso", "code_muni": 4307005.0, "name_muni": "Erechim" }, "geometry": { "type": "Polygon", "coordinates": [ [ [ -52.266874, -27.6642733 ], [ -52.2679415, -27.6635392 ], [ -52.26895, -27.6631472 ], [ -52.2699934, -27.6624939 ], [ -52.2687774, -27.6609483 ], [ -52.2676089, -27.6601207 ], [ -52.2671208, -27.6599282 ], [ -52.2665843, -27.6596123 ], [ -52.2662115, -27.6591918 ], [ -52.2657971, -27.6584897 ], [ -52.2656292, -27.6579903 ], [ -52.2645397, -27.6576748 ], [ -52.2642471, -27.6576617 ], [ -52.2639587, -27.6578119 ], [ -52.2637513, -27.6578706 ], [ -52.2629109, -27.6580006 ], [ -52.26271460000001, -27.6580014 ], [ -52.2615158, -27.6583076 ], [ -52.2612328, -27.6584492 ], [ -52.2606246, -27.6590632 ], [ -52.2596947, -27.6596011 ], [ -52.2588011, -27.6608086 ], [ -52.2591664, -27.660819 ], [ -52.2592257, -27.6608084 ], [ -52.259276, -27.660806 ], [ -52.2594216, -27.660821 ], [ -52.2599163, -27.660898 ], [ -52.2604378, -27.660975 ], [ -52.2610051, -27.6610367 ], [ -52.2619056, -27.6611821 ], [ -52.2624651, -27.6612752 ], [ -52.262555, -27.6612841 ], [ -52.2626042, -27.6612833 ], [ -52.2626375, -27.6612491 ], [ -52.2629453, -27.6609201 ], [ -52.2631108, -27.6607352 ], [ -52.2632295, -27.6606165 ], [ -52.263223, -27.6607038 ], [ -52.2632232, -27.6608073 ], [ -52.2632192, -27.6609351 ], [ -52.2632195, -27.6610127 ], [ -52.2632175, -27.6610947 ], [ -52.2632135, -27.6611749 ], [ -52.2632071, -27.6612644 ], [ -52.2632005, -27.6613651 ], [ -52.2631992, -27.6614521 ], [ -52.2632017, -27.661580699999988 ], [ -52.2631879, -27.6619306 ], [ -52.2631834, -27.662035599999985 ], [ -52.2631755, -27.6622864 ], [ -52.263171, -27.6625768 ], [ -52.2631614, -27.6628762 ], [ -52.2631489, -27.6630616 ], [ -52.2631453, -27.663123 ], [ -52.2631196, -27.6635411 ], [ -52.263035, -27.6645106 ], [ -52.263599, -27.6645476 ], [ -52.2641642, -27.6646143 ], [ -52.2645257, -27.6646569 ], [ -52.26469, -27.6646587 ], [ -52.2655519, -27.6644534 ], [ -52.266362, -27.6642961 ], [ -52.2665088, -27.6642462 ], [ -52.266874, -27.6642733 ] ] ] } },
{ "type": "Feature", "properties": { "name": "Jabuticabal", "code_muni": 4307005.0, "name_muni": "Erechim" }, "geometry": { "type": "Polygon", "coordinates": [ [ [ -52.301563, -27.6333741 ], [ -52.300154, -27.6333708 ], [ -52.3005813, -27.633593 ], [ -52.3006712, -27.6336999 ], [ -52.300682, -27.6338235 ], [ -52.3005162, -27.6340159 ], [ -52.3002702, -27.6341573 ], [ -52.2997525, -27.6343082 ], [ -52.2990404, -27.6344841 ], [ -52.2987102, -27.6345851 ], [ -52.2984566, -27.6349888 ], [ -52.2983966, -27.6352492 ], [ -52.2984262, -27.6354048 ], [ -52.2985335, -27.6355902 ], [ -52.2988117, -27.6359218 ], [ -52.2989405, -27.6361142 ], [ -52.2991113, -27.6362539 ], [ -52.2992577, -27.6363235 ], [ -52.2994121, -27.6363537 ], [ -52.2997455, -27.6364121 ], [ -52.3000158, -27.6365203 ], [ -52.300263, -27.6366769 ], [ -52.3004297, -27.636729 ], [ -52.300601, -27.6367316 ], [ -52.3010785, -27.6366528 ], [ -52.3012024, -27.6366489 ], [ -52.3012818, -27.6366749 ], [ -52.3013857, -27.6368855 ], [ -52.3016957, -27.63705 ], [ -52.3019211, -27.6370171 ], [ -52.302208, -27.6368742 ], [ -52.302354, -27.6367988 ], [ -52.3025264, -27.6368021 ], [ -52.3027143, -27.636863 ], [ -52.3027062, -27.6371578 ], [ -52.3028144, -27.637371 ], [ -52.3028573, -27.6375936 ], [ -52.3028768, -27.637988199999988 ], [ -52.3028933, -27.6382213 ], [ -52.3028864, -27.6383714 ], [ -52.3028609, -27.6386712 ], [ -52.3028623, -27.6391731 ], [ -52.302981, -27.6403662 ], [ -52.3032052, -27.6403913 ], [ -52.3034419, -27.6404049 ], [ -52.3039361, -27.6404223 ], [ -52.3040837, -27.6404727 ], [ -52.304218, -27.6405498 ], [ -52.3044498, -27.6407261 ], [ -52.3048601, -27.6411663 ], [ -52.3049258, -27.6412268 ], [ -52.3050038, -27.641268199999988 ], [ -52.3051063, -27.641266 ], [ -52.3052321, -27.6412359 ], [ -52.3056168, -27.6410667 ], [ -52.3058304, -27.6409772 ], [ -52.3066123, -27.6409373 ], [ -52.3064979, -27.6430674 ], [ -52.3067992, -27.6432199 ], [ -52.3073916, -27.6434996 ], [ -52.3077848, -27.6435947 ], [ -52.3081492, -27.6436215 ], [ -52.3089146, -27.6436597 ], [ -52.3095733, -27.6437293 ], [ -52.3103391, -27.6438925 ], [ -52.3111164, -27.6440671 ], [ -52.3115099, -27.6441755 ], [ -52.3115252, -27.6424679 ], [ -52.3116709, -27.6406467 ], [ -52.3116227, -27.6388622 ], [ -52.311632, -27.6372975 ], [ -52.3114805, -27.6372939 ], [ -52.3116797, -27.6353191 ], [ -52.3119646, -27.635222599999988 ], [ -52.3138623, -27.6345698 ], [ -52.3141539, -27.6345062 ], [ -52.3144091, -27.6344996 ], [ -52.3150871, -27.6346107 ], [ -52.3158479, -27.6347688 ], [ -52.3162244, -27.6349027 ], [ -52.3165637, -27.635096 ], [ -52.3169324, -27.635385 ], [ -52.3171063, -27.6355646 ], [ -52.3174701, -27.635956 ], [ -52.3182873, -27.6368411 ], [ -52.3184884, -27.6369868 ], [ -52.3187901, -27.6371318 ], [ -52.3191183, -27.637245 ], [ -52.3193996, -27.6372907 ], [ -52.319903, -27.6373047 ], [ -52.3203596, -27.6372903 ], [ -52.3207395, -27.6372661 ], [ -52.3208957, -27.6372561 ], [ -52.3210623, -27.6372588 ], [ -52.3215566, -27.6372862 ], [ -52.3218432, -27.6373151 ], [ -52.3220042, -27.6332461 ], [ -52.3220444, -27.624955 ], [ -52.3127693, -27.6242848 ], [ -52.3017776, -27.6243133 ], [ -52.301563, -27.6333741 ] ] ] } },
{ "type": "Feature", "properties": { "name": "Vale dos Parreirais", "code_muni": 4307005.0, "name_muni": "Erechim" }, "geometry": { "type": "Polygon", "coordinates": [ [ [ -52.3218432, -27.6373151 ], [ -52.3218108, -27.6425698 ], [ -52.3345542, -27.6427626 ], [ -52.3347795, -27.6334956 ], [ -52.3220042, -27.6332461 ], [ -52.3218432, -27.6373151 ] ] ] } },
{ "type": "Feature", "properties": { "name": "Cotrel", "code_muni": 4307005.0, "name_muni": "Erechim" }, "geometry": { "type": "Polygon", "coordinates": [ [ [ -52.3218108, -27.6425698 ], [ -52.3165812, -27.6424357 ], [ -52.3115252, -27.6424679 ], [ -52.3115099, -27.6441755 ], [ -52.3111164, -27.6440671 ], [ -52.3110017, -27.647372 ], [ -52.3114382, -27.6473863 ], [ -52.3114332, -27.6514169 ], [ -52.3217923, -27.6516891 ], [ -52.3218108, -27.6425698 ] ] ] } },
{ "type": "Feature", "properties": { "name": "Victória II", "code_muni": 4307005.0, "name_muni": "Erechim" }, "geometry": { "type": "Polygon", "coordinates": [ [ [ -52.2851913, -27.6554128 ], [ -52.2846755, -27.6550428 ], [ -52.2843862, -27.6548204 ], [ -52.2833775, -27.6557949 ], [ -52.2831921, -27.6562081 ], [ -52.2831272, -27.6563681 ], [ -52.2828638, -27.656885 ], [ -52.2825731, -27.6575009 ], [ -52.2820914, -27.6584806 ], [ -52.2820394, -27.6586487 ], [ -52.282337, -27.6588045 ], [ -52.2827157, -27.659042 ], [ -52.2831178, -27.6593011 ], [ -52.2833808, -27.6595452 ], [ -52.2836382, -27.6597746 ], [ -52.2855401, -27.661589 ], [ -52.2861042, -27.6621589 ], [ -52.2861889, -27.6622522 ], [ -52.2863469, -27.6622205 ], [ -52.2864697, -27.6621958 ], [ -52.2868793, -27.6621932 ], [ -52.287886, -27.6623983 ], [ -52.2883291, -27.6624389 ], [ -52.288736, -27.6623512 ], [ -52.2890788, -27.662183 ], [ -52.2893785, -27.661894 ], [ -52.2895378, -27.661541199999988 ], [ -52.2895946, -27.6612365 ], [ -52.2895236, -27.6609735 ], [ -52.2894245, -27.660760899999989 ], [ -52.2887621, -27.6599459 ], [ -52.2886163, -27.6595772 ], [ -52.2885833, -27.6592733 ], [ -52.2886524, -27.658944 ], [ -52.2888767, -27.6586493 ], [ -52.2890586, -27.6585136 ], [ -52.2889118, -27.6583949 ], [ -52.2888028, -27.6583096 ], [ -52.2875319, -27.6572384 ], [ -52.2871202, -27.656901 ], [ -52.2867009, -27.6565369 ], [ -52.2859982, -27.655975 ], [ -52.2851913, -27.6554128 ] ] ] } },
{ "type": "Feature", "properties": { "name": "Verdureiros", "code_muni": 4307005.0, "name_muni": "Erechim" }, "geometry": { "type": "Polygon", "coordinates": [ [ [ -52.3214531, -27.6650817 ], [ -52.320258, -27.6651237 ], [ -52.3190794, -27.6651234 ], [ -52.3154743, -27.665008499999985 ], [ -52.3142391, -27.6649289 ], [ -52.3138019, -27.6648707 ], [ -52.3124193, -27.6646272 ], [ -52.3118989, -27.6645512 ], [ -52.311324, -27.6644927 ], [ -52.3113231, -27.6656858 ], [ -52.3113283, -27.6676204 ], [ -52.3113347, -27.6685916 ], [ -52.3112941, -27.669733099999988 ], [ -52.3111559, -27.674065 ], [ -52.3112048, -27.6741328 ], [ -52.3111854, -27.6750858 ], [ -52.311173, -27.675699 ], [ -52.3111649, -27.6760936 ], [ -52.3111569, -27.6764876 ], [ -52.3111455, -27.6770521 ], [ -52.3111406, -27.6772944 ], [ -52.3111384, -27.6774005 ], [ -52.3111325, -27.6776921 ], [ -52.3111285, -27.6778898 ], [ -52.311122, -27.6782082 ], [ -52.3111099, -27.6788048 ], [ -52.3110607, -27.6812289 ], [ -52.321415940288333, -27.681443087110573 ], [ -52.321558916278505, -27.66506466817712 ], [ -52.3214531, -27.6650817 ] ] ] } },
{ "type": "Feature", "properties": { "name": "Consoladora", "code_muni": 4307005.0, "name_muni": "Erechim" }, "geometry": { "type": "Polygon", "coordinates": [ [ [ -52.3110607, -27.6812289 ], [ -52.3111099, -27.6788048 ], [ -52.311122, -27.6782082 ], [ -52.3111285, -27.6778898 ], [ -52.3111325, -27.6776921 ], [ -52.3111384, -27.6774005 ], [ -52.3111406, -27.6772944 ], [ -52.3111455, -27.6770521 ], [ -52.3111569, -27.6764876 ], [ -52.3111649, -27.6760936 ], [ -52.311173, -27.675699 ], [ -52.3111854, -27.6750858 ], [ -52.3112048, -27.6741328 ], [ -52.3111559, -27.674065 ], [ -52.3112941, -27.669733099999988 ], [ -52.2911842, -27.6697817 ], [ -52.2911776, -27.6699423 ], [ -52.2911371, -27.6704101 ], [ -52.2909481, -27.6721541 ], [ -52.29063450000001, -27.6750481 ], [ -52.2905713, -27.675732199999985 ], [ -52.2905193, -27.67622 ], [ -52.2907453, -27.6769125 ], [ -52.2908103, -27.6770582 ], [ -52.290969, -27.6773292 ], [ -52.2911062, -27.6776125 ], [ -52.2912553, -27.677805 ], [ -52.291503, -27.6780559 ], [ -52.2921246, -27.6786853 ], [ -52.2923335, -27.6789439 ], [ -52.2925404, -27.6792981 ], [ -52.2926504, -27.6796069 ], [ -52.2927507, -27.6800159 ], [ -52.2928059, -27.680329 ], [ -52.2929075, -27.6809462 ], [ -52.2929359, -27.6811325 ], [ -52.3110607, -27.6812289 ] ] ] } },
{ "type": "Feature", "properties": { "name": "Santo Antônio", "code_muni": 4307005.0, "name_muni": "Erechim" }, "geometry": { "type": "Polygon", "coordinates": [ [ [ -52.2866399, -27.672056 ], [ -52.2867953, -27.6723244 ], [ -52.2869128, -27.6726564 ], [ -52.2869119, -27.6729225 ], [ -52.2868726, -27.6731386 ], [ -52.2868007, -27.673274 ], [ -52.286616, -27.6735455 ], [ -52.2864541, -27.6736849 ], [ -52.2862309, -27.6738301 ], [ -52.2851928, -27.6742599 ], [ -52.2849092, -27.6744261 ], [ -52.2847213, -27.6745704 ], [ -52.284531, -27.6748489 ], [ -52.2844138, -27.6751758 ], [ -52.2843692, -27.6754103 ], [ -52.2843746, -27.6755945 ], [ -52.2844103, -27.675799 ], [ -52.2844915, -27.6760014 ], [ -52.2845659, -27.6761292 ], [ -52.2847254, -27.6763143 ], [ -52.2865475, -27.6776716 ], [ -52.2868527, -27.6779877 ], [ -52.2870599, -27.6783147 ], [ -52.2871785, -27.6789065 ], [ -52.2871265, -27.6793487 ], [ -52.2869132, -27.6799002 ], [ -52.2862513, -27.6810712 ], [ -52.2900776, -27.6811316 ], [ -52.2929359, -27.6811325 ], [ -52.2929075, -27.6809462 ], [ -52.2928059, -27.680329 ], [ -52.2927507, -27.6800159 ], [ -52.2926504, -27.6796069 ], [ -52.2925404, -27.6792981 ], [ -52.2923335, -27.6789439 ], [ -52.2921246, -27.6786853 ], [ -52.291503, -27.6780559 ], [ -52.2912553, -27.677805 ], [ -52.2911062, -27.6776125 ], [ -52.290969, -27.6773292 ], [ -52.2908103, -27.6770582 ], [ -52.2907453, -27.6769125 ], [ -52.2905193, -27.67622 ], [ -52.2905713, -27.675732199999985 ], [ -52.29063450000001, -27.6750481 ], [ -52.2909481, -27.6721541 ], [ -52.2866399, -27.672056 ] ] ] } },
{ "type": "Feature", "properties": { "name": "Vale Dourado", "code_muni": 4307005.0, "name_muni": "Erechim" }, "geometry": { "type": "Polygon", "coordinates": [ [ [ -52.2923536, -27.6235188 ], [ -52.2923838, -27.6140457 ], [ -52.2922611, -27.6138944 ], [ -52.2912312, -27.6133145 ], [ -52.2903943, -27.6132432 ], [ -52.2895521, -27.6131909 ], [ -52.2891498, -27.6130388 ], [ -52.2887528, -27.6129343 ], [ -52.2882593, -27.612901 ], [ -52.2876746, -27.6129153 ], [ -52.2870094, -27.6130151 ], [ -52.2863549, -27.6131767 ], [ -52.2860464, -27.6132005 ], [ -52.2858292, -27.6132005 ], [ -52.2853518, -27.6131529 ], [ -52.2820741, -27.6129818 ], [ -52.2820246, -27.6208263 ], [ -52.2817388, -27.6208328 ], [ -52.2815957, -27.6208587 ], [ -52.2813426, -27.6209903 ], [ -52.2811029, -27.6211458 ], [ -52.2803816, -27.6217491 ], [ -52.2800222, -27.6220699 ], [ -52.2799391, -27.6221531 ], [ -52.2798747, -27.6222909 ], [ -52.2798083, -27.6224891 ], [ -52.279756, -27.6226084 ], [ -52.2796187, -27.62277 ], [ -52.2795805, -27.6228626 ], [ -52.2795622, -27.6232309 ], [ -52.2795747, -27.6235857 ], [ -52.2795645, -27.6237027 ], [ -52.27949910000001, -27.6238426 ], [ -52.2793351, -27.6240155 ], [ -52.2791717, -27.6241201 ], [ -52.2790581, -27.6242236 ], [ -52.278916, -27.6244338 ], [ -52.2788821, -27.6244864 ], [ -52.2799411, -27.6248655 ], [ -52.2801948, -27.6249514 ], [ -52.2806362, -27.6251073 ], [ -52.2831316, -27.6260487 ], [ -52.2842014, -27.6264444 ], [ -52.284404, -27.6265198 ], [ -52.2853466, -27.6268984 ], [ -52.2865708, -27.6273494 ], [ -52.2872623, -27.6258553 ], [ -52.2923014, -27.6266993 ], [ -52.2923577, -27.6243014 ], [ -52.2923536, -27.6235188 ] ] ] } },
{ "type": "Feature", "properties": { "name": "Industrial Norte", "code_muni": 4307005.0, "name_muni": "Erechim" }, "geometry": { "type": "Polygon", "coordinates": [ [ [ -52.235936, -27.6018051 ], [ -52.2357864, -27.6019131 ], [ -52.2356826, -27.60617 ], [ -52.2263271, -27.6058176 ], [ -52.2260997, -27.6059465 ], [ -52.2260801, -27.6059638 ], [ -52.226062, -27.6059884 ], [ -52.2259609, -27.6064071 ], [ -52.2259294, -27.6064754 ], [ -52.225678, -27.6068937 ], [ -52.2256424, -27.6069852 ], [ -52.2256163, -27.6071397 ], [ -52.2255794, -27.608116 ], [ -52.2255258, -27.6090911 ], [ -52.2255066, -27.6109381 ], [ -52.2254878, -27.6115301 ], [ -52.2254553, -27.6128511 ], [ -52.2253751, -27.6139741 ], [ -52.2253648, -27.6140555 ], [ -52.2253427, -27.6141143 ], [ -52.2252686, -27.6142439 ], [ -52.2269118, -27.6137352 ], [ -52.228792, -27.6134049 ], [ -52.2395998, -27.6141947 ], [ -52.2521138, -27.6151208 ], [ -52.251653, -27.6100029 ], [ -52.2516954, -27.6056375 ], [ -52.2459226, -27.605564499999989 ], [ -52.245704, -27.605288 ], [ -52.245379, -27.60491 ], [ -52.24461, -27.603928 ], [ -52.244383, -27.603609 ], [ -52.24368, -27.602759 ], [ -52.2432303, -27.6021982 ], [ -52.2430235, -27.6019355 ], [ -52.235936, -27.6018051 ] ] ] } },
{ "type": "Feature", "properties": { "name": "Demoliner", "code_muni": 4307005.0, "name_muni": "Erechim" }, "geometry": { "type": "Polygon", "coordinates": [ [ [ -52.2248171, -27.6139572 ], [ -52.2245387, -27.6137837 ], [ -52.2243381, -27.613664 ], [ -52.2147835, -27.6134173 ], [ -52.2143736, -27.6235922 ], [ -52.2147847, -27.6231931 ], [ -52.21546750000001, -27.6229789 ], [ -52.2161236, -27.6229521 ], [ -52.217101, -27.6231396 ], [ -52.2179981, -27.6232333 ], [ -52.2193236, -27.623086 ], [ -52.220809, -27.6226567 ], [ -52.2226076, -27.6219591 ], [ -52.2232616, -27.6217737 ], [ -52.2238829, -27.6218173 ], [ -52.2242972, -27.6220027 ], [ -52.2247005, -27.6223842 ], [ -52.2249158, -27.6228049 ], [ -52.225003, -27.62323 ], [ -52.224894, -27.6236006 ], [ -52.2244907, -27.6241893 ], [ -52.2243272, -27.6245272 ], [ -52.22424, -27.6250068 ], [ -52.2243272, -27.6254101 ], [ -52.2245561, -27.6259225 ], [ -52.2250793, -27.6262059 ], [ -52.2260604, -27.6265874 ], [ -52.226804, -27.6267291 ], [ -52.2271528, -27.6267291 ], [ -52.2276586, -27.626607 ], [ -52.228722500000011, -27.6262582 ], [ -52.2295858, -27.6258221 ], [ -52.2315567, -27.6256303 ], [ -52.2319578, -27.625639 ], [ -52.2323066, -27.6257349 ], [ -52.2326467, -27.6259268 ], [ -52.2329345, -27.6261884 ], [ -52.2331013, -27.6265818 ], [ -52.2332234, -27.6273579 ], [ -52.2333193, -27.627593399999988 ], [ -52.233485, -27.6277939 ], [ -52.2342873, -27.6285265 ], [ -52.2344094, -27.6288404 ], [ -52.2344268, -27.6291631 ], [ -52.2342928, -27.6302213 ], [ -52.2344324, -27.6306747 ], [ -52.2346504, -27.630979899999989 ], [ -52.2355223, -27.6318845 ], [ -52.2358494, -27.6320654 ], [ -52.23632760000001, -27.6321373 ], [ -52.2362717, -27.6319689 ], [ -52.2361692, -27.6294607 ], [ -52.2359144, -27.6262233 ], [ -52.2359445, -27.6256543 ], [ -52.2359945, -27.6253237 ], [ -52.2360194, -27.625189 ], [ -52.2360878, -27.6249213 ], [ -52.2362526, -27.6243978 ], [ -52.2363667, -27.6241268 ], [ -52.2364951, -27.6238808 ], [ -52.236644, -27.6235931 ], [ -52.2370669, -27.6228585 ], [ -52.2375648, -27.6218994 ], [ -52.2379476, -27.6209011 ], [ -52.2381156, -27.6204313 ], [ -52.2385083, -27.6193754 ], [ -52.2388041, -27.6185802 ], [ -52.2388477, -27.6184629 ], [ -52.2392192, -27.617453 ], [ -52.2394901, -27.6166887 ], [ -52.2395546, -27.6164834 ], [ -52.2396787, -27.6157364 ], [ -52.2397023, -27.615422 ], [ -52.2396954, -27.6148684 ], [ -52.2395998, -27.6141947 ], [ -52.228792, -27.6134049 ], [ -52.2269118, -27.6137352 ], [ -52.2252686, -27.6142439 ], [ -52.2248171, -27.6139572 ] ] ] } },
{ "type": "Feature", "properties": { "name": "Cristal", "code_muni": 4307005.0, "name_muni": "Erechim" }, "geometry": { "type": "Polygon", "coordinates": [ [ [ -52.2521138, -27.6151208 ], [ -52.2395998, -27.6141947 ], [ -52.2396954, -27.6148684 ], [ -52.2397023, -27.615422 ], [ -52.2396787, -27.6157364 ], [ -52.2395546, -27.6164834 ], [ -52.2394901, -27.6166887 ], [ -52.2392192, -27.617453 ], [ -52.2388477, -27.6184629 ], [ -52.2388041, -27.6185802 ], [ -52.2385083, -27.6193754 ], [ -52.2381156, -27.6204313 ], [ -52.2379476, -27.6209011 ], [ -52.2375648, -27.6218994 ], [ -52.2377386, -27.6220071 ], [ -52.2380248, -27.6221804 ], [ -52.2382874, -27.6223389 ], [ -52.2396714, -27.6231741 ], [ -52.2400538, -27.6234049 ], [ -52.2401608, -27.6234695 ], [ -52.2404588, -27.6236472 ], [ -52.2410376, -27.6240127 ], [ -52.2424283, -27.6248262 ], [ -52.2432116, -27.6253043 ], [ -52.2439982, -27.6257772 ], [ -52.2446316, -27.6261737 ], [ -52.2455264, -27.6267095 ], [ -52.2455721, -27.6265664 ], [ -52.24558, -27.6264408 ], [ -52.2456729, -27.6241933 ], [ -52.2471384, -27.6210374 ], [ -52.2474058, -27.6210029 ], [ -52.2475981, -27.6209541 ], [ -52.2479217, -27.6208071 ], [ -52.2483407, -27.6204986 ], [ -52.2486549, -27.6202132 ], [ -52.2489777, -27.6200125 ], [ -52.2494095, -27.6198682 ], [ -52.2501314, -27.6197302 ], [ -52.2509171, -27.6195233 ], [ -52.2512711, -27.6194856 ], [ -52.2516038, -27.6194982 ], [ -52.2517784, -27.6195151 ], [ -52.252031, -27.619534299999987 ], [ -52.2521138, -27.6151208 ] ] ] } },
{ "type": "Feature", "properties": { "name": "Zimmer", "code_muni": 4307005.0, "name_muni": "Erechim" }, "geometry": { "type": "Polygon", "coordinates": [ [ [ -52.252031, -27.619534299999987 ], [ -52.2517784, -27.6195151 ], [ -52.2516038, -27.6194982 ], [ -52.2512711, -27.6194856 ], [ -52.2509171, -27.6195233 ], [ -52.2501314, -27.6197302 ], [ -52.2494095, -27.6198682 ], [ -52.2489777, -27.6200125 ], [ -52.2486549, -27.6202132 ], [ -52.2483407, -27.6204986 ], [ -52.2479217, -27.6208071 ], [ -52.2475981, -27.6209541 ], [ -52.2474058, -27.6210029 ], [ -52.2471384, -27.6210374 ], [ -52.2456729, -27.6241933 ], [ -52.24558, -27.6264408 ], [ -52.2455721, -27.6265664 ], [ -52.2455264, -27.6267095 ], [ -52.2459577, -27.6269684 ], [ -52.2466476, -27.6273605 ], [ -52.2467297, -27.6274056 ], [ -52.2475634, -27.627886 ], [ -52.247672, -27.6279457 ], [ -52.2481392, -27.6274124 ], [ -52.2484113, -27.627249 ], [ -52.2495373, -27.6267869 ], [ -52.2497988, -27.6265842 ], [ -52.250022, -27.626249399999988 ], [ -52.2504681, -27.6249518 ], [ -52.2508498, -27.6245306 ], [ -52.2511274, -27.6243859 ], [ -52.2514439, -27.6242292 ], [ -52.2518781, -27.6240589 ], [ -52.252031, -27.619534299999987 ] ] ] } },
{ "type": "Feature", "properties": { "name": "Amizade", "code_muni": 4307005.0, "name_muni": "Erechim" }, "geometry": { "type": "Polygon", "coordinates": [ [ [ -52.239234, -27.6550064 ], [ -52.2360843, -27.6549934 ], [ -52.2345454, -27.6549416 ], [ -52.2345829, -27.6503942 ], [ -52.23292, -27.650387 ], [ -52.2320868, -27.650366699999989 ], [ -52.2300715, -27.6503175 ], [ -52.2277744, -27.6502614 ], [ -52.2260865, -27.6502203 ], [ -52.2243629, -27.6501782 ], [ -52.22434, -27.6512703 ], [ -52.2243231, -27.6518721 ], [ -52.2243042, -27.6524563 ], [ -52.2242959, -27.6530452 ], [ -52.2242966, -27.6536301 ], [ -52.2242051, -27.6596123 ], [ -52.2241464, -27.6697275 ], [ -52.2414853, -27.6696824 ], [ -52.241877, -27.6687965 ], [ -52.2419644, -27.6685082 ], [ -52.2425723, -27.6667161 ], [ -52.2428717, -27.6660436 ], [ -52.2431222, -27.6656621 ], [ -52.2441794, -27.6646202 ], [ -52.2444444, -27.6642701 ], [ -52.2445836, -27.663991899999989 ], [ -52.244612, -27.6638446 ], [ -52.2446297, -27.6636712 ], [ -52.2445843, -27.6628274 ], [ -52.2444734, -27.6618639 ], [ -52.2443892, -27.6611805 ], [ -52.2443749, -27.6606444 ], [ -52.2443656, -27.660295300000012 ], [ -52.2444043, -27.6592524 ], [ -52.2446197, -27.6570702 ], [ -52.2446492, -27.6566569 ], [ -52.244692, -27.6553464 ], [ -52.2446695, -27.6552126 ], [ -52.2446236, -27.655096 ], [ -52.239234, -27.6550064 ] ] ] } },
{ "type": "Feature", "properties": { "name": "Rio Tigre", "code_muni": 4307005.0, "name_muni": "Erechim" }, "geometry": { "type": "Polygon", "coordinates": [ [ [ -52.2446695, -27.6552126 ], [ -52.244692, -27.6553464 ], [ -52.2446492, -27.6566569 ], [ -52.2446197, -27.6570702 ], [ -52.2444043, -27.6592524 ], [ -52.2443656, -27.660295300000012 ], [ -52.2443749, -27.6606444 ], [ -52.2443892, -27.6611805 ], [ -52.2444734, -27.6618639 ], [ -52.2445843, -27.6628274 ], [ -52.2446297, -27.6636712 ], [ -52.244612, -27.6638446 ], [ -52.2445836, -27.663991899999989 ], [ -52.2444444, -27.6642701 ], [ -52.2441794, -27.6646202 ], [ -52.2431222, -27.6656621 ], [ -52.2428717, -27.6660436 ], [ -52.2425723, -27.6667161 ], [ -52.2419644, -27.6685082 ], [ -52.241877, -27.6687965 ], [ -52.2414853, -27.6696824 ], [ -52.2551034, -27.6694871 ], [ -52.2551224, -27.6687021 ], [ -52.255232, -27.6641597 ], [ -52.2552775, -27.6614881 ], [ -52.2552788, -27.6613346 ], [ -52.2552225, -27.6611137 ], [ -52.2552842, -27.6606243 ], [ -52.2554756, -27.6605774 ], [ -52.2554634, -27.660001 ], [ -52.2554703, -27.6595152 ], [ -52.255478, -27.6588282 ], [ -52.2554854, -27.6581638 ], [ -52.2555268, -27.6574313 ], [ -52.2555089, -27.656897199999989 ], [ -52.2513454, -27.6568315 ], [ -52.2514594, -27.656525 ], [ -52.2515894, -27.656177 ], [ -52.2517155, -27.6559726 ], [ -52.252087, -27.655369 ], [ -52.2492566, -27.655276499999989 ], [ -52.2446695, -27.6552126 ] ] ] } },
{ "type": "Feature", "properties": { "name": "Maria Clara", "code_muni": 4307005.0, "name_muni": "Erechim" }, "geometry": { "type": "Polygon", "coordinates": [ [ [ -52.2139936, -27.6443937 ], [ -52.2140881, -27.644282 ], [ -52.2145193, -27.6438609 ], [ -52.2146094, -27.6437774 ], [ -52.2148351, -27.6435681 ], [ -52.2151315, -27.6433245 ], [ -52.2155352, -27.6430703 ], [ -52.215853, -27.6429467 ], [ -52.2162701, -27.6427863 ], [ -52.2169004, -27.6425689 ], [ -52.21728, -27.6424822 ], [ -52.2177105, -27.6424335 ], [ -52.2188142, -27.6424608 ], [ -52.219189, -27.642503 ], [ -52.2196517, -27.6425612 ], [ -52.2199508, -27.6426188 ], [ -52.2201412, -27.6426854 ], [ -52.2203109, -27.642765 ], [ -52.2207434, -27.6429871 ], [ -52.2211437, -27.643176 ], [ -52.2214112, -27.6432838 ], [ -52.2215024, -27.643315 ], [ -52.2217023, -27.6433792 ], [ -52.2218391, -27.643435 ], [ -52.221996, -27.6435271 ], [ -52.2221294, -27.6436429 ], [ -52.2223776, -27.6439072 ], [ -52.2227624, -27.6443005 ], [ -52.2231151, -27.6447038 ], [ -52.2235805, -27.645249 ], [ -52.2240378, -27.6457671 ], [ -52.2322512, -27.6456594 ], [ -52.2322657, -27.6449843 ], [ -52.2335216, -27.6449987 ], [ -52.234734, -27.6450367 ], [ -52.2347478, -27.6443098 ], [ -52.2347532, -27.6436815 ], [ -52.2347921, -27.643085899999988 ], [ -52.2347797, -27.6425248 ], [ -52.2347813, -27.6419522 ], [ -52.2347842, -27.6419189 ], [ -52.234795, -27.6414472 ], [ -52.2347991, -27.6413836 ], [ -52.2348368, -27.640737 ], [ -52.2348425, -27.640096499999988 ], [ -52.2348526, -27.6394074 ], [ -52.2348686, -27.6389606 ], [ -52.2348831, -27.6387286 ], [ -52.2348866, -27.6383844 ], [ -52.2348915, -27.6380891 ], [ -52.2349052, -27.6378087 ], [ -52.2349204, -27.6374231 ], [ -52.2349191, -27.6372311 ], [ -52.2349058, -27.6368685 ], [ -52.2323808, -27.6368199 ], [ -52.228163, -27.6367498 ], [ -52.2212148, -27.6364468 ], [ -52.2143269, -27.6364421 ], [ -52.2138377, -27.6432839 ], [ -52.2139245, -27.6445036 ], [ -52.2139936, -27.6443937 ] ] ] } },
{ "type": "Feature", "properties": { "name": "Novo Atlântico", "code_muni": 4307005.0, "name_muni": "Erechim" }, "geometry": { "type": "Polygon", "coordinates": [ [ [ -52.2352333, -27.6369553 ], [ -52.2369553, -27.6369701 ], [ -52.2397905, -27.6369901 ], [ -52.2396516, -27.636846 ], [ -52.2379435, -27.6351021 ], [ -52.2373131, -27.6344045 ], [ -52.2369206, -27.6339729 ], [ -52.23668, -27.6336293 ], [ -52.2365758, -27.6334409 ], [ -52.2365484, -27.6333828 ], [ -52.2364924, -27.6332639 ], [ -52.2364142, -27.6330089 ], [ -52.2363515, -27.6328122 ], [ -52.2363045, -27.6323178 ], [ -52.23632760000001, -27.6321373 ], [ -52.2358494, -27.6320654 ], [ -52.2355223, -27.6318845 ], [ -52.2346504, -27.630979899999989 ], [ -52.2344324, -27.6306747 ], [ -52.2342928, -27.6302213 ], [ -52.2344268, -27.6291631 ], [ -52.2344094, -27.6288404 ], [ -52.2342873, -27.6285265 ], [ -52.233485, -27.6277939 ], [ -52.2333193, -27.627593399999988 ], [ -52.2332234, -27.6273579 ], [ -52.2331013, -27.6265818 ], [ -52.2329345, -27.6261884 ], [ -52.2326467, -27.6259268 ], [ -52.2323066, -27.6257349 ], [ -52.2319578, -27.625639 ], [ -52.2315567, -27.6256303 ], [ -52.2295858, -27.6258221 ], [ -52.228722500000011, -27.6262582 ], [ -52.2276586, -27.626607 ], [ -52.2271528, -27.6267291 ], [ -52.226804, -27.6267291 ], [ -52.2260604, -27.6265874 ], [ -52.2250793, -27.6262059 ], [ -52.2245561, -27.6259225 ], [ -52.2243272, -27.6254101 ], [ -52.22424, -27.6250068 ], [ -52.2243272, -27.6245272 ], [ -52.2244907, -27.6241893 ], [ -52.224894, -27.6236006 ], [ -52.225003, -27.62323 ], [ -52.2249158, -27.6228049 ], [ -52.2247005, -27.6223842 ], [ -52.2242972, -27.6220027 ], [ -52.2238829, -27.6218173 ], [ -52.2232616, -27.6217737 ], [ -52.2226076, -27.6219591 ], [ -52.220809, -27.6226567 ], [ -52.2193236, -27.623086 ], [ -52.2179981, -27.6232333 ], [ -52.217101, -27.6231396 ], [ -52.2161236, -27.6229521 ], [ -52.21546750000001, -27.6229789 ], [ -52.2147847, -27.6231931 ], [ -52.2143736, -27.6235922 ], [ -52.2143269, -27.6364421 ], [ -52.2212148, -27.6364468 ], [ -52.228163, -27.6367498 ], [ -52.2323808, -27.6368199 ], [ -52.2349058, -27.6368685 ], [ -52.2352333, -27.6369553 ] ] ] } },
{ "type": "Feature", "properties": { "name": "Liberdade", "code_muni": 4307005.0, "name_muni": "Erechim" }, "geometry": { "type": "Polygon", "coordinates": [ [ [ -52.2140452, -27.6526632 ], [ -52.2141076, -27.6527356 ], [ -52.2142062, -27.6528093 ], [ -52.2143269, -27.6528746 ], [ -52.2146105, -27.6530261 ], [ -52.2149525, -27.6532316 ], [ -52.2151899, -27.6533159 ], [ -52.2153562, -27.6533599 ], [ -52.2157504, -27.6534181 ], [ -52.21581410000001, -27.6534436 ], [ -52.2158557, -27.6534947 ], [ -52.2158671, -27.6535571 ], [ -52.2158732, -27.6536723 ], [ -52.215896, -27.6541908 ], [ -52.2159027, -27.6545543 ], [ -52.2158919, -27.6546517 ], [ -52.2158544, -27.6547657 ], [ -52.215776, -27.6549541 ], [ -52.2157659, -27.6549784 ], [ -52.2156639, -27.655096 ], [ -52.2155499, -27.6551839 ], [ -52.2154319, -27.6552659 ], [ -52.2151771, -27.6554381 ], [ -52.214946500000011, -27.6555414 ], [ -52.2147681, -27.6555913 ], [ -52.2146326, -27.6556014 ], [ -52.2145066, -27.6556032 ], [ -52.2141746, -27.6556127 ], [ -52.2140667, -27.6556359 ], [ -52.21399490000001, -27.6556769 ], [ -52.2139299, -27.6557386 ], [ -52.2138803, -27.6558456 ], [ -52.2138589, -27.6559715 ], [ -52.213844, -27.6560902 ], [ -52.2138307, -27.6562768 ], [ -52.2138299, -27.6565381 ], [ -52.2138494, -27.6567192 ], [ -52.2138816, -27.656924199999988 ], [ -52.2139218, -27.657208 ], [ -52.2139158, -27.6573274 ], [ -52.2138776, -27.6575418 ], [ -52.2138561, -27.6577687 ], [ -52.2138481, -27.6583199 ], [ -52.2138521, -27.658637 ], [ -52.2138467, -27.6589875 ], [ -52.2137938, -27.6594781 ], [ -52.2242051, -27.6596123 ], [ -52.2242966, -27.6536301 ], [ -52.2242959, -27.6530452 ], [ -52.2243042, -27.6524563 ], [ -52.2243231, -27.6518721 ], [ -52.22434, -27.6512703 ], [ -52.2243629, -27.6501782 ], [ -52.2241683, -27.6479588 ], [ -52.2240378, -27.6457671 ], [ -52.2235805, -27.645249 ], [ -52.2231151, -27.6447038 ], [ -52.2227624, -27.6443005 ], [ -52.2223776, -27.6439072 ], [ -52.2221294, -27.6436429 ], [ -52.221996, -27.6435271 ], [ -52.2218391, -27.643435 ], [ -52.2217023, -27.6433792 ], [ -52.2215024, -27.643315 ], [ -52.2214112, -27.6432838 ], [ -52.2211437, -27.643176 ], [ -52.2207434, -27.6429871 ], [ -52.2203109, -27.642765 ], [ -52.2201412, -27.6426854 ], [ -52.2199508, -27.6426188 ], [ -52.2196517, -27.6425612 ], [ -52.219189, -27.642503 ], [ -52.2188142, -27.6424608 ], [ -52.2177105, -27.6424335 ], [ -52.21728, -27.6424822 ], [ -52.2169004, -27.6425689 ], [ -52.2162701, -27.6427863 ], [ -52.215853, -27.6429467 ], [ -52.2155352, -27.6430703 ], [ -52.2151315, -27.6433245 ], [ -52.2148351, -27.6435681 ], [ -52.2146094, -27.6437774 ], [ -52.2145193, -27.6438609 ], [ -52.2140881, -27.644282 ], [ -52.2139936, -27.6443937 ], [ -52.2139245, -27.6445036 ], [ -52.2138722, -27.6446468 ], [ -52.2138293, -27.6448125 ], [ -52.2137555, -27.6452681 ], [ -52.2137207, -27.6456228 ], [ -52.2136992, -27.6460076 ], [ -52.213718, -27.6465119 ], [ -52.2137448, -27.6470916 ], [ -52.2137569, -27.6473803 ], [ -52.2137891, -27.6477712 ], [ -52.2138146, -27.6478971 ], [ -52.2138695, -27.6480195 ], [ -52.2139661, -27.6482452 ], [ -52.2139916, -27.6483479 ], [ -52.214007, -27.648446 ], [ -52.21399430000001, -27.6485451 ], [ -52.213954, -27.6486729 ], [ -52.2138923, -27.6489384 ], [ -52.2138548, -27.649102899999988 ], [ -52.2138125, -27.6492811 ], [ -52.2137683, -27.6493916 ], [ -52.2136248, -27.6496559 ], [ -52.2135504, -27.6497937 ], [ -52.2135182, -27.6498864 ], [ -52.2134947, -27.6499986 ], [ -52.213486, -27.650115 ], [ -52.2134954, -27.650292 ], [ -52.2135289, -27.6505321 ], [ -52.2135893, -27.6507114 ], [ -52.2136751, -27.6508943 ], [ -52.2138065, -27.6511444 ], [ -52.2138917, -27.6513493 ], [ -52.2139621, -27.651571399999987 ], [ -52.214013, -27.6517508 ], [ -52.2140291, -27.6519112 ], [ -52.214013, -27.6525105 ], [ -52.214013, -27.6526026 ], [ -52.2140452, -27.6526632 ] ] ] } },
{ "type": "Feature", "properties": { "name": "Parque Redenção", "code_muni": 4307005.0, "name_muni": "Erechim" }, "geometry": { "type": "Polygon", "coordinates": [ [ [ -52.2240378, -27.6457671 ], [ -52.2241683, -27.6479588 ], [ -52.2267273, -27.6480591 ], [ -52.2278203, -27.6480748 ], [ -52.2301938, -27.6480667 ], [ -52.2308363, -27.6480856 ], [ -52.2315306, -27.648095 ], [ -52.2321455, -27.6481046 ], [ -52.2334485, -27.6481512 ], [ -52.233848, -27.6481586 ], [ -52.2347305, -27.6481748 ], [ -52.2350659, -27.6481838 ], [ -52.2360989, -27.6482116 ], [ -52.2363435, -27.6482108 ], [ -52.2375806, -27.6482272 ], [ -52.2379303, -27.6482413 ], [ -52.2380483, -27.6451005 ], [ -52.2376801, -27.6451017 ], [ -52.2366226, -27.6450693 ], [ -52.2361687, -27.6450649 ], [ -52.234734, -27.6450367 ], [ -52.2335216, -27.6449987 ], [ -52.2322657, -27.6449843 ], [ -52.2322512, -27.6456594 ], [ -52.2240378, -27.6457671 ] ] ] } },
{ "type": "Feature", "properties": { "name": "Estevam Carraro", "code_muni": 4307005.0, "name_muni": "Erechim" }, "geometry": { "type": "Polygon", "coordinates": [ [ [ -52.2538007, -27.6483903 ], [ -52.2526329, -27.6474188 ], [ -52.2511525, -27.646211 ], [ -52.2505736, -27.6457521 ], [ -52.2505466, -27.6482871 ], [ -52.2494039, -27.648411 ], [ -52.2493675, -27.6495947 ], [ -52.2493375, -27.6508315 ], [ -52.2493244, -27.6518435 ], [ -52.2492838, -27.6538191 ], [ -52.2492673, -27.6548015 ], [ -52.2492566, -27.655276499999989 ], [ -52.252087, -27.655369 ], [ -52.2526413, -27.6553773 ], [ -52.2526663, -27.6553775 ], [ -52.2536901, -27.655384 ], [ -52.2555269, -27.6554072 ], [ -52.2555372, -27.6546513 ], [ -52.2555798, -27.6529125 ], [ -52.2555964, -27.6528109 ], [ -52.255645, -27.6527056 ], [ -52.2557205, -27.6526368 ], [ -52.2558159, -27.652576 ], [ -52.2559364, -27.6525147 ], [ -52.2559346, -27.6508052 ], [ -52.255554, -27.6503877 ], [ -52.2555547, -27.6498638 ], [ -52.2544429, -27.6489298 ], [ -52.2538007, -27.6483903 ] ] ] } },
{ "type": "Feature", "properties": { "name": "Petit Vilage", "code_muni": 4307005.0, "name_muni": "Erechim" }, "geometry": { "type": "Polygon", "coordinates": [ [ [ -52.2554879, -27.6565716 ], [ -52.2555228, -27.6560085 ], [ -52.2555269, -27.6554072 ], [ -52.2536901, -27.655384 ], [ -52.2526663, -27.6553775 ], [ -52.2526413, -27.6553773 ], [ -52.252087, -27.655369 ], [ -52.2517155, -27.6559726 ], [ -52.2515894, -27.656177 ], [ -52.2514594, -27.656525 ], [ -52.2513454, -27.6568315 ], [ -52.2555089, -27.656897199999989 ], [ -52.2555268, -27.6574313 ], [ -52.2554854, -27.6581638 ], [ -52.255478, -27.6588282 ], [ -52.2554703, -27.6595152 ], [ -52.2554634, -27.660001 ], [ -52.2554756, -27.6605774 ], [ -52.2552842, -27.6606243 ], [ -52.2552225, -27.6611137 ], [ -52.2552788, -27.6613346 ], [ -52.2552775, -27.6614881 ], [ -52.2555977, -27.6614447 ], [ -52.2562258, -27.660815 ], [ -52.2563041, -27.6607767 ], [ -52.256404, -27.6607701 ], [ -52.2583433, -27.6610034 ], [ -52.258612, -27.6609672 ], [ -52.2587885, -27.6608257 ], [ -52.2588011, -27.6608086 ], [ -52.2596947, -27.6596011 ], [ -52.2606246, -27.6590632 ], [ -52.2612328, -27.6584492 ], [ -52.2612332, -27.65843 ], [ -52.2611622, -27.6582234 ], [ -52.2611092, -27.6580569 ], [ -52.2610293, -27.6578537 ], [ -52.2609232, -27.6575562 ], [ -52.2606611, -27.6570001 ], [ -52.2603893, -27.6563961 ], [ -52.2601036, -27.655792 ], [ -52.2598077, -27.6551298 ], [ -52.2582849, -27.6556563 ], [ -52.2580311, -27.6557469 ], [ -52.2570026, -27.6561161 ], [ -52.2559982, -27.6564514 ], [ -52.2554879, -27.6565716 ] ] ] } },
{ "type": "Feature", "properties": { "name": "São José", "code_muni": 4307005.0, "name_muni": "Erechim" }, "geometry": { "type": "Polygon", "coordinates": [ [ [ -52.2672753, -27.6552507 ], [ -52.2667123, -27.6551893 ], [ -52.266455, -27.6551612 ], [ -52.264402, -27.6549527 ], [ -52.2635736, -27.6547792 ], [ -52.2630129, -27.6546018 ], [ -52.2623567, -27.6543152 ], [ -52.2620819, -27.6541596 ], [ -52.2618403, -27.654497599999988 ], [ -52.2617899, -27.6545638 ], [ -52.2616073, -27.6547235 ], [ -52.2614023, -27.65478 ], [ -52.2612239, -27.6547871 ], [ -52.260996, -27.6547372 ], [ -52.26089360000001, -27.6547132 ], [ -52.2607558, -27.6548015 ], [ -52.2605708, -27.6548645 ], [ -52.2602425, -27.6549735 ], [ -52.2598077, -27.6551298 ], [ -52.2601036, -27.655792 ], [ -52.2603893, -27.6563961 ], [ -52.2606611, -27.6570001 ], [ -52.2609232, -27.6575562 ], [ -52.2610293, -27.6578537 ], [ -52.2611092, -27.6580569 ], [ -52.2611622, -27.6582234 ], [ -52.2612332, -27.65843 ], [ -52.2612328, -27.6584492 ], [ -52.2615158, -27.6583076 ], [ -52.26271460000001, -27.6580014 ], [ -52.2629109, -27.6580006 ], [ -52.2637513, -27.6578706 ], [ -52.2639587, -27.6578119 ], [ -52.2642471, -27.6576617 ], [ -52.2645397, -27.6576748 ], [ -52.2656292, -27.6579903 ], [ -52.2657605, -27.6577421 ], [ -52.2660841, -27.6571653 ], [ -52.2662571, -27.6569051 ], [ -52.266473, -27.6566699 ], [ -52.2667855, -27.656392 ], [ -52.2670698, -27.656158 ], [ -52.26733, -27.6560123 ], [ -52.2678691, -27.6557891 ], [ -52.2672753, -27.6552507 ] ] ] } },
{ "type": "Feature", "properties": { "name": "Victória", "code_muni": 4307005.0, "name_muni": "Erechim" }, "geometry": { "type": "Polygon", "coordinates": [ [ [ -52.2716054, -27.6612634 ], [ -52.269575, -27.6609189 ], [ -52.2699076, -27.65956 ], [ -52.2700417, -27.6594911 ], [ -52.2724047, -27.6599757 ], [ -52.2738826, -27.6589211 ], [ -52.2747766, -27.6589231 ], [ -52.2754617, -27.6589352 ], [ -52.2763929, -27.6589494 ], [ -52.2764127, -27.6588453 ], [ -52.2766819, -27.6571761 ], [ -52.2767754, -27.656588 ], [ -52.2751803, -27.6561321 ], [ -52.2729613, -27.6558675 ], [ -52.2706059, -27.6556187 ], [ -52.2700194, -27.6555512 ], [ -52.2688192, -27.6554176 ], [ -52.2685878, -27.6553939 ], [ -52.2682579, -27.6553579 ], [ -52.2672753, -27.6552507 ], [ -52.2678691, -27.6557891 ], [ -52.26733, -27.6560123 ], [ -52.2670698, -27.656158 ], [ -52.2667855, -27.656392 ], [ -52.266473, -27.6566699 ], [ -52.2662571, -27.6569051 ], [ -52.2660841, -27.6571653 ], [ -52.2657605, -27.6577421 ], [ -52.2656292, -27.6579903 ], [ -52.2657971, -27.6584897 ], [ -52.2662115, -27.6591918 ], [ -52.2665843, -27.6596123 ], [ -52.2671208, -27.6599282 ], [ -52.2676089, -27.6601207 ], [ -52.2687774, -27.6609483 ], [ -52.2699934, -27.6624939 ], [ -52.2716054, -27.6612634 ] ] ] } },
{ "type": "Feature", "properties": { "name": "Bandeirante", "code_muni": 4307005.0, "name_muni": "Erechim" }, "geometry": { "type": "Polygon", "coordinates": [ [ [ -52.3103391, -27.6438925 ], [ -52.3095733, -27.6437293 ], [ -52.3089146, -27.6436597 ], [ -52.3081492, -27.6436215 ], [ -52.3077848, -27.6435947 ], [ -52.3073916, -27.6434996 ], [ -52.3067992, -27.6432199 ], [ -52.3064979, -27.6430674 ], [ -52.3063266, -27.6485897 ], [ -52.3028465, -27.6485754 ], [ -52.3031461, -27.6487798 ], [ -52.303507, -27.6490247 ], [ -52.3037672, -27.6492012 ], [ -52.303845, -27.6492661 ], [ -52.3043355, -27.6496753 ], [ -52.3045617, -27.6499149 ], [ -52.3048096, -27.6501793 ], [ -52.3050238, -27.6505083 ], [ -52.3052348, -27.6508498 ], [ -52.3053844, -27.6510953 ], [ -52.3055487, -27.6513499 ], [ -52.305667, -27.6515879 ], [ -52.3057194, -27.6516875 ], [ -52.3058142, -27.6518679 ], [ -52.3059949, -27.6522377 ], [ -52.3063092, -27.6527819 ], [ -52.306513, -27.6531132 ], [ -52.3068028, -27.6535948 ], [ -52.3072038, -27.6540958 ], [ -52.3076013, -27.6545712 ], [ -52.3075524, -27.6535969 ], [ -52.3076195, -27.6514871 ], [ -52.3079244, -27.6514929 ], [ -52.3079304, -27.6500618 ], [ -52.3079365, -27.6485719 ], [ -52.3079414, -27.6473959 ], [ -52.3091617, -27.6474089 ], [ -52.3102145, -27.6474683 ], [ -52.3101863, -27.6513683 ], [ -52.3114332, -27.6514169 ], [ -52.3114382, -27.6473863 ], [ -52.3110017, -27.647372 ], [ -52.3111164, -27.6440671 ], [ -52.3103391, -27.6438925 ] ] ] } },
{ "type": "Feature", "properties": { "name": "Aldo Arioli", "code_muni": 4307005.0, "name_muni": "Erechim" }, "geometry": { "type": "Polygon", "coordinates": [ [ [ -52.28459, -27.6452633 ], [ -52.2845311, -27.6453283 ], [ -52.2844975, -27.645384499999988 ], [ -52.2839362, -27.6464401 ], [ -52.2838564, -27.64619 ], [ -52.2838102, -27.6460694 ], [ -52.2837706, -27.645994 ], [ -52.2837123, -27.6459245 ], [ -52.2836318, -27.6458478 ], [ -52.2835299, -27.6458027 ], [ -52.2833339, -27.6457486 ], [ -52.2832933, -27.6457357 ], [ -52.2825843, -27.6472817 ], [ -52.2814488, -27.649712 ], [ -52.2812085, -27.6502011 ], [ -52.2810025, -27.6506291 ], [ -52.2816178, -27.6508697 ], [ -52.2817844, -27.6509323 ], [ -52.2818908, -27.6509734 ], [ -52.2830145, -27.6514077 ], [ -52.2839557, -27.6517698 ], [ -52.2843097, -27.6518981 ], [ -52.2848019, -27.6522545 ], [ -52.2850379, -27.6524137 ], [ -52.2852552, -27.652542 ], [ -52.2855382, -27.652684499999989 ], [ -52.2864444, -27.6529729 ], [ -52.2872025, -27.6532429 ], [ -52.2879558, -27.6534378 ], [ -52.2886156, -27.6536369 ], [ -52.2894186, -27.6538813 ], [ -52.2896339, -27.6539497 ], [ -52.2902454, -27.6541469 ], [ -52.290326, -27.654182 ], [ -52.2904189, -27.6542193 ], [ -52.2904633, -27.6539108 ], [ -52.2905793, -27.6535772 ], [ -52.2907658, -27.6533141 ], [ -52.290684, -27.6531751 ], [ -52.2907658, -27.652506299999988 ], [ -52.2909388, -27.6512923 ], [ -52.290967, -27.6509407 ], [ -52.2909459, -27.6500179 ], [ -52.2909629, -27.6488261 ], [ -52.2909629, -27.6483177 ], [ -52.2910461, -27.6465476 ], [ -52.2910756, -27.6460926 ], [ -52.2902495, -27.6463385 ], [ -52.2894492, -27.6466068 ], [ -52.2886372, -27.6468784 ], [ -52.2886946, -27.6455253 ], [ -52.2878382, -27.6456685 ], [ -52.2873953, -27.6457602 ], [ -52.2863817, -27.6456518 ], [ -52.2854698, -27.6458371 ], [ -52.2851157, -27.6457065 ], [ -52.2848368, -27.6453097 ], [ -52.2846878, -27.645158 ], [ -52.28459, -27.6452633 ] ] ] } },
{ "type": "Feature", "properties": { "name": "Parque dos Imigrantes", "code_muni": 4307005.0, "name_muni": "Erechim" }, "geometry": { "type": "Polygon", "coordinates": [ [ [ -52.2831223, -27.6456819 ], [ -52.283033, -27.6456526 ], [ -52.2829096, -27.6455713 ], [ -52.2827904, -27.6454682 ], [ -52.2827021, -27.6453859 ], [ -52.2826461, -27.645337 ], [ -52.2824929, -27.6451957 ], [ -52.2824046, -27.6451228 ], [ -52.2823277, -27.6450685 ], [ -52.2822486, -27.6450203 ], [ -52.2821116, -27.6449507 ], [ -52.2819459, -27.6448767 ], [ -52.2818638, -27.6448454 ], [ -52.2817192, -27.6448078 ], [ -52.2815324, -27.6447668 ], [ -52.2814245, -27.6447451 ], [ -52.281349, -27.6447358 ], [ -52.2812621, -27.6447294 ], [ -52.2810864, -27.6447177 ], [ -52.2810551, -27.644716 ], [ -52.2806399, -27.6446858 ], [ -52.2803415, -27.6446662 ], [ -52.2802629, -27.6446616 ], [ -52.2801105, -27.6446514 ], [ -52.2799636, -27.6446506 ], [ -52.2797434, -27.6446592 ], [ -52.2794282, -27.6446756 ], [ -52.2793342, -27.6446809 ], [ -52.2792256, -27.6446884 ], [ -52.2787631, -27.6447236 ], [ -52.2783436, -27.6447585 ], [ -52.2782983, -27.644851 ], [ -52.2775195, -27.6465169 ], [ -52.2773542, -27.6469085 ], [ -52.2772951, -27.6470591 ], [ -52.2768615, -27.6478546 ], [ -52.2768244, -27.648171 ], [ -52.2767989, -27.648367 ], [ -52.2767298, -27.6488297 ], [ -52.2767553, -27.6489693 ], [ -52.2767801, -27.6490275 ], [ -52.2768424, -27.6490857 ], [ -52.2771015, -27.6491812 ], [ -52.2775331, -27.6493048 ], [ -52.2779519, -27.6494582 ], [ -52.2787166, -27.6497484 ], [ -52.279428, -27.6500283 ], [ -52.2802904, -27.650355 ], [ -52.2810025, -27.6506291 ], [ -52.2812085, -27.6502011 ], [ -52.2814488, -27.649712 ], [ -52.2825843, -27.6472817 ], [ -52.2832933, -27.6457357 ], [ -52.2831223, -27.6456819 ] ] ] } },
{ "type": "Feature", "properties": { "name": "Morada do Sol", "code_muni": 4307005.0, "name_muni": "Erechim" }, "geometry": { "type": "Polygon", "coordinates": [ [ [ -52.2471705, -27.6392555 ], [ -52.246783, -27.6387052 ], [ -52.246869, -27.6368685 ], [ -52.2468858, -27.6362221 ], [ -52.2468937, -27.6360912 ], [ -52.2466096, -27.6360579 ], [ -52.2464832, -27.6360434 ], [ -52.2463846, -27.6359924 ], [ -52.2463099, -27.6359286 ], [ -52.2461505, -27.6357574 ], [ -52.2455666, -27.6351318 ], [ -52.2454164, -27.6348264 ], [ -52.2451724, -27.6343195 ], [ -52.2451114, -27.6345498 ], [ -52.2450993, -27.6347891 ], [ -52.2450838, -27.6358353 ], [ -52.2450398, -27.6368605 ], [ -52.2447013, -27.6368645 ], [ -52.2443552, -27.636875 ], [ -52.2439425, -27.6368815 ], [ -52.2437624, -27.636883 ], [ -52.24312, -27.6369096 ], [ -52.2429052, -27.6369183 ], [ -52.2422924, -27.6369444 ], [ -52.2421573, -27.6369397 ], [ -52.2413023, -27.6369566 ], [ -52.241118, -27.6369597 ], [ -52.2403012, -27.6369967 ], [ -52.2400095, -27.636989 ], [ -52.2397905, -27.6369901 ], [ -52.2410484, -27.6382557 ], [ -52.2423921, -27.6396386 ], [ -52.2433213, -27.6405828 ], [ -52.2439519, -27.6412281 ], [ -52.2449076, -27.6422328 ], [ -52.2465552, -27.6432635 ], [ -52.2475702, -27.64262 ], [ -52.2476801, -27.6424014 ], [ -52.2476426, -27.6421187 ], [ -52.2474548, -27.6417813 ], [ -52.246972, -27.641413 ], [ -52.2468084, -27.6411421 ], [ -52.2467762, -27.6408807 ], [ -52.2468287, -27.6405684 ], [ -52.2468597, -27.640504199999988 ], [ -52.2471598, -27.6398828 ], [ -52.2471705, -27.6392555 ] ] ] } }
]
}
