{
"type": "FeatureCollection",
"name": "bairros_canela",
"crs": { "type": "name", "properties": { "name": "urn:ogc:def:crs:OGC:1.3:CRS84" } },
"features": [
{ "type": "Feature", "properties": { "name": "Sede Distrital de Eletra", "code_muni": 4304408.0, "name_muni": "Canela" }, "geometry": { "type": "MultiPolygon", "coordinates": [ [ [ [ -50.6793848, -29.3332876 ], [ -50.679734758508722, -29.332974520616535 ], [ -50.679283187409595, -29.333236666575253 ], [ -50.6793848, -29.3332876 ] ] ], [ [ [ -50.690214277170291, -29.323598022629575 ], [ -50.687135466, -29.325142792 ], [ -50.685652907256625, -29.327679601393545 ], [ -50.690214277170291, -29.323598022629575 ] ] ], [ [ [ -50.6968852, -29.3252425 ], [ -50.697951785819583, -29.323871068960134 ], [ -50.696893549, -29.323085279999916 ], [ -50.693253874577458, -29.322832282632611 ], [ -50.6968852, -29.3252425 ] ] ] ] } },
{ "type": "Feature", "properties": { "name": "Carniel", "code_muni": 4304408.0, "name_muni": "Canela" }, "geometry": { "type": "Polygon", "coordinates": [ [ [ -50.8383637, -29.350283 ], [ -50.8382651, -29.3504232 ], [ -50.8381451, -29.3505134 ], [ -50.83782260000001, -29.3510062 ], [ -50.8377367, -29.3510343 ], [ -50.8376992, -29.3511185 ], [ -50.837726, -29.3511956 ], [ -50.8377314, -29.3513219 ], [ -50.8376402, -29.3513756 ], [ -50.8375731, -29.351399 ], [ -50.8375597, -29.3514364 ], [ -50.8375919, -29.3515159 ], [ -50.8376563, -29.3515533 ], [ -50.8377823, -29.351572 ], [ -50.837836, -29.3515977 ], [ -50.8378279, -29.3516702 ], [ -50.8377743, -29.3517193 ], [ -50.8376831, -29.3517333 ], [ -50.8375812, -29.3517637 ], [ -50.837549, -29.3518596 ], [ -50.8375946, -29.3519017 ], [ -50.837667, -29.3519017 ], [ -50.8377931, -29.3518385 ], [ -50.8379942, -29.3518643 ], [ -50.8380479, -29.3519017 ], [ -50.837836, -29.3519321 ], [ -50.8377206, -29.3520092 ], [ -50.8376348, -29.3522243 ], [ -50.8377823, -29.3524347 ], [ -50.8378494, -29.3524464 ], [ -50.8379298, -29.3524066 ], [ -50.8379808, -29.3524417 ], [ -50.8379835, -29.3524955 ], [ -50.8379164, -29.3525422 ], [ -50.8378494, -29.3526124 ], [ -50.8378628, -29.3527036 ], [ -50.8379138, -29.3527339 ], [ -50.8381042, -29.3527223 ], [ -50.8382168, -29.352783 ], [ -50.8380827, -29.352914 ], [ -50.8379218, -29.3531898 ], [ -50.8379459, -29.3535288 ], [ -50.837903, -29.353634 ], [ -50.8377233, -29.3537462 ], [ -50.8374175, -29.353804699999987 ], [ -50.837498, -29.3539379 ], [ -50.8381203, -29.3539239 ], [ -50.8383322, -29.3538842 ], [ -50.8384663, -29.3539052 ], [ -50.8384475, -29.3541554 ], [ -50.8385307, -29.3542419 ], [ -50.8384931, -29.354265200000015 ], [ -50.8382893, -29.3541717 ], [ -50.8380854, -29.3546673 ], [ -50.842289344551148, -29.358698000067101 ], [ -50.843614975, -29.353404079000011 ], [ -50.844270652731609, -29.353116201787255 ], [ -50.8438066, -29.3529537 ], [ -50.8430352, -29.3526833 ], [ -50.8412382, -29.3517315 ], [ -50.8413904, -29.3514724 ], [ -50.8408277, -29.3509079 ], [ -50.8394155, -29.3500873 ], [ -50.8393207, -29.350113 ], [ -50.8384772, -29.3500934 ], [ -50.8383637, -29.350283 ] ] ] } },
{ "type": "Feature", "properties": { "name": "Dante", "code_muni": 4304408.0, "name_muni": "Canela" }, "geometry": { "type": "Polygon", "coordinates": [ [ [ -50.8359882, -29.375244 ], [ -50.8360603, -29.3752831 ], [ -50.8365297, -29.3756471 ], [ -50.8365785, -29.3756866 ], [ -50.8366786, -29.3757675 ], [ -50.83681, -29.3759159 ], [ -50.8369844, -29.376152 ], [ -50.8370293, -29.3762137 ], [ -50.8372736, -29.3765483 ], [ -50.8374763, -29.3768042 ], [ -50.8377052, -29.3767965 ], [ -50.8377635, -29.376800599999985 ], [ -50.8382504, -29.3770168 ], [ -50.8388624, -29.3771721 ], [ -50.8388736, -29.3773346 ], [ -50.838895, -29.3773617 ], [ -50.8389219, -29.3773779 ], [ -50.8389585, -29.3773843 ], [ -50.8389923, -29.3773869 ], [ -50.8390416, -29.3773814 ], [ -50.8395784, -29.3771295 ], [ -50.8396495, -29.377084299999989 ], [ -50.8397356, -29.3770527 ], [ -50.8397903, -29.3770472 ], [ -50.8398604, -29.3770486 ], [ -50.8419102, -29.3761263 ], [ -50.8427203, -29.374593 ], [ -50.8411734, -29.3733935 ], [ -50.8412491, -29.3733067 ], [ -50.8409568, -29.3731226 ], [ -50.8398639, -29.3725618 ], [ -50.8378182, -29.3712969 ], [ -50.8367322, -29.3706661 ], [ -50.8355775, -29.3699257 ], [ -50.8352047, -29.3702828 ], [ -50.8350384, -29.37043 ], [ -50.8349365, -29.3705276 ], [ -50.8348902, -29.3705779 ], [ -50.8348745, -29.3706203 ], [ -50.8343521, -29.3710826 ], [ -50.8363159, -29.3726948 ], [ -50.8363017, -29.3727079 ], [ -50.8364198, -29.3728212 ], [ -50.8364345, -29.3728101 ], [ -50.8364788, -29.3728446 ], [ -50.836511, -29.3728189 ], [ -50.837588, -29.3737431 ], [ -50.8362857, -29.3749015 ], [ -50.835823, -29.3745205 ], [ -50.8358713, -29.3744562 ], [ -50.8357975, -29.3744036 ], [ -50.8358351, -29.3743522 ], [ -50.8353147, -29.3739583 ], [ -50.8353456, -29.3738999 ], [ -50.8349714, -29.3734488 ], [ -50.8348989, -29.373374 ], [ -50.8348238, -29.3733098 ], [ -50.8347581, -29.3732478 ], [ -50.8347058, -29.3731882 ], [ -50.8346669, -29.3731215 ], [ -50.8346254, -29.3730304 ], [ -50.8345851, -29.3729509 ], [ -50.8345355, -29.3728983 ], [ -50.8344952, -29.3728773 ], [ -50.8344122, -29.3728609 ], [ -50.834273, -29.3728585 ], [ -50.8339039, -29.3730725 ], [ -50.8338448, -29.3731204 ], [ -50.8340527, -29.3734406 ], [ -50.8342914, -29.373838 ], [ -50.8344175, -29.3740273 ], [ -50.8345597, -29.3741477 ], [ -50.8350961, -29.3745427 ], [ -50.8357871, -29.3751319 ], [ -50.8359882, -29.375244 ] ] ] } },
{ "type": "Feature", "properties": { "name": "Laje de Pedra", "code_muni": 4304408.0, "name_muni": "Canela" }, "geometry": { "type": "Polygon", "coordinates": [ [ [ -50.8350961, -29.3745427 ], [ -50.8345597, -29.3741477 ], [ -50.8344175, -29.3740273 ], [ -50.8342914, -29.373838 ], [ -50.8340527, -29.3734406 ], [ -50.8338448, -29.3731204 ], [ -50.8336477, -29.3728119 ], [ -50.8333996, -29.3725057 ], [ -50.8331032, -29.3721434 ], [ -50.832902, -29.37194 ], [ -50.8325882, -29.3716876 ], [ -50.8320464, -29.3712821 ], [ -50.8316005, -29.3709244 ], [ -50.8309655, -29.370458 ], [ -50.8306289, -29.3701939 ], [ -50.8285663, -29.3712505 ], [ -50.8279829, -29.3721153 ], [ -50.826328, -29.373918 ], [ -50.8263997, -29.3740291 ], [ -50.8263923, -29.3741261 ], [ -50.8256172, -29.3749757 ], [ -50.8276396, -29.3757114 ], [ -50.8271544, -29.3763509 ], [ -50.8275403, -29.3808636 ], [ -50.8278337, -29.3808137 ], [ -50.8279165, -29.3805314 ], [ -50.8280623, -29.3804003 ], [ -50.828119, -29.3803783 ], [ -50.8286011, -29.3804046 ], [ -50.8288452, -29.3803322 ], [ -50.8290008, -29.3804958 ], [ -50.8287795, -29.3808335 ], [ -50.8288305, -29.3810345 ], [ -50.832092, -29.3816095 ], [ -50.8320826, -29.3816352 ], [ -50.8334338, -29.3820424 ], [ -50.8347199, -29.3808785 ], [ -50.8332869, -29.3795504 ], [ -50.83405, -29.3782392 ], [ -50.8371992, -29.3765901 ], [ -50.8372736, -29.3765483 ], [ -50.8370293, -29.3762137 ], [ -50.8369844, -29.376152 ], [ -50.83681, -29.3759159 ], [ -50.8366786, -29.3757675 ], [ -50.8365785, -29.3756866 ], [ -50.8365297, -29.3756471 ], [ -50.8360603, -29.3752831 ], [ -50.8359882, -29.375244 ], [ -50.8357871, -29.3751319 ], [ -50.8350961, -29.3745427 ] ] ] } },
{ "type": "Feature", "properties": { "name": "Centro", "code_muni": 4304408.0, "name_muni": "Canela" }, "geometry": { "type": "Polygon", "coordinates": [ [ [ -50.8165926, -29.3609891 ], [ -50.8167436, -29.3607153 ], [ -50.8169228, -29.3602873 ], [ -50.816904, -29.3599576 ], [ -50.816759, -29.3596629 ], [ -50.8167245, -29.3595876 ], [ -50.81672360000001, -29.3595108 ], [ -50.8167514, -29.3594594 ], [ -50.8168446, -29.3594129 ], [ -50.8170055, -29.3593597 ], [ -50.817009, -29.359340400000015 ], [ -50.8169767, -29.3592951 ], [ -50.8169942, -29.3592473 ], [ -50.8170256, -29.359211699999989 ], [ -50.817112, -29.3591279 ], [ -50.8171441, -29.3590166 ], [ -50.816795, -29.3590578 ], [ -50.8164658, -29.3590239 ], [ -50.8164223, -29.358992 ], [ -50.8154588, -29.3589787 ], [ -50.8140383, -29.35903 ], [ -50.8134873, -29.3590408 ], [ -50.8130054, -29.3590561 ], [ -50.8128085, -29.3589872 ], [ -50.8127877, -29.3589638 ], [ -50.8127604, -29.358952 ], [ -50.8127348, -29.3589502 ], [ -50.8127078, -29.3589555 ], [ -50.8126847, -29.358973 ], [ -50.8124272, -29.3588973 ], [ -50.8119175, -29.358625 ], [ -50.8114291, -29.3583617 ], [ -50.8111928, -29.3582012 ], [ -50.811175, -29.3581886 ], [ -50.8111502, -29.3581741 ], [ -50.811123, -29.3581614 ], [ -50.8108375, -29.3580147 ], [ -50.8107536, -29.3579659 ], [ -50.8106341, -29.357896 ], [ -50.8103232, -29.3577143 ], [ -50.8100779, -29.3575705 ], [ -50.8099124, -29.3575008 ], [ -50.8091317, -29.3572886 ], [ -50.8084685, -29.3571136 ], [ -50.8084474, -29.3571087 ], [ -50.8079748, -29.3569769 ], [ -50.8078063, -29.3569303 ], [ -50.8075502, -29.3568594 ], [ -50.8073875, -29.3568404 ], [ -50.8067383, -29.3567882 ], [ -50.8064092, -29.3567648 ], [ -50.8060852, -29.3567535 ], [ -50.8059297, -29.3567501 ], [ -50.8057303, -29.356745 ], [ -50.8057199, -29.3567288 ], [ -50.8057051, -29.3567153 ], [ -50.805692, -29.3567076 ], [ -50.8056763, -29.3567018 ], [ -50.8056596, -29.3566989 ], [ -50.8056387, -29.3566993 ], [ -50.8056184, -29.3567042 ], [ -50.80535230000001, -29.3566915 ], [ -50.8050205, -29.3566526 ], [ -50.8045349, -29.3565956 ], [ -50.8043293, -29.35657 ], [ -50.8042202, -29.3565489 ], [ -50.8040773, -29.3565131 ], [ -50.8038971, -29.3564586 ], [ -50.803888, -29.3564822 ], [ -50.803877300000011, -29.3565049 ], [ -50.803723, -29.3569892 ], [ -50.8034842, -29.3576433 ], [ -50.8033313, -29.3579525 ], [ -50.8029801, -29.3585319 ], [ -50.8024019, -29.359464 ], [ -50.802025, -29.3600767 ], [ -50.801898, -29.3602744 ], [ -50.8018104, -29.3603215 ], [ -50.8014152, -29.3605108 ], [ -50.8020166, -29.3608763 ], [ -50.8025621, -29.361145 ], [ -50.802699, -29.3612154 ], [ -50.8035201, -29.3616223 ], [ -50.803821, -29.3617807 ], [ -50.8042229, -29.361788 ], [ -50.8042422, -29.3637307 ], [ -50.804243, -29.3638078 ], [ -50.8042466, -29.3639211 ], [ -50.8042775, -29.3648994 ], [ -50.8050108, -29.3648777 ], [ -50.8050384, -29.364993 ], [ -50.8050604, -29.3650776 ], [ -50.8052612, -29.3658886 ], [ -50.8052765, -29.3659562 ], [ -50.8052825, -29.366039 ], [ -50.8052897, -29.3661236 ], [ -50.8052849, -29.3662312 ], [ -50.8052679, -29.3664843 ], [ -50.8052626, -29.3666782 ], [ -50.8053436, -29.3674838 ], [ -50.8053439, -29.3677451 ], [ -50.8053457, -29.3678243 ], [ -50.8062867, -29.3678205 ], [ -50.8074084, -29.3677939 ], [ -50.8087222, -29.3677287 ], [ -50.8088136, -29.3677263 ], [ -50.8099895, -29.36772 ], [ -50.8100268, -29.3677196 ], [ -50.8115024, -29.367705 ], [ -50.8128269, -29.367703 ], [ -50.8128805, -29.3676992 ], [ -50.8129318, -29.3676851 ], [ -50.8129653, -29.3676652 ], [ -50.8129844, -29.3676346 ], [ -50.8129943, -29.3675961 ], [ -50.8129859, -29.3671727 ], [ -50.8129814, -29.366921 ], [ -50.8129758, -29.3666597 ], [ -50.8129707, -29.366403 ], [ -50.8130517, -29.3664084 ], [ -50.8137217, -29.3664481 ], [ -50.8142644, -29.3674068 ], [ -50.8143116, -29.3674923 ], [ -50.8144168, -29.3675355 ], [ -50.8155982, -29.3696446 ], [ -50.8157148, -29.3698527 ], [ -50.8169802, -29.3685558 ], [ -50.817318, -29.3682041 ], [ -50.8180856, -29.3674072 ], [ -50.8181495, -29.3674586 ], [ -50.8182015, -29.3675806 ], [ -50.8184963, -29.368272300000012 ], [ -50.8184134, -29.368346 ], [ -50.81886690000001, -29.368676 ], [ -50.8192473, -29.3689527 ], [ -50.8207413, -29.3702787 ], [ -50.821345, -29.3708458 ], [ -50.8220619, -29.3714655 ], [ -50.8230972, -29.370998 ], [ -50.8239502, -29.370416 ], [ -50.8247473, -29.3715825 ], [ -50.8258196, -29.3731524 ], [ -50.826328, -29.373918 ], [ -50.8279829, -29.3721153 ], [ -50.8277817, -29.371261 ], [ -50.8276784, -29.3708075 ], [ -50.8275926, -29.3703704 ], [ -50.8275249, -29.3700648 ], [ -50.8273821, -29.3697826 ], [ -50.8272453, -29.3694868 ], [ -50.8271219, -29.3692721 ], [ -50.8269569, -29.3690007 ], [ -50.8265231, -29.368413499999985 ], [ -50.8264209, -29.3682824 ], [ -50.8264078, -29.3682655 ], [ -50.8261801, -29.367967499999988 ], [ -50.8255354, -29.3671494 ], [ -50.8247307, -29.3661232 ], [ -50.8241907, -29.3654407 ], [ -50.8239622, -29.3651519 ], [ -50.8237892, -29.3648796 ], [ -50.8237239, -29.364727 ], [ -50.823682, -29.36457450000001 ], [ -50.8236431, -29.3643712 ], [ -50.8236152, -29.3641302 ], [ -50.8236098, -29.3639732 ], [ -50.8236189, -29.3637879 ], [ -50.8237302, -29.3628552 ], [ -50.823741, -29.3626285 ], [ -50.8237309, -29.3625414 ], [ -50.8237021, -29.3624496 ], [ -50.8236015, -29.3622708 ], [ -50.8235075, -29.362156 ], [ -50.8234054, -29.3620529 ], [ -50.8230171, -29.3616814 ], [ -50.8229102, -29.3615768 ], [ -50.8228645, -29.3615339 ], [ -50.8230946, -29.3614228 ], [ -50.8231738, -29.3613818 ], [ -50.82343920000001, -29.3612358 ], [ -50.8239176, -29.3610156 ], [ -50.8243589, -29.360827 ], [ -50.8240905, -29.3604319 ], [ -50.8240691, -29.360394 ], [ -50.8240616, -29.3603576 ], [ -50.8240618, -29.3603221 ], [ -50.8240791, -29.3602681 ], [ -50.8242106, -29.3599681 ], [ -50.8242245, -29.359915699999984 ], [ -50.8242236, -29.359841 ], [ -50.8242027, -29.359757099999985 ], [ -50.8241646, -29.359667 ], [ -50.8241251, -29.359594099999988 ], [ -50.8237492, -29.3590329 ], [ -50.8237106, -29.3589726 ], [ -50.8236903, -29.3589267 ], [ -50.8236659, -29.358859 ], [ -50.8231032, -29.358994299999985 ], [ -50.823064, -29.359001 ], [ -50.823029, -29.3590006 ], [ -50.8230012, -29.358994 ], [ -50.8229811, -29.3589841 ], [ -50.8229692, -29.3589719 ], [ -50.8229473, -29.3589347 ], [ -50.8227669, -29.3585986 ], [ -50.8226477, -29.3584354 ], [ -50.8216455, -29.3579294 ], [ -50.8208745, -29.3591471 ], [ -50.8202579, -29.3601216 ], [ -50.8198075, -29.3606491 ], [ -50.81955, -29.36095 ], [ -50.8191981, -29.3613778 ], [ -50.8191884, -29.3613875 ], [ -50.8191218, -29.361453899999987 ], [ -50.8190463, -29.3615233 ], [ -50.8189016, -29.3615657 ], [ -50.8184329, -29.3612244 ], [ -50.8183548, -29.3611898 ], [ -50.8182417, -29.361171599999984 ], [ -50.818087, -29.361168 ], [ -50.8164971, -29.3611159 ], [ -50.8165926, -29.3609891 ] ] ] } },
{ "type": "Feature", "properties": { "name": "São José", "code_muni": 4304408.0, "name_muni": "Canela" }, "geometry": { "type": "Polygon", "coordinates": [ [ [ -50.8309655, -29.370458 ], [ -50.8316005, -29.3709244 ], [ -50.8320464, -29.3712821 ], [ -50.8325882, -29.3716876 ], [ -50.832902, -29.37194 ], [ -50.8331032, -29.3721434 ], [ -50.8333996, -29.3725057 ], [ -50.8336477, -29.3728119 ], [ -50.8338448, -29.3731204 ], [ -50.8339039, -29.3730725 ], [ -50.834273, -29.3728585 ], [ -50.8344122, -29.3728609 ], [ -50.8344952, -29.3728773 ], [ -50.8345355, -29.3728983 ], [ -50.8345851, -29.3729509 ], [ -50.8346254, -29.3730304 ], [ -50.8346669, -29.3731215 ], [ -50.8347058, -29.3731882 ], [ -50.8347581, -29.3732478 ], [ -50.8348238, -29.3733098 ], [ -50.8348989, -29.373374 ], [ -50.8349714, -29.3734488 ], [ -50.8353456, -29.3738999 ], [ -50.8353147, -29.3739583 ], [ -50.8358351, -29.3743522 ], [ -50.8357975, -29.3744036 ], [ -50.8358713, -29.3744562 ], [ -50.835823, -29.3745205 ], [ -50.8362857, -29.3749015 ], [ -50.837588, -29.3737431 ], [ -50.836511, -29.3728189 ], [ -50.8364788, -29.3728446 ], [ -50.8364345, -29.3728101 ], [ -50.8364198, -29.3728212 ], [ -50.8363017, -29.3727079 ], [ -50.8363159, -29.3726948 ], [ -50.8343521, -29.3710826 ], [ -50.8348745, -29.3706203 ], [ -50.8348902, -29.3705779 ], [ -50.8349365, -29.3705276 ], [ -50.8350384, -29.37043 ], [ -50.8352047, -29.3702828 ], [ -50.8355775, -29.3699257 ], [ -50.8360295, -29.3693957 ], [ -50.8356446, -29.3692449 ], [ -50.8351082, -29.3690544 ], [ -50.8347863, -29.3689761 ], [ -50.8345348, -29.3688937 ], [ -50.8344215, -29.36884 ], [ -50.8343943, -29.3688241 ], [ -50.8343223, -29.3687821 ], [ -50.8342578, -29.3687434 ], [ -50.834105, -29.3686518 ], [ -50.8337872, -29.3684408 ], [ -50.8335377, -29.3682936 ], [ -50.8334304, -29.3682217 ], [ -50.8333466, -29.3681533 ], [ -50.8332963, -29.3680955 ], [ -50.8332648, -29.3680481 ], [ -50.8332346, -29.3679739 ], [ -50.8331978, -29.367888 ], [ -50.8331676, -29.3677559 ], [ -50.8331314, -29.367625 ], [ -50.8330657, -29.3672686 ], [ -50.8330362, -29.3671295 ], [ -50.8330876, -29.3670545 ], [ -50.8351422, -29.3671433 ], [ -50.8397722, -29.3664304 ], [ -50.8396697, -29.3660104 ], [ -50.8394774, -29.3652224 ], [ -50.8392388, -29.3646044 ], [ -50.8361315, -29.363719 ], [ -50.835997, -29.3633752 ], [ -50.8359222, -29.3631369 ], [ -50.8336973, -29.3637797 ], [ -50.8327782, -29.3615658 ], [ -50.8327702, -29.3615297 ], [ -50.8327434, -29.3614813 ], [ -50.8327075, -29.3614468 ], [ -50.8326656, -29.3614231 ], [ -50.8326019, -29.3614068 ], [ -50.8325303, -29.361410500000012 ], [ -50.8317098, -29.361635 ], [ -50.8312994, -29.3617425 ], [ -50.830932, -29.3618454 ], [ -50.8306034, -29.361926 ], [ -50.8304056, -29.361962199999986 ], [ -50.8301032, -29.3620032 ], [ -50.8298913, -29.3620213 ], [ -50.8297055, -29.3620274 ], [ -50.8295748, -29.36203 ], [ -50.8294648, -29.3620324 ], [ -50.8293713, -29.362028 ], [ -50.8292408, -29.3620195 ], [ -50.8291671, -29.3620119 ], [ -50.8289273, -29.3619801 ], [ -50.8286789, -29.3619517 ], [ -50.8285562, -29.3619254 ], [ -50.8282283, -29.3618354 ], [ -50.8278622, -29.3617104 ], [ -50.8275168, -29.361563199999985 ], [ -50.827378, -29.3614912 ], [ -50.8269938, -29.3612481 ], [ -50.8268221, -29.3611271 ], [ -50.8266647, -29.3610046 ], [ -50.8266538, -29.3609969 ], [ -50.826409, -29.3608239 ], [ -50.8262478, -29.3607153 ], [ -50.8259549, -29.3605406 ], [ -50.8257151, -29.3604173 ], [ -50.8256195, -29.3603726 ], [ -50.8255084, -29.3603436 ], [ -50.8253464, -29.3603282 ], [ -50.8252547, -29.3603329 ], [ -50.8251392, -29.3603511 ], [ -50.8250412, -29.3603914 ], [ -50.8247736, -29.3605968 ], [ -50.8246699, -29.3606681 ], [ -50.8245394, -29.3607431 ], [ -50.8243589, -29.360827 ], [ -50.8239176, -29.3610156 ], [ -50.82343920000001, -29.3612358 ], [ -50.8231738, -29.3613818 ], [ -50.8230946, -29.3614228 ], [ -50.8228645, -29.3615339 ], [ -50.8229102, -29.3615768 ], [ -50.8230171, -29.3616814 ], [ -50.8234054, -29.3620529 ], [ -50.8235075, -29.362156 ], [ -50.8236015, -29.3622708 ], [ -50.8237021, -29.3624496 ], [ -50.8237309, -29.3625414 ], [ -50.823741, -29.3626285 ], [ -50.8237302, -29.3628552 ], [ -50.8236189, -29.3637879 ], [ -50.8236098, -29.3639732 ], [ -50.8236152, -29.3641302 ], [ -50.8236431, -29.3643712 ], [ -50.823682, -29.36457450000001 ], [ -50.8237239, -29.364727 ], [ -50.8237892, -29.3648796 ], [ -50.8239622, -29.3651519 ], [ -50.8241907, -29.3654407 ], [ -50.8247307, -29.3661232 ], [ -50.8255354, -29.3671494 ], [ -50.8261801, -29.367967499999988 ], [ -50.8264078, -29.3682655 ], [ -50.8264209, -29.3682824 ], [ -50.8265231, -29.368413499999985 ], [ -50.8269569, -29.3690007 ], [ -50.8271219, -29.3692721 ], [ -50.8272453, -29.3694868 ], [ -50.8273821, -29.3697826 ], [ -50.8275249, -29.3700648 ], [ -50.8275926, -29.3703704 ], [ -50.8276784, -29.3708075 ], [ -50.8277817, -29.371261 ], [ -50.8279829, -29.3721153 ], [ -50.8285663, -29.3712505 ], [ -50.8306289, -29.3701939 ], [ -50.8309655, -29.370458 ] ] ] } },
{ "type": "Feature", "properties": { "name": "Santa Marta", "code_muni": 4304408.0, "name_muni": "Canela" }, "geometry": { "type": "Polygon", "coordinates": [ [ [ -50.8396697, -29.3660104 ], [ -50.8397722, -29.3664304 ], [ -50.8351422, -29.3671433 ], [ -50.8330876, -29.3670545 ], [ -50.8330362, -29.3671295 ], [ -50.8330657, -29.3672686 ], [ -50.8331314, -29.367625 ], [ -50.8331676, -29.3677559 ], [ -50.8331978, -29.367888 ], [ -50.8332346, -29.3679739 ], [ -50.8332648, -29.3680481 ], [ -50.8332963, -29.3680955 ], [ -50.8333466, -29.3681533 ], [ -50.8334304, -29.3682217 ], [ -50.8335377, -29.3682936 ], [ -50.8337872, -29.3684408 ], [ -50.834105, -29.3686518 ], [ -50.8342578, -29.3687434 ], [ -50.8343223, -29.3687821 ], [ -50.8343943, -29.3688241 ], [ -50.8344215, -29.36884 ], [ -50.8345348, -29.3688937 ], [ -50.8347863, -29.3689761 ], [ -50.8351082, -29.3690544 ], [ -50.8356446, -29.3692449 ], [ -50.8360295, -29.3693957 ], [ -50.8355775, -29.3699257 ], [ -50.8367322, -29.3706661 ], [ -50.8378182, -29.3712969 ], [ -50.8398639, -29.3725618 ], [ -50.8409568, -29.3731226 ], [ -50.8413102, -29.3730747 ], [ -50.842441, -29.3730816 ], [ -50.8429132, -29.373213 ], [ -50.8436394, -29.3733133 ], [ -50.843933, -29.3734101 ], [ -50.8444488, -29.3734793 ], [ -50.8446313, -29.3740776 ], [ -50.8454669, -29.3739852 ], [ -50.8460301, -29.3736311 ], [ -50.8463158, -29.373253600000012 ], [ -50.8463989, -29.372695 ], [ -50.8463533, -29.3721492 ], [ -50.8459698, -29.3706486 ], [ -50.8462393, -29.3697007 ], [ -50.842853, -29.3692812 ], [ -50.8427203, -29.3691994 ], [ -50.8426023, -29.369167799999989 ], [ -50.8423863, -29.369246100000012 ], [ -50.84313070000001, -29.3656709 ], [ -50.8413723, -29.3648965 ], [ -50.841274, -29.3650536 ], [ -50.8394774, -29.3652224 ], [ -50.8396697, -29.3660104 ] ] ] } },
{ "type": "Feature", "properties": { "name": "Hortênsias", "code_muni": 4304408.0, "name_muni": "Canela" }, "geometry": { "type": "Polygon", "coordinates": [ [ [ -50.8380854, -29.3546673 ], [ -50.8376563, -29.3589221 ], [ -50.8363688, -29.3591044 ], [ -50.8363795, -29.3578982 ], [ -50.8350974, -29.3580244 ], [ -50.8351243, -29.3571501 ], [ -50.8349901, -29.3572296 ], [ -50.8347648, -29.3572436 ], [ -50.8345825, -29.3573464 ], [ -50.8344483, -29.3574961 ], [ -50.8342284, -29.3575755 ], [ -50.8339495, -29.3578093 ], [ -50.8336598, -29.3582535 ], [ -50.8329678, -29.3594457 ], [ -50.832603, -29.360306 ], [ -50.8325303, -29.361410500000012 ], [ -50.8326019, -29.3614068 ], [ -50.8326656, -29.3614231 ], [ -50.8327075, -29.3614468 ], [ -50.8327434, -29.3614813 ], [ -50.8327702, -29.3615297 ], [ -50.8327782, -29.3615658 ], [ -50.8336973, -29.3637797 ], [ -50.8359222, -29.3631369 ], [ -50.835997, -29.3633752 ], [ -50.8361315, -29.363719 ], [ -50.8392388, -29.3646044 ], [ -50.8394774, -29.3652224 ], [ -50.841274, -29.3650536 ], [ -50.8413723, -29.3648965 ], [ -50.84313070000001, -29.3656709 ], [ -50.8423863, -29.369246100000012 ], [ -50.8426023, -29.369167799999989 ], [ -50.8427203, -29.3691994 ], [ -50.842853, -29.3692812 ], [ -50.8462393, -29.3697007 ], [ -50.8490932, -29.3699859 ], [ -50.849269549559125, -29.36982877716806 ], [ -50.846526247, -29.363941361999892 ], [ -50.842050647999905, -29.35965117699989 ], [ -50.842289344551148, -29.358698000067101 ], [ -50.8380854, -29.3546673 ] ] ] } },
{ "type": "Feature", "properties": { "name": "Suzana", "code_muni": 4304408.0, "name_muni": "Canela" }, "geometry": { "type": "Polygon", "coordinates": [ [ [ -50.8227669, -29.3585986 ], [ -50.8229473, -29.3589347 ], [ -50.8229692, -29.3589719 ], [ -50.8229811, -29.3589841 ], [ -50.8230012, -29.358994 ], [ -50.823029, -29.3590006 ], [ -50.823064, -29.359001 ], [ -50.8231032, -29.358994299999985 ], [ -50.8236659, -29.358859 ], [ -50.8236903, -29.3589267 ], [ -50.8237106, -29.3589726 ], [ -50.8237492, -29.3590329 ], [ -50.8241251, -29.359594099999988 ], [ -50.8241646, -29.359667 ], [ -50.8242027, -29.359757099999985 ], [ -50.8242236, -29.359841 ], [ -50.8242245, -29.359915699999984 ], [ -50.8242106, -29.3599681 ], [ -50.8240791, -29.3602681 ], [ -50.8240618, -29.3603221 ], [ -50.8240616, -29.3603576 ], [ -50.8240691, -29.360394 ], [ -50.8240905, -29.3604319 ], [ -50.8243589, -29.360827 ], [ -50.8245394, -29.3607431 ], [ -50.8246699, -29.3606681 ], [ -50.8247736, -29.3605968 ], [ -50.8250412, -29.3603914 ], [ -50.8251131, -29.3602697 ], [ -50.8251735, -29.3601935 ], [ -50.8255724, -29.3597869 ], [ -50.82619, -29.3592144 ], [ -50.8266075, -29.3588322 ], [ -50.827115, -29.3583538 ], [ -50.8274881, -29.3580558 ], [ -50.8276677, -29.3578923 ], [ -50.8277951, -29.3577544 ], [ -50.8279406, -29.3575808 ], [ -50.8282303, -29.3571489 ], [ -50.8283919, -29.356914 ], [ -50.8285884, -29.3567141 ], [ -50.8292314, -29.3562558 ], [ -50.8294112, -29.3561045 ], [ -50.8296352, -29.3558818 ], [ -50.8300589, -29.355320700000011 ], [ -50.8302775, -29.3550192 ], [ -50.8305048, -29.3547221 ], [ -50.8305216, -29.3547001 ], [ -50.8306463, -29.3545306 ], [ -50.8307619, -29.3543996 ], [ -50.8307804, -29.3543786 ], [ -50.830889, -29.3542828 ], [ -50.8310594, -29.3541706 ], [ -50.8314443, -29.3539637 ], [ -50.8318533, -29.3537579 ], [ -50.8325681, -29.353400199999985 ], [ -50.8327009, -29.3533278 ], [ -50.8328088, -29.353259399999988 ], [ -50.8329047, -29.35317 ], [ -50.8329738, -29.3530583 ], [ -50.8329993, -29.352952 ], [ -50.8330053, -29.3528614 ], [ -50.8329993, -29.3527965 ], [ -50.8329825, -29.3527281 ], [ -50.8329503, -29.3526358 ], [ -50.8328839, -29.3525498 ], [ -50.8324855, -29.35214 ], [ -50.8323911, -29.3520267 ], [ -50.8323327, -29.351921 ], [ -50.8322971, -29.3518218 ], [ -50.8322574, -29.351661 ], [ -50.8321005, -29.3509793 ], [ -50.8320723, -29.3507607 ], [ -50.8320679, -29.3505702 ], [ -50.832088, -29.3504007 ], [ -50.832139, -29.3502114 ], [ -50.8322094, -29.3500261 ], [ -50.8322798, -29.349898100000015 ], [ -50.8323435, -29.3498116 ], [ -50.83243, -29.3497286 ], [ -50.832499, -29.3496707 ], [ -50.8325473, -29.349647300000012 ], [ -50.8325702, -29.3496387 ], [ -50.8326063, -29.3496251 ], [ -50.832552, -29.34951 ], [ -50.8325138, -29.3494363 ], [ -50.832479, -29.3493668 ], [ -50.83238570000001, -29.349267099999988 ], [ -50.8323455, -29.3491929 ], [ -50.83232, -29.3491266 ], [ -50.8323073, -29.349062599999986 ], [ -50.8322992, -29.3490091 ], [ -50.8330302, -29.3490856 ], [ -50.833069, -29.3490897 ], [ -50.8331072, -29.348673 ], [ -50.8317447, -29.3467231 ], [ -50.831514, -29.3465033 ], [ -50.831396, -29.3463257 ], [ -50.8309561, -29.345965599999985 ], [ -50.8308542, -29.3459235 ], [ -50.8305001, -29.3459142 ], [ -50.8301514, -29.3457832 ], [ -50.8298725, -29.3457458 ], [ -50.8297277, -29.3457458 ], [ -50.8295077, -29.3458019 ], [ -50.82932, -29.3459048 ], [ -50.8289659, -29.3460077 ], [ -50.8287728, -29.3461339 ], [ -50.8285475, -29.346335 ], [ -50.828011, -29.3464519 ], [ -50.8274049, -29.3465361 ], [ -50.8270294, -29.346667 ], [ -50.8269167, -29.3467699 ], [ -50.8268148, -29.3469569 ], [ -50.8265412, -29.3472749 ], [ -50.8263588, -29.347410499999985 ], [ -50.8262461, -29.3474339 ], [ -50.8260262, -29.3474245 ], [ -50.8255541, -29.3473076 ], [ -50.8254308, -29.3472983 ], [ -50.8249587, -29.347368400000011 ], [ -50.8244786, -29.3509946 ], [ -50.8241533, -29.352489 ], [ -50.8242563, -29.352786 ], [ -50.8242969, -29.3529883 ], [ -50.824297, -29.3531684 ], [ -50.8242766, -29.3533523 ], [ -50.8242451, -29.3535778 ], [ -50.8242262, -29.3537236 ], [ -50.8242291, -29.3540864 ], [ -50.8240464, -29.3542983 ], [ -50.8238048, -29.3545939 ], [ -50.8232269, -29.3553279 ], [ -50.82317960000001, -29.3553831 ], [ -50.8228213, -29.3558166 ], [ -50.8227042, -29.3559742 ], [ -50.821966, -29.3573619 ], [ -50.8216455, -29.3579294 ], [ -50.8226477, -29.3584354 ], [ -50.8227669, -29.3585986 ] ] ] } },
{ "type": "Feature", "properties": { "name": "Suíça", "code_muni": 4304408.0, "name_muni": "Canela" }, "geometry": { "type": "Polygon", "coordinates": [ [ [ -50.8329825, -29.3527281 ], [ -50.8329993, -29.3527965 ], [ -50.8330053, -29.3528614 ], [ -50.8329993, -29.352952 ], [ -50.8329738, -29.3530583 ], [ -50.8329047, -29.35317 ], [ -50.8328088, -29.353259399999988 ], [ -50.8327009, -29.3533278 ], [ -50.8325681, -29.353400199999985 ], [ -50.8318533, -29.3537579 ], [ -50.8314443, -29.3539637 ], [ -50.8310594, -29.3541706 ], [ -50.830889, -29.3542828 ], [ -50.8307804, -29.3543786 ], [ -50.8307619, -29.3543996 ], [ -50.8306463, -29.3545306 ], [ -50.8305216, -29.3547001 ], [ -50.8305048, -29.3547221 ], [ -50.8302775, -29.3550192 ], [ -50.8300589, -29.355320700000011 ], [ -50.8296352, -29.3558818 ], [ -50.8294112, -29.3561045 ], [ -50.8292314, -29.3562558 ], [ -50.8285884, -29.3567141 ], [ -50.8283919, -29.356914 ], [ -50.8282303, -29.3571489 ], [ -50.8279406, -29.3575808 ], [ -50.8277951, -29.3577544 ], [ -50.8276677, -29.3578923 ], [ -50.8274881, -29.3580558 ], [ -50.827115, -29.3583538 ], [ -50.8266075, -29.3588322 ], [ -50.82619, -29.3592144 ], [ -50.8255724, -29.3597869 ], [ -50.8251735, -29.3601935 ], [ -50.8251131, -29.3602697 ], [ -50.8250412, -29.3603914 ], [ -50.8251392, -29.3603511 ], [ -50.8252547, -29.3603329 ], [ -50.8253464, -29.3603282 ], [ -50.8255084, -29.3603436 ], [ -50.8256195, -29.3603726 ], [ -50.8257151, -29.3604173 ], [ -50.8259549, -29.3605406 ], [ -50.8262478, -29.3607153 ], [ -50.826409, -29.3608239 ], [ -50.8266538, -29.3609969 ], [ -50.8266647, -29.3610046 ], [ -50.8268221, -29.3611271 ], [ -50.8269938, -29.3612481 ], [ -50.827378, -29.3614912 ], [ -50.8275168, -29.361563199999985 ], [ -50.8278622, -29.3617104 ], [ -50.8282283, -29.3618354 ], [ -50.8285562, -29.3619254 ], [ -50.8286789, -29.3619517 ], [ -50.8289273, -29.3619801 ], [ -50.8291671, -29.3620119 ], [ -50.8292408, -29.3620195 ], [ -50.8293713, -29.362028 ], [ -50.8294648, -29.3620324 ], [ -50.8295748, -29.36203 ], [ -50.8297055, -29.3620274 ], [ -50.8298913, -29.3620213 ], [ -50.8301032, -29.3620032 ], [ -50.8304056, -29.361962199999986 ], [ -50.8306034, -29.361926 ], [ -50.830932, -29.3618454 ], [ -50.8312994, -29.3617425 ], [ -50.8317098, -29.361635 ], [ -50.8325303, -29.361410500000012 ], [ -50.832603, -29.360306 ], [ -50.8329678, -29.3594457 ], [ -50.8336598, -29.3582535 ], [ -50.8333996, -29.3582395 ], [ -50.8330697, -29.3583634 ], [ -50.8327612, -29.3583517 ], [ -50.8324984, -29.3582114 ], [ -50.8319727, -29.3583891 ], [ -50.8317608, -29.3583213 ], [ -50.8311868, -29.3584358 ], [ -50.8315301, -29.358183399999987 ], [ -50.8313692, -29.3579496 ], [ -50.8346522, -29.3558736 ], [ -50.8335632, -29.3545925 ], [ -50.8340889, -29.3541904 ], [ -50.8329503, -29.3526358 ], [ -50.8329825, -29.3527281 ] ] ] } },
{ "type": "Feature", "properties": { "name": "Pinheiro Grosso", "code_muni": 4304408.0, "name_muni": "Canela" }, "geometry": { "type": "Polygon", "coordinates": [ [ [ -50.8340889, -29.3541904 ], [ -50.8335632, -29.3545925 ], [ -50.8346522, -29.3558736 ], [ -50.8313692, -29.3579496 ], [ -50.8315301, -29.358183399999987 ], [ -50.8311868, -29.3584358 ], [ -50.8317608, -29.3583213 ], [ -50.8319727, -29.3583891 ], [ -50.8324984, -29.3582114 ], [ -50.8327612, -29.3583517 ], [ -50.8330697, -29.3583634 ], [ -50.8333996, -29.3582395 ], [ -50.8336598, -29.3582535 ], [ -50.8339495, -29.3578093 ], [ -50.8342284, -29.3575755 ], [ -50.8344483, -29.3574961 ], [ -50.8345825, -29.3573464 ], [ -50.8347648, -29.3572436 ], [ -50.8349901, -29.3572296 ], [ -50.8351243, -29.3571501 ], [ -50.8350974, -29.3580244 ], [ -50.8363795, -29.3578982 ], [ -50.8363688, -29.3591044 ], [ -50.8376563, -29.3589221 ], [ -50.8380854, -29.3546673 ], [ -50.8382893, -29.3541717 ], [ -50.8384931, -29.354265200000015 ], [ -50.8385307, -29.3542419 ], [ -50.8384475, -29.3541554 ], [ -50.8384663, -29.3539052 ], [ -50.8383322, -29.3538842 ], [ -50.8381203, -29.3539239 ], [ -50.837498, -29.3539379 ], [ -50.8374175, -29.353804699999987 ], [ -50.8377233, -29.3537462 ], [ -50.837903, -29.353634 ], [ -50.8379459, -29.3535288 ], [ -50.8379218, -29.3531898 ], [ -50.8380827, -29.352914 ], [ -50.8382168, -29.352783 ], [ -50.8381042, -29.3527223 ], [ -50.8379138, -29.3527339 ], [ -50.8378628, -29.3527036 ], [ -50.8378494, -29.3526124 ], [ -50.8379164, -29.3525422 ], [ -50.8379835, -29.3524955 ], [ -50.8379808, -29.3524417 ], [ -50.8379298, -29.3524066 ], [ -50.8378494, -29.3524464 ], [ -50.8377823, -29.3524347 ], [ -50.8376348, -29.3522243 ], [ -50.8377206, -29.3520092 ], [ -50.837836, -29.3519321 ], [ -50.8380479, -29.3519017 ], [ -50.8379942, -29.3518643 ], [ -50.8377931, -29.3518385 ], [ -50.837667, -29.3519017 ], [ -50.8375946, -29.3519017 ], [ -50.837549, -29.3518596 ], [ -50.8375812, -29.3517637 ], [ -50.8376831, -29.3517333 ], [ -50.8377743, -29.3517193 ], [ -50.8378279, -29.3516702 ], [ -50.837836, -29.3515977 ], [ -50.8377823, -29.351572 ], [ -50.8376563, -29.3515533 ], [ -50.8375919, -29.3515159 ], [ -50.8375597, -29.3514364 ], [ -50.8375731, -29.351399 ], [ -50.8376402, -29.3513756 ], [ -50.8377314, -29.3513219 ], [ -50.837726, -29.3511956 ], [ -50.8376992, -29.3511185 ], [ -50.8377367, -29.3510343 ], [ -50.83782260000001, -29.3510062 ], [ -50.8381451, -29.3505134 ], [ -50.8382651, -29.3504232 ], [ -50.8383637, -29.350283 ], [ -50.8384772, -29.3500934 ], [ -50.8386423, -29.3497719 ], [ -50.8388954, -29.3492423 ], [ -50.8389529, -29.3491864 ], [ -50.8391662, -29.348973300000011 ], [ -50.8392603, -29.3487524 ], [ -50.83927, -29.3485038 ], [ -50.8391866, -29.3482403 ], [ -50.8390534, -29.3478103 ], [ -50.8390483, -29.3477943 ], [ -50.838961, -29.347691799999989 ], [ -50.8388134, -29.3474507 ], [ -50.8388074, -29.3473975 ], [ -50.8388225, -29.3472878 ], [ -50.838825, -29.3472436 ], [ -50.8387389, -29.3471829 ], [ -50.8386537, -29.346876399999985 ], [ -50.8386448, -29.3467218 ], [ -50.8385527, -29.3465792 ], [ -50.8384364, -29.3464926 ], [ -50.8383876, -29.3464008 ], [ -50.8384764, -29.3461446 ], [ -50.8385099, -29.346084500000014 ], [ -50.8385111, -29.3460198 ], [ -50.8384721, -29.3459901 ], [ -50.8384937, -29.3458289 ], [ -50.8384594, -29.3457385 ], [ -50.8380716, -29.3458546 ], [ -50.8377942, -29.3458261 ], [ -50.837752, -29.3457355 ], [ -50.8379183, -29.345433 ], [ -50.8380147, -29.345388299999989 ], [ -50.8381459, -29.3451819 ], [ -50.8381226, -29.3451359 ], [ -50.8380669, -29.3451299 ], [ -50.8380192, -29.3450899 ], [ -50.8380349, -29.3449884 ], [ -50.8379794, -29.3448941 ], [ -50.8377604, -29.344894 ], [ -50.8373988, -29.3449883 ], [ -50.8372057, -29.3451379 ], [ -50.8370264, -29.3455163 ], [ -50.8366758, -29.3457755 ], [ -50.8363475, -29.3458155 ], [ -50.8362068, -29.3458691 ], [ -50.8359861, -29.3458197 ], [ -50.8357036, -29.3456336 ], [ -50.8354998, -29.3455588 ], [ -50.8352316, -29.3455681 ], [ -50.8350384, -29.345671 ], [ -50.8349526, -29.3458581 ], [ -50.8349419, -29.3460731 ], [ -50.834899, -29.3462789 ], [ -50.8347488, -29.346653 ], [ -50.8346093, -29.34684 ], [ -50.8344269, -29.3469803 ], [ -50.8342016, -29.3470551 ], [ -50.8330482, -29.347172 ], [ -50.8326405, -29.3469897 ], [ -50.8325493, -29.3469242 ], [ -50.8317447, -29.3467231 ], [ -50.8331072, -29.348673 ], [ -50.833069, -29.3490897 ], [ -50.8330302, -29.3490856 ], [ -50.8322992, -29.3490091 ], [ -50.8323073, -29.349062599999986 ], [ -50.83232, -29.3491266 ], [ -50.8323455, -29.3491929 ], [ -50.83238570000001, -29.349267099999988 ], [ -50.832479, -29.3493668 ], [ -50.8325138, -29.3494363 ], [ -50.832552, -29.34951 ], [ -50.8326063, -29.3496251 ], [ -50.8325702, -29.3496387 ], [ -50.8325473, -29.349647300000012 ], [ -50.832499, -29.3496707 ], [ -50.83243, -29.3497286 ], [ -50.8323435, -29.3498116 ], [ -50.8322798, -29.349898100000015 ], [ -50.8322094, -29.3500261 ], [ -50.832139, -29.3502114 ], [ -50.832088, -29.3504007 ], [ -50.8320679, -29.3505702 ], [ -50.8320723, -29.3507607 ], [ -50.8321005, -29.3509793 ], [ -50.8322574, -29.351661 ], [ -50.8322971, -29.3518218 ], [ -50.8323327, -29.351921 ], [ -50.8323911, -29.3520267 ], [ -50.8324855, -29.35214 ], [ -50.8328839, -29.3525498 ], [ -50.8329503, -29.3526358 ], [ -50.8340889, -29.3541904 ] ] ] } },
{ "type": "Feature", "properties": { "name": "Caracol", "code_muni": 4304408.0, "name_muni": "Canela" }, "geometry": { "type": "Polygon", "coordinates": [ [ [ -50.8529998, -29.310818 ], [ -50.852914, -29.3107443 ], [ -50.8528389, -29.3106051 ], [ -50.8526216, -29.3104017 ], [ -50.852455, -29.3102143 ], [ -50.8482564, -29.3079564 ], [ -50.847795, -29.3085083 ], [ -50.8473659, -29.3087797 ], [ -50.846926, -29.3088732 ], [ -50.8464968, -29.3091258 ], [ -50.8416152, -29.3141496 ], [ -50.8444691, -29.3164134 ], [ -50.8445764, -29.317274099999985 ], [ -50.845542, -29.317854099999987 ], [ -50.8475161, -29.3205108 ], [ -50.8488572, -29.3216052 ], [ -50.8482027, -29.3228867 ], [ -50.8469582, -29.3240279 ], [ -50.8461642, -29.3255059 ], [ -50.8435679, -29.3285365 ], [ -50.8426238, -29.332016 ], [ -50.8432246, -29.3342608 ], [ -50.8428383, -29.3353832 ], [ -50.841465, -29.33673 ], [ -50.8401776, -29.3385257 ], [ -50.839963, -29.3395171 ], [ -50.8445656, -29.3424725 ], [ -50.8444476, -29.34169630000001 ], [ -50.844488286995954, -29.341494154939607 ], [ -50.844457597, -29.341433313 ], [ -50.844510838902998, -29.341382110022462 ], [ -50.8445549, -29.3411632 ], [ -50.844890609535035, -29.341016880779517 ], [ -50.845676132916289, -29.340261423238047 ], [ -50.8455956, -29.3396761 ], [ -50.8458316, -29.3390402 ], [ -50.8465719, -29.3386941 ], [ -50.8473015, -29.3379365 ], [ -50.8482188, -29.3374782 ], [ -50.848546, -29.3367487 ], [ -50.8489323, -29.3364447 ], [ -50.8494473, -29.3363559 ], [ -50.8497906, -29.3362203 ], [ -50.8501875, -29.3358321 ], [ -50.85050263036689, -29.3356193106452 ], [ -50.85074601719365, -29.335385205938667 ], [ -50.8509493, -29.3351681 ], [ -50.8507562, -29.3347285 ], [ -50.8506172, -29.3343411 ], [ -50.85069080000001, -29.3342178 ], [ -50.8507574, -29.3341406 ], [ -50.8508127, -29.3340284 ], [ -50.8510085, -29.333966 ], [ -50.8510351, -29.3339334 ], [ -50.8510571, -29.3338546 ], [ -50.8510459, -29.3337945 ], [ -50.8510165, -29.333767600000016 ], [ -50.8509065, -29.3337082 ], [ -50.8509316, -29.3335749 ], [ -50.8509987, -29.3335282 ], [ -50.8510215, -29.3333458 ], [ -50.8509802, -29.3331352 ], [ -50.8510544, -29.3331107 ], [ -50.851089, -29.333006099999988 ], [ -50.851134, -29.332963400000011 ], [ -50.8511636, -29.3328695 ], [ -50.8513283, -29.3325682 ], [ -50.8513435, -29.332449 ], [ -50.8514638, -29.3323129 ], [ -50.8515022, -29.3323171 ], [ -50.851553, -29.3323916 ], [ -50.8514734, -29.3325444 ], [ -50.8514978, -29.3326916 ], [ -50.8515226, -29.332831 ], [ -50.8515726, -29.3328636 ], [ -50.8516359, -29.3328578 ], [ -50.8517754, -29.3327456 ], [ -50.851976427043539, -29.332650467038182 ], [ -50.8524095289999, -29.331462489999989 ], [ -50.854017201077106, -29.330605432029571 ], [ -50.8540222, -29.3303925 ], [ -50.8541595, -29.3302546 ], [ -50.8541721, -29.3301119 ], [ -50.8542438, -29.3299933 ], [ -50.8544791, -29.3297104 ], [ -50.8549462, -29.3294716 ], [ -50.855006575375143, -29.329403752551038 ], [ -50.855222537617003, -29.328628480309348 ], [ -50.8551389, -29.3282138 ], [ -50.8551882, -29.3278718 ], [ -50.8555128, -29.3275287 ], [ -50.8555113, -29.3273791 ], [ -50.8554194, -29.3271708 ], [ -50.8553981, -29.3270419 ], [ -50.8552161, -29.3268792 ], [ -50.8551832, -29.3266425 ], [ -50.8550505, -29.326365599999985 ], [ -50.85506680000001, -29.3261865 ], [ -50.8551744, -29.3260458 ], [ -50.8552983, -29.3257321 ], [ -50.8553811, -29.3256259 ], [ -50.8555475, -29.3256118 ], [ -50.8558359, -29.3255414 ], [ -50.8560595, -29.3254025 ], [ -50.856167409869251, -29.325236385586333 ], [ -50.856261764611645, -29.324897638832709 ], [ -50.8562533, -29.3247255 ], [ -50.8562322, -29.3245051 ], [ -50.8562532, -29.3243677 ], [ -50.856264, -29.32423 ], [ -50.8562518, -29.3239808 ], [ -50.8562725, -29.3237524 ], [ -50.8562793, -29.3236433 ], [ -50.8563405, -29.3235761 ], [ -50.8564895, -29.3231678 ], [ -50.8565523, -29.3227234 ], [ -50.8566447, -29.322416800000013 ], [ -50.8566188, -29.3222643 ], [ -50.8565871, -29.3221736 ], [ -50.8565095, -29.3220908 ], [ -50.8564157, -29.3220502 ], [ -50.8563587, -29.3219786 ], [ -50.8563643, -29.321921 ], [ -50.8563757, -29.3217776 ], [ -50.8564242, -29.3215054 ], [ -50.8564021, -29.3213681 ], [ -50.8564278, -29.321323 ], [ -50.8564451, -29.32120080000001 ], [ -50.8564796, -29.3211473 ], [ -50.8565462, -29.3211092 ], [ -50.8566293, -29.3210981 ], [ -50.8567177, -29.3209832 ], [ -50.8568247, -29.3209266 ], [ -50.8569146, -29.3209036 ], [ -50.8569531, -29.3208501 ], [ -50.857004, -29.320836 ], [ -50.8571077, -29.3208396 ], [ -50.8572604, -29.3207472 ], [ -50.8572874, -29.3206972 ], [ -50.8573206, -29.3206621 ], [ -50.8573771, -29.3206505 ], [ -50.857415, -29.3205981 ], [ -50.857422584973179, -29.320562940261457 ], [ -50.856128249963284, -29.319102096183929 ], [ -50.8560233, -29.3191364 ], [ -50.8559174, -29.3191897 ], [ -50.8557699, -29.3191908 ], [ -50.8556031, -29.3191836 ], [ -50.8554664, -29.319153 ], [ -50.8553351, -29.3190487 ], [ -50.8552913, -29.318863 ], [ -50.8552377, -29.3184935 ], [ -50.855404165874276, -29.318284838970655 ], [ -50.855054337, -29.317889989 ], [ -50.855702049783737, -29.315927598901027 ], [ -50.8555503, -29.3155773 ], [ -50.8555941, -29.3152631 ], [ -50.8555588, -29.3151613 ], [ -50.8555986, -29.3150165 ], [ -50.8556996, -29.3149088 ], [ -50.8558055, -29.3148495 ], [ -50.8559614, -29.314823 ], [ -50.856063078354254, -29.314833748007587 ], [ -50.857069529564207, -29.311784253732249 ], [ -50.857009342113116, -29.311688487870388 ], [ -50.853670036, -29.311843122 ], [ -50.853171180623569, -29.310911907262248 ], [ -50.8529998, -29.310818 ] ] ] } },
{ "type": "Feature", "properties": { "name": "Saiqui", "code_muni": 4304408.0, "name_muni": "Canela" }, "geometry": { "type": "Polygon", "coordinates": [ [ [ -50.7846357, -29.3204079 ], [ -50.7851225, -29.3202956 ], [ -50.7855584, -29.3200816 ], [ -50.7860103, -29.3195823 ], [ -50.78619, -29.3191146 ], [ -50.7861458, -29.318247 ], [ -50.786296, -29.317619 ], [ -50.7865897, -29.3171244 ], [ -50.7872213, -29.3166005 ], [ -50.7885826, -29.3161726 ], [ -50.7876089, -29.3157586 ], [ -50.7868418, -29.3154522 ], [ -50.7862785, -29.3151295 ], [ -50.7859728, -29.3149985 ], [ -50.7857314, -29.3149588 ], [ -50.7853612, -29.3148605 ], [ -50.784342, -29.3144115 ], [ -50.783473, -29.3139765 ], [ -50.7825154, -29.3135508 ], [ -50.7820165, -29.313345 ], [ -50.7818288, -29.313228100000011 ], [ -50.7816464, -29.3130948 ], [ -50.7814398, -29.3129498 ], [ -50.7812973, -29.3128521 ], [ -50.7811528, -29.3127954 ], [ -50.7809679, -29.3127657 ], [ -50.7807854, -29.312751 ], [ -50.7801041, -29.312814100000015 ], [ -50.7795703, -29.3129334 ], [ -50.7792753, -29.3130387 ], [ -50.7791171, -29.3131041 ], [ -50.7789937, -29.3131977 ], [ -50.7789132, -29.3132936 ], [ -50.7787295, -29.3136912 ], [ -50.7784787, -29.3142115 ], [ -50.7783151, -29.3145612 ], [ -50.7781246, -29.3147495 ], [ -50.7778068, -29.3149974 ], [ -50.7775171, -29.315155199999989 ], [ -50.7772192, -29.3153027 ], [ -50.7771512, -29.3153578 ], [ -50.7771019, -29.3154058 ], [ -50.7770714, -29.3154625 ], [ -50.7770657, -29.3155227 ], [ -50.7770673, -29.3155903 ], [ -50.7770769, -29.3156723 ], [ -50.7772139, -29.3159654 ], [ -50.7772529, -29.3161637 ], [ -50.7772606, -29.3163376 ], [ -50.7772286, -29.3165925 ], [ -50.7772652, -29.3168956 ], [ -50.7773988, -29.3175143 ], [ -50.777417, -29.3176324 ], [ -50.7774121, -29.3177423 ], [ -50.777396, -29.3178422 ], [ -50.7773587, -29.3179651 ], [ -50.7770216, -29.3188083 ], [ -50.77698, -29.3188769 ], [ -50.7769408, -29.318930200000015 ], [ -50.776866, -29.3190122 ], [ -50.7767588, -29.3191185 ], [ -50.7766594, -29.319190400000011 ], [ -50.7765455, -29.3192459 ], [ -50.7764595, -29.3192826 ], [ -50.7763407, -29.319316700000012 ], [ -50.7760288, -29.3193603 ], [ -50.7759454, -29.3193884 ], [ -50.7758704, -29.3194309 ], [ -50.7757519, -29.3195188 ], [ -50.775201, -29.3199214 ], [ -50.7747118, -29.3202635 ], [ -50.7746524, -29.32032 ], [ -50.7743968, -29.320608 ], [ -50.7740837, -29.3209373 ], [ -50.7740287, -29.3209813 ], [ -50.7739714, -29.32102 ], [ -50.7738755, -29.3210929 ], [ -50.7737276, -29.3212207 ], [ -50.7736585, -29.3212496 ], [ -50.7736006, -29.3212994 ], [ -50.7735327, -29.3213714 ], [ -50.7734774, -29.321426 ], [ -50.773436, -29.3214658 ], [ -50.7733537, -29.3215521 ], [ -50.7720596, -29.3219952 ], [ -50.7697209, -29.3227658 ], [ -50.7694606, -29.3228602 ], [ -50.7657964, -29.32409 ], [ -50.7655088, -29.3241789 ], [ -50.7652141, -29.3242525 ], [ -50.764926, -29.3243109 ], [ -50.764634, -29.3243554 ], [ -50.7643385, -29.3243813 ], [ -50.7640162, -29.324406 ], [ -50.7637738, -29.3244112 ], [ -50.7635417, -29.3244106 ], [ -50.7632977, -29.3244006 ], [ -50.7630421, -29.3243814 ], [ -50.7645822, -29.3299396 ], [ -50.7717598, -29.3278023 ], [ -50.7798815, -29.3271428 ], [ -50.7803633, -29.3269113 ], [ -50.7792853, -29.3235253 ], [ -50.7794309, -29.3235299 ], [ -50.779624, -29.3235743 ], [ -50.7797876, -29.3236468 ], [ -50.7799593, -29.323724 ], [ -50.7801443, -29.3237871 ], [ -50.7803267, -29.3238035 ], [ -50.7804315, -29.3237941 ], [ -50.780511, -29.3237822 ], [ -50.7809073, -29.3235778 ], [ -50.7810328, -29.3235158 ], [ -50.7811589, -29.323478 ], [ -50.7813, -29.323464 ], [ -50.7814508, -29.3234659 ], [ -50.7815877, -29.3234937 ], [ -50.7817368, -29.3235654 ], [ -50.781857, -29.3236524 ], [ -50.7819566, -29.3237741 ], [ -50.7820386, -29.3239444 ], [ -50.7821624, -29.3244293 ], [ -50.7865763, -29.322981500000012 ], [ -50.7846357, -29.3204079 ] ] ] } },
{ "type": "Feature", "properties": { "name": "Caçador", "code_muni": 4304408.0, "name_muni": "Canela" }, "geometry": { "type": "Polygon", "coordinates": [ [ [ -50.7912989, -29.3316311 ], [ -50.7920213, -29.3318506 ], [ -50.7942968, -29.3331952 ], [ -50.7950352, -29.3347426 ], [ -50.7955372, -29.335719 ], [ -50.795987, -29.3364765 ], [ -50.7962797, -29.3370382 ], [ -50.7967777, -29.337538 ], [ -50.7976436, -29.3378463 ], [ -50.7977249, -29.3379314 ], [ -50.8002148, -29.3360738 ], [ -50.8001546, -29.3359833 ], [ -50.8000667, -29.3358787 ], [ -50.7999779, -29.3357869 ], [ -50.7996762, -29.3355153 ], [ -50.7995997, -29.3354124 ], [ -50.7995394, -29.3353049 ], [ -50.799475, -29.3351634 ], [ -50.7993731, -29.334944799999985 ], [ -50.7992685, -29.3347916 ], [ -50.8000074, -29.3344257 ], [ -50.79988, -29.3341638 ], [ -50.7997338, -29.3340188 ], [ -50.7990231, -29.3321563 ], [ -50.7989641, -29.3317541 ], [ -50.7989936, -29.3313555 ], [ -50.7994214, -29.3306002 ], [ -50.7995193, -29.3300623 ], [ -50.7993932, -29.3295385 ], [ -50.798779, -29.3285389 ], [ -50.7985282, -29.3282887 ], [ -50.7987294, -29.3273813 ], [ -50.7987387, -29.3268014 ], [ -50.7982707, -29.3260519 ], [ -50.7979887, -29.3249979 ], [ -50.7984115, -29.324861099999989 ], [ -50.7988849, -29.3240443 ], [ -50.7990251, -29.3230943 ], [ -50.7989969, -29.3226535 ], [ -50.79861540000001, -29.3218578 ], [ -50.7980702, -29.3211586 ], [ -50.798272, -29.3207528 ], [ -50.7985899, -29.3206113 ], [ -50.798732, -29.320478 ], [ -50.7967606, -29.3185112 ], [ -50.7958487, -29.3193169 ], [ -50.7955872, -29.3200196 ], [ -50.7953305, -29.3198585 ], [ -50.7949685, -29.3195791 ], [ -50.7948617, -29.319519599999989 ], [ -50.794708, -29.3194744 ], [ -50.7942831, -29.3193932 ], [ -50.7942169, -29.319364499999988 ], [ -50.7941569, -29.3193109 ], [ -50.7941152, -29.3192458 ], [ -50.7938905, -29.3188934 ], [ -50.7938092, -29.3187694 ], [ -50.7936904, -29.3186031 ], [ -50.7935517, -29.318441 ], [ -50.793253, -29.318098299999988 ], [ -50.7931586, -29.3179616 ], [ -50.7927721, -29.3173909 ], [ -50.7927369, -29.3173251 ], [ -50.792695, -29.3172218 ], [ -50.7926546, -29.317028 ], [ -50.7925715, -29.3168401 ], [ -50.7924173, -29.3165605 ], [ -50.7923523, -29.3164773 ], [ -50.7922526, -29.3164188 ], [ -50.7922118, -29.3164097 ], [ -50.7921674, -29.3163999 ], [ -50.7921329, -29.3163922 ], [ -50.7919939, -29.3163965 ], [ -50.791846, -29.3164174 ], [ -50.7915955, -29.3164596 ], [ -50.7912834, -29.3165325 ], [ -50.7908824, -29.316671700000011 ], [ -50.7905011, -29.3168047 ], [ -50.7903765, -29.3168407 ], [ -50.790327, -29.3168439 ], [ -50.7902603, -29.3168397 ], [ -50.7901874, -29.3168188 ], [ -50.7898556, -29.3166703 ], [ -50.7895818, -29.3165319 ], [ -50.7885826, -29.3161726 ], [ -50.7872213, -29.3166005 ], [ -50.7865897, -29.3171244 ], [ -50.786296, -29.317619 ], [ -50.7861458, -29.318247 ], [ -50.78619, -29.3191146 ], [ -50.7860103, -29.3195823 ], [ -50.7855584, -29.3200816 ], [ -50.7851225, -29.3202956 ], [ -50.7846357, -29.3204079 ], [ -50.7865763, -29.322981500000012 ], [ -50.7912989, -29.3316311 ] ] ] } },
{ "type": "Feature", "properties": { "name": "Jardim das Fontes", "code_muni": 4304408.0, "name_muni": "Canela" }, "geometry": { "type": "Polygon", "coordinates": [ [ [ -50.7865763, -29.322981500000012 ], [ -50.7821624, -29.3244293 ], [ -50.7820386, -29.3239444 ], [ -50.7819566, -29.3237741 ], [ -50.781857, -29.3236524 ], [ -50.7817368, -29.3235654 ], [ -50.7815877, -29.3234937 ], [ -50.7814508, -29.3234659 ], [ -50.7813, -29.323464 ], [ -50.7811589, -29.323478 ], [ -50.7810328, -29.3235158 ], [ -50.7809073, -29.3235778 ], [ -50.780511, -29.3237822 ], [ -50.7804315, -29.3237941 ], [ -50.7803267, -29.3238035 ], [ -50.7801443, -29.3237871 ], [ -50.7799593, -29.323724 ], [ -50.7797876, -29.3236468 ], [ -50.779624, -29.3235743 ], [ -50.7794309, -29.3235299 ], [ -50.7792853, -29.3235253 ], [ -50.7803633, -29.3269113 ], [ -50.7805956, -29.3276563 ], [ -50.7808506, -29.3284703 ], [ -50.7811936, -29.329618799999988 ], [ -50.7814654, -29.3304826 ], [ -50.7816641, -29.3310829 ], [ -50.7817442, -29.331297700000015 ], [ -50.7817935, -29.3314181 ], [ -50.7818428, -29.3315344 ], [ -50.7819143, -29.3316899 ], [ -50.7820276, -29.3319052 ], [ -50.7821418, -29.332092799999987 ], [ -50.7822877, -29.332303 ], [ -50.7824532, -29.3325059 ], [ -50.782594, -29.3326766 ], [ -50.782702, -29.3328076 ], [ -50.7828269, -29.3329481 ], [ -50.78295150000001, -29.3330805 ], [ -50.7830395, -29.3331665 ], [ -50.7837567, -29.3338673 ], [ -50.7851974, -29.3352662 ], [ -50.7855517, -29.3356135 ], [ -50.7912989, -29.3316311 ], [ -50.7865763, -29.322981500000012 ] ] ] } },
{ "type": "Feature", "properties": { "name": "Rancho Jane", "code_muni": 4304408.0, "name_muni": "Canela" }, "geometry": { "type": "Polygon", "coordinates": [ [ [ -50.7672215, -29.337684 ], [ -50.7690454, -29.3404898 ], [ -50.7736588, -29.3451099 ], [ -50.7764054, -29.3482895 ], [ -50.7760835, -29.3472795 ], [ -50.7773066, -29.3425474 ], [ -50.7762981, -29.3419862 ], [ -50.7855517, -29.3356135 ], [ -50.7851974, -29.3352662 ], [ -50.7837567, -29.3338673 ], [ -50.7830395, -29.3331665 ], [ -50.78295150000001, -29.3330805 ], [ -50.7828269, -29.3329481 ], [ -50.782702, -29.3328076 ], [ -50.782594, -29.3326766 ], [ -50.7824532, -29.3325059 ], [ -50.7822877, -29.332303 ], [ -50.7821418, -29.332092799999987 ], [ -50.7820276, -29.3319052 ], [ -50.7819143, -29.3316899 ], [ -50.7818428, -29.3315344 ], [ -50.7817935, -29.3314181 ], [ -50.7817442, -29.331297700000015 ], [ -50.7816641, -29.3310829 ], [ -50.7814654, -29.3304826 ], [ -50.7811936, -29.329618799999988 ], [ -50.7808506, -29.3284703 ], [ -50.7805956, -29.3276563 ], [ -50.7803633, -29.3269113 ], [ -50.7798815, -29.3271428 ], [ -50.7717598, -29.3278023 ], [ -50.7645822, -29.3299396 ], [ -50.7672215, -29.337684 ] ] ] } },
{ "type": "Feature", "properties": { "name": "Distrito Industrial", "code_muni": 4304408.0, "name_muni": "Canela" }, "geometry": { "type": "Polygon", "coordinates": [ [ [ -50.7906284, -29.3412842 ], [ -50.7906735, -29.3412673 ], [ -50.7910483, -29.3409924 ], [ -50.7914504, -29.3407009 ], [ -50.7916662, -29.3405456 ], [ -50.7923221, -29.3400792 ], [ -50.7941597, -29.3387821 ], [ -50.7948752, -29.3382629 ], [ -50.7949301, -29.3382186 ], [ -50.7949992, -29.3381548 ], [ -50.7950277, -29.3380999 ], [ -50.79505, -29.3380113 ], [ -50.7950602, -29.3379245 ], [ -50.7950155, -29.3371926 ], [ -50.794989, -29.3369605 ], [ -50.7949443, -29.3368453 ], [ -50.7948824, -29.3367107 ], [ -50.794517, -29.3361098 ], [ -50.79461, -29.3360689 ], [ -50.7946652, -29.3360415 ], [ -50.7955372, -29.335719 ], [ -50.7950352, -29.3347426 ], [ -50.7942968, -29.3331952 ], [ -50.7920213, -29.3318506 ], [ -50.7912989, -29.3316311 ], [ -50.7855517, -29.3356135 ], [ -50.7762981, -29.3419862 ], [ -50.7773066, -29.3425474 ], [ -50.7760835, -29.3472795 ], [ -50.7764054, -29.3482895 ], [ -50.7812762, -29.3448761 ], [ -50.7824913, -29.3435247 ], [ -50.7863617, -29.3407073 ], [ -50.7881285, -29.3419279 ], [ -50.788223, -29.341954799999986 ], [ -50.7886332, -29.342190699999989 ], [ -50.7891222, -29.3424891 ], [ -50.7894256, -29.3426732 ], [ -50.7896988, -29.342846 ], [ -50.7904621, -29.343299099999989 ], [ -50.790837, -29.3435411 ], [ -50.790898, -29.3435826 ], [ -50.7909308, -29.343613 ], [ -50.7909697, -29.3436515 ], [ -50.7910381, -29.3437094 ], [ -50.7911612, -29.343555899999988 ], [ -50.7911072, -29.3433786 ], [ -50.7910301, -29.343115 ], [ -50.7910126, -29.3430582 ], [ -50.7909374, -29.3428484 ], [ -50.7908671, -29.34264970000001 ], [ -50.7908107, -29.3424663 ], [ -50.7907796, -29.342371499999988 ], [ -50.7907471, -29.3423106 ], [ -50.7906962, -29.3421905 ], [ -50.7906445, -29.3420529 ], [ -50.7906163, -29.3419313 ], [ -50.7905951, -29.341875399999989 ], [ -50.7905453, -29.3417442 ], [ -50.7905046, -29.3416484 ], [ -50.7903784, -29.3414095 ], [ -50.7906284, -29.3412842 ] ] ] } },
{ "type": "Feature", "properties": { "name": "Jardim Mariana", "code_muni": 4304408.0, "name_muni": "Canela" }, "geometry": { "type": "Polygon", "coordinates": [ [ [ -50.7921454, -29.3456551 ], [ -50.7920318, -29.3455109 ], [ -50.7919604, -29.3454118 ], [ -50.7918216, -29.3451789 ], [ -50.7916973, -29.3449555 ], [ -50.7915608, -29.3446874 ], [ -50.7914905, -29.344523 ], [ -50.7913795, -29.3442528 ], [ -50.7913428, -29.3441229 ], [ -50.7912276, -29.3437145 ], [ -50.7911612, -29.343555899999988 ], [ -50.7910381, -29.3437094 ], [ -50.7909697, -29.3436515 ], [ -50.7909308, -29.343613 ], [ -50.790898, -29.3435826 ], [ -50.790837, -29.3435411 ], [ -50.7904621, -29.343299099999989 ], [ -50.7896988, -29.342846 ], [ -50.7894256, -29.3426732 ], [ -50.7891222, -29.3424891 ], [ -50.7886332, -29.342190699999989 ], [ -50.788223, -29.341954799999986 ], [ -50.7881285, -29.3419279 ], [ -50.7863617, -29.3407073 ], [ -50.7824913, -29.3435247 ], [ -50.7812762, -29.3448761 ], [ -50.7764054, -29.3482895 ], [ -50.7753539, -29.3550975 ], [ -50.7881641, -29.3487291 ], [ -50.790267, -29.3473357 ], [ -50.7911692, -29.3468242 ], [ -50.7922568, -29.3460123 ], [ -50.7923745, -29.345927799999984 ], [ -50.7921454, -29.3456551 ] ] ] } },
{ "type": "Feature", "properties": { "name": "São Rafael", "code_muni": 4304408.0, "name_muni": "Canela" }, "geometry": { "type": "Polygon", "coordinates": [ [ [ -50.7930037, -29.3455818 ], [ -50.793522, -29.345198599999989 ], [ -50.7944203, -29.3445683 ], [ -50.7950239, -29.3441481 ], [ -50.7952088, -29.3440131 ], [ -50.7956225, -29.3437119 ], [ -50.7961705, -29.3432984 ], [ -50.7964492, -29.3430877 ], [ -50.796856, -29.3427381 ], [ -50.7971178, -29.342506199999988 ], [ -50.7972331, -29.3424387 ], [ -50.7974099, -29.3424331 ], [ -50.7981193, -29.3421009 ], [ -50.7986087, -29.3418693 ], [ -50.7963122, -29.3391647 ], [ -50.7964057, -29.3391133 ], [ -50.7964159, -29.3390495 ], [ -50.7966212, -29.3389343 ], [ -50.7963711, -29.338587 ], [ -50.7977249, -29.3379314 ], [ -50.7976436, -29.3378463 ], [ -50.7967777, -29.337538 ], [ -50.7962797, -29.3370382 ], [ -50.795987, -29.3364765 ], [ -50.7955372, -29.335719 ], [ -50.7946652, -29.3360415 ], [ -50.79461, -29.3360689 ], [ -50.794517, -29.3361098 ], [ -50.7948824, -29.3367107 ], [ -50.7949443, -29.3368453 ], [ -50.794989, -29.3369605 ], [ -50.7950155, -29.3371926 ], [ -50.7950602, -29.3379245 ], [ -50.79505, -29.3380113 ], [ -50.7950277, -29.3380999 ], [ -50.7949992, -29.3381548 ], [ -50.7949301, -29.3382186 ], [ -50.7948752, -29.3382629 ], [ -50.7941597, -29.3387821 ], [ -50.7923221, -29.3400792 ], [ -50.7916662, -29.3405456 ], [ -50.7914504, -29.3407009 ], [ -50.7910483, -29.3409924 ], [ -50.7906735, -29.3412673 ], [ -50.7906284, -29.3412842 ], [ -50.7903784, -29.3414095 ], [ -50.7905046, -29.3416484 ], [ -50.7905453, -29.3417442 ], [ -50.7905951, -29.341875399999989 ], [ -50.7906163, -29.3419313 ], [ -50.7906445, -29.3420529 ], [ -50.7906962, -29.3421905 ], [ -50.7907471, -29.3423106 ], [ -50.7907796, -29.342371499999988 ], [ -50.7908107, -29.3424663 ], [ -50.7908671, -29.34264970000001 ], [ -50.7909374, -29.3428484 ], [ -50.7910126, -29.3430582 ], [ -50.7910301, -29.343115 ], [ -50.7911072, -29.3433786 ], [ -50.7911612, -29.343555899999988 ], [ -50.7912276, -29.3437145 ], [ -50.7913428, -29.3441229 ], [ -50.7913795, -29.3442528 ], [ -50.7914905, -29.344523 ], [ -50.7915608, -29.3446874 ], [ -50.7916973, -29.3449555 ], [ -50.7918216, -29.3451789 ], [ -50.7919604, -29.3454118 ], [ -50.7920318, -29.3455109 ], [ -50.7921454, -29.3456551 ], [ -50.7923745, -29.345927799999984 ], [ -50.7930037, -29.3455818 ] ] ] } },
{ "type": "Feature", "properties": { "name": "São Lucas", "code_muni": 4304408.0, "name_muni": "Canela" }, "geometry": { "type": "Polygon", "coordinates": [ [ [ -50.7922568, -29.3460123 ], [ -50.7911692, -29.3468242 ], [ -50.790267, -29.3473357 ], [ -50.7881641, -29.3487291 ], [ -50.7753539, -29.3550975 ], [ -50.7748604, -29.3577252 ], [ -50.7787013, -29.3610821 ], [ -50.7820594, -29.3583143 ], [ -50.7824564, -29.3578093 ], [ -50.7826388, -29.357136 ], [ -50.7829607, -29.3571828 ], [ -50.7837653, -29.3569771 ], [ -50.7845163, -29.3566685 ], [ -50.7853103, -29.3561542 ], [ -50.7868874, -29.354817 ], [ -50.7873917, -29.3542839 ], [ -50.7876814, -29.353807 ], [ -50.789516, -29.3539099 ], [ -50.7959881, -29.3521425 ], [ -50.7973959, -29.3514891 ], [ -50.7970158, -29.3509705 ], [ -50.7967532, -29.3506529 ], [ -50.7963219, -29.350122699999989 ], [ -50.796186, -29.349937 ], [ -50.7959942, -29.3497189 ], [ -50.7957776, -29.3494741 ], [ -50.7956206, -29.3493155 ], [ -50.795321800000011, -29.3490541 ], [ -50.7948571, -29.3485465 ], [ -50.794572, -29.3482487 ], [ -50.7938671, -29.3474957 ], [ -50.7937417, -29.3473769 ], [ -50.7929674, -29.3465639 ], [ -50.7923745, -29.345927799999984 ], [ -50.7922568, -29.3460123 ] ] ] } },
{ "type": "Feature", "properties": { "name": "Eugênio Ferreira", "code_muni": 4304408.0, "name_muni": "Canela" }, "geometry": { "type": "Polygon", "coordinates": [ [ [ -50.8018104, -29.3603215 ], [ -50.801898, -29.3602744 ], [ -50.802025, -29.3600767 ], [ -50.8024019, -29.359464 ], [ -50.8029801, -29.3585319 ], [ -50.8033313, -29.3579525 ], [ -50.8034842, -29.3576433 ], [ -50.803723, -29.3569892 ], [ -50.803877300000011, -29.3565049 ], [ -50.803888, -29.3564822 ], [ -50.8038971, -29.3564586 ], [ -50.8035337, -29.3563125 ], [ -50.8031767, -29.3561914 ], [ -50.8026561, -29.355997 ], [ -50.8022949, -29.355863 ], [ -50.8021416, -29.3558008 ], [ -50.8019453, -29.3556926 ], [ -50.801719, -29.3555658 ], [ -50.8016739, -29.3555406 ], [ -50.8010217, -29.3551755 ], [ -50.8004168, -29.3548269 ], [ -50.800314, -29.354751 ], [ -50.8001414, -29.3546067 ], [ -50.7998957, -29.3544352 ], [ -50.79972, -29.3542816 ], [ -50.7993595, -29.3539104 ], [ -50.7991438, -29.3536644 ], [ -50.7988882, -29.3532691 ], [ -50.7988125, -29.353176 ], [ -50.7986904, -29.3530441 ], [ -50.7986487, -29.3529865 ], [ -50.7983596, -29.3527141 ], [ -50.7979644, -29.3522696 ], [ -50.797855, -29.3521293 ], [ -50.7973959, -29.3514891 ], [ -50.7959881, -29.3521425 ], [ -50.789516, -29.3539099 ], [ -50.7907243, -29.3593896 ], [ -50.7931007, -29.3611867 ], [ -50.7931333, -29.3611745 ], [ -50.7931782, -29.3611663 ], [ -50.7933777, -29.3611669 ], [ -50.7936412, -29.3611698 ], [ -50.7939282, -29.3611733 ], [ -50.7944398, -29.3611826 ], [ -50.7951743, -29.3611886 ], [ -50.7951839, -29.360689799999989 ], [ -50.7958137, -29.360747 ], [ -50.7959084, -29.360756 ], [ -50.7959979, -29.3607584 ], [ -50.7960768, -29.3607433 ], [ -50.7962215, -29.3606793 ], [ -50.7963179, -29.3606297 ], [ -50.7963955, -29.3605643 ], [ -50.796445, -29.3605127 ], [ -50.7966949, -29.3602102 ], [ -50.7967901, -29.3600886 ], [ -50.7968801, -29.3599204 ], [ -50.7969399, -29.3597784 ], [ -50.7970615, -29.359473799999986 ], [ -50.797238, -29.3592248 ], [ -50.7976802, -29.3590568 ], [ -50.7982278, -29.3588257 ], [ -50.7983277, -29.3587889 ], [ -50.7983827, -29.3587731 ], [ -50.7984326, -29.358765200000011 ], [ -50.7984779, -29.3587634 ], [ -50.7985262, -29.3587704 ], [ -50.7985832, -29.3587889 ], [ -50.7986442, -29.3588168 ], [ -50.7986911, -29.3588429 ], [ -50.7987314, -29.3588765 ], [ -50.7987522, -29.3589098 ], [ -50.7987636, -29.3589548 ], [ -50.7987555, -29.3589925 ], [ -50.7987314, -29.3590436 ], [ -50.7986757, -29.3591378 ], [ -50.7992088, -29.359362 ], [ -50.799372, -29.3594175 ], [ -50.8001731, -29.3595941 ], [ -50.8003171, -29.3596286 ], [ -50.8004317, -29.3596688 ], [ -50.8007967, -29.3598461 ], [ -50.8010541, -29.3599786 ], [ -50.8011438, -29.3600441 ], [ -50.8012109, -29.3601189 ], [ -50.8012672, -29.3601849 ], [ -50.8013932, -29.3604205 ], [ -50.8014152, -29.3605108 ], [ -50.8018104, -29.3603215 ] ] ] } },
{ "type": "Feature", "properties": { "name": "SESI", "code_muni": 4304408.0, "name_muni": "Canela" }, "geometry": { "type": "Polygon", "coordinates": [ [ [ -50.7950788, -29.3718747 ], [ -50.7950514, -29.3715209 ], [ -50.795023, -29.3713991 ], [ -50.7950263, -29.3712876 ], [ -50.7950312, -29.3709753 ], [ -50.7950189, -29.3694974 ], [ -50.7950036, -29.3688498 ], [ -50.7949987, -29.3681636 ], [ -50.7950807, -29.3680892 ], [ -50.7950942, -29.3680173 ], [ -50.7950926, -29.367930300000012 ], [ -50.7950903, -29.3672458 ], [ -50.7950908, -29.3670635 ], [ -50.7950923, -29.3665514 ], [ -50.7950596, -29.3656739 ], [ -50.7950522, -29.3652151 ], [ -50.7951274, -29.3645317 ], [ -50.7951643, -29.3640408 ], [ -50.7951729, -29.3637331 ], [ -50.7951796, -29.3627829 ], [ -50.7951823, -29.3616713 ], [ -50.7951743, -29.3611886 ], [ -50.7944398, -29.3611826 ], [ -50.7939282, -29.3611733 ], [ -50.7936412, -29.3611698 ], [ -50.7933777, -29.3611669 ], [ -50.7931782, -29.3611663 ], [ -50.7931333, -29.3611745 ], [ -50.7931007, -29.3611867 ], [ -50.7907243, -29.3593896 ], [ -50.7899854, -29.3601283 ], [ -50.7895669, -29.3602148 ], [ -50.7889661, -29.3603551 ], [ -50.7886282, -29.3605374 ], [ -50.7877752, -29.3610751 ], [ -50.7874534, -29.3614702 ], [ -50.7873783, -29.3618512 ], [ -50.7871422, -29.362049899999985 ], [ -50.7865897, -29.3628774 ], [ -50.7861444, -29.362898500000011 ], [ -50.7847416, -29.3633099 ], [ -50.7841972, -29.3635846 ], [ -50.7838337, -29.363913 ], [ -50.7823786, -29.364827 ], [ -50.7812735, -29.3650841 ], [ -50.7799472, -29.365786600000014 ], [ -50.780367, -29.3669308 ], [ -50.79460610000001, -29.3720582 ], [ -50.7949903, -29.3720691 ], [ -50.7950838, -29.3720604 ], [ -50.7950788, -29.3718747 ] ] ] } },
{ "type": "Feature", "properties": { "name": "Palace Hotel", "code_muni": 4304408.0, "name_muni": "Canela" }, "geometry": { "type": "Polygon", "coordinates": [ [ [ -50.7996752, -29.3671833 ], [ -50.8001321, -29.3668417 ], [ -50.8008099, -29.3663821 ], [ -50.800963, -29.3662704 ], [ -50.8011273, -29.3661267 ], [ -50.8011903, -29.3660671 ], [ -50.8013506, -29.3658403 ], [ -50.8018385, -29.3650915 ], [ -50.8018756, -29.3650029 ], [ -50.8018803, -29.3649053 ], [ -50.8018702, -29.3648106 ], [ -50.8016275, -29.3638972 ], [ -50.8017234, -29.363879099999984 ], [ -50.8018092, -29.3638692 ], [ -50.8019632, -29.3638645 ], [ -50.8024045, -29.3638601 ], [ -50.8027868, -29.3638563 ], [ -50.8030905, -29.3638566 ], [ -50.8034417, -29.3638566 ], [ -50.8035265, -29.3638493 ], [ -50.8036068, -29.3638211 ], [ -50.8041622, -29.3638095 ], [ -50.804243, -29.3638078 ], [ -50.8042422, -29.3637307 ], [ -50.8042229, -29.361788 ], [ -50.803821, -29.3617807 ], [ -50.8035201, -29.3616223 ], [ -50.802699, -29.3612154 ], [ -50.8025621, -29.361145 ], [ -50.8020166, -29.3608763 ], [ -50.8014152, -29.3605108 ], [ -50.8013932, -29.3604205 ], [ -50.8012672, -29.3601849 ], [ -50.8012109, -29.3601189 ], [ -50.8011438, -29.3600441 ], [ -50.8010541, -29.3599786 ], [ -50.8007967, -29.3598461 ], [ -50.8004317, -29.3596688 ], [ -50.8003171, -29.3596286 ], [ -50.8001731, -29.3595941 ], [ -50.799372, -29.3594175 ], [ -50.7992088, -29.359362 ], [ -50.7986757, -29.3591378 ], [ -50.7987314, -29.3590436 ], [ -50.7987555, -29.3589925 ], [ -50.7987636, -29.3589548 ], [ -50.7987522, -29.3589098 ], [ -50.7987314, -29.3588765 ], [ -50.7986911, -29.3588429 ], [ -50.7986442, -29.3588168 ], [ -50.7985832, -29.3587889 ], [ -50.7985262, -29.3587704 ], [ -50.7984779, -29.3587634 ], [ -50.7984326, -29.358765200000011 ], [ -50.7983827, -29.3587731 ], [ -50.7983277, -29.3587889 ], [ -50.7982278, -29.3588257 ], [ -50.7976802, -29.3590568 ], [ -50.797238, -29.3592248 ], [ -50.7970615, -29.359473799999986 ], [ -50.7969399, -29.3597784 ], [ -50.7968801, -29.3599204 ], [ -50.7967901, -29.3600886 ], [ -50.7966949, -29.3602102 ], [ -50.796445, -29.3605127 ], [ -50.7963955, -29.3605643 ], [ -50.7963179, -29.3606297 ], [ -50.7962215, -29.3606793 ], [ -50.7960768, -29.3607433 ], [ -50.7959979, -29.3607584 ], [ -50.7959084, -29.360756 ], [ -50.7958137, -29.360747 ], [ -50.7951839, -29.360689799999989 ], [ -50.7951743, -29.3611886 ], [ -50.7951823, -29.3616713 ], [ -50.7951796, -29.3627829 ], [ -50.7951729, -29.3637331 ], [ -50.7951643, -29.3640408 ], [ -50.7951274, -29.3645317 ], [ -50.7950522, -29.3652151 ], [ -50.7950596, -29.3656739 ], [ -50.7950923, -29.3665514 ], [ -50.7950908, -29.3670635 ], [ -50.7950903, -29.3672458 ], [ -50.7950926, -29.367930300000012 ], [ -50.7950942, -29.3680173 ], [ -50.7950807, -29.3680892 ], [ -50.7949987, -29.3681636 ], [ -50.7950036, -29.3688498 ], [ -50.7950189, -29.3694974 ], [ -50.7950312, -29.3709753 ], [ -50.7950263, -29.3712876 ], [ -50.795023, -29.3713991 ], [ -50.7950514, -29.3715209 ], [ -50.7950788, -29.3718747 ], [ -50.7952353, -29.3717707 ], [ -50.7954954, -29.3716111 ], [ -50.7955306, -29.3712822 ], [ -50.7955351, -29.370729 ], [ -50.7955422, -29.3698627 ], [ -50.7966732, -29.3690796 ], [ -50.7975647, -29.3684562 ], [ -50.798144, -29.3680513 ], [ -50.7983666, -29.3680446 ], [ -50.7985456, -29.3679909 ], [ -50.7987004, -29.3679088 ], [ -50.7987066, -29.3679055 ], [ -50.7993548, -29.3674274 ], [ -50.7993853, -29.3673561 ], [ -50.79941, -29.3672983 ], [ -50.7994262, -29.367318 ], [ -50.7994487, -29.3673287 ], [ -50.7994742, -29.3673305 ], [ -50.7994934, -29.3673253 ], [ -50.7995097, -29.3673149 ], [ -50.7995211, -29.3673005 ], [ -50.7995266, -29.3672836 ], [ -50.7995262, -29.3672645 ], [ -50.7995167, -29.3672412 ], [ -50.7995047, -29.367230899999988 ], [ -50.7996752, -29.3671833 ] ] ] } },
{ "type": "Feature", "properties": { "name": "Maggi", "code_muni": 4304408.0, "name_muni": "Canela" }, "geometry": { "type": "Polygon", "coordinates": [ [ [ -50.8073859, -29.3685093 ], [ -50.8074084, -29.3677939 ], [ -50.8062867, -29.3678205 ], [ -50.8053457, -29.3678243 ], [ -50.8053439, -29.3677451 ], [ -50.8053436, -29.3674838 ], [ -50.8052626, -29.3666782 ], [ -50.8052679, -29.3664843 ], [ -50.8052849, -29.3662312 ], [ -50.8052897, -29.3661236 ], [ -50.8052825, -29.366039 ], [ -50.8052765, -29.3659562 ], [ -50.8052612, -29.3658886 ], [ -50.8050604, -29.3650776 ], [ -50.8037931, -29.3659884 ], [ -50.8018572, -29.367411199999985 ], [ -50.8018712, -29.3682886 ], [ -50.8018773, -29.369096900000013 ], [ -50.801903, -29.369944 ], [ -50.8019056, -29.370103899999986 ], [ -50.801866, -29.3703813 ], [ -50.8018485, -29.3704729 ], [ -50.8017489, -29.3705439 ], [ -50.8017964, -29.3706316 ], [ -50.8018259, -29.370694699999987 ], [ -50.8019017, -29.3708461 ], [ -50.8019339, -29.3709285 ], [ -50.8019453, -29.3710214 ], [ -50.8019453, -29.3711418 ], [ -50.8018943, -29.3720242 ], [ -50.8018984, -29.3721352 ], [ -50.8019049, -29.3736011 ], [ -50.8018971, -29.3740834 ], [ -50.801602, -29.3740869 ], [ -50.8015336, -29.3742061 ], [ -50.8015658, -29.37433 ], [ -50.8015457, -29.374593 ], [ -50.801543, -29.374988 ], [ -50.8015645, -29.3754438 ], [ -50.801999, -29.37544140000001 ], [ -50.8019561, -29.3757499 ], [ -50.8020401, -29.3761179 ], [ -50.8028397, -29.3762143 ], [ -50.8029459, -29.3762194 ], [ -50.8030469, -29.376191 ], [ -50.8038216, -29.3758579 ], [ -50.804078, -29.3757736 ], [ -50.8048914, -29.3755709 ], [ -50.804968, -29.37554 ], [ -50.8051097, -29.3754302 ], [ -50.8052596, -29.3752024 ], [ -50.8053158, -29.375131399999987 ], [ -50.8063411, -29.3747266 ], [ -50.8074977, -29.3743318 ], [ -50.8074868, -29.3736896 ], [ -50.8074787, -29.3729054 ], [ -50.8074448, -29.3723233 ], [ -50.8074385, -29.3722023 ], [ -50.8074075, -29.3714343 ], [ -50.8074023, -29.3712128 ], [ -50.8073912, -29.3706857 ], [ -50.8073835, -29.370291 ], [ -50.8073701, -29.3699532 ], [ -50.8073716, -29.3692058 ], [ -50.8073781, -29.3686804 ], [ -50.8073859, -29.3685093 ] ] ] } },
{ "type": "Feature", "properties": { "name": "Leodoro de Azevedo", "code_muni": 4304408.0, "name_muni": "Canela" }, "geometry": { "type": "Polygon", "coordinates": [ [ [ -50.8018485, -29.3704729 ], [ -50.801866, -29.3703813 ], [ -50.8019056, -29.370103899999986 ], [ -50.801903, -29.369944 ], [ -50.8018773, -29.369096900000013 ], [ -50.8018712, -29.3682886 ], [ -50.8018572, -29.367411199999985 ], [ -50.8037931, -29.3659884 ], [ -50.8050604, -29.3650776 ], [ -50.8050384, -29.364993 ], [ -50.8050108, -29.3648777 ], [ -50.8042775, -29.3648994 ], [ -50.8042466, -29.3639211 ], [ -50.804243, -29.3638078 ], [ -50.8041622, -29.3638095 ], [ -50.8036068, -29.3638211 ], [ -50.8035265, -29.3638493 ], [ -50.8034417, -29.3638566 ], [ -50.8030905, -29.3638566 ], [ -50.8027868, -29.3638563 ], [ -50.8024045, -29.3638601 ], [ -50.8019632, -29.3638645 ], [ -50.8018092, -29.3638692 ], [ -50.8017234, -29.363879099999984 ], [ -50.8016275, -29.3638972 ], [ -50.8018702, -29.3648106 ], [ -50.8018803, -29.3649053 ], [ -50.8018756, -29.3650029 ], [ -50.8018385, -29.3650915 ], [ -50.8013506, -29.3658403 ], [ -50.8011903, -29.3660671 ], [ -50.8011273, -29.3661267 ], [ -50.800963, -29.3662704 ], [ -50.8008099, -29.3663821 ], [ -50.8001321, -29.3668417 ], [ -50.7996752, -29.3671833 ], [ -50.7995047, -29.367230899999988 ], [ -50.7995167, -29.3672412 ], [ -50.7995262, -29.3672645 ], [ -50.7995266, -29.3672836 ], [ -50.7995211, -29.3673005 ], [ -50.7995097, -29.3673149 ], [ -50.7994934, -29.3673253 ], [ -50.7994742, -29.3673305 ], [ -50.7994487, -29.3673287 ], [ -50.7994262, -29.367318 ], [ -50.79941, -29.3672983 ], [ -50.7993853, -29.3673561 ], [ -50.7993548, -29.3674274 ], [ -50.7987066, -29.3679055 ], [ -50.7987004, -29.3679088 ], [ -50.7985456, -29.3679909 ], [ -50.7983666, -29.3680446 ], [ -50.798144, -29.3680513 ], [ -50.7975647, -29.3684562 ], [ -50.7966732, -29.3690796 ], [ -50.7955422, -29.3698627 ], [ -50.7955351, -29.370729 ], [ -50.7955306, -29.3712822 ], [ -50.7954954, -29.3716111 ], [ -50.7952353, -29.3717707 ], [ -50.7950788, -29.3718747 ], [ -50.7950838, -29.3720604 ], [ -50.7950845, -29.3725751 ], [ -50.7950884, -29.3726304 ], [ -50.7949929, -29.3737752 ], [ -50.7949741, -29.3738716 ], [ -50.7949445, -29.3739286 ], [ -50.79488640000001, -29.374 ], [ -50.7946075, -29.3741524 ], [ -50.794538, -29.3742109 ], [ -50.7945083, -29.3742534 ], [ -50.7944895, -29.3743038 ], [ -50.7944867, -29.3743434 ], [ -50.7944928, -29.3743736 ], [ -50.7945462, -29.3744274 ], [ -50.794727, -29.374525 ], [ -50.7948949, -29.3745781 ], [ -50.7952634, -29.3746728 ], [ -50.7955351, -29.374715599999984 ], [ -50.7957888, -29.3747343 ], [ -50.7965953, -29.374731900000011 ], [ -50.7968822, -29.3747102 ], [ -50.7970298, -29.3747109 ], [ -50.7973661, -29.3747459 ], [ -50.7974612, -29.3747483 ], [ -50.7977891, -29.3747469 ], [ -50.797924, -29.3752175 ], [ -50.798002, -29.3753428 ], [ -50.7990876, -29.3755196 ], [ -50.7994131, -29.3755767 ], [ -50.799521, -29.375584799999988 ], [ -50.7998178, -29.3755427 ], [ -50.7999342, -29.3755329 ], [ -50.8000821, -29.3755486 ], [ -50.8001808, -29.3755838 ], [ -50.8002499, -29.3756145 ], [ -50.800464, -29.3757234 ], [ -50.8005692, -29.3757575 ], [ -50.8013729, -29.3759502 ], [ -50.8016967, -29.3760575 ], [ -50.8020401, -29.3761179 ], [ -50.8019561, -29.3757499 ], [ -50.801999, -29.37544140000001 ], [ -50.8015645, -29.3754438 ], [ -50.801543, -29.374988 ], [ -50.8015457, -29.374593 ], [ -50.8015658, -29.37433 ], [ -50.8015336, -29.3742061 ], [ -50.801602, -29.3740869 ], [ -50.8018971, -29.3740834 ], [ -50.8019049, -29.3736011 ], [ -50.8018984, -29.3721352 ], [ -50.8018943, -29.3720242 ], [ -50.8019453, -29.3711418 ], [ -50.8019453, -29.3710214 ], [ -50.8019339, -29.3709285 ], [ -50.8019017, -29.3708461 ], [ -50.8018259, -29.370694699999987 ], [ -50.8017964, -29.3706316 ], [ -50.8017489, -29.3705439 ], [ -50.8018485, -29.3704729 ] ] ] } },
{ "type": "Feature", "properties": { "name": "Alpes Verdes", "code_muni": 4304408.0, "name_muni": "Canela" }, "geometry": { "type": "Polygon", "coordinates": [ [ [ -50.8137175, -29.3886956 ], [ -50.8138543, -29.3891163 ], [ -50.8143532, -29.3899319 ], [ -50.815319, -29.3908035 ], [ -50.8158419, -29.3910613 ], [ -50.8162911, -29.3911495 ], [ -50.8169771, -29.3911707 ], [ -50.8178173, -29.3910244 ], [ -50.8195031, -29.3900277 ], [ -50.8191209, -29.3839992 ], [ -50.8219358, -29.381399699999989 ], [ -50.8228116, -29.3801873 ], [ -50.8212197, -29.37995 ], [ -50.8206028, -29.3797876 ], [ -50.8198088, -29.3792337 ], [ -50.8201294, -29.3771605 ], [ -50.8207047, -29.3749459 ], [ -50.8198598, -29.3748057 ], [ -50.8191061, -29.3746046 ], [ -50.8185992, -29.3747285 ], [ -50.8183014, -29.375009 ], [ -50.8180493, -29.3750838 ], [ -50.8177114, -29.3750838 ], [ -50.8173493, -29.374868799999987 ], [ -50.8164588, -29.3751165 ], [ -50.8154865, -29.3744574 ], [ -50.8099306, -29.3746047 ], [ -50.8098596, -29.3746023 ], [ -50.8095103, -29.3742842 ], [ -50.8092324, -29.3740149 ], [ -50.8091913, -29.3740661 ], [ -50.8091641, -29.3740849 ], [ -50.8091347, -29.3740998 ], [ -50.8089731, -29.3741655 ], [ -50.808912, -29.3741871 ], [ -50.8088656, -29.3742028 ], [ -50.8088141, -29.374214 ], [ -50.8087548, -29.3742203 ], [ -50.8083702, -29.3742505 ], [ -50.8080238, -29.3742805 ], [ -50.8076903, -29.3743131 ], [ -50.8074977, -29.3743318 ], [ -50.8063411, -29.3747266 ], [ -50.8053158, -29.375131399999987 ], [ -50.8052596, -29.3752024 ], [ -50.8051097, -29.3754302 ], [ -50.804968, -29.37554 ], [ -50.8048914, -29.3755709 ], [ -50.804078, -29.3757736 ], [ -50.8038216, -29.3758579 ], [ -50.8030469, -29.376191 ], [ -50.8029459, -29.3762194 ], [ -50.8028397, -29.3762143 ], [ -50.8020401, -29.3761179 ], [ -50.8016967, -29.3760575 ], [ -50.8013729, -29.3759502 ], [ -50.8005692, -29.3757575 ], [ -50.800464, -29.3757234 ], [ -50.8002499, -29.3756145 ], [ -50.8001808, -29.3755838 ], [ -50.8000821, -29.3755486 ], [ -50.7999342, -29.3755329 ], [ -50.7998178, -29.3755427 ], [ -50.799521, -29.375584799999988 ], [ -50.7994131, -29.3755767 ], [ -50.7990876, -29.3755196 ], [ -50.798002, -29.3753428 ], [ -50.7981661, -29.3755968 ], [ -50.7982399, -29.3756868 ], [ -50.7983163, -29.3757616 ], [ -50.7983981, -29.3758236 ], [ -50.7984826, -29.3758773 ], [ -50.7985799, -29.3759306 ], [ -50.7987233, -29.3759691 ], [ -50.7988494, -29.3760012 ], [ -50.7990259, -29.3760593 ], [ -50.7992249, -29.376130299999989 ], [ -50.799418, -29.3762005 ], [ -50.7995474, -29.3762595 ], [ -50.7997178, -29.3763582 ], [ -50.7997778, -29.376401699999988 ], [ -50.8006211, -29.3770105 ], [ -50.8007115, -29.3770924 ], [ -50.8007606, -29.3771625 ], [ -50.8007933, -29.3772371 ], [ -50.8008057, -29.3772843 ], [ -50.8008051, -29.3773684 ], [ -50.8007811, -29.3774779 ], [ -50.8007491, -29.377559 ], [ -50.8007102, -29.3776227 ], [ -50.8006536, -29.3776806 ], [ -50.8005631, -29.3777436 ], [ -50.8004175, -29.37784670000001 ], [ -50.800314, -29.377913899999989 ], [ -50.8002431, -29.3779683 ], [ -50.8001841, -29.3780365 ], [ -50.80015070000001, -29.378106 ], [ -50.8001422, -29.3781843 ], [ -50.8001473, -29.378268 ], [ -50.8001685, -29.3783348 ], [ -50.800226, -29.3783946 ], [ -50.8003282, -29.3784683 ], [ -50.800362, -29.378617 ], [ -50.8003878, -29.378735 ], [ -50.8003713, -29.3788345 ], [ -50.8002861, -29.3792419 ], [ -50.8002869, -29.3794563 ], [ -50.8003393, -29.3795761 ], [ -50.8009627, -29.3803538 ], [ -50.801338, -29.3808876 ], [ -50.8013955, -29.380978 ], [ -50.8015425, -29.3812545 ], [ -50.801556, -29.381284 ], [ -50.8015866, -29.3814753 ], [ -50.8016197, -29.3815616 ], [ -50.8016766, -29.381658899999987 ], [ -50.8018572, -29.3818869 ], [ -50.8019018, -29.3820237 ], [ -50.8019077, -29.3821497 ], [ -50.8018788, -29.3824255 ], [ -50.8018556, -29.3825526 ], [ -50.801883, -29.3826568 ], [ -50.8020384, -29.3828206 ], [ -50.8022089, -29.3829741 ], [ -50.802371, -29.3830812 ], [ -50.8038248, -29.3838128 ], [ -50.8040321, -29.3839369 ], [ -50.8042279, -29.3840272 ], [ -50.8043969, -29.3840682 ], [ -50.8046048, -29.3840846 ], [ -50.8047918, -29.3840852 ], [ -50.8049293, -29.3840624 ], [ -50.8050379, -29.3840074 ], [ -50.8051573, -29.3838917 ], [ -50.8052056, -29.3838181 ], [ -50.8052217, -29.3837211 ], [ -50.8052083, -29.383539299999985 ], [ -50.8052217, -29.3835014 ], [ -50.8052699, -29.3834816 ], [ -50.805337, -29.3834792 ], [ -50.8053974, -29.3834828 ], [ -50.8055461, -29.3835423 ], [ -50.8058332, -29.383642399999989 ], [ -50.8059933, -29.383694 ], [ -50.8061887, -29.383744700000015 ], [ -50.8062556, -29.3837573 ], [ -50.8064689, -29.3837643 ], [ -50.8065681, -29.3837609 ], [ -50.8066607, -29.3837701 ], [ -50.8067532, -29.3837982 ], [ -50.8070281, -29.3839455 ], [ -50.8073622, -29.3841779 ], [ -50.8075009, -29.3842924 ], [ -50.8076327, -29.3844017 ], [ -50.8076972, -29.3844457 ], [ -50.8078047, -29.3844941 ], [ -50.8079018, -29.3845097 ], [ -50.8080364, -29.3845294 ], [ -50.8081756, -29.3845355 ], [ -50.8082794, -29.3845293 ], [ -50.8087013, -29.3844447 ], [ -50.8088194, -29.3844422 ], [ -50.808977, -29.3844666 ], [ -50.809625, -29.3846358 ], [ -50.8097953, -29.3846656 ], [ -50.8099282, -29.3846733 ], [ -50.8100714, -29.3846598 ], [ -50.8104163, -29.3846001 ], [ -50.8106943, -29.3845499 ], [ -50.8108254, -29.3845256 ], [ -50.8110389, -29.3844441 ], [ -50.8111481, -29.3844245 ], [ -50.8114356, -29.38443 ], [ -50.8115561, -29.384421 ], [ -50.811677, -29.3844134 ], [ -50.811813, -29.3844259 ], [ -50.811921, -29.3844486 ], [ -50.8120534, -29.3845002 ], [ -50.8121461, -29.3845288 ], [ -50.8124382, -29.3845758 ], [ -50.8125161, -29.3845867 ], [ -50.8125837, -29.3846073 ], [ -50.8126335, -29.3846366 ], [ -50.8126842, -29.3846865 ], [ -50.8127263, -29.384750099999987 ], [ -50.8127694, -29.3848734 ], [ -50.8128106, -29.3849485 ], [ -50.8128526, -29.3850085 ], [ -50.8129028, -29.3850604 ], [ -50.8130321, -29.3851496 ], [ -50.8132175, -29.3852515 ], [ -50.8133086, -29.3853072 ], [ -50.813374, -29.3853523 ], [ -50.8134505, -29.385417 ], [ -50.813509, -29.3854752 ], [ -50.8135801, -29.3855276 ], [ -50.8136598, -29.385631 ], [ -50.8136973, -29.3856982 ], [ -50.8137303, -29.385772 ], [ -50.8137713, -29.3858595 ], [ -50.8138388, -29.3859777 ], [ -50.8138734, -29.3860905 ], [ -50.8138959, -29.3861685 ], [ -50.8139361, -29.3862714 ], [ -50.8139524, -29.3863134 ], [ -50.8139822, -29.3863772 ], [ -50.8140379, -29.3865148 ], [ -50.8140318, -29.3868235 ], [ -50.8140337, -29.3869482 ], [ -50.8140218, -29.3870797 ], [ -50.8139592, -29.3872519 ], [ -50.8139313, -29.3873954 ], [ -50.8139336, -29.3876211 ], [ -50.8139091, -29.3877084 ], [ -50.8138685, -29.3877545 ], [ -50.8137175, -29.3886956 ] ] ] } },
{ "type": "Feature", "properties": { "name": "Santa Terezinha", "code_muni": 4304408.0, "name_muni": "Canela" }, "geometry": { "type": "Polygon", "coordinates": [ [ [ -50.8144168, -29.3675355 ], [ -50.8143116, -29.3674923 ], [ -50.8142644, -29.3674068 ], [ -50.8137217, -29.3664481 ], [ -50.8130517, -29.3664084 ], [ -50.8129707, -29.366403 ], [ -50.8129758, -29.3666597 ], [ -50.8129814, -29.366921 ], [ -50.8129859, -29.3671727 ], [ -50.8129943, -29.3675961 ], [ -50.8129844, -29.3676346 ], [ -50.8129653, -29.3676652 ], [ -50.8129318, -29.3676851 ], [ -50.8128805, -29.3676992 ], [ -50.8128269, -29.367703 ], [ -50.8115024, -29.367705 ], [ -50.8100268, -29.3677196 ], [ -50.8099895, -29.36772 ], [ -50.8088136, -29.3677263 ], [ -50.8087222, -29.3677287 ], [ -50.8074084, -29.3677939 ], [ -50.8073859, -29.3685093 ], [ -50.8073781, -29.3686804 ], [ -50.8073716, -29.3692058 ], [ -50.8073701, -29.3699532 ], [ -50.8073835, -29.370291 ], [ -50.8073912, -29.3706857 ], [ -50.8074023, -29.3712128 ], [ -50.8074075, -29.3714343 ], [ -50.8074385, -29.3722023 ], [ -50.8074448, -29.3723233 ], [ -50.8074787, -29.3729054 ], [ -50.8074868, -29.3736896 ], [ -50.8074977, -29.3743318 ], [ -50.8076903, -29.3743131 ], [ -50.8080238, -29.3742805 ], [ -50.8083702, -29.3742505 ], [ -50.8087548, -29.3742203 ], [ -50.8088141, -29.374214 ], [ -50.8088656, -29.3742028 ], [ -50.808912, -29.3741871 ], [ -50.8089731, -29.3741655 ], [ -50.8091347, -29.3740998 ], [ -50.8091641, -29.3740849 ], [ -50.8091913, -29.3740661 ], [ -50.8092324, -29.3740149 ], [ -50.8095103, -29.3742842 ], [ -50.8098596, -29.3746023 ], [ -50.8099306, -29.3746047 ], [ -50.8154865, -29.3744574 ], [ -50.8155012, -29.3740133 ], [ -50.8152893, -29.3732233 ], [ -50.8151713, -29.3724145 ], [ -50.8146966, -29.37240980000001 ], [ -50.8139174, -29.3718407 ], [ -50.8150962, -29.3706007 ], [ -50.8147395, -29.3699602 ], [ -50.8155982, -29.3696446 ], [ -50.8144168, -29.3675355 ] ] ] } },
{ "type": "Feature", "properties": { "name": "Sequóias", "code_muni": 4304408.0, "name_muni": "Canela" }, "geometry": { "type": "Polygon", "coordinates": [ [ [ -50.7974612, -29.3747483 ], [ -50.7973661, -29.3747459 ], [ -50.7970298, -29.3747109 ], [ -50.7968822, -29.3747102 ], [ -50.7965953, -29.374731900000011 ], [ -50.7957888, -29.3747343 ], [ -50.7955351, -29.374715599999984 ], [ -50.7952634, -29.3746728 ], [ -50.7948949, -29.3745781 ], [ -50.794727, -29.374525 ], [ -50.7945462, -29.3744274 ], [ -50.7944928, -29.3743736 ], [ -50.7944867, -29.3743434 ], [ -50.7944895, -29.3743038 ], [ -50.7945083, -29.3742534 ], [ -50.794538, -29.3742109 ], [ -50.7946075, -29.3741524 ], [ -50.79488640000001, -29.374 ], [ -50.7949445, -29.3739286 ], [ -50.7949741, -29.3738716 ], [ -50.7949929, -29.3737752 ], [ -50.7950884, -29.3726304 ], [ -50.7950845, -29.3725751 ], [ -50.7950838, -29.3720604 ], [ -50.7949903, -29.3720691 ], [ -50.79460610000001, -29.3720582 ], [ -50.780367, -29.3669308 ], [ -50.7832262, -29.3744738 ], [ -50.7935487, -29.3781796 ], [ -50.8016197, -29.3815616 ], [ -50.8015866, -29.3814753 ], [ -50.801556, -29.381284 ], [ -50.8015425, -29.3812545 ], [ -50.8013955, -29.380978 ], [ -50.801338, -29.3808876 ], [ -50.8009627, -29.3803538 ], [ -50.8003393, -29.3795761 ], [ -50.8002869, -29.3794563 ], [ -50.8002861, -29.3792419 ], [ -50.8003713, -29.3788345 ], [ -50.8003878, -29.378735 ], [ -50.800362, -29.378617 ], [ -50.8003282, -29.3784683 ], [ -50.800226, -29.3783946 ], [ -50.8001685, -29.3783348 ], [ -50.8001473, -29.378268 ], [ -50.8001422, -29.3781843 ], [ -50.80015070000001, -29.378106 ], [ -50.8001841, -29.3780365 ], [ -50.8002431, -29.3779683 ], [ -50.800314, -29.377913899999989 ], [ -50.8004175, -29.37784670000001 ], [ -50.8005631, -29.3777436 ], [ -50.8006536, -29.3776806 ], [ -50.8007102, -29.3776227 ], [ -50.8007491, -29.377559 ], [ -50.8007811, -29.3774779 ], [ -50.8008051, -29.3773684 ], [ -50.8008057, -29.3772843 ], [ -50.8007933, -29.3772371 ], [ -50.8007606, -29.3771625 ], [ -50.8007115, -29.3770924 ], [ -50.8006211, -29.3770105 ], [ -50.7997778, -29.376401699999988 ], [ -50.7997178, -29.3763582 ], [ -50.7995474, -29.3762595 ], [ -50.799418, -29.3762005 ], [ -50.7992249, -29.376130299999989 ], [ -50.7990259, -29.3760593 ], [ -50.7988494, -29.3760012 ], [ -50.7987233, -29.3759691 ], [ -50.7985799, -29.3759306 ], [ -50.7984826, -29.3758773 ], [ -50.7983981, -29.3758236 ], [ -50.7983163, -29.3757616 ], [ -50.7982399, -29.3756868 ], [ -50.7981661, -29.3755968 ], [ -50.798002, -29.3753428 ], [ -50.797924, -29.3752175 ], [ -50.7977891, -29.3747469 ], [ -50.7974612, -29.3747483 ] ] ] } },
{ "type": "Feature", "properties": { "name": "Canelinha", "code_muni": 4304408.0, "name_muni": "Canela" }, "geometry": { "type": "Polygon", "coordinates": [ [ [ -50.7929674, -29.3465639 ], [ -50.7937417, -29.3473769 ], [ -50.7938671, -29.3474957 ], [ -50.794572, -29.3482487 ], [ -50.7948571, -29.3485465 ], [ -50.795321800000011, -29.3490541 ], [ -50.7956206, -29.3493155 ], [ -50.7957776, -29.3494741 ], [ -50.7959942, -29.3497189 ], [ -50.796186, -29.349937 ], [ -50.7963219, -29.350122699999989 ], [ -50.7967532, -29.3506529 ], [ -50.7970158, -29.3509705 ], [ -50.7973959, -29.3514891 ], [ -50.797855, -29.3521293 ], [ -50.7979644, -29.3522696 ], [ -50.7983596, -29.3527141 ], [ -50.7986487, -29.3529865 ], [ -50.7986904, -29.3530441 ], [ -50.7988125, -29.353176 ], [ -50.7988882, -29.3532691 ], [ -50.7991438, -29.3536644 ], [ -50.7993595, -29.3539104 ], [ -50.79972, -29.3542816 ], [ -50.7997965, -29.3542135 ], [ -50.8009022, -29.3532414 ], [ -50.8012164, -29.3529591 ], [ -50.8011714, -29.3529208 ], [ -50.8008101, -29.3526126 ], [ -50.8007371, -29.3525504 ], [ -50.8020499, -29.351413 ], [ -50.8023638, -29.3517637 ], [ -50.8037719, -29.3509338 ], [ -50.8035204, -29.3500587 ], [ -50.8029041, -29.350227499999988 ], [ -50.8027691, -29.3502654 ], [ -50.8026803, -29.3502728 ], [ -50.8025978, -29.3502564 ], [ -50.8021736, -29.3500944 ], [ -50.8011787, -29.3499849 ], [ -50.8010635, -29.3499481 ], [ -50.8008983, -29.3498708 ], [ -50.8006785, -29.3497244 ], [ -50.8008292, -29.3495953 ], [ -50.8011364, -29.3493764 ], [ -50.8012102, -29.3493381 ], [ -50.8012804, -29.3493242 ], [ -50.8013528, -29.3493215 ], [ -50.8014407, -29.349335 ], [ -50.801769, -29.3494474 ], [ -50.8019827, -29.3494568 ], [ -50.8025976, -29.3495353 ], [ -50.8026871, -29.3495334 ], [ -50.8027562, -29.3495176 ], [ -50.8028039, -29.3494992 ], [ -50.8028574, -29.3494671 ], [ -50.8028931, -29.3494353 ], [ -50.8031122, -29.3491672 ], [ -50.8031633, -29.3491149 ], [ -50.8032104, -29.3490752 ], [ -50.8032714, -29.3490426 ], [ -50.8033489, -29.3490124 ], [ -50.8035834, -29.3489701 ], [ -50.8036655, -29.3489668 ], [ -50.8037721, -29.3489753 ], [ -50.8042061, -29.3489693 ], [ -50.8044157, -29.3490462 ], [ -50.8044536, -29.3490821 ], [ -50.8045269, -29.3490354 ], [ -50.8045861, -29.3490213 ], [ -50.8049296, -29.3490605 ], [ -50.80496, -29.3490644 ], [ -50.8052343, -29.3491 ], [ -50.8053448, -29.3490922 ], [ -50.8054625, -29.3490551 ], [ -50.8056248, -29.3489731 ], [ -50.8057155, -29.3489291 ], [ -50.8058282, -29.3486813 ], [ -50.8054688, -29.3476993 ], [ -50.8053507, -29.347636200000011 ], [ -50.8048545, -29.346701 ], [ -50.804364, -29.3458461 ], [ -50.8039269, -29.3460729 ], [ -50.8033968, -29.3451448 ], [ -50.8030665, -29.3453081 ], [ -50.8011863, -29.3421055 ], [ -50.8008494, -29.3417104 ], [ -50.800139, -29.3425716 ], [ -50.8000123, -29.342735 ], [ -50.7998998, -29.3429353 ], [ -50.7997741, -29.3432175 ], [ -50.7986087, -29.3418693 ], [ -50.7981193, -29.3421009 ], [ -50.7974099, -29.3424331 ], [ -50.7972331, -29.3424387 ], [ -50.7971178, -29.342506199999988 ], [ -50.796856, -29.3427381 ], [ -50.7964492, -29.3430877 ], [ -50.7961705, -29.3432984 ], [ -50.7956225, -29.3437119 ], [ -50.7952088, -29.3440131 ], [ -50.7950239, -29.3441481 ], [ -50.7944203, -29.3445683 ], [ -50.793522, -29.345198599999989 ], [ -50.7930037, -29.3455818 ], [ -50.7923745, -29.345927799999984 ], [ -50.7929674, -29.3465639 ] ] ] } },
{ "type": "Feature", "properties": { "name": "São Luiz", "code_muni": 4304408.0, "name_muni": "Canela" }, "geometry": { "type": "Polygon", "coordinates": [ [ [ -50.8090431, -29.348867199999987 ], [ -50.8091681, -29.3489418 ], [ -50.8093755, -29.3490616 ], [ -50.8094078, -29.349036 ], [ -50.8094397, -29.3489357 ], [ -50.8094924, -29.3488396 ], [ -50.8094773, -29.3487623 ], [ -50.8094623, -29.3486823 ], [ -50.8094987, -29.3486085 ], [ -50.8095609, -29.3485614 ], [ -50.8096298, -29.348474 ], [ -50.8098321, -29.3483598 ], [ -50.8100279, -29.3483125 ], [ -50.8102065, -29.3482802 ], [ -50.8107323, -29.3480184 ], [ -50.8109045, -29.3479697 ], [ -50.8110327, -29.3478734 ], [ -50.81115, -29.3477236 ], [ -50.8111903, -29.3476222 ], [ -50.8112307, -29.3475809 ], [ -50.811376, -29.3475414 ], [ -50.8116174, -29.3475344 ], [ -50.81178640000001, -29.3475835 ], [ -50.8119074, -29.347617 ], [ -50.8119976, -29.3475935 ], [ -50.8120653, -29.3475461 ], [ -50.8122182, -29.3473216 ], [ -50.8123145, -29.3472486 ], [ -50.8123865, -29.3471472 ], [ -50.8124323, -29.3471357 ], [ -50.8124704, -29.3471444 ], [ -50.8125459, -29.3472655 ], [ -50.8126346, -29.347591 ], [ -50.8126947, -29.347671 ], [ -50.8129381, -29.3478104 ], [ -50.8130604, -29.3479108 ], [ -50.8131418, -29.3479391 ], [ -50.8131865, -29.3479478 ], [ -50.8132796, -29.3479227 ], [ -50.813402, -29.3478313 ], [ -50.8134906, -29.3477644 ], [ -50.8135431, -29.3476522 ], [ -50.8136205, -29.3475832 ], [ -50.8137291, -29.3475555 ], [ -50.8139951, -29.3472983 ], [ -50.814423, -29.3469055 ], [ -50.8146697, -29.346667 ], [ -50.8147126, -29.346573499999987 ], [ -50.8148414, -29.3464426 ], [ -50.815469, -29.346433199999989 ], [ -50.8154891, -29.3464317 ], [ -50.8163649, -29.3463677 ], [ -50.8166224, -29.3463677 ], [ -50.8155227, -29.3367674 ], [ -50.8077728, -29.3395225 ], [ -50.8077599, -29.3396057 ], [ -50.80777, -29.3396839 ], [ -50.8078074, -29.3398049 ], [ -50.8078592, -29.339913 ], [ -50.8079279, -29.3400397 ], [ -50.8082288, -29.3404938 ], [ -50.8083124, -29.340622799999988 ], [ -50.80836, -29.3407394 ], [ -50.8083776, -29.3408445 ], [ -50.8083721, -29.3409412 ], [ -50.8082415, -29.3415958 ], [ -50.8080952, -29.3421802 ], [ -50.8078767, -29.342997 ], [ -50.8077541, -29.3434524 ], [ -50.8076894, -29.3436877 ], [ -50.8075964, -29.3441258 ], [ -50.8075347, -29.3444097 ], [ -50.8075009, -29.3447926 ], [ -50.8074658, -29.345143799999988 ], [ -50.8074657, -29.3452165 ], [ -50.80747370000001, -29.345281 ], [ -50.8075587, -29.3455382 ], [ -50.8078271, -29.3462201 ], [ -50.8080719, -29.3469097 ], [ -50.8082723, -29.3474569 ], [ -50.8085838, -29.3483878 ], [ -50.8085999, -29.3484158 ], [ -50.8086321, -29.3484684 ], [ -50.8086696, -29.3485199 ], [ -50.8087246, -29.34858770000001 ], [ -50.8089063, -29.3487854 ], [ -50.8089715, -29.348831099999988 ], [ -50.8090431, -29.348867199999987 ] ] ] } },
{ "type": "Feature", "properties": { "name": "Bom Jesus", "code_muni": 4304408.0, "name_muni": "Canela" }, "geometry": { "type": "Polygon", "coordinates": [ [ [ -50.8070751, -29.3512805 ], [ -50.807887, -29.351331299999984 ], [ -50.8082472, -29.3513553 ], [ -50.8085889, -29.3513809 ], [ -50.809176, -29.3514157 ], [ -50.8093254, -29.3514245 ], [ -50.8095643, -29.3507587 ], [ -50.8098096, -29.350079199999989 ], [ -50.8100496, -29.3493564 ], [ -50.810063, -29.349295600000012 ], [ -50.8100648, -29.3492316 ], [ -50.8100579, -29.3491403 ], [ -50.8099326, -29.3491375 ], [ -50.8097737, -29.3491296 ], [ -50.8096374, -29.349126199999986 ], [ -50.8095246, -29.34911 ], [ -50.8094574, -29.3490946 ], [ -50.8094003, -29.349076 ], [ -50.8093755, -29.3490616 ], [ -50.8091681, -29.3489418 ], [ -50.8090431, -29.348867199999987 ], [ -50.8089715, -29.348831099999988 ], [ -50.8089063, -29.3487854 ], [ -50.8087246, -29.34858770000001 ], [ -50.8086696, -29.3485199 ], [ -50.8086321, -29.3484684 ], [ -50.8085999, -29.3484158 ], [ -50.8085838, -29.3483878 ], [ -50.8082723, -29.3474569 ], [ -50.8080719, -29.3469097 ], [ -50.8078271, -29.3462201 ], [ -50.8075587, -29.3455382 ], [ -50.80747370000001, -29.345281 ], [ -50.8074657, -29.3452165 ], [ -50.8074658, -29.345143799999988 ], [ -50.8075009, -29.3447926 ], [ -50.8075347, -29.3444097 ], [ -50.807388, -29.3444503 ], [ -50.8067215, -29.3447239 ], [ -50.8064484, -29.3448662 ], [ -50.8059791, -29.345113199999989 ], [ -50.805744, -29.3452197 ], [ -50.8057015, -29.3452265 ], [ -50.804364, -29.3458461 ], [ -50.8048545, -29.346701 ], [ -50.8053507, -29.347636200000011 ], [ -50.8054688, -29.3476993 ], [ -50.8058282, -29.3486813 ], [ -50.8057155, -29.3489291 ], [ -50.8056248, -29.3489731 ], [ -50.8054625, -29.3490551 ], [ -50.8053448, -29.3490922 ], [ -50.8052343, -29.3491 ], [ -50.80496, -29.3490644 ], [ -50.8049296, -29.3490605 ], [ -50.8045861, -29.3490213 ], [ -50.8045269, -29.3490354 ], [ -50.8044536, -29.3490821 ], [ -50.8044157, -29.3490462 ], [ -50.8042061, -29.3489693 ], [ -50.8037721, -29.3489753 ], [ -50.8036655, -29.3489668 ], [ -50.8035834, -29.3489701 ], [ -50.8033489, -29.3490124 ], [ -50.8032714, -29.3490426 ], [ -50.8032104, -29.3490752 ], [ -50.8031633, -29.3491149 ], [ -50.8031122, -29.3491672 ], [ -50.8028931, -29.3494353 ], [ -50.8028574, -29.3494671 ], [ -50.8028039, -29.3494992 ], [ -50.8027562, -29.3495176 ], [ -50.8026871, -29.3495334 ], [ -50.8025976, -29.3495353 ], [ -50.8019827, -29.3494568 ], [ -50.801769, -29.3494474 ], [ -50.8014407, -29.349335 ], [ -50.8013528, -29.3493215 ], [ -50.8012804, -29.3493242 ], [ -50.8012102, -29.3493381 ], [ -50.8011364, -29.3493764 ], [ -50.8008292, -29.3495953 ], [ -50.8006785, -29.3497244 ], [ -50.8008983, -29.3498708 ], [ -50.8010635, -29.3499481 ], [ -50.8011787, -29.3499849 ], [ -50.8021736, -29.3500944 ], [ -50.8025978, -29.3502564 ], [ -50.8026803, -29.3502728 ], [ -50.8027691, -29.3502654 ], [ -50.8029041, -29.350227499999988 ], [ -50.8035204, -29.3500587 ], [ -50.8037719, -29.3509338 ], [ -50.8023638, -29.3517637 ], [ -50.8020499, -29.351413 ], [ -50.8007371, -29.3525504 ], [ -50.8008101, -29.3526126 ], [ -50.8011714, -29.3529208 ], [ -50.8012164, -29.3529591 ], [ -50.8012941, -29.3529172 ], [ -50.8013752, -29.3528867 ], [ -50.8014893, -29.3528702 ], [ -50.8015927, -29.3528697 ], [ -50.8043572, -29.353004800000011 ], [ -50.8060337, -29.3530868 ], [ -50.8060565, -29.3526338 ], [ -50.8060913, -29.3522007 ], [ -50.8061951, -29.351566 ], [ -50.8062321, -29.35134 ], [ -50.80625950000001, -29.3512272 ], [ -50.8065922, -29.3504465 ], [ -50.8070751, -29.3512805 ] ] ] } },
{ "type": "Feature", "properties": { "name": "Ulisses de Abreu", "code_muni": 4304408.0, "name_muni": "Canela" }, "geometry": { "type": "Polygon", "coordinates": [ [ [ -50.7963711, -29.338587 ], [ -50.7966212, -29.3389343 ], [ -50.7964159, -29.3390495 ], [ -50.7964057, -29.3391133 ], [ -50.7963122, -29.3391647 ], [ -50.7986087, -29.3418693 ], [ -50.7997741, -29.3432175 ], [ -50.7998998, -29.3429353 ], [ -50.8000123, -29.342735 ], [ -50.800139, -29.3425716 ], [ -50.8008494, -29.3417104 ], [ -50.8011863, -29.3421055 ], [ -50.8030665, -29.3453081 ], [ -50.8033968, -29.3451448 ], [ -50.8039269, -29.3460729 ], [ -50.804364, -29.3458461 ], [ -50.8057015, -29.3452265 ], [ -50.805744, -29.3452197 ], [ -50.8059791, -29.345113199999989 ], [ -50.8064484, -29.3448662 ], [ -50.8067215, -29.3447239 ], [ -50.807388, -29.3444503 ], [ -50.8075347, -29.3444097 ], [ -50.8075964, -29.3441258 ], [ -50.8076894, -29.3436877 ], [ -50.8077541, -29.3434524 ], [ -50.8078767, -29.342997 ], [ -50.8080952, -29.3421802 ], [ -50.8082415, -29.3415958 ], [ -50.8083721, -29.3409412 ], [ -50.8083776, -29.3408445 ], [ -50.80836, -29.3407394 ], [ -50.8083124, -29.340622799999988 ], [ -50.8082288, -29.3404938 ], [ -50.8079279, -29.3400397 ], [ -50.8078592, -29.339913 ], [ -50.8078074, -29.3398049 ], [ -50.80777, -29.3396839 ], [ -50.8077599, -29.3396057 ], [ -50.8077728, -29.3395225 ], [ -50.8155227, -29.3367674 ], [ -50.8144692, -29.3292534 ], [ -50.8144889, -29.329157 ], [ -50.8145081, -29.328963 ], [ -50.8145268, -29.3287109 ], [ -50.8145313, -29.3285352 ], [ -50.8145149, -29.3283431 ], [ -50.8144876, -29.3281723 ], [ -50.8144574, -29.3280096 ], [ -50.8143708, -29.3277768 ], [ -50.8124757, -29.3298647 ], [ -50.8112311, -29.3307814 ], [ -50.8102495, -29.331387 ], [ -50.8083236, -29.3322124 ], [ -50.806489, -29.3326193 ], [ -50.8057755, -29.3328157 ], [ -50.8051533, -29.333035499999987 ], [ -50.8044452, -29.3336482 ], [ -50.804075, -29.3344713 ], [ -50.8031416, -29.3357854 ], [ -50.8028627, -29.3359537 ], [ -50.8023906, -29.3343731 ], [ -50.8017683, -29.3336201 ], [ -50.8000074, -29.3344257 ], [ -50.7992685, -29.3347916 ], [ -50.7993731, -29.334944799999985 ], [ -50.799475, -29.3351634 ], [ -50.7995394, -29.3353049 ], [ -50.7995997, -29.3354124 ], [ -50.7996762, -29.3355153 ], [ -50.7999779, -29.3357869 ], [ -50.8000667, -29.3358787 ], [ -50.8001546, -29.3359833 ], [ -50.8002148, -29.3360738 ], [ -50.7977249, -29.3379314 ], [ -50.7963711, -29.338587 ] ] ] } },
{ "type": "Feature", "properties": { "name": "Celulose", "code_muni": 4304408.0, "name_muni": "Canela" }, "geometry": { "type": "Polygon", "coordinates": [ [ [ -50.8249587, -29.347368400000011 ], [ -50.8242613, -29.347476 ], [ -50.8230208, -29.3477682 ], [ -50.8229841, -29.3478141 ], [ -50.8229451, -29.3478361 ], [ -50.8228866, -29.3478898 ], [ -50.8227083, -29.347926 ], [ -50.8226033, -29.3479713 ], [ -50.8225326, -29.3479832 ], [ -50.82248580000001, -29.3480064 ], [ -50.8221922, -29.3480664 ], [ -50.8218393, -29.348169 ], [ -50.821761, -29.3481749 ], [ -50.8207384, -29.3482573 ], [ -50.8206118, -29.348313 ], [ -50.8204916, -29.3484564 ], [ -50.8204025, -29.3486301 ], [ -50.8203315, -29.348782 ], [ -50.8202158, -29.3488022 ], [ -50.8200976, -29.348806 ], [ -50.8199536, -29.3488375 ], [ -50.8198296, -29.3488788 ], [ -50.8197153, -29.3488545 ], [ -50.8195835, -29.3487334 ], [ -50.8195138, -29.3486356 ], [ -50.81945480000001, -29.3484485 ], [ -50.819356, -29.3483143 ], [ -50.8190471, -29.3479623 ], [ -50.8187541, -29.3477746 ], [ -50.8184525, -29.3477528 ], [ -50.8183691, -29.3477077 ], [ -50.8182389, -29.3476952 ], [ -50.8179748, -29.347463600000012 ], [ -50.81776, -29.3474034 ], [ -50.8176252, -29.3471374 ], [ -50.8175683, -29.346937 ], [ -50.8174621, -29.3467869 ], [ -50.8168944, -29.3464236 ], [ -50.8166224, -29.3463677 ], [ -50.8163649, -29.3463677 ], [ -50.8154891, -29.3464317 ], [ -50.815469, -29.346433199999989 ], [ -50.8148414, -29.3464426 ], [ -50.8147126, -29.346573499999987 ], [ -50.8146697, -29.346667 ], [ -50.814423, -29.3469055 ], [ -50.8139951, -29.3472983 ], [ -50.8137291, -29.3475555 ], [ -50.8136205, -29.3475832 ], [ -50.8135431, -29.3476522 ], [ -50.8134906, -29.3477644 ], [ -50.813402, -29.3478313 ], [ -50.8132796, -29.3479227 ], [ -50.8131865, -29.3479478 ], [ -50.8131418, -29.3479391 ], [ -50.8130604, -29.3479108 ], [ -50.8129381, -29.3478104 ], [ -50.8126947, -29.347671 ], [ -50.8126346, -29.347591 ], [ -50.8125459, -29.3472655 ], [ -50.8124704, -29.3471444 ], [ -50.8124323, -29.3471357 ], [ -50.8123865, -29.3471472 ], [ -50.8123145, -29.3472486 ], [ -50.8122182, -29.3473216 ], [ -50.8120653, -29.3475461 ], [ -50.8119976, -29.3475935 ], [ -50.8119074, -29.347617 ], [ -50.81178640000001, -29.3475835 ], [ -50.8116174, -29.3475344 ], [ -50.811376, -29.3475414 ], [ -50.8112307, -29.3475809 ], [ -50.8111903, -29.3476222 ], [ -50.81115, -29.3477236 ], [ -50.8110327, -29.3478734 ], [ -50.8109045, -29.3479697 ], [ -50.8107323, -29.3480184 ], [ -50.8102065, -29.3482802 ], [ -50.8100279, -29.3483125 ], [ -50.8098321, -29.3483598 ], [ -50.8096298, -29.348474 ], [ -50.8095609, -29.3485614 ], [ -50.8094987, -29.3486085 ], [ -50.8094623, -29.3486823 ], [ -50.8094773, -29.3487623 ], [ -50.8094924, -29.3488396 ], [ -50.8094397, -29.3489357 ], [ -50.8094078, -29.349036 ], [ -50.8093755, -29.3490616 ], [ -50.8094003, -29.349076 ], [ -50.8094574, -29.3490946 ], [ -50.8095246, -29.34911 ], [ -50.8096374, -29.349126199999986 ], [ -50.8097737, -29.3491296 ], [ -50.8099326, -29.3491375 ], [ -50.8100579, -29.3491403 ], [ -50.8107322, -29.3493086 ], [ -50.8108294, -29.349337699999989 ], [ -50.8109346, -29.3493916 ], [ -50.8110244, -29.3494503 ], [ -50.8111286, -29.3495386 ], [ -50.811205, -29.3496162 ], [ -50.8133677, -29.3495667 ], [ -50.8134295, -29.349516800000011 ], [ -50.8135054, -29.3494616 ], [ -50.8135649, -29.3494279 ], [ -50.8136763, -29.3493652 ], [ -50.8138588, -29.3492946 ], [ -50.8140412, -29.3492542 ], [ -50.8142051, -29.3492448 ], [ -50.8143379, -29.3492548 ], [ -50.8144752, -29.349280399999987 ], [ -50.8158912, -29.349762 ], [ -50.8160768, -29.3498109 ], [ -50.8162174, -29.3498279 ], [ -50.8164137, -29.3498277 ], [ -50.8171491, -29.3498232 ], [ -50.8171211, -29.3500982 ], [ -50.817091, -29.3506576 ], [ -50.8170514, -29.351034499999987 ], [ -50.8170274, -29.3512669 ], [ -50.8169751, -29.3514388 ], [ -50.8169764, -29.3515521 ], [ -50.8170193, -29.3516433 ], [ -50.8171682, -29.3517532 ], [ -50.8173251, -29.3518584 ], [ -50.8174016, -29.3519695 ], [ -50.8174083, -29.3520548 ], [ -50.8173801, -29.3521343 ], [ -50.8173145, -29.35218 ], [ -50.8171513, -29.352204 ], [ -50.816976, -29.3529105 ], [ -50.8169689, -29.3532128 ], [ -50.8172379, -29.3532622 ], [ -50.8172591, -29.3533856 ], [ -50.8181015, -29.3535861 ], [ -50.8181532, -29.3536062 ], [ -50.8183967, -29.3535282 ], [ -50.8185251, -29.3534162 ], [ -50.8187493, -29.3533755 ], [ -50.8190062, -29.3532432 ], [ -50.8191813, -29.3532046 ], [ -50.8193027, -29.35320050000001 ], [ -50.8193844, -29.3532412 ], [ -50.8194008, -29.3533002 ], [ -50.819349, -29.3533454 ], [ -50.819319, -29.3534223 ], [ -50.8193517, -29.3534468 ], [ -50.8194124, -29.3534529 ], [ -50.8194778, -29.3535078 ], [ -50.8195782, -29.3535058 ], [ -50.8200409, -29.3533885 ], [ -50.8200985, -29.3535522 ], [ -50.8204123, -29.3533862 ], [ -50.8209593, -29.3530205 ], [ -50.8212805, -29.3527869 ], [ -50.8215528, -29.3525876 ], [ -50.8217776, -29.3524221 ], [ -50.8219017, -29.352338899999989 ], [ -50.8219913, -29.352288099999985 ], [ -50.8220517, -29.3522526 ], [ -50.8221487, -29.3521994 ], [ -50.8223543, -29.3520443 ], [ -50.8244786, -29.3509946 ], [ -50.8249587, -29.347368400000011 ] ] ] } },
{ "type": "Feature", "properties": { "name": "Boeira", "code_muni": 4304408.0, "name_muni": "Canela" }, "geometry": { "type": "Polygon", "coordinates": [ [ [ -50.8124756, -29.353327 ], [ -50.8126196, -29.3530636 ], [ -50.8126526, -29.3530031 ], [ -50.813776, -29.3529739 ], [ -50.8142623, -29.3526944 ], [ -50.814497, -29.3525673 ], [ -50.8147277, -29.3525018 ], [ -50.8150999, -29.3523991 ], [ -50.8155663, -29.352305900000019 ], [ -50.8161262, -29.3522482 ], [ -50.8167152, -29.3521952 ], [ -50.8171513, -29.352204 ], [ -50.8173145, -29.35218 ], [ -50.8173801, -29.3521343 ], [ -50.8174083, -29.3520548 ], [ -50.8174016, -29.3519695 ], [ -50.8173251, -29.3518584 ], [ -50.8171682, -29.3517532 ], [ -50.8170193, -29.3516433 ], [ -50.8169764, -29.3515521 ], [ -50.8169751, -29.3514388 ], [ -50.8170274, -29.3512669 ], [ -50.8170514, -29.351034499999987 ], [ -50.817091, -29.3506576 ], [ -50.8171211, -29.3500982 ], [ -50.8171491, -29.3498232 ], [ -50.8162174, -29.3498279 ], [ -50.8160768, -29.3498109 ], [ -50.8158912, -29.349762 ], [ -50.8144752, -29.349280399999987 ], [ -50.8143379, -29.3492548 ], [ -50.8142051, -29.3492448 ], [ -50.8140412, -29.3492542 ], [ -50.8138588, -29.3492946 ], [ -50.8136763, -29.3493652 ], [ -50.8135649, -29.3494279 ], [ -50.8134295, -29.349516800000011 ], [ -50.8133677, -29.3495667 ], [ -50.811205, -29.3496162 ], [ -50.8111286, -29.3495386 ], [ -50.8110244, -29.3494503 ], [ -50.8109346, -29.3493916 ], [ -50.8108294, -29.349337699999989 ], [ -50.8107322, -29.3493086 ], [ -50.8100579, -29.3491403 ], [ -50.8100648, -29.3492316 ], [ -50.810063, -29.349295600000012 ], [ -50.8100496, -29.3493564 ], [ -50.8098096, -29.350079199999989 ], [ -50.8095643, -29.3507587 ], [ -50.8093254, -29.3514245 ], [ -50.8082472, -29.3513553 ], [ -50.8070751, -29.3512805 ], [ -50.8065922, -29.3504465 ], [ -50.80625950000001, -29.3512272 ], [ -50.8062321, -29.35134 ], [ -50.8061951, -29.351566 ], [ -50.8060913, -29.3522007 ], [ -50.8060565, -29.3526338 ], [ -50.8060337, -29.3530868 ], [ -50.8043572, -29.353004800000011 ], [ -50.8015927, -29.3528697 ], [ -50.8014893, -29.3528702 ], [ -50.8013752, -29.3528867 ], [ -50.8012941, -29.3529172 ], [ -50.8012164, -29.3529591 ], [ -50.8009022, -29.3532414 ], [ -50.7997965, -29.3542135 ], [ -50.7996849, -29.3543112 ], [ -50.7998891, -29.354487 ], [ -50.8002042, -29.3547243 ], [ -50.8003786, -29.3548412 ], [ -50.8005838, -29.3549616 ], [ -50.8017304, -29.355611499999988 ], [ -50.802063, -29.3557927 ], [ -50.8021368, -29.3558324 ], [ -50.8021985, -29.355864 ], [ -50.8024023, -29.3559423 ], [ -50.8035235, -29.3563432 ], [ -50.803888, -29.3564822 ], [ -50.8041491, -29.3565575 ], [ -50.8043623, -29.3565933 ], [ -50.8054094, -29.3567232 ], [ -50.8056525, -29.3567706 ], [ -50.8059297, -29.3567501 ], [ -50.8060852, -29.3567535 ], [ -50.8064092, -29.3567648 ], [ -50.8067383, -29.3567882 ], [ -50.8073875, -29.3568404 ], [ -50.8075502, -29.3568594 ], [ -50.8084685, -29.3571136 ], [ -50.8091317, -29.3572886 ], [ -50.8099124, -29.3575008 ], [ -50.8100779, -29.3575705 ], [ -50.8106341, -29.357896 ], [ -50.8106839, -29.3578179 ], [ -50.8103647, -29.3569647 ], [ -50.810008, -29.3568384 ], [ -50.8111882, -29.3533013 ], [ -50.8124756, -29.353327 ] ] ] } },
{ "type": "Feature", "properties": { "name": "Serrano", "code_muni": 4304408.0, "name_muni": "Canela" }, "geometry": { "type": "Polygon", "coordinates": [ [ [ -50.811123, -29.3581614 ], [ -50.8111502, -29.3581741 ], [ -50.811175, -29.3581886 ], [ -50.8111928, -29.3582012 ], [ -50.8114291, -29.3583617 ], [ -50.8119175, -29.358625 ], [ -50.8124272, -29.3588973 ], [ -50.8126847, -29.358973 ], [ -50.8127078, -29.3589555 ], [ -50.8127348, -29.3589502 ], [ -50.8127604, -29.358952 ], [ -50.8127877, -29.3589638 ], [ -50.8128085, -29.3589872 ], [ -50.8130054, -29.3590561 ], [ -50.8134873, -29.3590408 ], [ -50.8140383, -29.35903 ], [ -50.8154588, -29.3589787 ], [ -50.8164223, -29.358992 ], [ -50.8164658, -29.3590239 ], [ -50.816795, -29.3590578 ], [ -50.8171441, -29.3590166 ], [ -50.8172048, -29.3588916 ], [ -50.8172327, -29.3587457 ], [ -50.8172537, -29.3587011 ], [ -50.8172496, -29.3586657 ], [ -50.8172064, -29.3586597 ], [ -50.8171988, -29.358614100000015 ], [ -50.8172572, -29.3585556 ], [ -50.8173371, -29.3585267 ], [ -50.8175241, -29.3585413 ], [ -50.8175756, -29.3585589 ], [ -50.8176136, -29.3585516 ], [ -50.8176462, -29.3585308 ], [ -50.8176437, -29.3584852 ], [ -50.8175701, -29.3584512 ], [ -50.8174347, -29.3584451 ], [ -50.8173413, -29.3584288 ], [ -50.817325, -29.358378 ], [ -50.8173436, -29.358209 ], [ -50.8173343, -29.3580605 ], [ -50.8174184, -29.3579506 ], [ -50.817437, -29.3578895 ], [ -50.817402, -29.357802 ], [ -50.8173436, -29.357745 ], [ -50.8173787, -29.3577104 ], [ -50.8173927, -29.3576616 ], [ -50.8173436, -29.3575293 ], [ -50.8173343, -29.3574438 ], [ -50.8174113, -29.3573991 ], [ -50.8174627, -29.357238299999988 ], [ -50.817409, -29.3571752 ], [ -50.8174557, -29.3570979 ], [ -50.8176308, -29.3569473 ], [ -50.8177196, -29.35677020000001 ], [ -50.8177686, -29.3566664 ], [ -50.8177756, -29.3565708 ], [ -50.8178783, -29.3565728 ], [ -50.8178713, -29.3565178 ], [ -50.817792, -29.35642420000001 ], [ -50.8177593, -29.3563428 ], [ -50.8177873, -29.356296 ], [ -50.8178994, -29.3562573 ], [ -50.8179951, -29.3561515 ], [ -50.8180628, -29.3559948 ], [ -50.8180511, -29.3558829 ], [ -50.8181142, -29.3557038 ], [ -50.818273, -29.355661 ], [ -50.818287, -29.355587799999988 ], [ -50.8183197, -29.355484 ], [ -50.8184437, -29.3553669 ], [ -50.8185462, -29.3552703 ], [ -50.8185648, -29.3551706 ], [ -50.8185298, -29.35502 ], [ -50.8186232, -29.3549976 ], [ -50.8186839, -29.3549487 ], [ -50.8186979, -29.3548877 ], [ -50.8187656, -29.3548714 ], [ -50.8188404, -29.3548144 ], [ -50.8189158, -29.3547116 ], [ -50.8190272, -29.3545213 ], [ -50.8190715, -29.3542262 ], [ -50.8190458, -29.3540655 ], [ -50.8189851, -29.3539393 ], [ -50.81888940000001, -29.3538945 ], [ -50.8189898, -29.3537907 ], [ -50.8189641, -29.3537012 ], [ -50.8189128, -29.3536605 ], [ -50.8188544, -29.3536828 ], [ -50.8187166, -29.353729599999987 ], [ -50.8186956, -29.353715399999988 ], [ -50.8187166, -29.3536564 ], [ -50.8186722, -29.3536401 ], [ -50.8186045, -29.3536442 ], [ -50.8185228, -29.3535872 ], [ -50.8184061, -29.353579 ], [ -50.8183967, -29.3535282 ], [ -50.8181532, -29.3536062 ], [ -50.8181015, -29.3535861 ], [ -50.8172591, -29.3533856 ], [ -50.8172379, -29.3532622 ], [ -50.8169689, -29.3532128 ], [ -50.816976, -29.3529105 ], [ -50.8171513, -29.352204 ], [ -50.8167152, -29.3521952 ], [ -50.8161262, -29.3522482 ], [ -50.815583, -29.3523026 ], [ -50.8155663, -29.352305900000019 ], [ -50.8150999, -29.3523991 ], [ -50.8147277, -29.3525018 ], [ -50.8142623, -29.3526944 ], [ -50.813776, -29.3529739 ], [ -50.8126526, -29.3530031 ], [ -50.8126196, -29.3530636 ], [ -50.8124756, -29.353327 ], [ -50.8111882, -29.3533013 ], [ -50.810008, -29.3568384 ], [ -50.8103647, -29.3569647 ], [ -50.8103862, -29.3571384 ], [ -50.810625, -29.3573161 ], [ -50.8103232, -29.3577143 ], [ -50.8106341, -29.357896 ], [ -50.8107536, -29.3579659 ], [ -50.8108375, -29.3580147 ], [ -50.811123, -29.3581614 ] ] ] } },
{ "type": "Feature", "properties": { "name": "Luiza Corrêa", "code_muni": 4304408.0, "name_muni": "Canela" }, "geometry": { "type": "Polygon", "coordinates": [ [ [ -50.821966, -29.3573619 ], [ -50.8227042, -29.3559742 ], [ -50.8228213, -29.3558166 ], [ -50.82317960000001, -29.3553831 ], [ -50.8232269, -29.3553279 ], [ -50.8238048, -29.3545939 ], [ -50.8240464, -29.3542983 ], [ -50.8242291, -29.3540864 ], [ -50.8242262, -29.3537236 ], [ -50.8242451, -29.3535778 ], [ -50.8242766, -29.3533523 ], [ -50.824297, -29.3531684 ], [ -50.8242969, -29.3529883 ], [ -50.8242563, -29.352786 ], [ -50.8241533, -29.352489 ], [ -50.8244786, -29.3509946 ], [ -50.8223543, -29.3520443 ], [ -50.8221487, -29.3521994 ], [ -50.8220517, -29.3522526 ], [ -50.8219913, -29.352288099999985 ], [ -50.8219017, -29.352338899999989 ], [ -50.8217776, -29.3524221 ], [ -50.8215528, -29.3525876 ], [ -50.8212805, -29.3527869 ], [ -50.8209593, -29.3530205 ], [ -50.8204123, -29.3533862 ], [ -50.8200985, -29.3535522 ], [ -50.8200409, -29.3533885 ], [ -50.8195782, -29.3535058 ], [ -50.8196413, -29.3535648 ], [ -50.819786, -29.3536462 ], [ -50.8198654, -29.3537459 ], [ -50.8198981, -29.3538904 ], [ -50.8198234, -29.3540105 ], [ -50.819737, -29.354096 ], [ -50.8195899, -29.3543504 ], [ -50.8195572, -29.354411399999989 ], [ -50.8195782, -29.3544786 ], [ -50.8196319, -29.3545539 ], [ -50.8196833, -29.3546943 ], [ -50.8197113, -29.354788 ], [ -50.8196856, -29.3548327 ], [ -50.8195525, -29.3548429 ], [ -50.8193868, -29.3548775 ], [ -50.819291, -29.3549467 ], [ -50.8192093, -29.3551115 ], [ -50.8191743, -29.355252 ], [ -50.819214, -29.3553883 ], [ -50.8191042, -29.3554148 ], [ -50.8188941, -29.355577600000011 ], [ -50.818761, -29.3556956 ], [ -50.8185905, -29.3558951 ], [ -50.8184714, -29.356066 ], [ -50.818329, -29.356178 ], [ -50.8182309, -29.3563856 ], [ -50.8182146, -29.3565301 ], [ -50.8181632, -29.3566359 ], [ -50.81821690000001, -29.3567621 ], [ -50.8182029, -29.356882100000011 ], [ -50.8183033, -29.3572383 ], [ -50.818294, -29.357348199999986 ], [ -50.8182146, -29.3574255 ], [ -50.8182449, -29.3576087 ], [ -50.8181492, -29.3576819 ], [ -50.8181165, -29.3577878 ], [ -50.8180441, -29.3578305 ], [ -50.8179998, -29.3578916 ], [ -50.8179928, -29.3579974 ], [ -50.8179834, -29.3581724 ], [ -50.8179507, -29.3582579 ], [ -50.8178994, -29.3583311 ], [ -50.8177826, -29.3583576 ], [ -50.8177266, -29.3584003 ], [ -50.8176437, -29.3584852 ], [ -50.8176462, -29.3585308 ], [ -50.8176136, -29.3585516 ], [ -50.8175756, -29.3585589 ], [ -50.8175241, -29.3585413 ], [ -50.8173371, -29.3585267 ], [ -50.8172572, -29.3585556 ], [ -50.8171988, -29.358614100000015 ], [ -50.8172064, -29.3586597 ], [ -50.8172496, -29.3586657 ], [ -50.8172537, -29.3587011 ], [ -50.8172327, -29.3587457 ], [ -50.8172048, -29.3588916 ], [ -50.8171441, -29.3590166 ], [ -50.817112, -29.3591279 ], [ -50.8170256, -29.359211699999989 ], [ -50.8169942, -29.3592473 ], [ -50.8169767, -29.3592951 ], [ -50.817009, -29.359340400000015 ], [ -50.8170055, -29.3593597 ], [ -50.8168446, -29.3594129 ], [ -50.8167514, -29.3594594 ], [ -50.81672360000001, -29.3595108 ], [ -50.8167245, -29.3595876 ], [ -50.816759, -29.3596629 ], [ -50.816904, -29.3599576 ], [ -50.8169228, -29.3602873 ], [ -50.8167436, -29.3607153 ], [ -50.8165926, -29.3609891 ], [ -50.8164971, -29.3611159 ], [ -50.818087, -29.361168 ], [ -50.8182417, -29.361171599999984 ], [ -50.8183548, -29.3611898 ], [ -50.8184329, -29.3612244 ], [ -50.8189016, -29.3615657 ], [ -50.8190463, -29.3615233 ], [ -50.8191218, -29.361453899999987 ], [ -50.8191884, -29.3613875 ], [ -50.8191981, -29.3613778 ], [ -50.81955, -29.36095 ], [ -50.8198075, -29.3606491 ], [ -50.8202579, -29.3601216 ], [ -50.8208745, -29.3591471 ], [ -50.8216455, -29.3579294 ], [ -50.821966, -29.3573619 ] ] ] } }
]
}
