{
"type": "FeatureCollection",
"name": "bairros_passo_fundo",
"crs": { "type": "name", "properties": { "name": "urn:ogc:def:crs:OGC:1.3:CRS84" } },
"features": [
{ "type": "Feature", "properties": { "name": "Vera Cruz", "code_muni": 4314100.0, "name_muni": "Passo Fundo" }, "geometry": { "type": "Polygon", "coordinates": [ [ [ -52.4201325, -28.2477293 ], [ -52.4204947, -28.2478923 ], [ -52.4208979, -28.248054 ], [ -52.4209514, -28.2480698 ], [ -52.4212262, -28.2481516 ], [ -52.4214352, -28.2482197 ], [ -52.4219284, -28.2483364 ], [ -52.4223708, -28.2483442 ], [ -52.4220818, -28.2484978 ], [ -52.4215388, -28.248803 ], [ -52.4203015, -28.24949 ], [ -52.4193884, -28.2500558 ], [ -52.4185075, -28.2505689 ], [ -52.4173403, -28.2505186 ], [ -52.4171105, -28.2505132 ], [ -52.41701, -28.2505124 ], [ -52.4169083, -28.2505028 ], [ -52.4159269, -28.2503564 ], [ -52.4157713, -28.2503127 ], [ -52.4153264, -28.2512897 ], [ -52.4148206, -28.2522641 ], [ -52.4130551, -28.2527647 ], [ -52.4134981, -28.252908 ], [ -52.4138457, -28.2530204 ], [ -52.4148305, -28.2534061 ], [ -52.415004, -28.2534967 ], [ -52.4161186, -28.2542661 ], [ -52.4164933, -28.2544912 ], [ -52.4172099, -28.2548992 ], [ -52.417296, -28.2549525 ], [ -52.4177116, -28.2551531 ], [ -52.4178408, -28.2552764 ], [ -52.4179038, -28.2553417 ], [ -52.4181756, -28.2557954 ], [ -52.4183524, -28.256067 ], [ -52.4184215, -28.2561864 ], [ -52.4184356, -28.2562561 ], [ -52.4184441, -28.2563706 ], [ -52.4183721, -28.2565902 ], [ -52.4183575, -28.2566388 ], [ -52.4183534, -28.2566881 ], [ -52.4183471, -28.2567835 ], [ -52.4183673, -28.2569169 ], [ -52.4196674, -28.2576724 ], [ -52.4203768, -28.2580977 ], [ -52.4212432, -28.2585891 ], [ -52.4219539, -28.2576971 ], [ -52.4227827, -28.2581933 ], [ -52.4233876, -28.2585489 ], [ -52.4240702, -28.258882 ], [ -52.4241486, -28.2589165 ], [ -52.4247616, -28.2591868 ], [ -52.4241916, -28.2600669 ], [ -52.4240568, -28.2602771 ], [ -52.4242339, -28.2602204 ], [ -52.4246818, -28.2602181 ], [ -52.4248561, -28.2601637 ], [ -52.4251968, -28.2601921 ], [ -52.4252585, -28.2602086 ], [ -52.4255481, -28.260433 ], [ -52.4255481, -28.2603763 ], [ -52.4256742, -28.2602346 ], [ -52.4260604, -28.2600503 ], [ -52.426326, -28.2598282 ], [ -52.4264252, -28.259783299999988 ], [ -52.4266076, -28.2597739 ], [ -52.4267203, -28.2597928 ], [ -52.4273211, -28.2597975 ], [ -52.4277636, -28.2599251 ], [ -52.4278736, -28.2599369 ], [ -52.428174, -28.2598755 ], [ -52.4283323, -28.2597739 ], [ -52.4286944, -28.259672299999988 ], [ -52.4288204, -28.2596652 ], [ -52.4292952, -28.2597196 ], [ -52.4297512, -28.2597148 ], [ -52.4303091, -28.2595873 ], [ -52.4303412, -28.259488 ], [ -52.4302661, -28.2584863 ], [ -52.4303091, -28.2583918 ], [ -52.4304324, -28.2582406 ], [ -52.4306363, -28.2581461 ], [ -52.4308723, -28.2580801 ], [ -52.4314034, -28.2579572 ], [ -52.4316877, -28.2579289 ], [ -52.4318325, -28.2579052 ], [ -52.4320257, -28.2577966 ], [ -52.4321759, -28.2576406 ], [ -52.4323207, -28.2574233 ], [ -52.4324065, -28.2570878 ], [ -52.432487, -28.2568704 ], [ -52.4325299, -28.2567996 ], [ -52.4326158, -28.256752299999985 ], [ -52.4327767, -28.2566909 ], [ -52.4329913, -28.2565869 ], [ -52.4332273, -28.2564924 ], [ -52.4335706, -28.2562703 ], [ -52.4340481, -28.2560577 ], [ -52.4342465, -28.2559868 ], [ -52.434445, -28.2558451 ], [ -52.4347186, -28.2555805 ], [ -52.4347948, -28.2555204 ], [ -52.4348622, -28.2555048 ], [ -52.4350458, -28.2554623 ], [ -52.4354911, -28.2553773 ], [ -52.4358773, -28.255278 ], [ -52.4361134, -28.255141 ], [ -52.4363816, -28.2549284 ], [ -52.4365103, -28.2547772 ], [ -52.4365264, -28.254692 ], [ -52.4365211, -28.2543943 ], [ -52.436564, -28.2541391 ], [ -52.4366283, -28.2539407 ], [ -52.4368215, -28.2536997 ], [ -52.4369019, -28.2534823 ], [ -52.4368805, -28.2533784 ], [ -52.4367142, -28.2532035 ], [ -52.4363065, -28.2529342 ], [ -52.4362528, -28.252849099999988 ], [ -52.4362367, -28.2527499 ], [ -52.4362904, -28.2526648 ], [ -52.4364621, -28.252542 ], [ -52.436564, -28.2525325 ], [ -52.4366713, -28.2525656 ], [ -52.4370146, -28.2527263 ], [ -52.4372882, -28.2529295 ], [ -52.4375242, -28.253057 ], [ -52.4378461, -28.2531846 ], [ -52.4381894, -28.2532461 ], [ -52.43841470000001, -28.2532508 ], [ -52.4391657, -28.2534682 ], [ -52.4395627, -28.2534871 ], [ -52.4396807, -28.2535154 ], [ -52.4399167, -28.2535343 ], [ -52.4401903, -28.253539 ], [ -52.4411988, -28.2534682 ], [ -52.441392, -28.2533878 ], [ -52.4415368, -28.253071199999987 ], [ -52.441577, -28.2529153 ], [ -52.441687, -28.2522254 ], [ -52.4416602, -28.2519891 ], [ -52.4415851, -28.2518096 ], [ -52.44151, -28.2517245 ], [ -52.4415153, -28.2514268 ], [ -52.4418372, -28.2511385 ], [ -52.442084, -28.2507511 ], [ -52.4420893, -28.2506518 ], [ -52.4420518, -28.2504392 ], [ -52.4420625, -28.2503352 ], [ -52.4424595, -28.2500895 ], [ -52.4425936, -28.2498343 ], [ -52.4426258, -28.2497398 ], [ -52.4426419, -28.2494327 ], [ -52.4428618, -28.2487947 ], [ -52.4428779, -28.2481473 ], [ -52.4429154, -28.2480575 ], [ -52.4429262, -28.2479583 ], [ -52.44298520000001, -28.2478685 ], [ -52.4432534, -28.247585 ], [ -52.4434465, -28.2474574 ], [ -52.4442405, -28.2470982 ], [ -52.4443477, -28.2471597 ], [ -52.4444765, -28.2471715 ], [ -52.4445248, -28.2471526 ], [ -52.4445811, -28.2469848 ], [ -52.4445596, -28.2468761 ], [ -52.4445677, -28.2468242 ], [ -52.444683, -28.2466777 ], [ -52.4447957, -28.2465973 ], [ -52.4449781, -28.2463847 ], [ -52.4450719, -28.2461319 ], [ -52.444938, -28.2460494 ], [ -52.4435231, -28.2448526 ], [ -52.4430414, -28.2444418 ], [ -52.4422466, -28.2437007 ], [ -52.4427709, -28.242928 ], [ -52.4428895, -28.2427711 ], [ -52.4428268, -28.2426996 ], [ -52.4427921, -28.2426785 ], [ -52.4427532, -28.2426631 ], [ -52.4421764, -28.2424821 ], [ -52.4417374, -28.2423675 ], [ -52.4417739, -28.2415563 ], [ -52.4405999, -28.2412955 ], [ -52.4395415, -28.2410519 ], [ -52.4391721, -28.2409686 ], [ -52.4379162, -28.2406455 ], [ -52.4381675, -28.2397218 ], [ -52.4382859, -28.2392894 ], [ -52.4384637, -28.2387123 ], [ -52.4385229, -28.2384427 ], [ -52.4381013, -28.2384248 ], [ -52.4376089, -28.2384469 ], [ -52.4372831, -28.2385047 ], [ -52.4369827, -28.2386078 ], [ -52.4366784, -28.2387613 ], [ -52.4364161, -28.2389276 ], [ -52.4360073, -28.2391814 ], [ -52.435364, -28.2396319 ], [ -52.4350834, -28.23989 ], [ -52.4349256, -28.2400301 ], [ -52.4346955, -28.2403399 ], [ -52.4345456, -28.2405981 ], [ -52.43438290000001, -28.240928 ], [ -52.434235, -28.2412964 ], [ -52.434091, -28.2416232 ], [ -52.433943, -28.2418602 ], [ -52.4337629, -28.2420391 ], [ -52.4335057, -28.2422221 ], [ -52.4329269, -28.2415077 ], [ -52.4328947, -28.2410682 ], [ -52.4328089, -28.2406618 ], [ -52.4326801, -28.240463299999984 ], [ -52.432546, -28.2399907 ], [ -52.4324012, -28.2395843 ], [ -52.4323596, -28.2392037 ], [ -52.4323304, -28.2389371 ], [ -52.4322885, -28.238554 ], [ -52.4323154, -28.2383555 ], [ -52.4321922, -28.2382066 ], [ -52.4321132, -28.238111 ], [ -52.4320418, -28.2380247 ], [ -52.4318487, -28.2378451 ], [ -52.4315751, -28.237325299999988 ], [ -52.4313498, -28.2370653 ], [ -52.4307811, -28.2362288 ], [ -52.4307329, -28.2361107 ], [ -52.4306631, -28.2360161 ], [ -52.430529, -28.2357089 ], [ -52.4303681, -28.2354467 ], [ -52.4303367, -28.2352973 ], [ -52.4291685, -28.2357163 ], [ -52.428367, -28.2360043 ], [ -52.4278133, -28.2361556 ], [ -52.4273636, -28.2362649 ], [ -52.4269523, -28.2363777 ], [ -52.4266626, -28.2364368 ], [ -52.4262712, -28.2364835 ], [ -52.4261611, -28.2364989 ], [ -52.4261218, -28.2365029 ], [ -52.4257902, -28.2365366 ], [ -52.42552460000001, -28.2365476 ], [ -52.4246504, -28.2365302 ], [ -52.4243197, -28.2365148 ], [ -52.4240837, -28.2365053 ], [ -52.42366160000001, -28.2364604 ], [ -52.4235522, -28.2365648 ], [ -52.4234319, -28.2368196 ], [ -52.4232119, -28.2370322 ], [ -52.4232549, -28.2371268 ], [ -52.4233997, -28.2373158 ], [ -52.4234855, -28.2375167 ], [ -52.4235418, -28.2382894 ], [ -52.4235123, -28.238391 ], [ -52.4233648, -28.2387194 ], [ -52.4233139, -28.239133 ], [ -52.4234211, -28.2393882 ], [ -52.4234454, -28.2397207 ], [ -52.4234614, -28.2399387 ], [ -52.4234077, -28.2405602 ], [ -52.4234131, -28.241106 ], [ -52.423456, -28.241391899999989 ], [ -52.4234292, -28.241720399999988 ], [ -52.4233273, -28.2421386 ], [ -52.4232656, -28.242219 ], [ -52.4231797, -28.2424387 ], [ -52.4229974, -28.2427317 ], [ -52.4230027, -28.2428498 ], [ -52.4229866, -28.2429633 ], [ -52.4229303, -28.2431381 ], [ -52.4229142, -28.2433082 ], [ -52.422874, -28.2434028 ], [ -52.422756, -28.2435398 ], [ -52.4225816, -28.2436769 ], [ -52.4224207, -28.2439037 ], [ -52.4223349, -28.2440927 ], [ -52.4221149, -28.2443432 ], [ -52.4217689, -28.2448299 ], [ -52.4215275, -28.2450142 ], [ -52.4211895, -28.2453427 ], [ -52.4209374, -28.2454726 ], [ -52.4207132, -28.2455286 ], [ -52.4204358, -28.2455979 ], [ -52.4201408, -28.245638 ], [ -52.419996, -28.2457136 ], [ -52.4199343, -28.2459097 ], [ -52.4199088, -28.2461094 ], [ -52.4198833, -28.2463091 ], [ -52.4198458, -28.2470155 ], [ -52.4198408, -28.2475597 ], [ -52.4201325, -28.2477293 ] ] ] } },
{ "type": "Feature", "properties": { "name": "Annes", "code_muni": 4314100.0, "name_muni": "Passo Fundo" }, "geometry": { "type": "Polygon", "coordinates": [ [ [ -52.4193884, -28.2500558 ], [ -52.4203015, -28.24949 ], [ -52.4215388, -28.248803 ], [ -52.4220818, -28.2484978 ], [ -52.4223708, -28.2483442 ], [ -52.4219284, -28.2483364 ], [ -52.4214352, -28.2482197 ], [ -52.4212262, -28.2481516 ], [ -52.4209514, -28.2480698 ], [ -52.4208979, -28.248054 ], [ -52.4204947, -28.2478923 ], [ -52.4201325, -28.2477293 ], [ -52.4198408, -28.2475597 ], [ -52.4184159, -28.2466589 ], [ -52.4177829, -28.2462808 ], [ -52.4174986, -28.2461485 ], [ -52.4167422, -28.2458556 ], [ -52.4160663, -28.2456665 ], [ -52.4157058, -28.2456179 ], [ -52.4153918, -28.2455992 ], [ -52.4150913, -28.2455874 ], [ -52.4148394, -28.2455931 ], [ -52.4146206, -28.2456051 ], [ -52.4142882, -28.2456309 ], [ -52.4139917, -28.245676 ], [ -52.4135638, -28.2457563 ], [ -52.4132717, -28.2458274 ], [ -52.4117902, -28.2461996 ], [ -52.4057672, -28.2476578 ], [ -52.4053887, -28.2477338 ], [ -52.405053700000011, -28.247783 ], [ -52.4044315, -28.2478113 ], [ -52.4038092, -28.2477924 ], [ -52.4032647, -28.2477144 ], [ -52.4028999, -28.2476176 ], [ -52.4023903, -28.2474475 ], [ -52.4019107, -28.2472411 ], [ -52.4013937, -28.2469214 ], [ -52.4012873, -28.2471965 ], [ -52.4011108, -28.2472634 ], [ -52.4001447, -28.2473517 ], [ -52.3996828, -28.2472917 ], [ -52.3993446, -28.2473201 ], [ -52.3989761, -28.2474753 ], [ -52.3983457, -28.2485523 ], [ -52.3977167, -28.250175899999988 ], [ -52.3972752, -28.2508599 ], [ -52.3972027, -28.2510598 ], [ -52.3973172, -28.251057 ], [ -52.3977638, -28.2513896 ], [ -52.3986521, -28.2520543 ], [ -52.3991958, -28.252496 ], [ -52.3993847, -28.25263 ], [ -52.4001411, -28.2517824 ], [ -52.4003868, -28.2515163 ], [ -52.4012827, -28.250597700000011 ], [ -52.4025977, -28.2515897 ], [ -52.4037215, -28.252461199999985 ], [ -52.4039874, -28.2526584 ], [ -52.4049122, -28.253344099999989 ], [ -52.4060398, -28.2541582 ], [ -52.406565, -28.2536623 ], [ -52.4066443, -28.2535874 ], [ -52.4071738, -28.2530183 ], [ -52.4074635, -28.252718399999988 ], [ -52.4074908, -28.2526383 ], [ -52.407338, -28.2521246 ], [ -52.4073554, -28.2520431 ], [ -52.4074998, -28.25177 ], [ -52.4077519, -28.2518553 ], [ -52.408048, -28.251977 ], [ -52.4082285, -28.2520437 ], [ -52.40846, -28.2521293 ], [ -52.4087759, -28.2522462 ], [ -52.4088963, -28.2522868 ], [ -52.4093276, -28.2524661 ], [ -52.4100272, -28.252745 ], [ -52.4113045, -28.2532287 ], [ -52.4130551, -28.2527647 ], [ -52.4148206, -28.2522641 ], [ -52.4153264, -28.2512897 ], [ -52.4157713, -28.2503127 ], [ -52.4159269, -28.2503564 ], [ -52.4169083, -28.2505028 ], [ -52.41701, -28.2505124 ], [ -52.4171105, -28.2505132 ], [ -52.4173403, -28.2505186 ], [ -52.4185075, -28.2505689 ], [ -52.4193884, -28.2500558 ] ] ] } },
{ "type": "Feature", "properties": { "name": "Vila Rodrigues", "code_muni": 4314100.0, "name_muni": "Passo Fundo" }, "geometry": { "type": "Polygon", "coordinates": [ [ [ -52.3940698, -28.255143 ], [ -52.3938483, -28.254972899999988 ], [ -52.3937168, -28.2548339 ], [ -52.3936696, -28.2550035 ], [ -52.3936168, -28.2554025 ], [ -52.3935036, -28.255674 ], [ -52.39333, -28.2558238 ], [ -52.3927493, -28.2561562 ], [ -52.3921109, -28.2564542 ], [ -52.391612, -28.2568507 ], [ -52.3908508, -28.2571583 ], [ -52.390419, -28.2575698 ], [ -52.390242, -28.2575932 ], [ -52.3900971, -28.257631 ], [ -52.3899362, -28.2575932 ], [ -52.3897645, -28.2575365 ], [ -52.3893623, -28.2572767 ], [ -52.3893568, -28.2574092 ], [ -52.3891201, -28.2576418 ], [ -52.3890144, -28.2577937 ], [ -52.3889218, -28.2579748 ], [ -52.3888318, -28.2582624 ], [ -52.3887725, -28.2584856 ], [ -52.3887558, -28.2586846 ], [ -52.3887677, -28.2588383 ], [ -52.3888356, -28.259108799999989 ], [ -52.3889094, -28.2592871 ], [ -52.3892629, -28.2598754 ], [ -52.3893504, -28.2601479 ], [ -52.3894164, -28.2603276 ], [ -52.3894798, -28.2606581 ], [ -52.3896854, -28.261711 ], [ -52.3898981, -28.2627593 ], [ -52.3900826, -28.263794 ], [ -52.3902986, -28.2648647 ], [ -52.3904224, -28.2655607 ], [ -52.3904831, -28.2659019 ], [ -52.3908166, -28.2675874 ], [ -52.3908707, -28.2678023 ], [ -52.3910056, -28.2682358 ], [ -52.3909933, -28.2682893 ], [ -52.3910065, -28.2683414 ], [ -52.3910433, -28.2683282 ], [ -52.3910617, -28.2683217 ], [ -52.3910896, -28.2683117 ], [ -52.3925463, -28.2677906 ], [ -52.3937801, -28.2673053 ], [ -52.395097, -28.2666273 ], [ -52.3954702, -28.2665386 ], [ -52.3977034, -28.2660593 ], [ -52.3987453, -28.2658453 ], [ -52.3989207, -28.2658325 ], [ -52.398995, -28.2658145 ], [ -52.3992657, -28.2657528 ], [ -52.3994296, -28.2657011 ], [ -52.3995752, -28.2656718 ], [ -52.4004372, -28.2654979 ], [ -52.4013628, -28.26524 ], [ -52.4013694, -28.2651859 ], [ -52.401018, -28.264866 ], [ -52.4009067, -28.2647419 ], [ -52.4008138, -28.2645893 ], [ -52.4007912, -28.2645271 ], [ -52.4007116, -28.2642678 ], [ -52.4006368, -28.2638656 ], [ -52.4005629, -28.2633635 ], [ -52.4005506, -28.2632636 ], [ -52.4003788, -28.2622506 ], [ -52.4002819, -28.2615932 ], [ -52.4002083, -28.261096599999988 ], [ -52.4001948, -28.2610344 ], [ -52.400051, -28.2606047 ], [ -52.3997667, -28.2601429 ], [ -52.3994263, -28.259814 ], [ -52.3990321, -28.259539 ], [ -52.3987699, -28.259404 ], [ -52.3984772, -28.259294 ], [ -52.3984168, -28.2588043 ], [ -52.3977815, -28.2586079 ], [ -52.3976962, -28.2585833 ], [ -52.3963971, -28.2582093 ], [ -52.3958671, -28.2578652 ], [ -52.3957101, -28.2577503 ], [ -52.3949945, -28.2572264 ], [ -52.3941184, -28.2565763 ], [ -52.3948893, -28.25579 ], [ -52.3942895, -28.2553216 ], [ -52.3940698, -28.255143 ] ] ] } },
{ "type": "Feature", "properties": { "name": "Cruzeiro", "code_muni": 4314100.0, "name_muni": "Passo Fundo" }, "geometry": { "type": "Polygon", "coordinates": [ [ [ -52.3801833, -28.2629721 ], [ -52.380479, -28.2631015 ], [ -52.3811308, -28.2633861 ], [ -52.38228740000001, -28.2638864 ], [ -52.3823664, -28.2639196 ], [ -52.3835984, -28.2644368 ], [ -52.384118, -28.264656 ], [ -52.3843504, -28.2646617 ], [ -52.3846364, -28.2646352 ], [ -52.3855052, -28.2644899 ], [ -52.3856624, -28.2652805 ], [ -52.3857659, -28.2654461 ], [ -52.3858757, -28.2654888 ], [ -52.3859829, -28.2654935 ], [ -52.3868748, -28.2653944 ], [ -52.3880271, -28.265212 ], [ -52.38822, -28.2662555 ], [ -52.3893651, -28.2660875 ], [ -52.3904831, -28.2659019 ], [ -52.3904224, -28.2655607 ], [ -52.3902986, -28.2648647 ], [ -52.3900826, -28.263794 ], [ -52.3898981, -28.2627593 ], [ -52.3896854, -28.261711 ], [ -52.3894798, -28.2606581 ], [ -52.3894164, -28.2603276 ], [ -52.3893504, -28.2601479 ], [ -52.3892629, -28.2598754 ], [ -52.3889094, -28.2592871 ], [ -52.3888356, -28.259108799999989 ], [ -52.3887677, -28.2588383 ], [ -52.3887558, -28.2586846 ], [ -52.3887725, -28.2584856 ], [ -52.3888318, -28.2582624 ], [ -52.3889218, -28.2579748 ], [ -52.3890144, -28.2577937 ], [ -52.3891201, -28.2576418 ], [ -52.3893568, -28.2574092 ], [ -52.3893623, -28.2572767 ], [ -52.388917, -28.2568868 ], [ -52.388705, -28.2566747 ], [ -52.3886679, -28.2567524 ], [ -52.3883434, -28.2570334 ], [ -52.387823, -28.2573997 ], [ -52.3875065, -28.2576052 ], [ -52.3871443, -28.2578108 ], [ -52.3867769, -28.257988 ], [ -52.3865149, -28.2580902 ], [ -52.3852066, -28.2585184 ], [ -52.385237, -28.2588127 ], [ -52.3851756, -28.2589138 ], [ -52.3851807, -28.2590726 ], [ -52.3852215, -28.2592897 ], [ -52.3852693, -28.2595494 ], [ -52.3854876, -28.2602752 ], [ -52.3855301, -28.2604167 ], [ -52.3855, -28.2605422 ], [ -52.3854196, -28.2606314 ], [ -52.3844969, -28.2609905 ], [ -52.3842077, -28.2610614 ], [ -52.3834562, -28.2613496 ], [ -52.3832421, -28.261463 ], [ -52.383086, -28.2615339 ], [ -52.3830168, -28.2615979 ], [ -52.3828715, -28.2617323 ], [ -52.382512, -28.2621859 ], [ -52.3823082, -28.2622946 ], [ -52.3821805, -28.262354 ], [ -52.3819487, -28.2623129 ], [ -52.3814729, -28.2621447 ], [ -52.3812378, -28.2620504 ], [ -52.3805544, -28.2621421 ], [ -52.3799292, -28.2619736 ], [ -52.3795954, -28.2626978 ], [ -52.3796348, -28.2627248 ], [ -52.3801833, -28.2629721 ] ] ] } },
{ "type": "Feature", "properties": { "name": "Vila Santa Maria", "code_muni": 4314100.0, "name_muni": "Passo Fundo" }, "geometry": { "type": "Polygon", "coordinates": [ [ [ -52.3846364, -28.2646352 ], [ -52.3843504, -28.2646617 ], [ -52.384118, -28.264656 ], [ -52.3835984, -28.2644368 ], [ -52.3823664, -28.2639196 ], [ -52.38228740000001, -28.2638864 ], [ -52.3811308, -28.2633861 ], [ -52.380479, -28.2631015 ], [ -52.3801833, -28.2629721 ], [ -52.3796348, -28.2627248 ], [ -52.3795954, -28.2626978 ], [ -52.3799292, -28.2619736 ], [ -52.3805544, -28.2621421 ], [ -52.3812378, -28.2620504 ], [ -52.3814729, -28.2621447 ], [ -52.3819487, -28.2623129 ], [ -52.3821805, -28.262354 ], [ -52.3823082, -28.2622946 ], [ -52.382512, -28.2621859 ], [ -52.3828715, -28.2617323 ], [ -52.3830168, -28.2615979 ], [ -52.383086, -28.2615339 ], [ -52.3832421, -28.261463 ], [ -52.3834562, -28.2613496 ], [ -52.3842077, -28.2610614 ], [ -52.3844969, -28.2609905 ], [ -52.3854196, -28.2606314 ], [ -52.3855, -28.2605422 ], [ -52.3855301, -28.2604167 ], [ -52.3854876, -28.2602752 ], [ -52.3852693, -28.2595494 ], [ -52.3852215, -28.2592897 ], [ -52.3851807, -28.2590726 ], [ -52.3851756, -28.2589138 ], [ -52.385237, -28.2588127 ], [ -52.3852066, -28.2585184 ], [ -52.3822896, -28.2595095 ], [ -52.3818389, -28.2596677 ], [ -52.3815707, -28.2597693 ], [ -52.3810102, -28.2600245 ], [ -52.3804291, -28.2602839 ], [ -52.3797522, -28.2606171 ], [ -52.3790655, -28.2609975 ], [ -52.3781911, -28.2615408 ], [ -52.3776332, -28.2619214 ], [ -52.3770699, -28.2623419 ], [ -52.3760838, -28.2631258 ], [ -52.374864, -28.264109 ], [ -52.3752165, -28.2644445 ], [ -52.3758639, -28.2650698 ], [ -52.37650510000001, -28.2657165 ], [ -52.3774337, -28.2666856 ], [ -52.3777988, -28.2670478 ], [ -52.3779309, -28.2671347 ], [ -52.3780958, -28.2672204 ], [ -52.3786015, -28.2673801 ], [ -52.3788583, -28.2674613 ], [ -52.3801393, -28.2678659 ], [ -52.3815228, -28.2683152 ], [ -52.3822053, -28.2685245 ], [ -52.3823754, -28.2685767 ], [ -52.3835819, -28.26901 ], [ -52.3848823, -28.2695195 ], [ -52.3861571, -28.2700349 ], [ -52.3866825, -28.269080599999988 ], [ -52.38744, -28.2677065 ], [ -52.3884015, -28.2681531 ], [ -52.3892857, -28.2673597 ], [ -52.3895509, -28.267127 ], [ -52.3896059, -28.2670006 ], [ -52.389611, -28.2668775 ], [ -52.3894035, -28.2663822 ], [ -52.3893651, -28.2660875 ], [ -52.38822, -28.2662555 ], [ -52.3880271, -28.265212 ], [ -52.3868748, -28.2653944 ], [ -52.3859829, -28.2654935 ], [ -52.3858757, -28.2654888 ], [ -52.3857659, -28.2654461 ], [ -52.3856624, -28.2652805 ], [ -52.3855052, -28.2644899 ], [ -52.3846364, -28.2646352 ] ] ] } },
{ "type": "Feature", "properties": { "name": "Planaltina", "code_muni": 4314100.0, "name_muni": "Passo Fundo" }, "geometry": { "type": "Polygon", "coordinates": [ [ [ -52.3864147, -28.2733858 ], [ -52.3854679, -28.2740496 ], [ -52.384855, -28.2744666 ], [ -52.3844854, -28.274734699999989 ], [ -52.3842811, -28.2749221 ], [ -52.3841359, -28.2750639 ], [ -52.3836231, -28.2755508 ], [ -52.3831147, -28.2760165 ], [ -52.3826569, -28.2764449 ], [ -52.3823314, -28.2767488 ], [ -52.3822332, -28.276892 ], [ -52.3821326, -28.2771795 ], [ -52.3819381, -28.2776354 ], [ -52.3808585, -28.2785779 ], [ -52.3808317, -28.2786936 ], [ -52.3807821, -28.2787905 ], [ -52.38046820000001, -28.2791507 ], [ -52.3801957, -28.279255 ], [ -52.3791035, -28.2798732 ], [ -52.3781001, -28.2804412 ], [ -52.3783321, -28.2806945 ], [ -52.3778718, -28.2810073 ], [ -52.3770664, -28.2815645 ], [ -52.3782203, -28.282968499999988 ], [ -52.3784024, -28.2831753 ], [ -52.377373, -28.2842208 ], [ -52.3772818, -28.2844097 ], [ -52.3772657, -28.2847971 ], [ -52.3772979, -28.2849057 ], [ -52.3774266, -28.2850616 ], [ -52.3776627, -28.28509 ], [ -52.3780221, -28.2850947 ], [ -52.3781616, -28.2850947 ], [ -52.3782849, -28.2850711 ], [ -52.378521, -28.2850049 ], [ -52.3790789, -28.2846129 ], [ -52.3791164, -28.2849341 ], [ -52.3791003, -28.2851419 ], [ -52.3790467, -28.2853403 ], [ -52.3790789, -28.2856616 ], [ -52.3791379, -28.2857419 ], [ -52.3791647, -28.2858411 ], [ -52.3792398, -28.2859119 ], [ -52.3793632, -28.2859214 ], [ -52.3794705, -28.2859072 ], [ -52.3795778, -28.2859497 ], [ -52.3796368, -28.2860442 ], [ -52.3795617, -28.2863513 ], [ -52.3795509, -28.286554399999989 ], [ -52.3795939, -28.2867622 ], [ -52.3796529, -28.2868567 ], [ -52.3800552, -28.2871968 ], [ -52.3803556, -28.2875653 ], [ -52.3804092, -28.2877637 ], [ -52.3804629, -28.2883683 ], [ -52.3808599, -28.2889163 ], [ -52.3810262, -28.2890533 ], [ -52.3813641, -28.2891997 ], [ -52.3817235, -28.289662599999989 ], [ -52.3817982, -28.2897702 ], [ -52.3844346, -28.2889983 ], [ -52.3847227, -28.2889012 ], [ -52.3861367, -28.2884111 ], [ -52.3864973, -28.2882968 ], [ -52.387242, -28.288094 ], [ -52.3878489, -28.287949 ], [ -52.3884337, -28.2878525 ], [ -52.388984, -28.2877702 ], [ -52.3897046, -28.2877189 ], [ -52.3900535, -28.2876975 ], [ -52.3902074, -28.2876881 ], [ -52.3934047, -28.2876592 ], [ -52.3938685, -28.2876541 ], [ -52.39396510000001, -28.2875086 ], [ -52.3935628, -28.287518 ], [ -52.3934662, -28.2873055 ], [ -52.3934662, -28.287211 ], [ -52.393316, -28.2863607 ], [ -52.3933643, -28.2862379 ], [ -52.3934448, -28.286167 ], [ -52.3934609, -28.2859544 ], [ -52.3934341, -28.2858458 ], [ -52.393198, -28.285765499999989 ], [ -52.3930585, -28.2856096 ], [ -52.3929459, -28.2855954 ], [ -52.3928547, -28.2855387 ], [ -52.3926884, -28.2854018 ], [ -52.3925543, -28.2852364 ], [ -52.3923236, -28.2850782 ], [ -52.3922914, -28.2848349 ], [ -52.3922136, -28.284627 ], [ -52.3921439, -28.2842515 ], [ -52.3920554, -28.2840932 ], [ -52.3918945, -28.2838901 ], [ -52.3918435, -28.2838499 ], [ -52.3917335, -28.2836917 ], [ -52.3915726, -28.283335 ], [ -52.3915029, -28.2823831 ], [ -52.3914439, -28.282269799999987 ], [ -52.3912534, -28.2820619 ], [ -52.3911729, -28.2818753 ], [ -52.3911113, -28.2815092 ], [ -52.391122, -28.2813958 ], [ -52.3911622, -28.2812872 ], [ -52.3912454, -28.2805691 ], [ -52.3914519, -28.2801935 ], [ -52.3918811, -28.2798605 ], [ -52.3922566, -28.2796243 ], [ -52.3923183, -28.2795251 ], [ -52.3925838, -28.2792369 ], [ -52.392683, -28.2790786 ], [ -52.3928206, -28.2789349 ], [ -52.3924941, -28.2785736 ], [ -52.3923386, -28.2784067 ], [ -52.3919684, -28.2780097 ], [ -52.3914795, -28.2774453 ], [ -52.3909806, -28.2768651 ], [ -52.3905397, -28.2763486 ], [ -52.3899499, -28.27565 ], [ -52.3890835, -28.2746732 ], [ -52.3882332, -28.2737 ], [ -52.3873588, -28.2727103 ], [ -52.3864147, -28.2733858 ] ] ] } },
{ "type": "Feature", "properties": { "name": "Vila Luíza", "code_muni": 4314100.0, "name_muni": "Passo Fundo" }, "geometry": { "type": "Polygon", "coordinates": [ [ [ -52.406411, -28.2838899 ], [ -52.4062684, -28.2840082 ], [ -52.4062067, -28.2840826 ], [ -52.4061847, -28.2841671 ], [ -52.4061931, -28.2843969 ], [ -52.406236, -28.2848504 ], [ -52.4063167, -28.2852435 ], [ -52.4063945, -28.285534 ], [ -52.4064334, -28.2858057 ], [ -52.4064334, -28.2860005 ], [ -52.4064133, -28.2861847 ], [ -52.4063046, -28.2866796 ], [ -52.4062336, -28.287048 ], [ -52.4060993, -28.2875853 ], [ -52.4127889, -28.2837673 ], [ -52.4152994, -28.2827469 ], [ -52.41670950000001, -28.2824925 ], [ -52.4166808, -28.2818421 ], [ -52.416665, -28.2805797 ], [ -52.4166652, -28.2805073 ], [ -52.4166463, -28.2799715 ], [ -52.4166346, -28.2794548 ], [ -52.4166513, -28.2791901 ], [ -52.4170106, -28.2792032 ], [ -52.4178086, -28.2792753 ], [ -52.418736, -28.2794109 ], [ -52.4186211, -28.2787402 ], [ -52.4186806, -28.2778307 ], [ -52.4186809, -28.2776623 ], [ -52.4186656, -28.277509 ], [ -52.4186334, -28.2773803 ], [ -52.4185419, -28.2771571 ], [ -52.4179897, -28.2757475 ], [ -52.4176789, -28.274651 ], [ -52.4176678, -28.2745244 ], [ -52.417696, -28.2742362 ], [ -52.4176972, -28.2741082 ], [ -52.4176445, -28.2739161 ], [ -52.4175762, -28.2737144 ], [ -52.4180044, -28.2736185 ], [ -52.4180773, -28.2735841 ], [ -52.4181018, -28.2735105 ], [ -52.4181039, -28.2733843 ], [ -52.4180316, -28.2729919 ], [ -52.4179586, -28.2725953 ], [ -52.4179861, -28.2724855 ], [ -52.4180296, -28.2724013 ], [ -52.4181517, -28.272192 ], [ -52.4184288, -28.2717169 ], [ -52.4185045, -28.2715798 ], [ -52.4187991, -28.2710869 ], [ -52.4188387, -28.2710293 ], [ -52.4191203, -28.2705809 ], [ -52.4181839, -28.2701377 ], [ -52.4175126, -28.2698364 ], [ -52.4173019, -28.2697456 ], [ -52.4171557, -28.2696826 ], [ -52.4167197, -28.2694947 ], [ -52.4162825, -28.2692757 ], [ -52.4155324, -28.2689 ], [ -52.4146622, -28.268508199999989 ], [ -52.4144477, -28.2684116 ], [ -52.4132967, -28.2678592 ], [ -52.4121633, -28.267334 ], [ -52.4112923, -28.2669233 ], [ -52.4110253, -28.2668036 ], [ -52.4109205, -28.2667565 ], [ -52.4099306, -28.2663117 ], [ -52.4098364, -28.2662677 ], [ -52.4089184, -28.2658041 ], [ -52.4081055, -28.2672277 ], [ -52.4076018, -28.2669948 ], [ -52.4074824, -28.2669533 ], [ -52.4073154, -28.2669107 ], [ -52.4067836, -28.2668239 ], [ -52.4067712, -28.2669411 ], [ -52.4066629, -28.2677604 ], [ -52.4065652, -28.2688421 ], [ -52.406532, -28.2693005 ], [ -52.4065468, -28.2695714 ], [ -52.4065936, -28.2698844 ], [ -52.4066375, -28.2701412 ], [ -52.4067355, -28.2705699 ], [ -52.4068393, -28.2708485 ], [ -52.4070675, -28.271222 ], [ -52.407761, -28.2722808 ], [ -52.4083639, -28.2731601 ], [ -52.4086912, -28.2736193 ], [ -52.4087553, -28.2737273 ], [ -52.4083344, -28.2746566 ], [ -52.4081627, -28.275054699999984 ], [ -52.408071, -28.2751429 ], [ -52.4079055, -28.2752136 ], [ -52.4077004, -28.2752632 ], [ -52.4075425, -28.2753394 ], [ -52.40743650000001, -28.2754089 ], [ -52.4067067, -28.2759937 ], [ -52.4066437, -28.2761583 ], [ -52.406609, -28.2762779 ], [ -52.4065984, -28.2763472 ], [ -52.4065804, -28.2764624 ], [ -52.4066346, -28.2766359 ], [ -52.4067366, -28.2767831 ], [ -52.4069545, -28.2769904 ], [ -52.4070482, -28.2770964 ], [ -52.4072876, -28.2773716 ], [ -52.4074496, -28.2776644 ], [ -52.4074863, -28.2778817 ], [ -52.4075243, -28.2782399 ], [ -52.4075391, -28.278559399999988 ], [ -52.4075337, -28.2788587 ], [ -52.4075182, -28.2791156 ], [ -52.4074693, -28.2798129 ], [ -52.4074475, -28.2800221 ], [ -52.4074295, -28.2801687 ], [ -52.4073333, -28.2805396 ], [ -52.4072231, -28.2808634 ], [ -52.4070622, -28.2812885 ], [ -52.4068798, -28.2818838 ], [ -52.4067403, -28.2824129 ], [ -52.4065125, -28.2833639 ], [ -52.4064422, -28.2837095 ], [ -52.406411, -28.2838899 ] ] ] } },
{ "type": "Feature", "properties": { "name": "Lucas Araújo", "code_muni": 4314100.0, "name_muni": "Passo Fundo" }, "geometry": { "type": "Polygon", "coordinates": [ [ [ -52.4065984, -28.2763472 ], [ -52.406609, -28.2762779 ], [ -52.4066437, -28.2761583 ], [ -52.4067067, -28.2759937 ], [ -52.40743650000001, -28.2754089 ], [ -52.4075425, -28.2753394 ], [ -52.4077004, -28.2752632 ], [ -52.4079055, -28.2752136 ], [ -52.408071, -28.2751429 ], [ -52.4081627, -28.275054699999984 ], [ -52.4083344, -28.2746566 ], [ -52.4087553, -28.2737273 ], [ -52.4086912, -28.2736193 ], [ -52.4083639, -28.2731601 ], [ -52.407761, -28.2722808 ], [ -52.4070675, -28.271222 ], [ -52.4068393, -28.2708485 ], [ -52.4067355, -28.2705699 ], [ -52.4066375, -28.2701412 ], [ -52.4065936, -28.2698844 ], [ -52.4065468, -28.2695714 ], [ -52.406532, -28.2693005 ], [ -52.4065652, -28.2688421 ], [ -52.4066629, -28.2677604 ], [ -52.4067712, -28.2669411 ], [ -52.4067836, -28.2668239 ], [ -52.406836, -28.2663453 ], [ -52.4066256, -28.2663269 ], [ -52.4054944, -28.2662129 ], [ -52.4053666, -28.266198899999985 ], [ -52.4051575, -28.2661766 ], [ -52.4051065, -28.266967199999989 ], [ -52.4050319, -28.2676173 ], [ -52.4048911, -28.2676353 ], [ -52.4033036, -28.2681698 ], [ -52.4031148, -28.2682335 ], [ -52.4024757, -28.2684379 ], [ -52.4021646, -28.268537 ], [ -52.4014872, -28.2687287 ], [ -52.4011184, -28.2675877 ], [ -52.4009277, -28.2670058 ], [ -52.4009097, -28.2669507 ], [ -52.4009001, -28.2669215 ], [ -52.400763, -28.2664873 ], [ -52.4024552, -28.2660397 ], [ -52.4025473, -28.2660027 ], [ -52.4015068, -28.2655157 ], [ -52.4014657, -28.2654803 ], [ -52.4013562, -28.265294 ], [ -52.4013628, -28.26524 ], [ -52.4004372, -28.2654979 ], [ -52.3995752, -28.2656718 ], [ -52.3994296, -28.2657011 ], [ -52.3992657, -28.2657528 ], [ -52.398995, -28.2658145 ], [ -52.3989207, -28.2658325 ], [ -52.3987453, -28.2658453 ], [ -52.3977034, -28.2660593 ], [ -52.3954702, -28.2665386 ], [ -52.395097, -28.2666273 ], [ -52.3937801, -28.2673053 ], [ -52.3925463, -28.2677906 ], [ -52.3910896, -28.2683117 ], [ -52.3911572, -28.2683471 ], [ -52.3914332, -28.2690682 ], [ -52.3903996, -28.2694314 ], [ -52.390527, -28.2696111 ], [ -52.3895718, -28.2702489 ], [ -52.3886403, -28.2709003 ], [ -52.3890504, -28.271361 ], [ -52.3895309, -28.2718893 ], [ -52.3906127, -28.2731252 ], [ -52.3906943, -28.2732184 ], [ -52.3911542, -28.2737384 ], [ -52.3916356, -28.2742858 ], [ -52.3923183, -28.2750642 ], [ -52.3922981, -28.2750795 ], [ -52.3908261, -28.276143 ], [ -52.3905397, -28.2763486 ], [ -52.3909806, -28.2768651 ], [ -52.3914795, -28.2774453 ], [ -52.3919684, -28.2780097 ], [ -52.3923386, -28.2784067 ], [ -52.3924941, -28.2785736 ], [ -52.3928206, -28.2789349 ], [ -52.392683, -28.2790786 ], [ -52.3925838, -28.2792369 ], [ -52.3923183, -28.2795251 ], [ -52.3922566, -28.2796243 ], [ -52.3918811, -28.2798605 ], [ -52.3914519, -28.2801935 ], [ -52.3912454, -28.2805691 ], [ -52.3911622, -28.2812872 ], [ -52.391122, -28.2813958 ], [ -52.3911113, -28.2815092 ], [ -52.3911729, -28.2818753 ], [ -52.3912534, -28.2820619 ], [ -52.3914439, -28.282269799999987 ], [ -52.3915029, -28.2823831 ], [ -52.3915726, -28.283335 ], [ -52.3917335, -28.2836917 ], [ -52.3918435, -28.2838499 ], [ -52.3918945, -28.2838901 ], [ -52.3920554, -28.2840932 ], [ -52.3921439, -28.2842515 ], [ -52.3922136, -28.284627 ], [ -52.3922914, -28.2848349 ], [ -52.3923236, -28.2850782 ], [ -52.3925543, -28.2852364 ], [ -52.3926884, -28.2854018 ], [ -52.3928547, -28.2855387 ], [ -52.3929459, -28.2855954 ], [ -52.3930585, -28.2856096 ], [ -52.393198, -28.285765499999989 ], [ -52.3934341, -28.2858458 ], [ -52.3934609, -28.2859544 ], [ -52.3934448, -28.286167 ], [ -52.3933643, -28.2862379 ], [ -52.393316, -28.2863607 ], [ -52.3934662, -28.287211 ], [ -52.3934662, -28.2873055 ], [ -52.3935628, -28.287518 ], [ -52.39396510000001, -28.2875086 ], [ -52.3938685, -28.2876541 ], [ -52.3939421, -28.2878673 ], [ -52.3940992, -28.2882455 ], [ -52.3943138, -28.288614 ], [ -52.3945928, -28.2888501 ], [ -52.3947215, -28.2890296 ], [ -52.3950219, -28.2893603 ], [ -52.3952258, -28.2897665 ], [ -52.3953009, -28.2899649 ], [ -52.3953116, -28.2903901 ], [ -52.3953545, -28.2906357 ], [ -52.3955262, -28.2907774 ], [ -52.3957515, -28.2908152 ], [ -52.3963791, -28.2907916 ], [ -52.4002791, -28.2900594 ], [ -52.4028754, -28.2894359 ], [ -52.4060993, -28.2875853 ], [ -52.4062336, -28.287048 ], [ -52.4063046, -28.2866796 ], [ -52.4064133, -28.2861847 ], [ -52.4064334, -28.2860005 ], [ -52.4064334, -28.2858057 ], [ -52.4063945, -28.285534 ], [ -52.4063167, -28.2852435 ], [ -52.406236, -28.2848504 ], [ -52.4061931, -28.2843969 ], [ -52.4061847, -28.2841671 ], [ -52.4062067, -28.2840826 ], [ -52.4062684, -28.2840082 ], [ -52.406411, -28.2838899 ], [ -52.4064422, -28.2837095 ], [ -52.4065125, -28.2833639 ], [ -52.4067403, -28.2824129 ], [ -52.4068798, -28.2818838 ], [ -52.4070622, -28.2812885 ], [ -52.4072231, -28.2808634 ], [ -52.4073333, -28.2805396 ], [ -52.4074295, -28.2801687 ], [ -52.4074475, -28.2800221 ], [ -52.4074693, -28.2798129 ], [ -52.4075182, -28.2791156 ], [ -52.4075337, -28.2788587 ], [ -52.4075391, -28.278559399999988 ], [ -52.4075243, -28.2782399 ], [ -52.4074863, -28.2778817 ], [ -52.4074496, -28.2776644 ], [ -52.4072876, -28.2773716 ], [ -52.4070482, -28.2770964 ], [ -52.4069545, -28.2769904 ], [ -52.4067366, -28.2767831 ], [ -52.4066346, -28.2766359 ], [ -52.4065804, -28.2764624 ], [ -52.4065984, -28.2763472 ] ] ] } },
{ "type": "Feature", "properties": { "name": "Roselândia", "code_muni": 4314100.0, "name_muni": "Passo Fundo" }, "geometry": { "type": "Polygon", "coordinates": [ [ [ -52.3476819, -28.2926629 ], [ -52.34736980000001, -28.292854 ], [ -52.3471606, -28.2929921 ], [ -52.3458045, -28.2940709 ], [ -52.3443375, -28.2952733 ], [ -52.3447198, -28.2956757 ], [ -52.3451704, -28.2961905 ], [ -52.3454065, -28.2965117 ], [ -52.3455352, -28.2967951 ], [ -52.3457189, -28.2972792 ], [ -52.3458354, -28.2975098 ], [ -52.3458915, -28.297529 ], [ -52.3475442, -28.2966011 ], [ -52.3495321, -28.2955039 ], [ -52.352083, -28.294614 ], [ -52.3610409, -28.2919117 ], [ -52.3621092, -28.2919679 ], [ -52.362499, -28.2921517 ], [ -52.3630652, -28.2923383 ], [ -52.3634223, -28.2924304 ], [ -52.3637293, -28.2925194 ], [ -52.3641149, -28.292613 ], [ -52.3645773, -28.2927294 ], [ -52.3650343, -28.2928232 ], [ -52.3654881, -28.2929125 ], [ -52.3659551, -28.2929918 ], [ -52.3664525, -28.2930545 ], [ -52.3668682, -28.2931036 ], [ -52.3678622, -28.2931685 ], [ -52.3685278, -28.2931546 ], [ -52.3691178, -28.2931262 ], [ -52.3697656, -28.2930664 ], [ -52.3703909, -28.2929275 ], [ -52.3705924, -28.2928975 ], [ -52.3710547, -28.2928495 ], [ -52.3717242, -28.2927354 ], [ -52.3723219, -28.2925859 ], [ -52.3726662, -28.2924858 ], [ -52.3729773, -28.2924872 ], [ -52.3734211, -28.292508 ], [ -52.3738078, -28.292686499999988 ], [ -52.3754817, -28.2929765 ], [ -52.3785675, -28.293392099999988 ], [ -52.3804946, -28.2932255 ], [ -52.3825209, -28.2927718 ], [ -52.3833795, -28.2924732 ], [ -52.38384520000001, -28.2929567 ], [ -52.384587, -28.2956214 ], [ -52.3851655, -28.2961047 ], [ -52.3855809, -28.2968362 ], [ -52.3856402, -28.2971758 ], [ -52.3856254, -28.2979987 ], [ -52.3859963, -28.2987433 ], [ -52.3862336, -28.2994878 ], [ -52.3863577, -28.3002634 ], [ -52.3860657, -28.3016782 ], [ -52.3861404, -28.3022135 ], [ -52.3866882, -28.3031833 ], [ -52.3868093, -28.3044264 ], [ -52.3869393, -28.3049519 ], [ -52.3868191, -28.3062226 ], [ -52.3863722, -28.309188 ], [ -52.3865178, -28.3097314 ], [ -52.3871267, -28.310901599999987 ], [ -52.3877559, -28.3125396 ], [ -52.3878888, -28.3132174 ], [ -52.3877952, -28.3138306 ], [ -52.3888364, -28.3138668 ], [ -52.3901197, -28.3191539 ], [ -52.3906903, -28.3195815 ], [ -52.3914054, -28.3196602 ], [ -52.3924684, -28.3193651 ], [ -52.3930532, -28.3193952 ], [ -52.3938613, -28.3196532 ], [ -52.3939169, -28.3199288 ], [ -52.3938838, -28.320514 ], [ -52.3942816, -28.3204945 ], [ -52.3944211, -28.320334 ], [ -52.3943138, -28.3194839 ], [ -52.3944748, -28.3192384 ], [ -52.3948288, -28.3190306 ], [ -52.394979, -28.3188606 ], [ -52.3951507, -28.3184828 ], [ -52.3953867, -28.3181617 ], [ -52.3957729, -28.3179916 ], [ -52.3959768, -28.3179444 ], [ -52.3966742, -28.3179066 ], [ -52.3973394, -28.3177744 ], [ -52.39779, -28.3177461 ], [ -52.3979938, -28.3178311 ], [ -52.398144, -28.3180011 ], [ -52.3982191, -28.3181805 ], [ -52.3982513, -28.3187567 ], [ -52.3983157, -28.3189456 ], [ -52.3985088, -28.3190495 ], [ -52.3987234, -28.3190589 ], [ -52.3989165, -28.3189739 ], [ -52.3990238, -28.3185961 ], [ -52.39914180000001, -28.3184356 ], [ -52.3993886, -28.3184356 ], [ -52.3996031, -28.3185111 ], [ -52.3997748, -28.3186433 ], [ -52.4000216, -28.3191439 ], [ -52.4001932, -28.3190778 ], [ -52.4003649, -28.318964499999989 ], [ -52.4001718, -28.3188606 ], [ -52.4001718, -28.3186622 ], [ -52.4000001, -28.3181239 ], [ -52.400204, -28.3180578 ], [ -52.4005365, -28.3183317 ], [ -52.4007404, -28.3184356 ], [ -52.4011481, -28.3179822 ], [ -52.4012447, -28.317821599999988 ], [ -52.401427, -28.3170849 ], [ -52.4013627, -28.3169055 ], [ -52.4011588, -28.3168205 ], [ -52.4008155, -28.3165371 ], [ -52.4007297, -28.3163482 ], [ -52.4007404, -28.315961 ], [ -52.4009872, -28.3157437 ], [ -52.4016416, -28.3156965 ], [ -52.4018455, -28.3156493 ], [ -52.4023497, -28.315262 ], [ -52.4025428, -28.3151865 ], [ -52.4029613, -28.3151392 ], [ -52.4033904, -28.3147142 ], [ -52.403487, -28.3145442 ], [ -52.4034226, -28.3143553 ], [ -52.4031437, -28.314053 ], [ -52.4030471, -28.3138736 ], [ -52.4030256, -28.3136941 ], [ -52.4030686, -28.3134958 ], [ -52.4037445, -28.313033 ], [ -52.4038303, -28.3126457 ], [ -52.4037659, -28.3124473 ], [ -52.4035514, -28.3120979 ], [ -52.4032617, -28.3117767 ], [ -52.4034119, -28.3095854 ], [ -52.4034655, -28.3093964 ], [ -52.4035835, -28.309217 ], [ -52.4040771, -28.3088108 ], [ -52.4046457, -28.308263 ], [ -52.4046564, -28.3080457 ], [ -52.4049354, -28.30712 ], [ -52.4043131, -28.306421 ], [ -52.4040985, -28.3060432 ], [ -52.4039269, -28.3052686 ], [ -52.403884, -28.3045318 ], [ -52.4036694, -28.3033605 ], [ -52.4035621, -28.3029826 ], [ -52.4031973, -28.3022269 ], [ -52.4026823, -28.3015657 ], [ -52.4010623, -28.2998181 ], [ -52.4001396, -28.2991757 ], [ -52.3993725, -28.2980303 ], [ -52.399343, -28.2979784 ], [ -52.399241, -28.2979005 ], [ -52.3991767, -28.2978131 ], [ -52.3991498, -28.2977068 ], [ -52.3991472, -28.297251 ], [ -52.3991069, -28.2971565 ], [ -52.3990157, -28.2970243 ], [ -52.3988012, -28.2968306 ], [ -52.3988199, -28.2965212 ], [ -52.3989326, -28.2962709 ], [ -52.3990533, -28.2960938 ], [ -52.399056, -28.2960465 ], [ -52.3990345, -28.2959969 ], [ -52.3989379, -28.2959214 ], [ -52.3988226, -28.2957584 ], [ -52.3987931, -28.2956049 ], [ -52.3988307, -28.2955081 ], [ -52.3989487, -28.2953876 ], [ -52.3990452, -28.2951987 ], [ -52.3990694, -28.2950333 ], [ -52.3991632, -28.2947995 ], [ -52.3990667, -28.2945846 ], [ -52.3990479, -28.2944122 ], [ -52.3990694, -28.2941713 ], [ -52.3991552, -28.2941052 ], [ -52.3990989, -28.2940131 ], [ -52.3989406, -28.2939139 ], [ -52.3989353, -28.2938666 ], [ -52.3989835, -28.2938454 ], [ -52.3992196, -28.2938548 ], [ -52.3992652, -28.2938241 ], [ -52.399233, -28.2937769 ], [ -52.3991177, -28.2937745 ], [ -52.3990694, -28.2937486 ], [ -52.3991203, -28.2936635 ], [ -52.3989996, -28.2934226 ], [ -52.3989084, -28.2932975 ], [ -52.3990023, -28.2931534 ], [ -52.3990077, -28.2930589 ], [ -52.3990721, -28.2928794 ], [ -52.3991793, -28.2928558 ], [ -52.3992115, -28.2929503 ], [ -52.3993135, -28.2930022 ], [ -52.3994529, -28.29287 ], [ -52.3995334, -28.292681 ], [ -52.3995817, -28.2924921 ], [ -52.3995441, -28.2923929 ], [ -52.3993081, -28.2921284 ], [ -52.3991203, -28.2919725 ], [ -52.398364, -28.2918119 ], [ -52.3979884, -28.2917835 ], [ -52.3976076, -28.2918072 ], [ -52.3975003, -28.291793 ], [ -52.3971784, -28.2916466 ], [ -52.3966849, -28.2912781 ], [ -52.396422, -28.290905 ], [ -52.3963791, -28.2907916 ], [ -52.3957515, -28.2908152 ], [ -52.3955262, -28.2907774 ], [ -52.3953545, -28.2906357 ], [ -52.3953116, -28.2903901 ], [ -52.3953009, -28.2899649 ], [ -52.3952258, -28.2897665 ], [ -52.3950219, -28.2893603 ], [ -52.3947215, -28.2890296 ], [ -52.3945928, -28.2888501 ], [ -52.3943138, -28.288614 ], [ -52.3940992, -28.2882455 ], [ -52.3939421, -28.2878673 ], [ -52.3938685, -28.2876541 ], [ -52.3934047, -28.2876592 ], [ -52.3902074, -28.2876881 ], [ -52.3900535, -28.2876975 ], [ -52.3897046, -28.2877189 ], [ -52.388984, -28.2877702 ], [ -52.3884337, -28.2878525 ], [ -52.3878489, -28.287949 ], [ -52.387242, -28.288094 ], [ -52.3864973, -28.2882968 ], [ -52.3861367, -28.2884111 ], [ -52.3847227, -28.2889012 ], [ -52.3844346, -28.2889983 ], [ -52.3817982, -28.2897702 ], [ -52.38137660000001, -28.2898936 ], [ -52.3789095, -28.2905584 ], [ -52.3783404, -28.2906434 ], [ -52.3779494, -28.2906861 ], [ -52.377899, -28.2906916 ], [ -52.3776203, -28.2907085 ], [ -52.3769137, -28.29068 ], [ -52.3766, -28.2906486 ], [ -52.3762413, -28.2906094 ], [ -52.3758325, -28.290503 ], [ -52.3750778, -28.2903191 ], [ -52.3748983, -28.2902754 ], [ -52.3740895, -28.2900784 ], [ -52.373807, -28.2900334 ], [ -52.3733942, -28.2899687 ], [ -52.3729993, -28.2899315 ], [ -52.3728885, -28.2899211 ], [ -52.3727489, -28.289921 ], [ -52.3722708, -28.2899208 ], [ -52.3717127, -28.2899588 ], [ -52.3707618, -28.2901369 ], [ -52.3696377, -28.2903806 ], [ -52.3689072, -28.2904978 ], [ -52.36823, -28.2905254 ], [ -52.3677733, -28.2905167 ], [ -52.3676629, -28.2905152 ], [ -52.3673783, -28.2905014 ], [ -52.3668654, -28.2904515 ], [ -52.3661493, -28.2903322 ], [ -52.3653926, -28.2901411 ], [ -52.3636802, -28.2895739 ], [ -52.3635441, -28.289529 ], [ -52.363417, -28.2894834 ], [ -52.3632609, -28.2894231 ], [ -52.3623902, -28.2891903 ], [ -52.3621059, -28.2891525 ], [ -52.3617518, -28.2889446 ], [ -52.3605269, -28.2892278 ], [ -52.3601322, -28.2893344 ], [ -52.3578889, -28.2899111 ], [ -52.357294, -28.2900629 ], [ -52.3550569, -28.2906429 ], [ -52.3546809, -28.2907398 ], [ -52.353512, -28.2910411 ], [ -52.3531115, -28.2911455 ], [ -52.3528831, -28.2912025 ], [ -52.3527623, -28.2912331 ], [ -52.3514796, -28.2915576 ], [ -52.3513541, -28.2915869 ], [ -52.3507285, -28.291737 ], [ -52.3502851, -28.2918434 ], [ -52.3495716, -28.2920269 ], [ -52.3487526, -28.2922523 ], [ -52.3482978, -28.2923858 ], [ -52.3479971, -28.2925065 ], [ -52.3476819, -28.2926629 ] ] ] } },
{ "type": "Feature", "properties": { "name": "Vila Mattos", "code_muni": 4314100.0, "name_muni": "Passo Fundo" }, "geometry": { "type": "Polygon", "coordinates": [ [ [ -52.3528831, -28.2912025 ], [ -52.3531115, -28.2911455 ], [ -52.353512, -28.2910411 ], [ -52.3546809, -28.2907398 ], [ -52.3550569, -28.2906429 ], [ -52.357294, -28.2900629 ], [ -52.3578889, -28.2899111 ], [ -52.3601322, -28.2893344 ], [ -52.3605269, -28.2892278 ], [ -52.3617518, -28.2889446 ], [ -52.361505, -28.2884108 ], [ -52.3613937, -28.2881439 ], [ -52.3613679, -28.2877922 ], [ -52.3613352, -28.2875876 ], [ -52.3613265, -28.2873458 ], [ -52.3613328, -28.2872398 ], [ -52.3613522, -28.2871349 ], [ -52.3613754, -28.2870254 ], [ -52.3614553, -28.2866705 ], [ -52.3616025, -28.2860046 ], [ -52.3618052, -28.2850233 ], [ -52.3618933, -28.2845497 ], [ -52.3623018, -28.2826498 ], [ -52.3623662, -28.2823147 ], [ -52.3626744, -28.2808579 ], [ -52.3632418, -28.278176 ], [ -52.3637404, -28.2758365 ], [ -52.3638327, -28.2754067 ], [ -52.3636267, -28.2756016 ], [ -52.3633611, -28.2756583 ], [ -52.3632002, -28.2756559 ], [ -52.3630714, -28.2754764 ], [ -52.3628622, -28.2753394 ], [ -52.3623902, -28.2753016 ], [ -52.3620093, -28.2752969 ], [ -52.3617196, -28.2753441 ], [ -52.3614353, -28.2754386 ], [ -52.3613066, -28.275462199999989 ], [ -52.3611993, -28.2754528 ], [ -52.3611027, -28.2754055 ], [ -52.3605716, -28.2753961 ], [ -52.3604429, -28.275415 ], [ -52.3593593, -28.2754244 ], [ -52.3590428, -28.2754008 ], [ -52.3588818, -28.2754102 ], [ -52.3587638, -28.2754197 ], [ -52.3583132, -28.2755284 ], [ -52.3580289, -28.2755756 ], [ -52.3576802, -28.275684299999988 ], [ -52.3572189, -28.2755945 ], [ -52.357074, -28.2756181 ], [ -52.3568863, -28.2756795 ], [ -52.3564249, -28.2756937 ], [ -52.3561943, -28.2758638 ], [ -52.3561299, -28.2760008 ], [ -52.3561138, -28.2763551 ], [ -52.356146, -28.2765063 ], [ -52.3562157, -28.2765913 ], [ -52.3562586, -28.2767094 ], [ -52.3563713, -28.2767661 ], [ -52.3567897, -28.2767472 ], [ -52.3572886, -28.2766811 ], [ -52.3575944, -28.2769031 ], [ -52.3575032, -28.2769693 ], [ -52.356956, -28.2770212 ], [ -52.356838, -28.2770496 ], [ -52.356543, -28.2771724 ], [ -52.3560387, -28.2772149 ], [ -52.3557597, -28.2772102 ], [ -52.355513, -28.2771204 ], [ -52.3554164, -28.2770496 ], [ -52.355234, -28.2768323 ], [ -52.3551858, -28.2767425 ], [ -52.3550034, -28.2765913 ], [ -52.3547727, -28.2764354 ], [ -52.354542, -28.2764921 ], [ -52.3544669, -28.276563 ], [ -52.3540539, -28.2768417 ], [ -52.3539412, -28.276889 ], [ -52.3536784, -28.2768984 ], [ -52.3535818, -28.2769551 ], [ -52.3534477, -28.2771535 ], [ -52.3533431, -28.277411 ], [ -52.3532143, -28.2775645 ], [ -52.3531151, -28.2776543 ], [ -52.3529702, -28.2776637 ], [ -52.352871, -28.2777086 ], [ -52.3524445, -28.2779921 ], [ -52.3522943, -28.2781173 ], [ -52.3519859, -28.2782637 ], [ -52.3517606, -28.2784692 ], [ -52.3516694, -28.2785779 ], [ -52.3515922, -28.2787086 ], [ -52.3515426, -28.2787925 ], [ -52.3514307, -28.2789818 ], [ -52.3511356, -28.2792582 ], [ -52.3507467, -28.2794707 ], [ -52.3501593, -28.2796857 ], [ -52.3498696, -28.2798841 ], [ -52.3497677, -28.2799266 ], [ -52.3495209, -28.2799124 ], [ -52.349183, -28.2802242 ], [ -52.3488504, -28.2804699 ], [ -52.348845, -28.2809895 ], [ -52.3490274, -28.2811313 ], [ -52.3490274, -28.2813391 ], [ -52.3488772, -28.2814997 ], [ -52.3484186, -28.2817383 ], [ -52.348028, -28.281759 ], [ -52.3477265, -28.2818139 ], [ -52.3474047, -28.2819249 ], [ -52.3470586, -28.2820926 ], [ -52.3467341, -28.2822721 ], [ -52.3465437, -28.2823666 ], [ -52.3463532, -28.282565 ], [ -52.3462996, -28.2827327 ], [ -52.3463586, -28.2831201 ], [ -52.3463398, -28.2833256 ], [ -52.34615440000001, -28.2835235 ], [ -52.346136, -28.2836492 ], [ -52.346141, -28.2837715 ], [ -52.3455191, -28.2849199 ], [ -52.3453206, -28.28526 ], [ -52.3448063, -28.2858312 ], [ -52.3445803, -28.2859663 ], [ -52.3443013, -28.2859781 ], [ -52.3441887, -28.2860914 ], [ -52.3476112, -28.2867717 ], [ -52.3515326, -28.2897477 ], [ -52.3526859, -28.2910514 ], [ -52.3528831, -28.2912025 ] ] ] } },
{ "type": "Feature", "properties": { "name": "São Cristóvão", "code_muni": 4314100.0, "name_muni": "Passo Fundo" }, "geometry": { "type": "Polygon", "coordinates": [ [ [ -52.3758639, -28.2650698 ], [ -52.3752165, -28.2644445 ], [ -52.374864, -28.264109 ], [ -52.3694848, -28.268244 ], [ -52.3688597, -28.2686823 ], [ -52.3681838, -28.2691052 ], [ -52.3676661, -28.2694241 ], [ -52.3673455, -28.2696003 ], [ -52.3670358, -28.2697548 ], [ -52.3663224, -28.2700761 ], [ -52.3653487, -28.2705013 ], [ -52.3646452, -28.2707724 ], [ -52.364921, -28.270812 ], [ -52.3650405, -28.2713547 ], [ -52.3650574, -28.2715904 ], [ -52.3650132, -28.2718503 ], [ -52.364926, -28.2720866 ], [ -52.3645097, -28.2729122 ], [ -52.3643421, -28.2732977 ], [ -52.3640414, -28.2744605 ], [ -52.3638327, -28.2754067 ], [ -52.3637404, -28.2758365 ], [ -52.3632418, -28.278176 ], [ -52.3626744, -28.2808579 ], [ -52.3623662, -28.2823147 ], [ -52.3623018, -28.2826498 ], [ -52.3618933, -28.2845497 ], [ -52.3618052, -28.2850233 ], [ -52.3616025, -28.2860046 ], [ -52.3614553, -28.2866705 ], [ -52.3613754, -28.2870254 ], [ -52.3613522, -28.2871349 ], [ -52.3613328, -28.2872398 ], [ -52.3613265, -28.2873458 ], [ -52.3613352, -28.2875876 ], [ -52.3613679, -28.2877922 ], [ -52.3613937, -28.2881439 ], [ -52.361505, -28.2884108 ], [ -52.3617518, -28.2889446 ], [ -52.3621059, -28.2891525 ], [ -52.3623902, -28.2891903 ], [ -52.3632609, -28.2894231 ], [ -52.363417, -28.2894834 ], [ -52.3635441, -28.289529 ], [ -52.3636802, -28.2895739 ], [ -52.3653926, -28.2901411 ], [ -52.3661493, -28.2903322 ], [ -52.3668654, -28.2904515 ], [ -52.3673783, -28.2905014 ], [ -52.3676629, -28.2905152 ], [ -52.3677733, -28.2905167 ], [ -52.36823, -28.2905254 ], [ -52.3689072, -28.2904978 ], [ -52.3696377, -28.2903806 ], [ -52.3707618, -28.2901369 ], [ -52.3717127, -28.2899588 ], [ -52.3722708, -28.2899208 ], [ -52.3727489, -28.289921 ], [ -52.3728885, -28.2899211 ], [ -52.3729993, -28.2899315 ], [ -52.3733942, -28.2899687 ], [ -52.373807, -28.2900334 ], [ -52.3740895, -28.2900784 ], [ -52.3748983, -28.2902754 ], [ -52.3750778, -28.2903191 ], [ -52.3758325, -28.290503 ], [ -52.3762413, -28.2906094 ], [ -52.3766, -28.2906486 ], [ -52.3769137, -28.29068 ], [ -52.3776203, -28.2907085 ], [ -52.377899, -28.2906916 ], [ -52.3779494, -28.2906861 ], [ -52.3783404, -28.2906434 ], [ -52.3789095, -28.2905584 ], [ -52.38137660000001, -28.2898936 ], [ -52.3817982, -28.2897702 ], [ -52.3817235, -28.289662599999989 ], [ -52.3813641, -28.2891997 ], [ -52.3810262, -28.2890533 ], [ -52.3808599, -28.2889163 ], [ -52.3804629, -28.2883683 ], [ -52.3804092, -28.2877637 ], [ -52.3803556, -28.2875653 ], [ -52.3800552, -28.2871968 ], [ -52.3796529, -28.2868567 ], [ -52.3795939, -28.2867622 ], [ -52.3795509, -28.286554399999989 ], [ -52.3795617, -28.2863513 ], [ -52.3796368, -28.2860442 ], [ -52.3795778, -28.2859497 ], [ -52.3794705, -28.2859072 ], [ -52.3793632, -28.2859214 ], [ -52.3792398, -28.2859119 ], [ -52.3791647, -28.2858411 ], [ -52.3791379, -28.2857419 ], [ -52.3790789, -28.2856616 ], [ -52.3790467, -28.2853403 ], [ -52.3791003, -28.2851419 ], [ -52.3791164, -28.2849341 ], [ -52.3790789, -28.2846129 ], [ -52.378521, -28.2850049 ], [ -52.3782849, -28.2850711 ], [ -52.3781616, -28.2850947 ], [ -52.3780221, -28.2850947 ], [ -52.3776627, -28.28509 ], [ -52.3774266, -28.2850616 ], [ -52.3772979, -28.2849057 ], [ -52.3772657, -28.2847971 ], [ -52.3772818, -28.2844097 ], [ -52.377373, -28.2842208 ], [ -52.3784024, -28.2831753 ], [ -52.3782203, -28.282968499999988 ], [ -52.3770664, -28.2815645 ], [ -52.3778718, -28.2810073 ], [ -52.3783321, -28.2806945 ], [ -52.3781001, -28.2804412 ], [ -52.3791035, -28.2798732 ], [ -52.3801957, -28.279255 ], [ -52.38046820000001, -28.2791507 ], [ -52.3807821, -28.2787905 ], [ -52.3808317, -28.2786936 ], [ -52.3808585, -28.2785779 ], [ -52.3819381, -28.2776354 ], [ -52.3821326, -28.2771795 ], [ -52.3822332, -28.276892 ], [ -52.3823314, -28.2767488 ], [ -52.3826569, -28.2764449 ], [ -52.3831147, -28.2760165 ], [ -52.3836231, -28.2755508 ], [ -52.3841359, -28.2750639 ], [ -52.3842811, -28.2749221 ], [ -52.3844854, -28.274734699999989 ], [ -52.384855, -28.2744666 ], [ -52.3854679, -28.2740496 ], [ -52.3864147, -28.2733858 ], [ -52.3873588, -28.2727103 ], [ -52.3882332, -28.2737 ], [ -52.3890835, -28.2746732 ], [ -52.3899499, -28.27565 ], [ -52.3905397, -28.2763486 ], [ -52.3908261, -28.276143 ], [ -52.3922981, -28.2750795 ], [ -52.3923183, -28.2750642 ], [ -52.3916356, -28.2742858 ], [ -52.3911542, -28.2737384 ], [ -52.3906943, -28.2732184 ], [ -52.3906127, -28.2731252 ], [ -52.3895309, -28.2718893 ], [ -52.3890504, -28.271361 ], [ -52.3886403, -28.2709003 ], [ -52.3895718, -28.2702489 ], [ -52.390527, -28.2696111 ], [ -52.3903996, -28.2694314 ], [ -52.3914332, -28.2690682 ], [ -52.3911572, -28.2683471 ], [ -52.3910896, -28.2683117 ], [ -52.3910617, -28.2683217 ], [ -52.3910433, -28.2683282 ], [ -52.3910065, -28.2683414 ], [ -52.3909933, -28.2682893 ], [ -52.3910056, -28.2682358 ], [ -52.3908707, -28.2678023 ], [ -52.3908166, -28.2675874 ], [ -52.3904831, -28.2659019 ], [ -52.3893651, -28.2660875 ], [ -52.3894035, -28.2663822 ], [ -52.389611, -28.2668775 ], [ -52.3896059, -28.2670006 ], [ -52.3895509, -28.267127 ], [ -52.3892857, -28.2673597 ], [ -52.3884015, -28.2681531 ], [ -52.38744, -28.2677065 ], [ -52.3866825, -28.269080599999988 ], [ -52.3861571, -28.2700349 ], [ -52.3848823, -28.2695195 ], [ -52.3835819, -28.26901 ], [ -52.3823754, -28.2685767 ], [ -52.3822053, -28.2685245 ], [ -52.3815228, -28.2683152 ], [ -52.3801393, -28.2678659 ], [ -52.3788583, -28.2674613 ], [ -52.3786015, -28.2673801 ], [ -52.3780958, -28.2672204 ], [ -52.3779309, -28.2671347 ], [ -52.3777988, -28.2670478 ], [ -52.3774337, -28.2666856 ], [ -52.37650510000001, -28.2657165 ], [ -52.3758639, -28.2650698 ] ] ] } },
{ "type": "Feature", "properties": { "name": "São Luiz Gonzaga", "code_muni": 4314100.0, "name_muni": "Passo Fundo" }, "geometry": { "type": "Polygon", "coordinates": [ [ [ -52.3871443, -28.2578108 ], [ -52.3875065, -28.2576052 ], [ -52.387823, -28.2573997 ], [ -52.3883434, -28.2570334 ], [ -52.3886679, -28.2567524 ], [ -52.388705, -28.2566747 ], [ -52.3885387, -28.2565159 ], [ -52.3883054, -28.2562466 ], [ -52.3881069, -28.2560576 ], [ -52.3878226, -28.2558827 ], [ -52.3876563, -28.2557268 ], [ -52.3875169, -28.2555756 ], [ -52.3874096, -28.255448 ], [ -52.387313, -28.2552779 ], [ -52.3872433, -28.2551409 ], [ -52.3871092, -28.2549849 ], [ -52.386959, -28.2548621 ], [ -52.3868034, -28.2547959 ], [ -52.3867667, -28.2547624 ], [ -52.3865137, -28.2545313 ], [ -52.3863581, -28.2543612 ], [ -52.3847544, -28.253435 ], [ -52.3846579, -28.2533264 ], [ -52.384615, -28.2531846 ], [ -52.3845721, -28.2530381 ], [ -52.3845238, -28.2529058 ], [ -52.3844594, -28.252816 ], [ -52.3841697, -28.252693199999989 ], [ -52.3839659, -28.2526223 ], [ -52.3833865, -28.2525041 ], [ -52.3830915, -28.2525609 ], [ -52.3827545, -28.2526929 ], [ -52.3827172, -28.2528002 ], [ -52.3827722, -28.2530001 ], [ -52.382716, -28.253865 ], [ -52.3827482, -28.25421 ], [ -52.3829305, -28.2544321 ], [ -52.3832792, -28.2546447 ], [ -52.3840195, -28.254989699999989 ], [ -52.3841375, -28.2551314 ], [ -52.3841107, -28.2552921 ], [ -52.3839766, -28.2554102 ], [ -52.3837406, -28.2554244 ], [ -52.3835099, -28.255452699999982 ], [ -52.3833651, -28.2555189 ], [ -52.3831934, -28.2556606 ], [ -52.3830378, -28.2558638 ], [ -52.3828125, -28.2560576 ], [ -52.3824263, -28.2562891 ], [ -52.3823083, -28.2563458 ], [ -52.3821688, -28.2563458 ], [ -52.3820347, -28.2562702 ], [ -52.3820132, -28.2561379 ], [ -52.3819274, -28.2558922 ], [ -52.381686, -28.2552968 ], [ -52.3815519, -28.255164499999989 ], [ -52.3811227, -28.2553488 ], [ -52.3810315, -28.2555283 ], [ -52.3808009, -28.2558166 ], [ -52.3806668, -28.2559111 ], [ -52.3804307, -28.2560434 ], [ -52.3801196, -28.2561804 ], [ -52.3798085, -28.2562655 ], [ -52.3796314, -28.2562229 ], [ -52.3792881, -28.2561568 ], [ -52.3791272, -28.2561615 ], [ -52.3790092, -28.256204 ], [ -52.378918, -28.2563269 ], [ -52.3788913, -28.2565204 ], [ -52.3788162, -28.2565819 ], [ -52.3787035, -28.2565724 ], [ -52.3785962, -28.256459 ], [ -52.3784978, -28.2563005 ], [ -52.3783066, -28.2562747 ], [ -52.3781384, -28.2562249 ], [ -52.3781169, -28.2559933 ], [ -52.3780633, -28.2558232 ], [ -52.3779184, -28.2557713 ], [ -52.3778989, -28.2556463 ], [ -52.3779935, -28.2555444 ], [ -52.3782296, -28.2552846 ], [ -52.3783602, -28.2549706 ], [ -52.3782779, -28.2537158 ], [ -52.3783315, -28.2535882 ], [ -52.3784675, -28.2535341 ], [ -52.3785962, -28.2535672 ], [ -52.3787733, -28.253581299999986 ], [ -52.3789323, -28.2535031 ], [ -52.3792078, -28.2531986 ], [ -52.3793132, -28.2529503 ], [ -52.3794688, -28.2527187 ], [ -52.3796941, -28.2523265 ], [ -52.3797906, -28.2521044 ], [ -52.3799534, -28.252055 ], [ -52.3802217, -28.2520976 ], [ -52.3804783, -28.2520761 ], [ -52.3804899, -28.2519038 ], [ -52.3803933, -28.2517573 ], [ -52.3802842, -28.2514807 ], [ -52.3800822, -28.2512943 ], [ -52.379299, -28.251058 ], [ -52.3789825, -28.2509588 ], [ -52.3786874, -28.2507508 ], [ -52.3785641, -28.2507745 ], [ -52.3784943, -28.2508217 ], [ -52.3782368, -28.250968199999988 ], [ -52.3779525, -28.2509493 ], [ -52.3776467, -28.2509446 ], [ -52.3772766, -28.2507934 ], [ -52.3769225, -28.250509799999989 ], [ -52.3767831, -28.2502547 ], [ -52.3768528, -28.2500609 ], [ -52.376976, -28.2500328 ], [ -52.3769331, -28.249943 ], [ -52.3769975, -28.2498721 ], [ -52.3772121, -28.2497918 ], [ -52.3772979, -28.2497398 ], [ -52.3773301, -28.2496311 ], [ -52.3772979, -28.2495366 ], [ -52.3769707, -28.2494138 ], [ -52.3767936, -28.2492909 ], [ -52.3766863, -28.2492862 ], [ -52.3763162, -28.2493381 ], [ -52.3759085, -28.2495083 ], [ -52.3758012, -28.2495319 ], [ -52.3756832, -28.2495319 ], [ -52.375415, -28.2496689 ], [ -52.3751789, -28.2496784 ], [ -52.3750717, -28.2496359 ], [ -52.3750395, -28.2493476 ], [ -52.3751146, -28.2492578 ], [ -52.3754203, -28.2490971 ], [ -52.3754525, -28.2490026 ], [ -52.3753774, -28.2489318 ], [ -52.3752326, -28.2488845 ], [ -52.3751199, -28.2488703 ], [ -52.3749107, -28.2489507 ], [ -52.3748195, -28.248894 ], [ -52.3746532, -28.2486199 ], [ -52.3746318, -28.2484072 ], [ -52.3743904, -28.2480339 ], [ -52.3742938, -28.2476606 ], [ -52.3743099, -28.2472164 ], [ -52.3743475, -28.2471077 ], [ -52.3744279, -28.2470368 ], [ -52.3744655, -28.2469423 ], [ -52.3744923, -28.2468194 ], [ -52.3744977, -28.2464745 ], [ -52.3744011, -28.2464036 ], [ -52.3742884, -28.2463705 ], [ -52.3741812, -28.2463752 ], [ -52.3740202, -28.2461295 ], [ -52.3737949, -28.2462051 ], [ -52.3736662, -28.2461956 ], [ -52.3735964, -28.2461153 ], [ -52.3735857, -28.2460161 ], [ -52.3735857, -28.2459121 ], [ -52.3736233, -28.2457892 ], [ -52.373634, -28.2454915 ], [ -52.373516, -28.2454726 ], [ -52.3732638, -28.2455175 ], [ -52.3732129, -28.2454939 ], [ -52.3731512, -28.2453876 ], [ -52.3732209, -28.2452009 ], [ -52.3731163, -28.245078 ], [ -52.3731163, -28.245019 ], [ -52.3730063, -28.2448441 ], [ -52.3727703, -28.2445724 ], [ -52.372714, -28.244459 ], [ -52.3728374, -28.2440974 ], [ -52.372824, -28.2438659 ], [ -52.3728508, -28.2437619 ], [ -52.37301440000001, -28.2435374 ], [ -52.3730198, -28.2434878 ], [ -52.3730117, -28.2433153 ], [ -52.3728669, -28.2430412 ], [ -52.3728535, -28.2429255 ], [ -52.3729152, -28.2427908 ], [ -52.3730949, -28.2427152 ], [ -52.3731297, -28.242675 ], [ -52.3733255, -28.2425545 ], [ -52.373414, -28.2424269 ], [ -52.3734311, -28.2422525 ], [ -52.3734412, -28.2421499 ], [ -52.3734623, -28.2419354 ], [ -52.3735508, -28.2415573 ], [ -52.3735642, -28.2412525 ], [ -52.3734757, -28.2408414 ], [ -52.3735267, -28.2406925 ], [ -52.3735347, -28.2405791 ], [ -52.373516, -28.2404751 ], [ -52.3734167, -28.2402979 ], [ -52.3733443, -28.2399718 ], [ -52.3733416, -28.2398159 ], [ -52.3734167, -28.2396197 ], [ -52.3735755, -28.2395648 ], [ -52.3729236, -28.239255 ], [ -52.3723819, -28.2389766 ], [ -52.3715875, -28.2384666 ], [ -52.3709326, -28.2381164 ], [ -52.3706184, -28.2378585 ], [ -52.3695771, -28.2380661 ], [ -52.3663974, -28.2388175 ], [ -52.365979, -28.2389061 ], [ -52.3655444, -28.2389947 ], [ -52.3650161, -28.2390727 ], [ -52.3647974, -28.2390834 ], [ -52.3645145, -28.2390928 ], [ -52.3641443, -28.2390892 ], [ -52.3635942, -28.239050699999989 ], [ -52.3601508, -28.238728099999989 ], [ -52.35720280000001, -28.2384264 ], [ -52.3570274, -28.2388951 ], [ -52.3569386, -28.2400256 ], [ -52.3568232, -28.2415762 ], [ -52.3566258, -28.2436637 ], [ -52.3564716, -28.2452889 ], [ -52.3559907, -28.2504178 ], [ -52.3559696, -28.250642299999988 ], [ -52.3619986, -28.2548337 ], [ -52.363844, -28.256497 ], [ -52.3629954, -28.2663075 ], [ -52.3631458, -28.2664791 ], [ -52.3632714, -28.2666225 ], [ -52.3634406, -28.2668407 ], [ -52.3635543, -28.2670076 ], [ -52.3637924, -28.2673569 ], [ -52.3638707, -28.2674852 ], [ -52.3641259, -28.2679982 ], [ -52.3641941, -28.2681531 ], [ -52.3642204, -28.2682298 ], [ -52.3644534, -28.2689604 ], [ -52.3645341, -28.2692337 ], [ -52.3648436, -28.2704686 ], [ -52.3646452, -28.2707724 ], [ -52.3653487, -28.2705013 ], [ -52.3663224, -28.2700761 ], [ -52.3670358, -28.2697548 ], [ -52.3673455, -28.2696003 ], [ -52.3676661, -28.2694241 ], [ -52.3681838, -28.2691052 ], [ -52.3688597, -28.2686823 ], [ -52.3694848, -28.268244 ], [ -52.374864, -28.264109 ], [ -52.3760838, -28.2631258 ], [ -52.3770699, -28.2623419 ], [ -52.3776332, -28.2619214 ], [ -52.3781911, -28.2615408 ], [ -52.3790655, -28.2609975 ], [ -52.3797522, -28.2606171 ], [ -52.3804291, -28.2602839 ], [ -52.3810102, -28.2600245 ], [ -52.3815707, -28.2597693 ], [ -52.3818389, -28.2596677 ], [ -52.3822896, -28.2595095 ], [ -52.3852066, -28.2585184 ], [ -52.3865149, -28.2580902 ], [ -52.3867769, -28.257988 ], [ -52.3871443, -28.2578108 ] ] ] } },
{ "type": "Feature", "properties": { "name": "São José", "code_muni": 4314100.0, "name_muni": "Passo Fundo" }, "geometry": { "type": "Polygon", "coordinates": [ [ [ -52.3635942, -28.239050699999989 ], [ -52.3641443, -28.2390892 ], [ -52.3645145, -28.2390928 ], [ -52.3647974, -28.2390834 ], [ -52.3650161, -28.2390727 ], [ -52.3655444, -28.2389947 ], [ -52.365979, -28.2389061 ], [ -52.3663974, -28.2388175 ], [ -52.3695771, -28.2380661 ], [ -52.3706184, -28.2378585 ], [ -52.3713487, -28.2377306 ], [ -52.3732357, -28.2372756 ], [ -52.3767119, -28.236481 ], [ -52.377314, -28.2363411 ], [ -52.3775688, -28.2362938 ], [ -52.3777244, -28.2362702 ], [ -52.3779161, -28.2362347 ], [ -52.378179, -28.2361757 ], [ -52.3788764, -28.2359405 ], [ -52.3797119, -28.2356688 ], [ -52.3818255, -28.2351843 ], [ -52.3832697, -28.2349632 ], [ -52.3848012, -28.2346177 ], [ -52.3850728, -28.2345495 ], [ -52.3883542, -28.2337967 ], [ -52.3889165, -28.2336284 ], [ -52.3895401, -28.2333867 ], [ -52.3911846, -28.232616 ], [ -52.391453, -28.2324775 ], [ -52.3931597, -28.2316364 ], [ -52.393941, -28.2312923 ], [ -52.3948027, -28.2308965 ], [ -52.3955677, -28.2306543 ], [ -52.395891, -28.2305751 ], [ -52.3963048, -28.230509 ], [ -52.3968042, -28.2304523 ], [ -52.3974448, -28.2304275 ], [ -52.397743, -28.2304298 ], [ -52.3980595, -28.2304511 ], [ -52.3983666, -28.2304924 ], [ -52.3986571, -28.230541 ], [ -52.3993403, -28.230711 ], [ -52.4001279, -28.2309461 ], [ -52.3953653, -28.2271024 ], [ -52.3872543, -28.2305432 ], [ -52.3798299, -28.2255521 ], [ -52.3764396, -28.2304865 ], [ -52.3756242, -28.2303352 ], [ -52.3757583, -28.229976 ], [ -52.3757637, -28.2298768 ], [ -52.3757315, -28.229787 ], [ -52.3751253, -28.2291206 ], [ -52.3749697, -28.2288464 ], [ -52.3749214, -28.2286527 ], [ -52.3749107, -28.2275892 ], [ -52.3748303, -28.2275041 ], [ -52.3746747, -28.2272678 ], [ -52.3746425, -28.2271685 ], [ -52.3745567, -28.2266297 ], [ -52.3744333, -28.2264359 ], [ -52.3743421, -28.2263461 ], [ -52.3742026, -28.2261571 ], [ -52.3741382, -28.22600580000001 ], [ -52.3740739, -28.2255568 ], [ -52.3738378, -28.225311 ], [ -52.3737359, -28.2249565 ], [ -52.3736501, -28.2248856 ], [ -52.3736018, -28.2247958 ], [ -52.3735213, -28.2247297 ], [ -52.3734194, -28.2246966 ], [ -52.373237, -28.224564199999989 ], [ -52.3730439, -28.224309 ], [ -52.3729473, -28.2242712 ], [ -52.3727381, -28.2243657 ], [ -52.3725879, -28.2243468 ], [ -52.3723787, -28.2242759 ], [ -52.3722661, -28.2242145 ], [ -52.3720247, -28.2240254 ], [ -52.3719174, -28.2240065 ], [ -52.3718101, -28.223945 ], [ -52.3713863, -28.2236851 ], [ -52.3712093, -28.2235338 ], [ -52.3708123, -28.2233069 ], [ -52.3707426, -28.2232077 ], [ -52.370705, -28.2229052 ], [ -52.3706138, -28.2225365 ], [ -52.3705548, -28.2220355 ], [ -52.3704636, -28.2218369 ], [ -52.3703831, -28.221756599999988 ], [ -52.3700666, -28.2216337 ], [ -52.3699674, -28.221447 ], [ -52.3696697, -28.2208916 ], [ -52.3694927, -28.2205938 ], [ -52.3690742, -28.2195776 ], [ -52.3690742, -28.219483 ], [ -52.3688221, -28.2194357 ], [ -52.3685539, -28.2194357 ], [ -52.3683286, -28.2194547 ], [ -52.3678136, -28.2195586 ], [ -52.3668051, -28.2196437 ], [ -52.366494, -28.2199273 ], [ -52.3663116, -28.2203433 ], [ -52.3660219, -28.221213 ], [ -52.3658502, -28.2215533 ], [ -52.3658717, -28.2217613 ], [ -52.3660863, -28.2218558 ], [ -52.3663008, -28.2219126 ], [ -52.3664188, -28.2220922 ], [ -52.3664081, -28.2222813 ], [ -52.3662686, -28.2224231 ], [ -52.3658931, -28.2226027 ], [ -52.3657322, -28.2227161 ], [ -52.3655927, -28.2228579 ], [ -52.3652494, -28.2233589 ], [ -52.3651636, -28.223548 ], [ -52.3650241, -28.2237276 ], [ -52.3639619, -28.2238978 ], [ -52.3637796, -28.2242381 ], [ -52.363565, -28.2243043 ], [ -52.3634255, -28.2244555 ], [ -52.363447, -28.224862 ], [ -52.3632431, -28.2249282 ], [ -52.3632217, -28.2251172 ], [ -52.3635864, -28.2256277 ], [ -52.3636723, -28.2258073 ], [ -52.3637688, -28.2261571 ], [ -52.3641551, -28.2265541 ], [ -52.3642731, -28.2267243 ], [ -52.364198, -28.2269039 ], [ -52.3640478, -28.2270457 ], [ -52.3638654, -28.2271685 ], [ -52.3637581, -28.2273481 ], [ -52.3637474, -28.2277357 ], [ -52.3638654, -28.2284447 ], [ -52.3638654, -28.2286432 ], [ -52.3639298, -28.2292387 ], [ -52.3641121, -28.2303636 ], [ -52.3642087, -28.2305526 ], [ -52.3642302, -28.2307795 ], [ -52.3643696, -28.2314034 ], [ -52.3643696, -28.2318004 ], [ -52.3644233, -28.2322636 ], [ -52.3644018, -28.2326417 ], [ -52.3642838, -28.2330198 ], [ -52.3644018, -28.2335302 ], [ -52.3644126, -28.2339272 ], [ -52.3642302, -28.2343147 ], [ -52.3641873, -28.2347306 ], [ -52.3639941, -28.2350804 ], [ -52.3640049, -28.2354679 ], [ -52.3639834, -28.2356948 ], [ -52.3575783, -28.2352883 ], [ -52.357585, -28.2360287 ], [ -52.3575634, -28.2362512 ], [ -52.3574204, -28.2377207 ], [ -52.3573288, -28.2380756 ], [ -52.35720280000001, -28.2384264 ], [ -52.3601508, -28.238728099999989 ], [ -52.3635942, -28.239050699999989 ] ] ] } },
{ "type": "Feature", "properties": { "name": "Petrópolis", "code_muni": 4314100.0, "name_muni": "Passo Fundo" }, "geometry": { "type": "Polygon", "coordinates": [ [ [ -52.3734167, -28.2396197 ], [ -52.3733416, -28.2398159 ], [ -52.3733443, -28.2399718 ], [ -52.3734167, -28.2402979 ], [ -52.373516, -28.2404751 ], [ -52.3735347, -28.2405791 ], [ -52.3735267, -28.2406925 ], [ -52.3734757, -28.2408414 ], [ -52.3735642, -28.2412525 ], [ -52.3735508, -28.2415573 ], [ -52.3734623, -28.2419354 ], [ -52.3734412, -28.2421499 ], [ -52.3734311, -28.2422525 ], [ -52.373414, -28.2424269 ], [ -52.3733255, -28.2425545 ], [ -52.3731297, -28.242675 ], [ -52.3730949, -28.2427152 ], [ -52.3729152, -28.2427908 ], [ -52.3728535, -28.2429255 ], [ -52.3728669, -28.2430412 ], [ -52.3730117, -28.2433153 ], [ -52.3730198, -28.2434878 ], [ -52.37301440000001, -28.2435374 ], [ -52.3728508, -28.2437619 ], [ -52.372824, -28.2438659 ], [ -52.3728374, -28.2440974 ], [ -52.372714, -28.244459 ], [ -52.3727703, -28.2445724 ], [ -52.3730063, -28.2448441 ], [ -52.3731163, -28.245019 ], [ -52.3731163, -28.245078 ], [ -52.3732209, -28.2452009 ], [ -52.3731512, -28.2453876 ], [ -52.3732129, -28.2454939 ], [ -52.3732638, -28.2455175 ], [ -52.373516, -28.2454726 ], [ -52.373634, -28.2454915 ], [ -52.3736233, -28.2457892 ], [ -52.3735857, -28.2459121 ], [ -52.3735857, -28.2460161 ], [ -52.3735964, -28.2461153 ], [ -52.3736662, -28.2461956 ], [ -52.3737949, -28.2462051 ], [ -52.3740202, -28.2461295 ], [ -52.3741812, -28.2463752 ], [ -52.3742884, -28.2463705 ], [ -52.3744011, -28.2464036 ], [ -52.3744977, -28.2464745 ], [ -52.3744923, -28.2468194 ], [ -52.3744655, -28.2469423 ], [ -52.3744279, -28.2470368 ], [ -52.3743475, -28.2471077 ], [ -52.3743099, -28.2472164 ], [ -52.3742938, -28.2476606 ], [ -52.3743904, -28.2480339 ], [ -52.3746318, -28.2484072 ], [ -52.3746532, -28.2486199 ], [ -52.3748195, -28.248894 ], [ -52.3749107, -28.2489507 ], [ -52.3751199, -28.2488703 ], [ -52.3752326, -28.2488845 ], [ -52.3753774, -28.2489318 ], [ -52.3754525, -28.2490026 ], [ -52.3754203, -28.2490971 ], [ -52.3751146, -28.2492578 ], [ -52.3750395, -28.2493476 ], [ -52.3750717, -28.2496359 ], [ -52.3751789, -28.2496784 ], [ -52.375415, -28.2496689 ], [ -52.3756832, -28.2495319 ], [ -52.3758012, -28.2495319 ], [ -52.3759085, -28.2495083 ], [ -52.3763162, -28.2493381 ], [ -52.3766863, -28.2492862 ], [ -52.3767936, -28.2492909 ], [ -52.3769707, -28.2494138 ], [ -52.3772979, -28.2495366 ], [ -52.3773301, -28.2496311 ], [ -52.3772979, -28.2497398 ], [ -52.3772121, -28.2497918 ], [ -52.3769975, -28.2498721 ], [ -52.3769331, -28.249943 ], [ -52.376976, -28.2500328 ], [ -52.3768528, -28.2500609 ], [ -52.3767831, -28.2502547 ], [ -52.3769225, -28.250509799999989 ], [ -52.3772766, -28.2507934 ], [ -52.3776467, -28.2509446 ], [ -52.3779525, -28.2509493 ], [ -52.3782368, -28.250968199999988 ], [ -52.3784943, -28.2508217 ], [ -52.3785641, -28.2507745 ], [ -52.3786874, -28.2507508 ], [ -52.3789825, -28.2509588 ], [ -52.379299, -28.251058 ], [ -52.3800822, -28.2512943 ], [ -52.3802842, -28.2514807 ], [ -52.3803933, -28.2517573 ], [ -52.3804899, -28.2519038 ], [ -52.3804783, -28.2520761 ], [ -52.3802217, -28.2520976 ], [ -52.3799534, -28.252055 ], [ -52.3797906, -28.2521044 ], [ -52.3796941, -28.2523265 ], [ -52.3794688, -28.2527187 ], [ -52.3793132, -28.2529503 ], [ -52.3792078, -28.2531986 ], [ -52.3789323, -28.2535031 ], [ -52.3787733, -28.253581299999986 ], [ -52.3785962, -28.2535672 ], [ -52.3784675, -28.2535341 ], [ -52.3783315, -28.2535882 ], [ -52.3782779, -28.2537158 ], [ -52.3783602, -28.2549706 ], [ -52.3782296, -28.2552846 ], [ -52.3779935, -28.2555444 ], [ -52.3778989, -28.2556463 ], [ -52.3779184, -28.2557713 ], [ -52.3780633, -28.2558232 ], [ -52.3781169, -28.2559933 ], [ -52.3781384, -28.2562249 ], [ -52.3783066, -28.2562747 ], [ -52.3784978, -28.2563005 ], [ -52.3785962, -28.256459 ], [ -52.3787035, -28.2565724 ], [ -52.3788162, -28.2565819 ], [ -52.3788913, -28.2565204 ], [ -52.378918, -28.2563269 ], [ -52.3790092, -28.256204 ], [ -52.3791272, -28.2561615 ], [ -52.3792881, -28.2561568 ], [ -52.3796314, -28.2562229 ], [ -52.3798085, -28.2562655 ], [ -52.3801196, -28.2561804 ], [ -52.3804307, -28.2560434 ], [ -52.3806668, -28.2559111 ], [ -52.3808009, -28.2558166 ], [ -52.3810315, -28.2555283 ], [ -52.3811227, -28.2553488 ], [ -52.3815519, -28.255164499999989 ], [ -52.381686, -28.2552968 ], [ -52.3819274, -28.2558922 ], [ -52.3820132, -28.2561379 ], [ -52.3820347, -28.2562702 ], [ -52.3821688, -28.2563458 ], [ -52.3823083, -28.2563458 ], [ -52.3824263, -28.2562891 ], [ -52.3828125, -28.2560576 ], [ -52.3830378, -28.2558638 ], [ -52.3831934, -28.2556606 ], [ -52.3833651, -28.2555189 ], [ -52.3835099, -28.255452699999982 ], [ -52.3837406, -28.2554244 ], [ -52.3839766, -28.2554102 ], [ -52.3841107, -28.2552921 ], [ -52.3841375, -28.2551314 ], [ -52.3840195, -28.254989699999989 ], [ -52.3832792, -28.2546447 ], [ -52.3829305, -28.2544321 ], [ -52.3827482, -28.25421 ], [ -52.382716, -28.253865 ], [ -52.3827722, -28.2530001 ], [ -52.3827172, -28.2528002 ], [ -52.3827545, -28.2526929 ], [ -52.3830915, -28.2525609 ], [ -52.3833865, -28.2525041 ], [ -52.3839659, -28.2526223 ], [ -52.3841697, -28.252693199999989 ], [ -52.3844594, -28.252816 ], [ -52.3845238, -28.2529058 ], [ -52.3845721, -28.2530381 ], [ -52.384615, -28.2531846 ], [ -52.3846579, -28.2533264 ], [ -52.3847544, -28.253435 ], [ -52.3863581, -28.2543612 ], [ -52.3865137, -28.2545313 ], [ -52.3867667, -28.2547624 ], [ -52.3868034, -28.2547959 ], [ -52.386959, -28.2548621 ], [ -52.3871092, -28.2549849 ], [ -52.3872433, -28.2551409 ], [ -52.387313, -28.2552779 ], [ -52.3874096, -28.255448 ], [ -52.3875169, -28.2555756 ], [ -52.3876563, -28.2557268 ], [ -52.3878226, -28.2558827 ], [ -52.3881069, -28.2560576 ], [ -52.3883054, -28.2562466 ], [ -52.3885387, -28.2565159 ], [ -52.388705, -28.2566747 ], [ -52.388917, -28.2568868 ], [ -52.3893623, -28.2572767 ], [ -52.3897645, -28.2575365 ], [ -52.3899362, -28.2575932 ], [ -52.3900971, -28.257631 ], [ -52.390242, -28.2575932 ], [ -52.390419, -28.2575698 ], [ -52.3908508, -28.2571583 ], [ -52.391612, -28.2568507 ], [ -52.3921109, -28.2564542 ], [ -52.3927493, -28.2561562 ], [ -52.39333, -28.2558238 ], [ -52.3935036, -28.255674 ], [ -52.3936168, -28.2554025 ], [ -52.3936696, -28.2550035 ], [ -52.3937168, -28.2548339 ], [ -52.3940243, -28.2545552 ], [ -52.3946023, -28.254219 ], [ -52.394899, -28.2541054 ], [ -52.3949594, -28.2540823 ], [ -52.3952786, -28.2539121 ], [ -52.3957613, -28.2535827 ], [ -52.3960997, -28.2532216 ], [ -52.3961426, -28.2530888 ], [ -52.3961408, -28.2529187 ], [ -52.3961614, -28.252804 ], [ -52.3962123, -28.2527094 ], [ -52.3962769, -28.2526569 ], [ -52.3968312, -28.2522069 ], [ -52.3970471, -28.2514888 ], [ -52.3972027, -28.2510598 ], [ -52.3972752, -28.2508599 ], [ -52.3977167, -28.250175899999988 ], [ -52.3983457, -28.2485523 ], [ -52.3989761, -28.2474753 ], [ -52.3993446, -28.2473201 ], [ -52.3996828, -28.2472917 ], [ -52.4001447, -28.2473517 ], [ -52.4011108, -28.2472634 ], [ -52.4012873, -28.2471965 ], [ -52.4013937, -28.2469214 ], [ -52.4020252, -28.2452889 ], [ -52.4022742, -28.2448647 ], [ -52.4030735, -28.2445389 ], [ -52.4037303, -28.2444805 ], [ -52.4049435, -28.2437767 ], [ -52.4051584, -28.2436295 ], [ -52.405304, -28.2433943 ], [ -52.4052812, -28.2429578 ], [ -52.4054226, -28.2427789 ], [ -52.4054718, -28.2423773 ], [ -52.4054718, -28.241933 ], [ -52.4055147, -28.2417251 ], [ -52.4055147, -28.2415077 ], [ -52.4054611, -28.2411013 ], [ -52.4053645, -28.2408744 ], [ -52.4052358, -28.2406571 ], [ -52.405107, -28.2404964 ], [ -52.4047852, -28.2397308 ], [ -52.404753, -28.2395228 ], [ -52.4048388, -28.2393149 ], [ -52.4048925, -28.2391164 ], [ -52.404871, -28.2387194 ], [ -52.4047423, -28.2385398 ], [ -52.404592, -28.2383792 ], [ -52.404474, -28.2381996 ], [ -52.404356, -28.2373867 ], [ -52.4043346, -28.236970800000012 ], [ -52.4043667, -28.2367629 ], [ -52.404474, -28.2365549 ], [ -52.4046135, -28.2363848 ], [ -52.4046564, -28.2361768 ], [ -52.4046671, -28.2359594 ], [ -52.4046135, -28.2357609 ], [ -52.4044418, -28.2355813 ], [ -52.4042916, -28.2354396 ], [ -52.4040771, -28.235345 ], [ -52.4037552, -28.2350331 ], [ -52.4035835, -28.2347117 ], [ -52.4035514, -28.2343147 ], [ -52.4034333, -28.2340879 ], [ -52.4030793, -28.233776 ], [ -52.4029613, -28.2336153 ], [ -52.4030042, -28.2331805 ], [ -52.4028754, -28.2330198 ], [ -52.4026716, -28.2329158 ], [ -52.4024248, -28.2329347 ], [ -52.4017811, -28.2334924 ], [ -52.4015987, -28.2335775 ], [ -52.4006868, -28.2335396 ], [ -52.4003327, -28.2333411 ], [ -52.3999109, -28.233207699999987 ], [ -52.3998583, -28.2329055 ], [ -52.4001947, -28.231543 ], [ -52.4002321, -28.2313124 ], [ -52.4002497, -28.231129400000011 ], [ -52.4002528, -28.2309979 ], [ -52.4001279, -28.2309461 ], [ -52.3993403, -28.230711 ], [ -52.3986571, -28.230541 ], [ -52.3983666, -28.2304924 ], [ -52.3980595, -28.2304511 ], [ -52.397743, -28.2304298 ], [ -52.3974448, -28.2304275 ], [ -52.3968042, -28.2304523 ], [ -52.3963048, -28.230509 ], [ -52.395891, -28.2305751 ], [ -52.3955677, -28.2306543 ], [ -52.3948027, -28.2308965 ], [ -52.393941, -28.2312923 ], [ -52.3931597, -28.2316364 ], [ -52.391453, -28.2324775 ], [ -52.3911846, -28.232616 ], [ -52.3895401, -28.2333867 ], [ -52.3889165, -28.2336284 ], [ -52.3883542, -28.2337967 ], [ -52.3850728, -28.2345495 ], [ -52.3848012, -28.2346177 ], [ -52.3832697, -28.2349632 ], [ -52.3818255, -28.2351843 ], [ -52.3797119, -28.2356688 ], [ -52.3788764, -28.2359405 ], [ -52.378179, -28.2361757 ], [ -52.3779161, -28.2362347 ], [ -52.3777244, -28.2362702 ], [ -52.3775688, -28.2362938 ], [ -52.377314, -28.2363411 ], [ -52.3767119, -28.236481 ], [ -52.3732357, -28.2372756 ], [ -52.3713487, -28.2377306 ], [ -52.3706184, -28.2378585 ], [ -52.3709326, -28.2381164 ], [ -52.3715875, -28.2384666 ], [ -52.3723819, -28.2389766 ], [ -52.3729236, -28.239255 ], [ -52.3735755, -28.2395648 ], [ -52.3734167, -28.2396197 ] ] ] } },
{ "type": "Feature", "properties": { "name": "Victor Issler", "code_muni": 4314100.0, "name_muni": "Passo Fundo" }, "geometry": { "type": "Polygon", "coordinates": [ [ [ -52.4052812, -28.2429578 ], [ -52.405304, -28.2433943 ], [ -52.4051584, -28.2436295 ], [ -52.4049435, -28.2437767 ], [ -52.4037303, -28.2444805 ], [ -52.4030735, -28.2445389 ], [ -52.4022742, -28.2448647 ], [ -52.4020252, -28.2452889 ], [ -52.4013937, -28.2469214 ], [ -52.4019107, -28.2472411 ], [ -52.4023903, -28.2474475 ], [ -52.4028999, -28.2476176 ], [ -52.4032647, -28.2477144 ], [ -52.4038092, -28.2477924 ], [ -52.4044315, -28.2478113 ], [ -52.405053700000011, -28.247783 ], [ -52.4053887, -28.2477338 ], [ -52.4057672, -28.2476578 ], [ -52.4117902, -28.2461996 ], [ -52.4132717, -28.2458274 ], [ -52.4135638, -28.2457563 ], [ -52.4139917, -28.245676 ], [ -52.4142882, -28.2456309 ], [ -52.4146206, -28.2456051 ], [ -52.4148394, -28.2455931 ], [ -52.4150913, -28.2455874 ], [ -52.4153918, -28.2455992 ], [ -52.4157058, -28.2456179 ], [ -52.4160663, -28.2456665 ], [ -52.4167422, -28.2458556 ], [ -52.4174986, -28.2461485 ], [ -52.4177829, -28.2462808 ], [ -52.4184159, -28.2466589 ], [ -52.4198408, -28.2475597 ], [ -52.4198458, -28.2470155 ], [ -52.4198833, -28.2463091 ], [ -52.4199088, -28.2461094 ], [ -52.4199343, -28.2459097 ], [ -52.419996, -28.2457136 ], [ -52.4201408, -28.245638 ], [ -52.4204358, -28.2455979 ], [ -52.4207132, -28.2455286 ], [ -52.4209374, -28.2454726 ], [ -52.4211895, -28.2453427 ], [ -52.4215275, -28.2450142 ], [ -52.4217689, -28.2448299 ], [ -52.4221149, -28.2443432 ], [ -52.4223349, -28.2440927 ], [ -52.4224207, -28.2439037 ], [ -52.4225816, -28.2436769 ], [ -52.422756, -28.2435398 ], [ -52.422874, -28.2434028 ], [ -52.4229142, -28.2433082 ], [ -52.4229303, -28.2431381 ], [ -52.4229866, -28.2429633 ], [ -52.4230027, -28.2428498 ], [ -52.4229974, -28.2427317 ], [ -52.4231797, -28.2424387 ], [ -52.4232656, -28.242219 ], [ -52.4233273, -28.2421386 ], [ -52.4234292, -28.241720399999988 ], [ -52.423456, -28.241391899999989 ], [ -52.4234131, -28.241106 ], [ -52.4234077, -28.2405602 ], [ -52.4234614, -28.2399387 ], [ -52.4234454, -28.2397207 ], [ -52.4234211, -28.2393882 ], [ -52.4233139, -28.239133 ], [ -52.4233648, -28.2387194 ], [ -52.4235123, -28.238391 ], [ -52.4235418, -28.2382894 ], [ -52.4234855, -28.2375167 ], [ -52.4233997, -28.2373158 ], [ -52.4232549, -28.2371268 ], [ -52.4232119, -28.2370322 ], [ -52.4234319, -28.2368196 ], [ -52.4235522, -28.2365648 ], [ -52.42366160000001, -28.2364604 ], [ -52.4236481, -28.2363618 ], [ -52.4237377, -28.2361721 ], [ -52.4237269, -28.2358649 ], [ -52.4236625, -28.2355908 ], [ -52.4235392, -28.2356333 ], [ -52.4234265, -28.2356475 ], [ -52.4233246, -28.235605 ], [ -52.4232549, -28.2355246 ], [ -52.423163700000011, -28.2353309 ], [ -52.4229705, -28.23526 ], [ -52.4228793, -28.235345 ], [ -52.4227613, -28.2355057 ], [ -52.4226648, -28.2355719 ], [ -52.4222839, -28.2356522 ], [ -52.4220425, -28.2356381 ], [ -52.4219942, -28.2355483 ], [ -52.4222946, -28.2354112 ], [ -52.4223644, -28.2353356 ], [ -52.4223805, -28.2352316 ], [ -52.4223483, -28.2351418 ], [ -52.422182, -28.2349622 ], [ -52.4220961, -28.2349008 ], [ -52.4219728, -28.2348772 ], [ -52.4217528, -28.2349717 ], [ -52.421667, -28.2350662 ], [ -52.4215651, -28.2353781 ], [ -52.4214578, -28.2353781 ], [ -52.4212325, -28.2353167 ], [ -52.4208838, -28.2353356 ], [ -52.4207658, -28.2353828 ], [ -52.420637, -28.2353923 ], [ -52.4205244, -28.2353687 ], [ -52.4203849, -28.2350946 ], [ -52.4203259, -28.2348772 ], [ -52.4203259, -28.2347826 ], [ -52.4202561, -28.2346881 ], [ -52.4202025, -28.2343289 ], [ -52.420063, -28.2339461 ], [ -52.4199987, -28.2338563 ], [ -52.4197465, -28.2336247 ], [ -52.4198002, -28.2334546 ], [ -52.4198914, -28.233397899999989 ], [ -52.4201274, -28.2333317 ], [ -52.4202186, -28.2332703 ], [ -52.4206156, -28.233171 ], [ -52.4208301, -28.2330765 ], [ -52.4208677, -28.2329867 ], [ -52.4207282, -28.2328024 ], [ -52.4206907, -28.2326984 ], [ -52.420755, -28.2326228 ], [ -52.420857, -28.2325708 ], [ -52.4208516, -28.2324101 ], [ -52.420578, -28.2321738 ], [ -52.4202669, -28.2319847 ], [ -52.4200094, -28.2317248 ], [ -52.4199021, -28.2316633 ], [ -52.4197143, -28.2316255 ], [ -52.4196124, -28.2316681 ], [ -52.4194461, -28.2316775 ], [ -52.4194247, -28.2312474 ], [ -52.4193871, -28.2311056 ], [ -52.4192745, -28.2310631 ], [ -52.419135, -28.231058399999988 ], [ -52.418915, -28.2311671 ], [ -52.4186951, -28.2311293 ], [ -52.4184537, -28.2310017 ], [ -52.418341, -28.2309686 ], [ -52.41820160000001, -28.2309591 ], [ -52.4177563, -28.2307417 ], [ -52.4176276, -28.2306992 ], [ -52.4174023, -28.2305432 ], [ -52.4174076, -28.2304487 ], [ -52.4176598, -28.2303022 ], [ -52.4178153, -28.2301604 ], [ -52.4178529, -28.2300706 ], [ -52.4178153, -28.2299713 ], [ -52.4175793, -28.229943 ], [ -52.4173164, -28.2298579 ], [ -52.4171126, -28.2297255 ], [ -52.4170053, -28.229631 ], [ -52.4170375, -28.229527 ], [ -52.4171394, -28.2294656 ], [ -52.4172092, -28.22939 ], [ -52.4171931, -28.2293002 ], [ -52.41698920000001, -28.2291962 ], [ -52.4167907, -28.2291442 ], [ -52.4166566, -28.2289599 ], [ -52.4165601, -28.2289079 ], [ -52.4162704, -28.2288748 ], [ -52.4161416, -28.228884199999989 ], [ -52.415809, -28.2290733 ], [ -52.4150473, -28.2291395 ], [ -52.4147576, -28.2293616 ], [ -52.4146396, -28.2293947 ], [ -52.4143879, -28.2293454 ], [ -52.4142686, -28.2297969 ], [ -52.4140963, -28.230085 ], [ -52.4138622, -28.2302796 ], [ -52.4135927, -28.230474199999989 ], [ -52.413438, -28.2306377 ], [ -52.4131994, -28.230774 ], [ -52.4130581, -28.2308129 ], [ -52.4128902, -28.2308207 ], [ -52.4128018, -28.2307234 ], [ -52.4127886, -28.230626 ], [ -52.4128548, -28.2304548 ], [ -52.4128769, -28.2303069 ], [ -52.4128416, -28.2301823 ], [ -52.4127488, -28.2301006 ], [ -52.4125102, -28.2300616 ], [ -52.4121612, -28.2300383 ], [ -52.4119359, -28.2300305 ], [ -52.4117591, -28.2301434 ], [ -52.4116929, -28.230283499999988 ], [ -52.4117901, -28.2304859 ], [ -52.4118917, -28.2306416 ], [ -52.411958, -28.2307701 ], [ -52.4118917, -28.2308635 ], [ -52.4117547, -28.2308946 ], [ -52.4116443, -28.2308791 ], [ -52.4115117, -28.2307623 ], [ -52.4114013, -28.2306767 ], [ -52.4113173, -28.2306611 ], [ -52.41120690000001, -28.2306805 ], [ -52.4111936, -28.2307662 ], [ -52.4112599, -28.2309336 ], [ -52.4113438, -28.2310815 ], [ -52.4116531, -28.2312333 ], [ -52.4117901, -28.2314201 ], [ -52.411958, -28.2316459 ], [ -52.4121303, -28.231895 ], [ -52.4121479, -28.2320896 ], [ -52.4120817, -28.2325528 ], [ -52.4119756, -28.2326618 ], [ -52.4118829, -28.2327358 ], [ -52.4118519, -28.2330277 ], [ -52.4119138, -28.2331328 ], [ -52.4120242, -28.2331873 ], [ -52.4121303, -28.2332262 ], [ -52.4122982, -28.2332807 ], [ -52.4123954, -28.2333781 ], [ -52.4124484, -28.2334793 ], [ -52.4124219, -28.2335882 ], [ -52.4125323, -28.2336778 ], [ -52.4127683, -28.2336819 ], [ -52.4135408, -28.2336441 ], [ -52.4146995, -28.2335496 ], [ -52.4150643, -28.233663 ], [ -52.4153861, -28.2339088 ], [ -52.4154076, -28.2343436 ], [ -52.4152574, -28.2346272 ], [ -52.4149784, -28.2350241 ], [ -52.4147853, -28.2354968 ], [ -52.414957, -28.2356669 ], [ -52.4150213, -28.2360828 ], [ -52.4151501, -28.2364609 ], [ -52.4150857, -28.236801199999988 ], [ -52.4146566, -28.237236 ], [ -52.4140128, -28.2375006 ], [ -52.4137983, -28.237822 ], [ -52.4135762, -28.2382086 ], [ -52.4128913, -28.2394684 ], [ -52.4119215, -28.2400213 ], [ -52.4116707, -28.2402131 ], [ -52.4115759, -28.2403638 ], [ -52.4114976, -28.2408626 ], [ -52.4115117, -28.2410493 ], [ -52.4114772, -28.2411504 ], [ -52.4113914, -28.241235 ], [ -52.4109742, -28.2413319 ], [ -52.4105234, -28.2415393 ], [ -52.4094694, -28.2420881 ], [ -52.4077687, -28.2425994 ], [ -52.4074196, -28.242751 ], [ -52.4070139, -28.2428487 ], [ -52.4065525, -28.2428614 ], [ -52.4055679, -28.242749 ], [ -52.4054226, -28.2427789 ], [ -52.4052812, -28.2429578 ] ] ] } },
{ "type": "Feature", "properties": { "name": "José Alexandre Zachia", "code_muni": 4314100.0, "name_muni": "Passo Fundo" }, "geometry": { "type": "Polygon", "coordinates": [ [ [ -52.4237269, -28.2358649 ], [ -52.4237377, -28.2361721 ], [ -52.4236481, -28.2363618 ], [ -52.42366160000001, -28.2364604 ], [ -52.4240837, -28.2365053 ], [ -52.4243197, -28.2365148 ], [ -52.4246504, -28.2365302 ], [ -52.42552460000001, -28.2365476 ], [ -52.4257902, -28.2365366 ], [ -52.4261218, -28.2365029 ], [ -52.4261611, -28.2364989 ], [ -52.4262712, -28.2364835 ], [ -52.4266626, -28.2364368 ], [ -52.4269523, -28.2363777 ], [ -52.4273636, -28.2362649 ], [ -52.4278133, -28.2361556 ], [ -52.428367, -28.2360043 ], [ -52.4291685, -28.2357163 ], [ -52.4303367, -28.2352973 ], [ -52.4305355, -28.2352267 ], [ -52.431075, -28.2350352 ], [ -52.4323656, -28.234577 ], [ -52.4326283, -28.2344643 ], [ -52.4330137, -28.2342989 ], [ -52.4344086, -28.2335331 ], [ -52.4345094, -28.2334699 ], [ -52.4354317, -28.232972 ], [ -52.4375107, -28.2318689 ], [ -52.4384883, -28.2313437 ], [ -52.4388698, -28.2311388 ], [ -52.43938940000001, -28.23085 ], [ -52.439753, -28.230655 ], [ -52.4409213, -28.2300282 ], [ -52.4413573, -28.2297869 ], [ -52.4423678, -28.2289758 ], [ -52.4426204, -28.2287661 ], [ -52.4424074, -28.2286613 ], [ -52.4423365, -28.2286265 ], [ -52.4422129, -28.228565599999985 ], [ -52.4421298, -28.2285248 ], [ -52.4416143, -28.2282712 ], [ -52.4415449, -28.2282371 ], [ -52.4406892, -28.2278161 ], [ -52.4411398, -28.2268377 ], [ -52.4419358, -28.2244799 ], [ -52.4419675, -28.2243859 ], [ -52.4423254, -28.2233259 ], [ -52.4420611, -28.223271 ], [ -52.4410272, -28.2230564 ], [ -52.44032, -28.2226172 ], [ -52.4401604, -28.222518 ], [ -52.4400617, -28.2224567 ], [ -52.4399694, -28.2223994 ], [ -52.4398541, -28.2223278 ], [ -52.4396548, -28.222204 ], [ -52.4396393, -28.2221944 ], [ -52.4395556, -28.2221425 ], [ -52.4394589, -28.2220824 ], [ -52.4348474, -28.2192183 ], [ -52.4348366, -28.2194074 ], [ -52.4347991, -28.2195067 ], [ -52.4346972, -28.2196579 ], [ -52.4344933, -28.2197808 ], [ -52.4343109, -28.219795 ], [ -52.4339622, -28.219639 ], [ -52.4338818, -28.2195728 ], [ -52.4337745, -28.2195208 ], [ -52.4335599, -28.2194499 ], [ -52.4334204, -28.2194547 ], [ -52.4333507, -28.219535 ], [ -52.4333507, -28.219743 ], [ -52.4333829, -28.2198517 ], [ -52.4334365, -28.2199415 ], [ -52.4334687, -28.2202204 ], [ -52.433458, -28.2207309 ], [ -52.4334955, -28.2208491 ], [ -52.4335867, -28.2209152 ], [ -52.4337208, -28.2210807 ], [ -52.43415, -28.2214919 ], [ -52.4342734, -28.2219078 ], [ -52.4342305, -28.2220166 ], [ -52.4341983, -28.2222623 ], [ -52.4341393, -28.2223711 ], [ -52.4340481, -28.222631 ], [ -52.43405880000001, -28.2230801 ], [ -52.4341768, -28.2233637 ], [ -52.4341983, -28.2234629 ], [ -52.434091, -28.2237512 ], [ -52.4339193, -28.2240301 ], [ -52.4338871, -28.2241294 ], [ -52.4338925, -28.2242428 ], [ -52.4340534, -28.224517 ], [ -52.4338818, -28.224654 ], [ -52.4337584, -28.2246824 ], [ -52.4335116, -28.2252118 ], [ -52.4335063, -28.2253063 ], [ -52.4335223, -28.2257506 ], [ -52.4335921, -28.2258404 ], [ -52.4338657, -28.2260767 ], [ -52.434209, -28.2265352 ], [ -52.4342734, -28.2266534 ], [ -52.434268, -28.2268566 ], [ -52.4341339, -28.2269133 ], [ -52.4336028, -28.2269417 ], [ -52.4335116, -28.2269984 ], [ -52.4335223, -28.2270976 ], [ -52.4339676, -28.2273765 ], [ -52.4337691, -28.227461599999987 ], [ -52.4336779, -28.2275419 ], [ -52.4336243, -28.2276365 ], [ -52.4336296, -28.227749899999989 ], [ -52.4337798, -28.2281658 ], [ -52.4339891, -28.2284211 ], [ -52.4340481, -28.2285203 ], [ -52.43405880000001, -28.2286243 ], [ -52.4339086, -28.228803899999988 ], [ -52.433812, -28.2288701 ], [ -52.4337101, -28.2289079 ], [ -52.4334902, -28.2288842 ], [ -52.4333453, -28.2288937 ], [ -52.4330932, -28.2290024 ], [ -52.433002, -28.2290733 ], [ -52.4328786, -28.2291111 ], [ -52.4325889, -28.2295318 ], [ -52.4321115, -28.2297303 ], [ -52.4319559, -28.2297775 ], [ -52.4317843, -28.2299335 ], [ -52.4315375, -28.2300942 ], [ -52.4311996, -28.230477 ], [ -52.4309474, -28.2308551 ], [ -52.4299121, -28.2319327 ], [ -52.4295849, -28.2321123 ], [ -52.4294078, -28.2322825 ], [ -52.4293059, -28.2325235 ], [ -52.4292308, -28.2329772 ], [ -52.4288875, -28.2334735 ], [ -52.4287963, -28.2335491 ], [ -52.4284852, -28.2335444 ], [ -52.4279541, -28.2334924 ], [ -52.4275464, -28.233516 ], [ -52.4270153, -28.233516 ], [ -52.4266774, -28.2335775 ], [ -52.4262428, -28.2335775 ], [ -52.4258941, -28.2337003 ], [ -52.4257815, -28.233724 ], [ -52.4255347, -28.2337334 ], [ -52.4252129, -28.2336862 ], [ -52.4249983, -28.2334309 ], [ -52.4248374, -28.2333222 ], [ -52.4247515, -28.2331568 ], [ -52.4244028, -28.2334546 ], [ -52.4241132, -28.2337523 ], [ -52.4238235, -28.2339603 ], [ -52.4234158, -28.2341588 ], [ -52.4233031, -28.2341493 ], [ -52.4231798, -28.2341777 ], [ -52.4230939, -28.234258 ], [ -52.4231958, -28.2344282 ], [ -52.4232924, -28.2344707 ], [ -52.4234051, -28.2345085 ], [ -52.4235123, -28.234518 ], [ -52.4237162, -28.2344565 ], [ -52.4238235, -28.2344613 ], [ -52.4239898, -28.2345889 ], [ -52.4238342, -28.2347637 ], [ -52.4235982, -28.2347921 ], [ -52.4235499, -28.2348913 ], [ -52.4235553, -28.2349906 ], [ -52.4236572, -28.2351891 ], [ -52.423743, -28.235264699999984 ], [ -52.4239093, -28.2354679 ], [ -52.4238932, -28.2355624 ], [ -52.4236625, -28.2355908 ], [ -52.4237269, -28.2358649 ] ] ] } },
{ "type": "Feature", "properties": { "name": "Valinhos", "code_muni": 4314100.0, "name_muni": "Passo Fundo" }, "geometry": { "type": "Polygon", "coordinates": [ [ [ -52.4303681, -28.2354467 ], [ -52.430529, -28.2357089 ], [ -52.4306631, -28.2360161 ], [ -52.4307329, -28.2361107 ], [ -52.4307811, -28.2362288 ], [ -52.4313498, -28.2370653 ], [ -52.4315751, -28.237325299999988 ], [ -52.4318487, -28.2378451 ], [ -52.4320418, -28.2380247 ], [ -52.4321132, -28.238111 ], [ -52.4321922, -28.2382066 ], [ -52.4323154, -28.2383555 ], [ -52.4322885, -28.238554 ], [ -52.4323304, -28.2389371 ], [ -52.4323596, -28.2392037 ], [ -52.4324012, -28.2395843 ], [ -52.432546, -28.2399907 ], [ -52.4326801, -28.240463299999984 ], [ -52.4328089, -28.2406618 ], [ -52.4328947, -28.2410682 ], [ -52.4329269, -28.2415077 ], [ -52.4335057, -28.2422221 ], [ -52.4337629, -28.2420391 ], [ -52.433943, -28.2418602 ], [ -52.434091, -28.2416232 ], [ -52.434235, -28.2412964 ], [ -52.43438290000001, -28.240928 ], [ -52.4345456, -28.2405981 ], [ -52.4346955, -28.2403399 ], [ -52.4349256, -28.2400301 ], [ -52.4350834, -28.23989 ], [ -52.435364, -28.2396319 ], [ -52.4360073, -28.2391814 ], [ -52.4364161, -28.2389276 ], [ -52.4366784, -28.2387613 ], [ -52.4369827, -28.2386078 ], [ -52.4372831, -28.2385047 ], [ -52.4376089, -28.2384469 ], [ -52.4381013, -28.2384248 ], [ -52.4385229, -28.2384427 ], [ -52.4384637, -28.2387123 ], [ -52.4382859, -28.2392894 ], [ -52.4381675, -28.2397218 ], [ -52.4379162, -28.2406455 ], [ -52.4391721, -28.2409686 ], [ -52.4395415, -28.2410519 ], [ -52.4405999, -28.2412955 ], [ -52.4417739, -28.2415563 ], [ -52.4417374, -28.2423675 ], [ -52.4421764, -28.2424821 ], [ -52.4427532, -28.2426631 ], [ -52.4427921, -28.2426785 ], [ -52.4428268, -28.2426996 ], [ -52.4428895, -28.2427711 ], [ -52.4427709, -28.242928 ], [ -52.4422466, -28.2437007 ], [ -52.4430414, -28.2444418 ], [ -52.4435231, -28.2448526 ], [ -52.444938, -28.2460494 ], [ -52.4450719, -28.2461319 ], [ -52.4456432, -28.2454254 ], [ -52.4456593, -28.2453758 ], [ -52.4456513, -28.2452741 ], [ -52.4455869, -28.2451395 ], [ -52.4454448, -28.2449481 ], [ -52.4454528, -28.2448985 ], [ -52.4455038, -28.2448748 ], [ -52.4456996, -28.2448725 ], [ -52.4464882, -28.2445889 ], [ -52.4467027, -28.2446834 ], [ -52.4469066, -28.2446362 ], [ -52.4471104, -28.244674 ], [ -52.4473035, -28.2447496 ], [ -52.4479795, -28.2448157 ], [ -52.448194, -28.2447685 ], [ -52.4483872, -28.2446834 ], [ -52.4486017, -28.2447307 ], [ -52.448709, -28.2449008 ], [ -52.4487198, -28.2451182 ], [ -52.4487734, -28.2453261 ], [ -52.449342, -28.2456569 ], [ -52.4495459, -28.2456664 ], [ -52.4497497, -28.2457514 ], [ -52.4498892, -28.245902699999984 ], [ -52.4499107, -28.2461011 ], [ -52.4498463, -28.2462902 ], [ -52.4498892, -28.2464792 ], [ -52.4500179, -28.2466493 ], [ -52.450093, -28.2468478 ], [ -52.451005, -28.2482749 ], [ -52.4511659, -28.2484167 ], [ -52.4515307, -28.2486529 ], [ -52.4522066, -28.2489932 ], [ -52.4524963, -28.2490877 ], [ -52.4527323, -28.2491066 ], [ -52.4534834, -28.248927 ], [ -52.4536765, -28.248842 ], [ -52.454288, -28.2484734 ], [ -52.4544919, -28.2485301 ], [ -52.4545884, -28.2487191 ], [ -52.4545348, -28.2489081 ], [ -52.4544275, -28.2490971 ], [ -52.4544275, -28.2493051 ], [ -52.4545777, -28.2494657 ], [ -52.4547923, -28.249513 ], [ -52.4550176, -28.249513 ], [ -52.4558437, -28.2492956 ], [ -52.4564016, -28.2491255 ], [ -52.4570131, -28.2484072 ], [ -52.4572384, -28.2482655 ], [ -52.457453, -28.2481898 ], [ -52.4576891, -28.2481993 ], [ -52.4578607, -28.2480764 ], [ -52.4581719, -28.247783399999989 ], [ -52.4583435, -28.2476511 ], [ -52.4585581, -28.2476228 ], [ -52.4589872, -28.247481 ], [ -52.4592126, -28.2474527 ], [ -52.4594271, -28.247481 ], [ -52.4599207, -28.2474905 ], [ -52.4601245, -28.2475755 ], [ -52.4604786, -28.2478591 ], [ -52.4608004, -28.248152 ], [ -52.4611652, -28.2484167 ], [ -52.4612307, -28.2485781 ], [ -52.461495, -28.2486559 ], [ -52.4618948, -28.2489459 ], [ -52.4621898, -28.249300299999984 ], [ -52.4624419, -28.2490026 ], [ -52.4628121, -28.2487333 ], [ -52.4631393, -28.2483174 ], [ -52.4634773, -28.2478118 ], [ -52.4636489, -28.2476511 ], [ -52.4638259, -28.2473629 ], [ -52.4640834, -28.2471171 ], [ -52.4642605, -28.2470037 ], [ -52.4645448, -28.2467533 ], [ -52.4645609, -28.2465501 ], [ -52.4646199, -28.246361 ], [ -52.4647486, -28.2462051 ], [ -52.4647701, -28.2461153 ], [ -52.464754, -28.2456097 ], [ -52.4648076, -28.2453923 ], [ -52.4648023, -28.2452741 ], [ -52.4651885, -28.244863 ], [ -52.465269, -28.2448016 ], [ -52.4654836, -28.244551099999988 ], [ -52.4655855, -28.2444897 ], [ -52.4658001, -28.244437699999985 ], [ -52.4662238, -28.2442912 ], [ -52.4664599, -28.2440644 ], [ -52.4667335, -28.2439084 ], [ -52.4669105, -28.2437761 ], [ -52.467007, -28.2437383 ], [ -52.4670821, -28.2435445 ], [ -52.4670446, -28.2434311 ], [ -52.4674791, -28.2429869 ], [ -52.4675918, -28.2429396 ], [ -52.4677151, -28.2428073 ], [ -52.4677098, -28.2422308 ], [ -52.4677581, -28.2419992 ], [ -52.4678224, -28.2418811 ], [ -52.4678332, -28.2417582 ], [ -52.4677366, -28.24121 ], [ -52.4677742, -28.2409973 ], [ -52.4677634, -28.2405814 ], [ -52.4678171, -28.2404917 ], [ -52.4680907, -28.2403168 ], [ -52.4681658, -28.2402365 ], [ -52.4681443, -28.240038 ], [ -52.4682355, -28.2394709 ], [ -52.468611, -28.2391826 ], [ -52.4692708, -28.2389983 ], [ -52.469362, -28.2389557 ], [ -52.4695283, -28.2388045 ], [ -52.4696356, -28.2387761 ], [ -52.4697214, -28.2387194 ], [ -52.4697697, -28.2386344 ], [ -52.4697751, -28.2385304 ], [ -52.4697483, -28.2384264 ], [ -52.4696302, -28.2382421 ], [ -52.4696034, -28.2381476 ], [ -52.4696142, -28.2380483 ], [ -52.469818, -28.2379302 ], [ -52.4699065, -28.2378782 ], [ -52.4700755, -28.2377837 ], [ -52.4703517, -28.2375781 ], [ -52.4706119, -28.2373702 ], [ -52.4708694, -28.2372803 ], [ -52.4727684, -28.2371031 ], [ -52.4741042, -28.237089 ], [ -52.4750376, -28.2370322 ], [ -52.4753702, -28.2369188 ], [ -52.4756384, -28.2367534 ], [ -52.476207, -28.2367298 ], [ -52.4771029, -28.2367345 ], [ -52.4772316, -28.2367109 ], [ -52.4775803, -28.2365833 ], [ -52.4785137, -28.2360445 ], [ -52.479095, -28.2355788 ], [ -52.4783398, -28.2342259 ], [ -52.4780204, -28.2336344 ], [ -52.477614, -28.2328629 ], [ -52.4774314, -28.2325932 ], [ -52.4771178, -28.2322555 ], [ -52.4766674, -28.2317468 ], [ -52.4761978, -28.2312642 ], [ -52.4750055, -28.2300046 ], [ -52.4747077, -28.229631 ], [ -52.4740505, -28.2287188 ], [ -52.4732244, -28.2274852 ], [ -52.472975, -28.2271591 ], [ -52.4727898, -28.226989 ], [ -52.4725136, -28.2267856 ], [ -52.4721757, -28.2265918 ], [ -52.471886, -28.2264737 ], [ -52.4714703, -28.2263342 ], [ -52.4704489, -28.2260874 ], [ -52.4703588, -28.22612 ], [ -52.4702955, -28.226137 ], [ -52.4701428, -28.226175 ], [ -52.4697807, -28.2262218 ], [ -52.4692953, -28.2262442 ], [ -52.4685363, -28.2261851 ], [ -52.468206, -28.2261689 ], [ -52.4678282, -28.2261922 ], [ -52.467547, -28.2262324 ], [ -52.467435, -28.2262484 ], [ -52.4649646, -28.2267232 ], [ -52.4628285, -28.2271588 ], [ -52.46203, -28.2272322 ], [ -52.4585369, -28.2275535 ], [ -52.4579626, -28.2276176 ], [ -52.457563, -28.2276885 ], [ -52.4572656, -28.2277597 ], [ -52.4567989, -28.2279505 ], [ -52.4538511, -28.229362 ], [ -52.4502207, -28.2310551 ], [ -52.4498701, -28.2312217 ], [ -52.4480629, -28.2321403 ], [ -52.447822, -28.2322547 ], [ -52.4476514, -28.232295 ], [ -52.4474935, -28.2322875 ], [ -52.4474494, -28.2322782 ], [ -52.4472987, -28.2322609 ], [ -52.4471332, -28.2322482 ], [ -52.4463024, -28.2322386 ], [ -52.4459096, -28.232234 ], [ -52.4455237, -28.2318283 ], [ -52.4447619, -28.2311005 ], [ -52.4442668, -28.2307512 ], [ -52.4435833, -28.230373 ], [ -52.4435753, -28.2302313 ], [ -52.4424756, -28.229579 ], [ -52.4415314, -28.2300753 ], [ -52.4413573, -28.2297869 ], [ -52.4409213, -28.2300282 ], [ -52.439753, -28.230655 ], [ -52.43938940000001, -28.23085 ], [ -52.4388698, -28.2311388 ], [ -52.4384883, -28.2313437 ], [ -52.4375107, -28.2318689 ], [ -52.4354317, -28.232972 ], [ -52.4345094, -28.2334699 ], [ -52.4344086, -28.2335331 ], [ -52.4330137, -28.2342989 ], [ -52.4326283, -28.2344643 ], [ -52.4323656, -28.234577 ], [ -52.431075, -28.2350352 ], [ -52.4305355, -28.2352267 ], [ -52.4303367, -28.2352973 ], [ -52.4303681, -28.2354467 ] ] ] } },
{ "type": "Feature", "properties": { "name": "Nenê Graeff", "code_muni": 4314100.0, "name_muni": "Passo Fundo" }, "geometry": { "type": "Polygon", "coordinates": [ [ [ -52.443268, -28.266906099999989 ], [ -52.4433279, -28.2667805 ], [ -52.4434925, -28.2664352 ], [ -52.4437693, -28.2658389 ], [ -52.4440809, -28.2651035 ], [ -52.4449717, -28.2630014 ], [ -52.4451831, -28.262496 ], [ -52.445728, -28.2611681 ], [ -52.4459257, -28.2608497 ], [ -52.4461666, -28.2605704 ], [ -52.4463074, -28.2604558 ], [ -52.4466056, -28.2602472 ], [ -52.447091, -28.259971 ], [ -52.4474759, -28.2597925 ], [ -52.4509609, -28.2580796 ], [ -52.4510245, -28.2580515 ], [ -52.4523163, -28.2575307 ], [ -52.452432, -28.2574768 ], [ -52.4526385, -28.2573779 ], [ -52.452973, -28.2571987 ], [ -52.4530765, -28.2571446 ], [ -52.4539182, -28.2564878 ], [ -52.45435650000001, -28.256045 ], [ -52.4547948, -28.2556205 ], [ -52.4552591, -28.2551613 ], [ -52.4554981, -28.2548834 ], [ -52.4561239, -28.254077700000011 ], [ -52.4573787, -28.2523058 ], [ -52.457686, -28.2518983 ], [ -52.4582026, -28.2513028 ], [ -52.4583413, -28.2511429 ], [ -52.458439, -28.2510498 ], [ -52.4590369, -28.25049 ], [ -52.4595298, -28.2500592 ], [ -52.4596693, -28.2499372 ], [ -52.459755, -28.2498626 ], [ -52.4612307, -28.2485781 ], [ -52.4611652, -28.2484167 ], [ -52.4608004, -28.248152 ], [ -52.4604786, -28.2478591 ], [ -52.4601245, -28.2475755 ], [ -52.4599207, -28.2474905 ], [ -52.4594271, -28.247481 ], [ -52.4592126, -28.2474527 ], [ -52.4589872, -28.247481 ], [ -52.4585581, -28.2476228 ], [ -52.4583435, -28.2476511 ], [ -52.4581719, -28.247783399999989 ], [ -52.4578607, -28.2480764 ], [ -52.4576891, -28.2481993 ], [ -52.457453, -28.2481898 ], [ -52.4572384, -28.2482655 ], [ -52.4570131, -28.2484072 ], [ -52.4564016, -28.2491255 ], [ -52.4558437, -28.2492956 ], [ -52.4550176, -28.249513 ], [ -52.4547923, -28.249513 ], [ -52.4545777, -28.2494657 ], [ -52.4544275, -28.2493051 ], [ -52.4544275, -28.2490971 ], [ -52.4545348, -28.2489081 ], [ -52.4545884, -28.2487191 ], [ -52.4544919, -28.2485301 ], [ -52.454288, -28.2484734 ], [ -52.4536765, -28.248842 ], [ -52.4534834, -28.248927 ], [ -52.4527323, -28.2491066 ], [ -52.4524963, -28.2490877 ], [ -52.4522066, -28.2489932 ], [ -52.4515307, -28.2486529 ], [ -52.4511659, -28.2484167 ], [ -52.451005, -28.2482749 ], [ -52.450093, -28.2468478 ], [ -52.4500179, -28.2466493 ], [ -52.4498892, -28.2464792 ], [ -52.4498463, -28.2462902 ], [ -52.4499107, -28.2461011 ], [ -52.4498892, -28.245902699999984 ], [ -52.4497497, -28.2457514 ], [ -52.4495459, -28.2456664 ], [ -52.449342, -28.2456569 ], [ -52.4487734, -28.2453261 ], [ -52.4487198, -28.2451182 ], [ -52.448709, -28.2449008 ], [ -52.4486017, -28.2447307 ], [ -52.4483872, -28.2446834 ], [ -52.448194, -28.2447685 ], [ -52.4479795, -28.2448157 ], [ -52.4473035, -28.2447496 ], [ -52.4471104, -28.244674 ], [ -52.4469066, -28.2446362 ], [ -52.4467027, -28.2446834 ], [ -52.4464882, -28.2445889 ], [ -52.4456996, -28.2448725 ], [ -52.4455038, -28.2448748 ], [ -52.4454528, -28.2448985 ], [ -52.4454448, -28.2449481 ], [ -52.4455869, -28.2451395 ], [ -52.4456513, -28.2452741 ], [ -52.4456593, -28.2453758 ], [ -52.4456432, -28.2454254 ], [ -52.4450719, -28.2461319 ], [ -52.4449781, -28.2463847 ], [ -52.4447957, -28.2465973 ], [ -52.444683, -28.2466777 ], [ -52.4445677, -28.2468242 ], [ -52.4445596, -28.2468761 ], [ -52.4445811, -28.2469848 ], [ -52.4445248, -28.2471526 ], [ -52.4444765, -28.2471715 ], [ -52.4443477, -28.2471597 ], [ -52.4442405, -28.2470982 ], [ -52.4434465, -28.2474574 ], [ -52.4432534, -28.247585 ], [ -52.44298520000001, -28.2478685 ], [ -52.4429262, -28.2479583 ], [ -52.4429154, -28.2480575 ], [ -52.4428779, -28.2481473 ], [ -52.4428618, -28.2487947 ], [ -52.4426419, -28.2494327 ], [ -52.4426258, -28.2497398 ], [ -52.4425936, -28.2498343 ], [ -52.4424595, -28.2500895 ], [ -52.4420625, -28.2503352 ], [ -52.4420518, -28.2504392 ], [ -52.4420893, -28.2506518 ], [ -52.442084, -28.2507511 ], [ -52.4418372, -28.2511385 ], [ -52.4415153, -28.2514268 ], [ -52.44151, -28.2517245 ], [ -52.4415851, -28.2518096 ], [ -52.4416602, -28.2519891 ], [ -52.441687, -28.2522254 ], [ -52.441577, -28.2529153 ], [ -52.4415368, -28.253071199999987 ], [ -52.441392, -28.2533878 ], [ -52.4411988, -28.2534682 ], [ -52.4401903, -28.253539 ], [ -52.4399167, -28.2535343 ], [ -52.4396807, -28.2535154 ], [ -52.4395627, -28.2534871 ], [ -52.4391657, -28.2534682 ], [ -52.43841470000001, -28.2532508 ], [ -52.4381894, -28.2532461 ], [ -52.4378461, -28.2531846 ], [ -52.4375242, -28.253057 ], [ -52.4372882, -28.2529295 ], [ -52.4370146, -28.2527263 ], [ -52.4366713, -28.2525656 ], [ -52.436564, -28.2525325 ], [ -52.4364621, -28.252542 ], [ -52.4362904, -28.2526648 ], [ -52.4362367, -28.2527499 ], [ -52.4362528, -28.252849099999988 ], [ -52.4363065, -28.2529342 ], [ -52.4367142, -28.2532035 ], [ -52.4368805, -28.2533784 ], [ -52.4369019, -28.2534823 ], [ -52.4368215, -28.2536997 ], [ -52.4366283, -28.2539407 ], [ -52.436564, -28.2541391 ], [ -52.4365211, -28.2543943 ], [ -52.4365264, -28.254692 ], [ -52.4365103, -28.2547772 ], [ -52.4363816, -28.2549284 ], [ -52.4361134, -28.255141 ], [ -52.4358773, -28.255278 ], [ -52.4354911, -28.2553773 ], [ -52.4350458, -28.2554623 ], [ -52.4348622, -28.2555048 ], [ -52.434962, -28.2555556 ], [ -52.4349876, -28.2557032 ], [ -52.4351079, -28.2562635 ], [ -52.4351598, -28.2566328 ], [ -52.4352084, -28.2569905 ], [ -52.4353517, -28.2577598 ], [ -52.4362533, -28.2576446 ], [ -52.436292, -28.2572348 ], [ -52.4369342, -28.257137 ], [ -52.4369054, -28.2587728 ], [ -52.43689590000001, -28.2593828 ], [ -52.4368837, -28.26017 ], [ -52.4368858, -28.2608048 ], [ -52.4387268, -28.2608234 ], [ -52.4388999, -28.2608858 ], [ -52.4388924, -28.2614453 ], [ -52.4389831, -28.2615207 ], [ -52.4391552, -28.2622486 ], [ -52.4393132, -28.2629863 ], [ -52.4393713, -28.2632474 ], [ -52.439423, -28.2634908 ], [ -52.4395921, -28.2642864 ], [ -52.4397463, -28.265027 ], [ -52.4398927, -28.2656326 ], [ -52.4399418, -28.2658194 ], [ -52.440022, -28.2662514 ], [ -52.4400833, -28.2665071 ], [ -52.4409666, -28.2664632 ], [ -52.4417691, -28.2665976 ], [ -52.4423035, -28.2666906 ], [ -52.4425277, -28.2667299 ], [ -52.443268, -28.266906099999989 ] ] ] } },
{ "type": "Feature", "properties": { "name": "Integração", "code_muni": 4314100.0, "name_muni": "Passo Fundo" }, "geometry": { "type": "Polygon", "coordinates": [ [ [ -52.4644227, -28.2569601 ], [ -52.4644107, -28.2567994 ], [ -52.4644429, -28.2567049 ], [ -52.4644429, -28.2565112 ], [ -52.4644697, -28.2564167 ], [ -52.4646252, -28.2562608 ], [ -52.4646789, -28.2561474 ], [ -52.4646199, -28.255887499999989 ], [ -52.4644643, -28.2555851 ], [ -52.4643731, -28.2555142 ], [ -52.4642444, -28.2555095 ], [ -52.4639332, -28.2553724 ], [ -52.463885, -28.2552732 ], [ -52.4637508, -28.2546873 ], [ -52.4636972, -28.2541769 ], [ -52.4636275, -28.2540824 ], [ -52.4635363, -28.2540257 ], [ -52.4633056, -28.2539501 ], [ -52.4630803, -28.2538415 ], [ -52.4628872, -28.2538415 ], [ -52.462619, -28.2538698 ], [ -52.4625278, -28.2535107 ], [ -52.4623668, -28.2533406 ], [ -52.4622595, -28.253161 ], [ -52.4623722, -28.2528302 ], [ -52.4624902, -28.2528019 ], [ -52.4627101, -28.2527074 ], [ -52.4628013, -28.2526176 ], [ -52.4628389, -28.2525231 ], [ -52.4628335, -28.2524239 ], [ -52.4626619, -28.2522774 ], [ -52.4625224, -28.2522679 ], [ -52.4621791, -28.2521073 ], [ -52.4621362, -28.251871 ], [ -52.4621469, -28.2516678 ], [ -52.4621254, -28.2515638 ], [ -52.4620664, -28.2514693 ], [ -52.4622166, -28.2513181 ], [ -52.4622059, -28.2512094 ], [ -52.4621093, -28.2511338 ], [ -52.4618894, -28.2510346 ], [ -52.4617982, -28.2509684 ], [ -52.4615729, -28.2507133 ], [ -52.46153, -28.250614 ], [ -52.4614871, -28.2504959 ], [ -52.4615729, -28.2503116 ], [ -52.4614978, -28.250236 ], [ -52.4616802, -28.2497351 ], [ -52.4618304, -28.2495791 ], [ -52.4619484, -28.2495035 ], [ -52.4621898, -28.249300299999984 ], [ -52.4618948, -28.2489459 ], [ -52.461495, -28.2486559 ], [ -52.4612307, -28.2485781 ], [ -52.459755, -28.2498626 ], [ -52.4596693, -28.2499372 ], [ -52.4595298, -28.2500592 ], [ -52.4590369, -28.25049 ], [ -52.458439, -28.2510498 ], [ -52.4583413, -28.2511429 ], [ -52.4582026, -28.2513028 ], [ -52.457686, -28.2518983 ], [ -52.4573787, -28.2523058 ], [ -52.4561239, -28.254077700000011 ], [ -52.4554981, -28.2548834 ], [ -52.4552591, -28.2551613 ], [ -52.4547948, -28.2556205 ], [ -52.45435650000001, -28.256045 ], [ -52.4539182, -28.2564878 ], [ -52.4530765, -28.2571446 ], [ -52.452973, -28.2571987 ], [ -52.4526385, -28.2573779 ], [ -52.452432, -28.2574768 ], [ -52.4523163, -28.2575307 ], [ -52.4510245, -28.2580515 ], [ -52.4509609, -28.2580796 ], [ -52.4474759, -28.2597925 ], [ -52.447091, -28.259971 ], [ -52.4466056, -28.2602472 ], [ -52.4463074, -28.2604558 ], [ -52.4461666, -28.2605704 ], [ -52.4459257, -28.2608497 ], [ -52.445728, -28.2611681 ], [ -52.4451831, -28.262496 ], [ -52.4449717, -28.2630014 ], [ -52.4440809, -28.2651035 ], [ -52.4437693, -28.2658389 ], [ -52.4434925, -28.2664352 ], [ -52.4433279, -28.2667805 ], [ -52.443268, -28.266906099999989 ], [ -52.4431238, -28.2671758 ], [ -52.4430677, -28.2672891 ], [ -52.4428963, -28.2675994 ], [ -52.4424347, -28.2683519 ], [ -52.4417527, -28.2692933 ], [ -52.4415877, -28.269521 ], [ -52.4414188, -28.2697292 ], [ -52.4413017, -28.2698656 ], [ -52.4407393, -28.270556 ], [ -52.441164, -28.2711488 ], [ -52.4418533, -28.2719496 ], [ -52.4425828, -28.2724504 ], [ -52.4431139, -28.2727315 ], [ -52.4444497, -28.2731709 ], [ -52.4457049, -28.273624399999989 ], [ -52.4467, -28.2740449 ], [ -52.4474913, -28.2744843 ], [ -52.4481833, -28.2750276 ], [ -52.4487841, -28.2756512 ], [ -52.4493822, -28.2763504 ], [ -52.4496853, -28.2768842 ], [ -52.4500769, -28.2778078 ], [ -52.4508736, -28.2801132 ], [ -52.4512893, -28.281058 ], [ -52.4531534, -28.2844853 ], [ -52.453486, -28.2851349 ], [ -52.4537677, -28.2858104 ], [ -52.4543551, -28.2878322 ], [ -52.4548593, -28.2894878 ], [ -52.4550632, -28.2898232 ], [ -52.4556857, -28.2906612 ], [ -52.4567786, -28.2917446 ], [ -52.4583003, -28.2930996 ], [ -52.459749, -28.29193 ], [ -52.4608541, -28.2908908 ], [ -52.4587512, -28.2893792 ], [ -52.4572277, -28.2872063 ], [ -52.4568844, -28.2853356 ], [ -52.4525768, -28.2740307 ], [ -52.4523461, -28.2734307 ], [ -52.4512732, -28.2727929 ], [ -52.4513108, -28.2726795 ], [ -52.4518901, -28.2724953 ], [ -52.4528879, -28.2724339 ], [ -52.4538964, -28.2725 ], [ -52.4546367, -28.2725992 ], [ -52.4550659, -28.272627599999989 ], [ -52.4551839, -28.2726228 ], [ -52.4552804, -28.2725614 ], [ -52.4553877, -28.2723866 ], [ -52.4555379, -28.2722165 ], [ -52.4557471, -28.2721126 ], [ -52.455833, -28.2719236 ], [ -52.455892, -28.2718433 ], [ -52.4559832, -28.2717961 ], [ -52.4562192, -28.2717724 ], [ -52.4563372, -28.2717252 ], [ -52.4564928, -28.2714795 ], [ -52.4564928, -28.271385 ], [ -52.4565464, -28.2712953 ], [ -52.4568951, -28.2710236 ], [ -52.4569595, -28.2710189 ], [ -52.4570024, -28.2709905 ], [ -52.4570426, -28.2707732 ], [ -52.4570426, -28.2705299 ], [ -52.4570185, -28.2704614 ], [ -52.4570373, -28.2704023 ], [ -52.457158, -28.2703055 ], [ -52.4571955, -28.2700976 ], [ -52.4571687, -28.2698803 ], [ -52.4570319, -28.2696346 ], [ -52.4570936, -28.2694031 ], [ -52.4571526, -28.2693157 ], [ -52.4572089, -28.2692779 ], [ -52.4572411, -28.2691645 ], [ -52.457217, -28.2690676 ], [ -52.4572653, -28.2689235 ], [ -52.4573296, -28.2688267 ], [ -52.4573296, -28.268581 ], [ -52.4574557, -28.2685219 ], [ -52.4606046, -28.2721699 ], [ -52.4608718, -28.2720125 ], [ -52.4620377, -28.2712556 ], [ -52.4630264, -28.2706077 ], [ -52.4633492, -28.270374 ], [ -52.4633539, -28.2702441 ], [ -52.4635685, -28.2664053 ], [ -52.4644697, -28.2664053 ], [ -52.4644107, -28.266169 ], [ -52.4643999, -28.2658714 ], [ -52.464475, -28.2655076 ], [ -52.4647433, -28.2651343 ], [ -52.4648452, -28.2649453 ], [ -52.4648881, -28.264746899999988 ], [ -52.4649096, -28.2644445 ], [ -52.46499, -28.2643311 ], [ -52.4650812, -28.2642838 ], [ -52.4652207, -28.2641232 ], [ -52.4652636, -28.26392 ], [ -52.4654406, -28.2636318 ], [ -52.4655372, -28.2635751 ], [ -52.4656498, -28.263542 ], [ -52.4662828, -28.2635137 ], [ -52.4665082, -28.2634759 ], [ -52.4665994, -28.2634239 ], [ -52.4666423, -28.2633294 ], [ -52.4666262, -28.263216 ], [ -52.4664331, -28.2630696 ], [ -52.466315, -28.2630365 ], [ -52.4656767, -28.2630459 ], [ -52.4654299, -28.2630743 ], [ -52.4651939, -28.2631263 ], [ -52.464695, -28.2631263 ], [ -52.4643356, -28.2630743 ], [ -52.4641961, -28.2629751 ], [ -52.4639762, -28.2629562 ], [ -52.4638528, -28.2629562 ], [ -52.4637455, -28.262994 ], [ -52.4634397, -28.2631499 ], [ -52.4633807, -28.2630648 ], [ -52.4634075, -28.2628758 ], [ -52.4636918, -28.2624128 ], [ -52.4637669, -28.2623277 ], [ -52.4638528, -28.2620915 ], [ -52.4639171, -28.2620065 ], [ -52.4641156, -28.2618978 ], [ -52.4642336, -28.2618742 ], [ -52.4645126, -28.2616332 ], [ -52.4645555, -28.2615245 ], [ -52.464577, -28.2612221 ], [ -52.4646145, -28.2611229 ], [ -52.4646092, -28.2610189 ], [ -52.4643141, -28.2606976 ], [ -52.4641103, -28.2605275 ], [ -52.4640244, -28.2604047 ], [ -52.4640298, -28.2602866 ], [ -52.4641693, -28.2601259 ], [ -52.4642605, -28.2599842 ], [ -52.4643356, -28.259918 ], [ -52.4647218, -28.2596818 ], [ -52.4649364, -28.2595778 ], [ -52.4650705, -28.2595589 ], [ -52.4653441, -28.2595636 ], [ -52.465564, -28.2596392 ], [ -52.4658161, -28.2595495 ], [ -52.4659181, -28.259266 ], [ -52.4659288, -28.2591573 ], [ -52.4660307, -28.2589777 ], [ -52.4660575, -28.2588785 ], [ -52.4660683, -28.2586848 ], [ -52.4664062, -28.2582548 ], [ -52.4663258, -28.2581839 ], [ -52.4661326, -28.25808 ], [ -52.4659073, -28.2580705 ], [ -52.4656713, -28.258028 ], [ -52.4653548, -28.2578532 ], [ -52.4650168, -28.2577776 ], [ -52.4647486, -28.257976 ], [ -52.4646306, -28.2580044 ], [ -52.4645394, -28.2579477 ], [ -52.464475, -28.2578532 ], [ -52.464475, -28.2576594 ], [ -52.4644375, -28.2574657 ], [ -52.4644361, -28.2571302 ], [ -52.4644227, -28.2569601 ] ] ] } },
{ "type": "Feature", "properties": { "name": "Santa Marta", "code_muni": 4314100.0, "name_muni": "Passo Fundo" }, "geometry": { "type": "Polygon", "coordinates": [ [ [ -52.4550632, -28.2898232 ], [ -52.4548593, -28.2894878 ], [ -52.4543551, -28.2878322 ], [ -52.4537677, -28.2858104 ], [ -52.453486, -28.2851349 ], [ -52.4531534, -28.2844853 ], [ -52.4512893, -28.281058 ], [ -52.4508736, -28.2801132 ], [ -52.4500769, -28.2778078 ], [ -52.4496853, -28.2768842 ], [ -52.4493822, -28.2763504 ], [ -52.4487841, -28.2756512 ], [ -52.4481833, -28.2750276 ], [ -52.4474913, -28.2744843 ], [ -52.4467, -28.2740449 ], [ -52.4457049, -28.273624399999989 ], [ -52.4444497, -28.2731709 ], [ -52.4431139, -28.2727315 ], [ -52.4425828, -28.2724504 ], [ -52.4418533, -28.2719496 ], [ -52.441164, -28.2711488 ], [ -52.4407393, -28.270556 ], [ -52.4400982, -28.271333 ], [ -52.4393582, -28.2722343 ], [ -52.4385098, -28.2732665 ], [ -52.4382179, -28.2736075 ], [ -52.4378885, -28.2739923 ], [ -52.4374364, -28.2745205 ], [ -52.4369495, -28.2750174 ], [ -52.4367088, -28.2752142 ], [ -52.436603, -28.2752852 ], [ -52.4362761, -28.2755429 ], [ -52.4352863, -28.2762091 ], [ -52.4335416, -28.277352 ], [ -52.4315722, -28.2786231 ], [ -52.4311105, -28.2789211 ], [ -52.4303215, -28.2794142 ], [ -52.4290461, -28.2801839 ], [ -52.4289838, -28.2802126 ], [ -52.4288165, -28.2802888 ], [ -52.4286218, -28.2803652 ], [ -52.4282527, -28.2805243 ], [ -52.4276943, -28.2806969 ], [ -52.4270465, -28.2808238 ], [ -52.4254664, -28.281087 ], [ -52.4247496, -28.2811572 ], [ -52.4240604, -28.2811239 ], [ -52.4234442, -28.2810645 ], [ -52.42301, -28.2809726 ], [ -52.4225714, -28.2808636 ], [ -52.4221574, -28.2807192 ], [ -52.4209927, -28.28022 ], [ -52.4201899, -28.2798395 ], [ -52.4193595, -28.2795502 ], [ -52.418736, -28.2794109 ], [ -52.4178086, -28.2792753 ], [ -52.4170106, -28.2792032 ], [ -52.4166513, -28.2791901 ], [ -52.4166346, -28.2794548 ], [ -52.4166463, -28.2799715 ], [ -52.4166652, -28.2805073 ], [ -52.416665, -28.2805797 ], [ -52.4166808, -28.2818421 ], [ -52.41670950000001, -28.2824925 ], [ -52.4179173, -28.2822745 ], [ -52.4199558, -28.2829169 ], [ -52.4231315, -28.2837673 ], [ -52.4268973, -28.2827091 ], [ -52.4275518, -28.2846223 ], [ -52.4276859, -28.2850664 ], [ -52.4278146, -28.285397 ], [ -52.4278146, -28.2854962 ], [ -52.4277985, -28.2855907 ], [ -52.4277288, -28.2856757 ], [ -52.4276322, -28.285737199999989 ], [ -52.4275571, -28.2858175 ], [ -52.4275464, -28.2859119 ], [ -52.4276751, -28.285997 ], [ -52.428512, -28.2859922 ], [ -52.4289733, -28.2859639 ], [ -52.4291343, -28.286124499999989 ], [ -52.4290752, -28.2864316 ], [ -52.4289787, -28.28663 ], [ -52.4286139, -28.287126 ], [ -52.42827590000001, -28.287518 ], [ -52.4281579, -28.2877542 ], [ -52.4280506, -28.287844 ], [ -52.4280024, -28.2879337 ], [ -52.4277663, -28.2886659 ], [ -52.4277878, -28.288769799999987 ], [ -52.4278951, -28.2889493 ], [ -52.4279219, -28.2891761 ], [ -52.4278468, -28.2892989 ], [ -52.4277288, -28.2893886 ], [ -52.4276483, -28.2894784 ], [ -52.4274445, -28.2895729 ], [ -52.4273372, -28.2897477 ], [ -52.4273211, -28.2898516 ], [ -52.4273908, -28.2899224 ], [ -52.4275625, -28.290187 ], [ -52.4275303, -28.2902862 ], [ -52.4274015, -28.2904609 ], [ -52.4273962, -28.2905601 ], [ -52.4274498, -28.290654599999986 ], [ -52.4275464, -28.2907302 ], [ -52.4276644, -28.2907538 ], [ -52.4280077, -28.2906971 ], [ -52.4285013, -28.2906452 ], [ -52.4288499, -28.2906404 ], [ -52.4289841, -28.2906121 ], [ -52.4291879, -28.2905129 ], [ -52.4295956, -28.290357 ], [ -52.4297887, -28.2903192 ], [ -52.429896, -28.2903239 ], [ -52.4299926, -28.2903806 ], [ -52.4300838, -28.2904515 ], [ -52.4301374, -28.2905412 ], [ -52.4302501, -28.2905837 ], [ -52.4305183, -28.2906026 ], [ -52.4307114, -28.2904845 ], [ -52.4309582, -28.2903948 ], [ -52.4311727, -28.2902909 ], [ -52.4313551, -28.2901586 ], [ -52.4315697, -28.2898988 ], [ -52.4316126, -28.2897902 ], [ -52.4316555, -28.2895729 ], [ -52.4316448, -28.289143 ], [ -52.4320471, -28.2887746 ], [ -52.4326962, -28.288703699999989 ], [ -52.432707, -28.2886092 ], [ -52.4326533, -28.2883116 ], [ -52.4325138, -28.2879101 ], [ -52.4325997, -28.287839299999987 ], [ -52.4327177, -28.2878109 ], [ -52.4334472, -28.2877967 ], [ -52.4336726, -28.2878062 ], [ -52.4337852, -28.2878393 ], [ -52.4338764, -28.2878959 ], [ -52.434032, -28.2881369 ], [ -52.43415, -28.2881983 ], [ -52.434386, -28.2882077 ], [ -52.434504, -28.2882361 ], [ -52.4346918, -28.2884108 ], [ -52.4348098, -28.2887179 ], [ -52.4348527, -28.2889163 ], [ -52.4348795, -28.2896248 ], [ -52.4353677, -28.2907018 ], [ -52.4353516, -28.2912073 ], [ -52.4354535, -28.291391499999989 ], [ -52.4355286, -28.2914576 ], [ -52.4360919, -28.2917977 ], [ -52.4362421, -28.2919583 ], [ -52.4365103, -28.2920622 ], [ -52.4373043, -28.2921189 ], [ -52.438454900000011, -28.2921355 ], [ -52.4385381, -28.2920599 ], [ -52.4387017, -28.2920599 ], [ -52.4387527, -28.2920386 ], [ -52.4387983, -28.2919394 ], [ -52.4388894, -28.2918709 ], [ -52.4391121, -28.2917859 ], [ -52.4393025, -28.2916678 ], [ -52.4393562, -28.2916914 ], [ -52.4395359, -28.2918331 ], [ -52.4397585, -28.2916702 ], [ -52.4401179, -28.2912403 ], [ -52.4406517, -28.290853 ], [ -52.4409816, -28.290352299999988 ], [ -52.4411237, -28.2900264 ], [ -52.4411291, -28.2898091 ], [ -52.4411774, -28.2896721 ], [ -52.441232, -28.2896571 ], [ -52.4414375, -28.2898491 ], [ -52.4418344, -28.2902925 ], [ -52.4423494, -28.2911907 ], [ -52.4424621, -28.2913985 ], [ -52.4425694, -28.2914828 ], [ -52.4429932, -28.2917433 ], [ -52.4433633, -28.292022 ], [ -52.4436262, -28.2923236 ], [ -52.4441948, -28.2932454 ], [ -52.444345, -28.2934053 ], [ -52.4447527, -28.2938784 ], [ -52.4450799, -28.2942515 ], [ -52.4453625, -28.2947218 ], [ -52.4454286, -28.2948318 ], [ -52.4455835, -28.2950731 ], [ -52.445611, -28.295115899999988 ], [ -52.44567, -28.295328499999989 ], [ -52.4456539, -28.2956166 ], [ -52.4456432, -28.2959331 ], [ -52.4457285, -28.2961239 ], [ -52.4462064, -28.2967465 ], [ -52.4466506, -28.2973253 ], [ -52.4471651, -28.2980848 ], [ -52.4474898, -28.2985385 ], [ -52.4477138, -28.2987209 ], [ -52.4557471, -28.2951609 ], [ -52.4583003, -28.2930996 ], [ -52.4567786, -28.2917446 ], [ -52.4556857, -28.2906612 ], [ -52.4550632, -28.2898232 ] ] ] } },
{ "type": "Feature", "properties": { "name": "Boqueirão", "code_muni": 4314100.0, "name_muni": "Passo Fundo" }, "geometry": { "type": "Polygon", "coordinates": [ [ [ -52.4167197, -28.2694947 ], [ -52.4171557, -28.2696826 ], [ -52.4173019, -28.2697456 ], [ -52.4175126, -28.2698364 ], [ -52.4181839, -28.2701377 ], [ -52.4191203, -28.2705809 ], [ -52.4188387, -28.2710293 ], [ -52.4187991, -28.2710869 ], [ -52.4185045, -28.2715798 ], [ -52.4184288, -28.2717169 ], [ -52.4181517, -28.272192 ], [ -52.4180296, -28.2724013 ], [ -52.4179861, -28.2724855 ], [ -52.4179586, -28.2725953 ], [ -52.4180316, -28.2729919 ], [ -52.4181039, -28.2733843 ], [ -52.4181018, -28.2735105 ], [ -52.4180773, -28.2735841 ], [ -52.4180044, -28.2736185 ], [ -52.4175762, -28.2737144 ], [ -52.4176445, -28.2739161 ], [ -52.4176972, -28.2741082 ], [ -52.417696, -28.2742362 ], [ -52.4176678, -28.2745244 ], [ -52.4176789, -28.274651 ], [ -52.4179897, -28.2757475 ], [ -52.4185419, -28.2771571 ], [ -52.4186334, -28.2773803 ], [ -52.4186656, -28.277509 ], [ -52.4186809, -28.2776623 ], [ -52.4186806, -28.2778307 ], [ -52.4186211, -28.2787402 ], [ -52.418736, -28.2794109 ], [ -52.4193595, -28.2795502 ], [ -52.4201899, -28.2798395 ], [ -52.4209927, -28.28022 ], [ -52.4221574, -28.2807192 ], [ -52.4225714, -28.2808636 ], [ -52.42301, -28.2809726 ], [ -52.4234442, -28.2810645 ], [ -52.4240604, -28.2811239 ], [ -52.4247496, -28.2811572 ], [ -52.4254664, -28.281087 ], [ -52.4270465, -28.2808238 ], [ -52.4276943, -28.2806969 ], [ -52.4282527, -28.2805243 ], [ -52.4286218, -28.2803652 ], [ -52.4288165, -28.2802888 ], [ -52.4289838, -28.2802126 ], [ -52.4290461, -28.2801839 ], [ -52.4303215, -28.2794142 ], [ -52.4311105, -28.2789211 ], [ -52.4315722, -28.2786231 ], [ -52.4335416, -28.277352 ], [ -52.4352863, -28.2762091 ], [ -52.4362761, -28.2755429 ], [ -52.436603, -28.2752852 ], [ -52.4367088, -28.2752142 ], [ -52.4369495, -28.2750174 ], [ -52.4374364, -28.2745205 ], [ -52.4378885, -28.2739923 ], [ -52.4382179, -28.2736075 ], [ -52.4385098, -28.2732665 ], [ -52.4393582, -28.2722343 ], [ -52.4400982, -28.271333 ], [ -52.4407393, -28.270556 ], [ -52.4413017, -28.2698656 ], [ -52.4414188, -28.2697292 ], [ -52.4415877, -28.269521 ], [ -52.4417527, -28.2692933 ], [ -52.4424347, -28.2683519 ], [ -52.4428963, -28.2675994 ], [ -52.4430677, -28.2672891 ], [ -52.4431238, -28.2671758 ], [ -52.443268, -28.266906099999989 ], [ -52.4425277, -28.2667299 ], [ -52.4423035, -28.2666906 ], [ -52.4417691, -28.2665976 ], [ -52.4409666, -28.2664632 ], [ -52.4400833, -28.2665071 ], [ -52.440022, -28.2662514 ], [ -52.4399418, -28.2658194 ], [ -52.4398927, -28.2656326 ], [ -52.4397463, -28.265027 ], [ -52.4395921, -28.2642864 ], [ -52.439423, -28.2634908 ], [ -52.4393713, -28.2632474 ], [ -52.4393132, -28.2629863 ], [ -52.4391552, -28.2622486 ], [ -52.4389831, -28.2615207 ], [ -52.4388924, -28.2614453 ], [ -52.4388999, -28.2608858 ], [ -52.4387268, -28.2608234 ], [ -52.4368858, -28.2608048 ], [ -52.4368837, -28.26017 ], [ -52.43689590000001, -28.2593828 ], [ -52.4369054, -28.2587728 ], [ -52.4369342, -28.257137 ], [ -52.436292, -28.2572348 ], [ -52.4362533, -28.2576446 ], [ -52.4353517, -28.2577598 ], [ -52.4352084, -28.2569905 ], [ -52.4351598, -28.2566328 ], [ -52.4351079, -28.2562635 ], [ -52.4349876, -28.2557032 ], [ -52.434962, -28.2555556 ], [ -52.4348622, -28.2555048 ], [ -52.4347948, -28.2555204 ], [ -52.4347186, -28.2555805 ], [ -52.434445, -28.2558451 ], [ -52.4342465, -28.2559868 ], [ -52.4340481, -28.2560577 ], [ -52.4335706, -28.2562703 ], [ -52.4332273, -28.2564924 ], [ -52.4329913, -28.2565869 ], [ -52.4327767, -28.2566909 ], [ -52.4326158, -28.256752299999985 ], [ -52.4325299, -28.2567996 ], [ -52.432487, -28.2568704 ], [ -52.4324065, -28.2570878 ], [ -52.4323207, -28.2574233 ], [ -52.4321759, -28.2576406 ], [ -52.4320257, -28.2577966 ], [ -52.4318325, -28.2579052 ], [ -52.4316877, -28.2579289 ], [ -52.4314034, -28.2579572 ], [ -52.4308723, -28.2580801 ], [ -52.4306363, -28.2581461 ], [ -52.4304324, -28.2582406 ], [ -52.4303091, -28.2583918 ], [ -52.4302661, -28.2584863 ], [ -52.4303412, -28.259488 ], [ -52.4303091, -28.2595873 ], [ -52.4297512, -28.2597148 ], [ -52.4292952, -28.2597196 ], [ -52.4288204, -28.2596652 ], [ -52.4286944, -28.259672299999988 ], [ -52.4283323, -28.2597739 ], [ -52.428174, -28.2598755 ], [ -52.4278736, -28.2599369 ], [ -52.4277636, -28.2599251 ], [ -52.4273211, -28.2597975 ], [ -52.4267203, -28.2597928 ], [ -52.4266076, -28.2597739 ], [ -52.4264252, -28.259783299999988 ], [ -52.426326, -28.2598282 ], [ -52.4260604, -28.2600503 ], [ -52.4256742, -28.2602346 ], [ -52.4255481, -28.2603763 ], [ -52.4255481, -28.260433 ], [ -52.4252585, -28.2602086 ], [ -52.4251968, -28.2601921 ], [ -52.4248561, -28.2601637 ], [ -52.4246818, -28.2602181 ], [ -52.4242339, -28.2602204 ], [ -52.4240568, -28.2602771 ], [ -52.4241916, -28.2600669 ], [ -52.4247616, -28.2591868 ], [ -52.4241486, -28.2589165 ], [ -52.4240702, -28.258882 ], [ -52.4233876, -28.2585489 ], [ -52.4227827, -28.2581933 ], [ -52.4219539, -28.2576971 ], [ -52.4212432, -28.2585891 ], [ -52.4203768, -28.2580977 ], [ -52.4196674, -28.2576724 ], [ -52.4183673, -28.2569169 ], [ -52.417966, -28.2576801 ], [ -52.4178583, -28.2578568 ], [ -52.4174615, -28.2585081 ], [ -52.417122, -28.2590653 ], [ -52.4170064, -28.2592521 ], [ -52.416658, -28.259822799999988 ], [ -52.416588, -28.2599544 ], [ -52.4161665, -28.2606142 ], [ -52.4159536, -28.2609592 ], [ -52.4167424, -28.2613201 ], [ -52.4171971, -28.2615281 ], [ -52.4179776, -28.261886 ], [ -52.4182633, -28.2620047 ], [ -52.4193617, -28.2625271 ], [ -52.4187725, -28.2635722 ], [ -52.4181769, -28.2645554 ], [ -52.4175824, -28.2654891 ], [ -52.4174619, -28.2657243 ], [ -52.4173761, -28.2658714 ], [ -52.4167891, -28.2669133 ], [ -52.4161587, -28.2679303 ], [ -52.4155324, -28.2689 ], [ -52.4162825, -28.2692757 ], [ -52.4167197, -28.2694947 ] ] ] } },
{ "type": "Feature", "properties": { "name": "Centro", "code_muni": 4314100.0, "name_muni": "Passo Fundo" }, "geometry": { "type": "Polygon", "coordinates": [ [ [ -52.3941184, -28.2565763 ], [ -52.3949945, -28.2572264 ], [ -52.3957101, -28.2577503 ], [ -52.3958671, -28.2578652 ], [ -52.3963971, -28.2582093 ], [ -52.3976962, -28.2585833 ], [ -52.3977815, -28.2586079 ], [ -52.3984168, -28.2588043 ], [ -52.3984772, -28.259294 ], [ -52.3987699, -28.259404 ], [ -52.3990321, -28.259539 ], [ -52.3994263, -28.259814 ], [ -52.3997667, -28.2601429 ], [ -52.400051, -28.2606047 ], [ -52.4001948, -28.2610344 ], [ -52.4002083, -28.261096599999988 ], [ -52.4002819, -28.2615932 ], [ -52.4003788, -28.2622506 ], [ -52.4005506, -28.2632636 ], [ -52.4005629, -28.2633635 ], [ -52.4006368, -28.2638656 ], [ -52.4007116, -28.2642678 ], [ -52.4007912, -28.2645271 ], [ -52.4008138, -28.2645893 ], [ -52.4009067, -28.2647419 ], [ -52.401018, -28.264866 ], [ -52.4013694, -28.2651859 ], [ -52.4013628, -28.26524 ], [ -52.4013562, -28.265294 ], [ -52.4014657, -28.2654803 ], [ -52.4015068, -28.2655157 ], [ -52.4025473, -28.2660027 ], [ -52.4024552, -28.2660397 ], [ -52.400763, -28.2664873 ], [ -52.4009001, -28.2669215 ], [ -52.4009097, -28.2669507 ], [ -52.4009277, -28.2670058 ], [ -52.4011184, -28.2675877 ], [ -52.4014872, -28.2687287 ], [ -52.4021646, -28.268537 ], [ -52.4024757, -28.2684379 ], [ -52.4031148, -28.2682335 ], [ -52.4033036, -28.2681698 ], [ -52.4048911, -28.2676353 ], [ -52.4050319, -28.2676173 ], [ -52.4051065, -28.266967199999989 ], [ -52.4051575, -28.2661766 ], [ -52.4053666, -28.266198899999985 ], [ -52.4054944, -28.2662129 ], [ -52.4066256, -28.2663269 ], [ -52.406836, -28.2663453 ], [ -52.4067836, -28.2668239 ], [ -52.4073154, -28.2669107 ], [ -52.4074824, -28.2669533 ], [ -52.4076018, -28.2669948 ], [ -52.4081055, -28.2672277 ], [ -52.4089184, -28.2658041 ], [ -52.4098364, -28.2662677 ], [ -52.4099306, -28.2663117 ], [ -52.4109205, -28.2667565 ], [ -52.4110253, -28.2668036 ], [ -52.4112923, -28.2669233 ], [ -52.4121633, -28.267334 ], [ -52.4132967, -28.2678592 ], [ -52.4144477, -28.2684116 ], [ -52.4146622, -28.268508199999989 ], [ -52.4155324, -28.2689 ], [ -52.4161587, -28.2679303 ], [ -52.4167891, -28.2669133 ], [ -52.4173761, -28.2658714 ], [ -52.4174619, -28.2657243 ], [ -52.4175824, -28.2654891 ], [ -52.4181769, -28.2645554 ], [ -52.4187725, -28.2635722 ], [ -52.4193617, -28.2625271 ], [ -52.4182633, -28.2620047 ], [ -52.4179776, -28.261886 ], [ -52.4171971, -28.2615281 ], [ -52.4167424, -28.2613201 ], [ -52.4159536, -28.2609592 ], [ -52.4161665, -28.2606142 ], [ -52.416588, -28.2599544 ], [ -52.416658, -28.259822799999988 ], [ -52.4170064, -28.2592521 ], [ -52.417122, -28.2590653 ], [ -52.4174615, -28.2585081 ], [ -52.4178583, -28.2578568 ], [ -52.417966, -28.2576801 ], [ -52.4183673, -28.2569169 ], [ -52.4183471, -28.2567835 ], [ -52.4183534, -28.2566881 ], [ -52.4183575, -28.2566388 ], [ -52.4183721, -28.2565902 ], [ -52.4184441, -28.2563706 ], [ -52.4184356, -28.2562561 ], [ -52.4184215, -28.2561864 ], [ -52.4183524, -28.256067 ], [ -52.4181756, -28.2557954 ], [ -52.4179038, -28.2553417 ], [ -52.4178408, -28.2552764 ], [ -52.4177116, -28.2551531 ], [ -52.417296, -28.2549525 ], [ -52.4172099, -28.2548992 ], [ -52.4164933, -28.2544912 ], [ -52.4161186, -28.2542661 ], [ -52.415004, -28.2534967 ], [ -52.4148305, -28.2534061 ], [ -52.4138457, -28.2530204 ], [ -52.4134981, -28.252908 ], [ -52.4130551, -28.2527647 ], [ -52.4113045, -28.2532287 ], [ -52.4100272, -28.252745 ], [ -52.4093276, -28.2524661 ], [ -52.4088963, -28.2522868 ], [ -52.4087759, -28.2522462 ], [ -52.40846, -28.2521293 ], [ -52.4082285, -28.2520437 ], [ -52.408048, -28.251977 ], [ -52.4077519, -28.2518553 ], [ -52.4074998, -28.25177 ], [ -52.4073554, -28.2520431 ], [ -52.407338, -28.2521246 ], [ -52.4074908, -28.2526383 ], [ -52.4074635, -28.252718399999988 ], [ -52.4071738, -28.2530183 ], [ -52.4066443, -28.2535874 ], [ -52.406565, -28.2536623 ], [ -52.4060398, -28.2541582 ], [ -52.4049122, -28.253344099999989 ], [ -52.4039874, -28.2526584 ], [ -52.4037215, -28.252461199999985 ], [ -52.4025977, -28.2515897 ], [ -52.4012827, -28.250597700000011 ], [ -52.4003868, -28.2515163 ], [ -52.4001411, -28.2517824 ], [ -52.3993847, -28.25263 ], [ -52.3991958, -28.252496 ], [ -52.3986521, -28.2520543 ], [ -52.3977638, -28.2513896 ], [ -52.3973172, -28.251057 ], [ -52.3972027, -28.2510598 ], [ -52.3970471, -28.2514888 ], [ -52.3968312, -28.2522069 ], [ -52.3962769, -28.2526569 ], [ -52.3962123, -28.2527094 ], [ -52.3961614, -28.252804 ], [ -52.3961408, -28.2529187 ], [ -52.3961426, -28.2530888 ], [ -52.3960997, -28.2532216 ], [ -52.3957613, -28.2535827 ], [ -52.3952786, -28.2539121 ], [ -52.3949594, -28.2540823 ], [ -52.394899, -28.2541054 ], [ -52.3946023, -28.254219 ], [ -52.3940243, -28.2545552 ], [ -52.3937168, -28.2548339 ], [ -52.3938483, -28.254972899999988 ], [ -52.3940698, -28.255143 ], [ -52.3942895, -28.2553216 ], [ -52.3948893, -28.25579 ], [ -52.3941184, -28.2565763 ] ] ] } }
]
}
