{
"type": "FeatureCollection",
"name": "bairros_santa_maria",
"crs": { "type": "name", "properties": { "name": "urn:ogc:def:crs:OGC:1.3:CRS84" } },
"features": [
{ "type": "Feature", "properties": { "name": "Bonfim", "code_muni": 4316907.0, "name_muni": "Santa Maria" }, "geometry": { "type": "Polygon", "coordinates": [ [ [ -53.8212045, -29.6894486 ], [ -53.8214152, -29.6885982 ], [ -53.8214427, -29.6885248 ], [ -53.8214865, -29.6884061 ], [ -53.8215297, -29.688288900000011 ], [ -53.8216671, -29.6879161 ], [ -53.8218111, -29.6875256 ], [ -53.8218689, -29.6873687 ], [ -53.82188510000001, -29.687326 ], [ -53.8221845, -29.6865945 ], [ -53.8223147, -29.6862231 ], [ -53.8223371, -29.6861635 ], [ -53.822244, -29.6861432 ], [ -53.8214087, -29.6859608 ], [ -53.8211324, -29.685897100000012 ], [ -53.8207771, -29.685815 ], [ -53.8207294, -29.685804 ], [ -53.8205482, -29.6857622 ], [ -53.820475, -29.6857453 ], [ -53.8199295, -29.6856277 ], [ -53.8195859, -29.6855537 ], [ -53.8194912, -29.6855333 ], [ -53.8193455, -29.6855018 ], [ -53.8186281, -29.6853472 ], [ -53.8184016, -29.6852984 ], [ -53.8183334, -29.6852837 ], [ -53.8182778, -29.685271799999985 ], [ -53.8168852, -29.6849747 ], [ -53.8154392, -29.6846394 ], [ -53.8153286, -29.6846138 ], [ -53.8148614, -29.6845097 ], [ -53.8145273, -29.6844353 ], [ -53.8141362, -29.6843494 ], [ -53.8139401, -29.68430450000001 ], [ -53.8138362, -29.6842814 ], [ -53.8134872, -29.6855275 ], [ -53.8134709, -29.6855869 ], [ -53.8134593, -29.6856257 ], [ -53.8132676, -29.6862661 ], [ -53.8130837, -29.6868805 ], [ -53.8130618, -29.6869537 ], [ -53.813046, -29.6870067 ], [ -53.8128868, -29.6875383 ], [ -53.8128663, -29.687606799999987 ], [ -53.8128525, -29.6876546 ], [ -53.8127392, -29.688063899999985 ], [ -53.8126948, -29.6882243 ], [ -53.8126623, -29.6883419 ], [ -53.8126461, -29.6884036 ], [ -53.812214, -29.6899002 ], [ -53.812197, -29.689959 ], [ -53.81226, -29.6899739 ], [ -53.8123452, -29.689994 ], [ -53.8129091, -29.690127300000018 ], [ -53.8135608, -29.6902814 ], [ -53.8136192, -29.6902952 ], [ -53.8136681, -29.6903068 ], [ -53.8137351, -29.6903226 ], [ -53.8137969, -29.6903372 ], [ -53.8151003, -29.6906453 ], [ -53.8151646, -29.6906606 ], [ -53.8152198, -29.690673599999986 ], [ -53.8152684, -29.6906853 ], [ -53.8153277, -29.6906997 ], [ -53.8158018, -29.690814199999988 ], [ -53.8166668, -29.691023 ], [ -53.8167245, -29.691037 ], [ -53.8167743, -29.691049 ], [ -53.8168461, -29.6910663 ], [ -53.816908, -29.6910813 ], [ -53.8175519, -29.6912368 ], [ -53.8185404, -29.6914755 ], [ -53.8185846, -29.6914862 ], [ -53.818629, -29.6914969 ], [ -53.8186915, -29.691512 ], [ -53.8187814, -29.6915337 ], [ -53.8203922, -29.691922699999989 ], [ -53.8204639, -29.69194 ], [ -53.8205289, -29.6919557 ], [ -53.8210545, -29.6901795 ], [ -53.8212045, -29.6894486 ] ] ] } },
{ "type": "Feature", "properties": { "name": "São João", "code_muni": 4316907.0, "name_muni": "Santa Maria" }, "geometry": { "type": "Polygon", "coordinates": [ [ [ -53.8516424, -29.696098100000011 ], [ -53.851655, -29.6959516 ], [ -53.8506291, -29.6961152 ], [ -53.8494586, -29.69629710000001 ], [ -53.8490313, -29.6963756 ], [ -53.848631, -29.696474 ], [ -53.8484345, -29.6965271 ], [ -53.8482361, -29.6965842 ], [ -53.8479345, -29.6966966 ], [ -53.8475005, -29.6968888 ], [ -53.8471377, -29.6970677 ], [ -53.8466808, -29.6973087 ], [ -53.8454623, -29.6979668 ], [ -53.8436163, -29.698973099999986 ], [ -53.8432296, -29.6991891 ], [ -53.8428634, -29.6993913 ], [ -53.8417912, -29.699983199999988 ], [ -53.84094850000001, -29.70044050000001 ], [ -53.8412059, -29.7007559 ], [ -53.8418559, -29.7016607 ], [ -53.8425407, -29.7025231 ], [ -53.8431453, -29.7031387 ], [ -53.8438813, -29.7037633 ], [ -53.8447592, -29.7043081 ], [ -53.8463735, -29.705092 ], [ -53.8474786, -29.705448 ], [ -53.8489524, -29.7059814 ], [ -53.851286, -29.7067031 ], [ -53.85218, -29.707041 ], [ -53.8521643, -29.7066586 ], [ -53.8521574, -29.7064952 ], [ -53.8521536, -29.7062452 ], [ -53.8521517, -29.7061199 ], [ -53.8521469, -29.7057964 ], [ -53.8521409, -29.7053996 ], [ -53.8521402, -29.7053555 ], [ -53.8521373, -29.705160499999987 ], [ -53.8521343, -29.7049623 ], [ -53.8521253, -29.7043634 ], [ -53.8521266, -29.704106 ], [ -53.8521164, -29.7037763 ], [ -53.8521092, -29.703561599999986 ], [ -53.8521053, -29.7034435 ], [ -53.8520968, -29.703191100000012 ], [ -53.8520708, -29.7026057 ], [ -53.8520591, -29.7023675 ], [ -53.8520416, -29.7020118 ], [ -53.8520132, -29.7014324 ], [ -53.8519997, -29.7012044 ], [ -53.8519949, -29.7011233 ], [ -53.8519898, -29.7010364 ], [ -53.8519775, -29.70083 ], [ -53.8519438, -29.7002598 ], [ -53.8519391, -29.700149899999989 ], [ -53.8519326, -29.6999965 ], [ -53.8519238, -29.6997949 ], [ -53.8519182, -29.6996558 ], [ -53.8519053, -29.6995692 ], [ -53.8518356, -29.6993598 ], [ -53.8517483, -29.6990973 ], [ -53.8515914, -29.6985998 ], [ -53.8515819, -29.6985036 ], [ -53.8515501, -29.6981311 ], [ -53.8515387, -29.698018300000012 ], [ -53.8515286, -29.6979175 ], [ -53.8515902, -29.6969332 ], [ -53.8516351, -29.6961639 ], [ -53.8516424, -29.696098100000011 ] ] ] } },
{ "type": "Feature", "properties": { "name": "Pinheiro Machado", "code_muni": 4316907.0, "name_muni": "Santa Maria" }, "geometry": { "type": "Polygon", "coordinates": [ [ [ -53.8616924, -29.7085481 ], [ -53.8617828, -29.7085496 ], [ -53.8620257, -29.7085537 ], [ -53.8625734, -29.708557 ], [ -53.8630254, -29.7085508 ], [ -53.863628, -29.7085356 ], [ -53.8641401, -29.708508599999981 ], [ -53.8647515, -29.7084653 ], [ -53.8653749, -29.7084075 ], [ -53.8656423, -29.708382 ], [ -53.8658745, -29.7083605 ], [ -53.8672103, -29.7082371 ], [ -53.867258, -29.7082327 ], [ -53.8673734, -29.708222 ], [ -53.8683553, -29.7081201 ], [ -53.8684929, -29.7081114 ], [ -53.868809, -29.7080857 ], [ -53.8698198, -29.7079937 ], [ -53.8698648, -29.7079882 ], [ -53.8699451, -29.7079799 ], [ -53.8707646, -29.7078955 ], [ -53.8708802, -29.7078847 ], [ -53.8712142, -29.7078531 ], [ -53.8714311, -29.7078326 ], [ -53.8713555, -29.7074229 ], [ -53.8713526, -29.7073936 ], [ -53.871178, -29.7053493 ], [ -53.8711712, -29.705285 ], [ -53.8711656, -29.7052307 ], [ -53.871053, -29.703882 ], [ -53.8710109, -29.7037751 ], [ -53.8708977, -29.7026583 ], [ -53.8708929, -29.7026207 ], [ -53.8708836, -29.7025484 ], [ -53.870831, -29.7018076 ], [ -53.8707065, -29.7005501 ], [ -53.8707136, -29.7005044 ], [ -53.8707135, -29.700444 ], [ -53.8706574, -29.6999718 ], [ -53.8705828, -29.6991315 ], [ -53.8705602, -29.698610399999989 ], [ -53.8705583, -29.6984546 ], [ -53.8704764, -29.6970935 ], [ -53.8704568, -29.6970341 ], [ -53.8704392, -29.6969806 ], [ -53.8704326, -29.6966567 ], [ -53.8703785, -29.6960493 ], [ -53.8703588, -29.6959807 ], [ -53.8706284, -29.6959051 ], [ -53.8717753, -29.6955828 ], [ -53.8720222, -29.6955028 ], [ -53.873135, -29.6951149 ], [ -53.8735722, -29.6949626 ], [ -53.8742393, -29.6947301 ], [ -53.8748859, -29.6945047 ], [ -53.8754299, -29.694598 ], [ -53.875704, -29.6942246 ], [ -53.8764477, -29.693971 ], [ -53.8772608, -29.6936938 ], [ -53.877562, -29.6935912 ], [ -53.8784529, -29.6932874 ], [ -53.8786413, -29.6932232 ], [ -53.8797284, -29.6928538 ], [ -53.8799711, -29.6927697 ], [ -53.8802669, -29.6926708 ], [ -53.8808278, -29.6924801 ], [ -53.8815818, -29.6922239 ], [ -53.8818416, -29.6921356 ], [ -53.8820062, -29.69214160000001 ], [ -53.8821033, -29.691746699999985 ], [ -53.8822387, -29.6911953 ], [ -53.882338, -29.6907913 ], [ -53.8825619, -29.6898802 ], [ -53.8826358, -29.6895683 ], [ -53.8826005, -29.6893446 ], [ -53.8825268, -29.688972 ], [ -53.8824205, -29.6884997 ], [ -53.8822572, -29.6877743 ], [ -53.8824622, -29.6877208 ], [ -53.8827556, -29.6876627 ], [ -53.883043, -29.6876322 ], [ -53.8833542, -29.6876013 ], [ -53.8838086, -29.6875327 ], [ -53.8841491, -29.6874233 ], [ -53.883493, -29.6873003 ], [ -53.8829417, -29.6872912 ], [ -53.8823768, -29.6873322 ], [ -53.8819531, -29.6874097 ], [ -53.8813415, -29.6875605 ], [ -53.8806341, -29.6877594 ], [ -53.8802901, -29.6878561 ], [ -53.8787001, -29.68833 ], [ -53.8703786, -29.6909497 ], [ -53.8693188, -29.6912881 ], [ -53.8674189, -29.691915 ], [ -53.8663077, -29.6922852 ], [ -53.8635514, -29.6932139 ], [ -53.8616625, -29.6938532 ], [ -53.8597282, -29.6945306 ], [ -53.8592237, -29.6946864 ], [ -53.8585398, -29.6948728 ], [ -53.858234, -29.6949544 ], [ -53.8576359, -29.6950615 ], [ -53.856048, -29.6952782 ], [ -53.8556379, -29.6953429 ], [ -53.8543663, -29.6955334 ], [ -53.8529259, -29.6957403 ], [ -53.851655, -29.6959516 ], [ -53.8516424, -29.696098100000011 ], [ -53.8516351, -29.6961639 ], [ -53.8515902, -29.6969332 ], [ -53.8515286, -29.6979175 ], [ -53.8515387, -29.698018300000012 ], [ -53.8515501, -29.6981311 ], [ -53.8515819, -29.6985036 ], [ -53.8515914, -29.6985998 ], [ -53.8517483, -29.6990973 ], [ -53.8518356, -29.6993598 ], [ -53.8519053, -29.6995692 ], [ -53.8519182, -29.6996558 ], [ -53.8519238, -29.6997949 ], [ -53.8519326, -29.6999965 ], [ -53.8519391, -29.700149899999989 ], [ -53.8519438, -29.7002598 ], [ -53.8519775, -29.70083 ], [ -53.8519898, -29.7010364 ], [ -53.8519949, -29.7011233 ], [ -53.8519997, -29.7012044 ], [ -53.8520132, -29.7014324 ], [ -53.8520416, -29.7020118 ], [ -53.8520591, -29.7023675 ], [ -53.8520708, -29.7026057 ], [ -53.8520968, -29.703191100000012 ], [ -53.8521053, -29.7034435 ], [ -53.8521092, -29.703561599999986 ], [ -53.8521164, -29.7037763 ], [ -53.8521266, -29.704106 ], [ -53.8521253, -29.7043634 ], [ -53.8521343, -29.7049623 ], [ -53.8521373, -29.705160499999987 ], [ -53.8521402, -29.7053555 ], [ -53.8521409, -29.7053996 ], [ -53.8521469, -29.7057964 ], [ -53.8521517, -29.7061199 ], [ -53.8521536, -29.7062452 ], [ -53.8521574, -29.7064952 ], [ -53.8521643, -29.7066586 ], [ -53.85218, -29.707041 ], [ -53.8529764, -29.7072804 ], [ -53.8532238, -29.707344299999985 ], [ -53.8535769, -29.707436 ], [ -53.8542442, -29.7076146 ], [ -53.8549862, -29.7077715 ], [ -53.8556295, -29.7079076 ], [ -53.8564142, -29.7080528 ], [ -53.8576689, -29.7082481 ], [ -53.8578221, -29.7082684 ], [ -53.8579235, -29.7082818 ], [ -53.8580556, -29.7082984 ], [ -53.8582652, -29.7083247 ], [ -53.8586827, -29.7083627 ], [ -53.8590755, -29.7083985 ], [ -53.8594853, -29.7084358 ], [ -53.8597393, -29.7084589 ], [ -53.8603797, -29.7084991 ], [ -53.8605284, -29.7085063 ], [ -53.8613344, -29.7085421 ], [ -53.86162, -29.7085469 ], [ -53.8616924, -29.7085481 ] ] ] } },
{ "type": "Feature", "properties": { "name": "Tancredo Neves", "code_muni": 4316907.0, "name_muni": "Santa Maria" }, "geometry": { "type": "Polygon", "coordinates": [ [ [ -53.8894733, -29.7107709 ], [ -53.8895678, -29.7106545 ], [ -53.8896298, -29.7104484 ], [ -53.8893345, -29.7095908 ], [ -53.8908547, -29.7077716 ], [ -53.8892764, -29.7034686 ], [ -53.8895754, -29.7020066 ], [ -53.8890272, -29.7006775 ], [ -53.8891953, -29.7001961 ], [ -53.890055, -29.6998427 ], [ -53.8899575, -29.6974876 ], [ -53.8906553, -29.696441 ], [ -53.8897165, -29.6949196 ], [ -53.8892265, -29.6941482 ], [ -53.8908879, -29.6923705 ], [ -53.891061, -29.691842 ], [ -53.8912616, -29.691308 ], [ -53.8917644, -29.6898562 ], [ -53.8920173, -29.6893232 ], [ -53.8919915, -29.6889855 ], [ -53.8897666, -29.6886717 ], [ -53.8882905, -29.6884256 ], [ -53.8849236, -29.6876557 ], [ -53.8841491, -29.6874233 ], [ -53.8838086, -29.6875327 ], [ -53.8833542, -29.6876013 ], [ -53.883043, -29.6876322 ], [ -53.8827556, -29.6876627 ], [ -53.8824622, -29.6877208 ], [ -53.8822572, -29.6877743 ], [ -53.8824205, -29.6884997 ], [ -53.8825268, -29.688972 ], [ -53.8826005, -29.6893446 ], [ -53.8826358, -29.6895683 ], [ -53.8825619, -29.6898802 ], [ -53.882338, -29.6907913 ], [ -53.8822387, -29.6911953 ], [ -53.8821033, -29.691746699999985 ], [ -53.8820062, -29.69214160000001 ], [ -53.8818416, -29.6921356 ], [ -53.8815818, -29.6922239 ], [ -53.8808278, -29.6924801 ], [ -53.8802669, -29.6926708 ], [ -53.8799711, -29.6927697 ], [ -53.8797284, -29.6928538 ], [ -53.8786413, -29.6932232 ], [ -53.8784529, -29.6932874 ], [ -53.877562, -29.6935912 ], [ -53.8772608, -29.6936938 ], [ -53.8764477, -29.693971 ], [ -53.875704, -29.6942246 ], [ -53.8754299, -29.694598 ], [ -53.8748859, -29.6945047 ], [ -53.8742393, -29.6947301 ], [ -53.8735722, -29.6949626 ], [ -53.873135, -29.6951149 ], [ -53.8720222, -29.6955028 ], [ -53.8717753, -29.6955828 ], [ -53.8706284, -29.6959051 ], [ -53.8703588, -29.6959807 ], [ -53.8703785, -29.6960493 ], [ -53.8704326, -29.6966567 ], [ -53.8704392, -29.6969806 ], [ -53.8704568, -29.6970341 ], [ -53.8704764, -29.6970935 ], [ -53.8705583, -29.6984546 ], [ -53.8705602, -29.698610399999989 ], [ -53.8705828, -29.6991315 ], [ -53.8706574, -29.6999718 ], [ -53.8707135, -29.700444 ], [ -53.8707136, -29.7005044 ], [ -53.8707065, -29.7005501 ], [ -53.870831, -29.7018076 ], [ -53.8708836, -29.7025484 ], [ -53.8708929, -29.7026207 ], [ -53.8708977, -29.7026583 ], [ -53.8710109, -29.7037751 ], [ -53.871053, -29.703882 ], [ -53.8711656, -29.7052307 ], [ -53.8711712, -29.705285 ], [ -53.871178, -29.7053493 ], [ -53.8713526, -29.7073936 ], [ -53.8713555, -29.7074229 ], [ -53.8714311, -29.7078326 ], [ -53.8716705, -29.7078109 ], [ -53.8723825, -29.7077444 ], [ -53.8726794, -29.7077167 ], [ -53.8739648, -29.707592 ], [ -53.8749658, -29.707495 ], [ -53.876167, -29.707379 ], [ -53.8768298, -29.7073293 ], [ -53.8776543, -29.7072964 ], [ -53.8785525, -29.7072786 ], [ -53.8787404, -29.707282 ], [ -53.8793423, -29.7073136 ], [ -53.8799066, -29.707378199999987 ], [ -53.8803784, -29.7074484 ], [ -53.8805838, -29.7074827 ], [ -53.8813159, -29.7076075 ], [ -53.8820735, -29.7077764 ], [ -53.8823891, -29.707862 ], [ -53.8829674, -29.7080288 ], [ -53.8834983, -29.708199 ], [ -53.8838283, -29.7083065 ], [ -53.8842115, -29.7084571 ], [ -53.8848837, -29.7087267 ], [ -53.8853156, -29.7089139 ], [ -53.887285, -29.7098084 ], [ -53.8882751, -29.710255 ], [ -53.8892454, -29.7106733 ], [ -53.8894733, -29.7107709 ] ] ] } },
{ "type": "Feature", "properties": { "name": "Renascença", "code_muni": 4316907.0, "name_muni": "Santa Maria" }, "geometry": { "type": "Polygon", "coordinates": [ [ [ -53.8324095, -29.70399 ], [ -53.8318005, -29.7043817 ], [ -53.8308657, -29.70504 ], [ -53.8311111, -29.7052813 ], [ -53.8321511, -29.7064809 ], [ -53.8323045, -29.7065715 ], [ -53.8323435, -29.7065945 ], [ -53.8324409, -29.7066703 ], [ -53.8325483, -29.7067499 ], [ -53.8326257, -29.706807399999988 ], [ -53.8326763, -29.7068556 ], [ -53.8330663, -29.7071473 ], [ -53.8334742, -29.7074514 ], [ -53.8343927, -29.708149299999988 ], [ -53.8349297, -29.7085369 ], [ -53.8352595, -29.7087242 ], [ -53.8367602, -29.7094153 ], [ -53.8368802, -29.7094758 ], [ -53.8369537, -29.7095092 ], [ -53.8384925, -29.7102202 ], [ -53.8390592, -29.7104633 ], [ -53.8395239, -29.7105985 ], [ -53.8406034, -29.7105983 ], [ -53.8415459, -29.710629 ], [ -53.8422165, -29.7106988 ], [ -53.8437676, -29.710853 ], [ -53.8446062, -29.7109092 ], [ -53.8448834, -29.7109277 ], [ -53.8451803, -29.7109476 ], [ -53.8456077, -29.7109721 ], [ -53.8456978, -29.7109859 ], [ -53.8458933, -29.711039 ], [ -53.8475608, -29.7117189 ], [ -53.8476852, -29.7117696 ], [ -53.8479167, -29.7118192 ], [ -53.8488427, -29.7118592 ], [ -53.8493951, -29.711883 ], [ -53.8497212, -29.7119268 ], [ -53.8500005, -29.712025 ], [ -53.8503647, -29.7122149 ], [ -53.8507896, -29.7125489 ], [ -53.8509679, -29.7123403 ], [ -53.8511087, -29.7121119 ], [ -53.8511483, -29.7120059 ], [ -53.8511992, -29.7118138 ], [ -53.8512337, -29.7116844 ], [ -53.8512642, -29.7115699 ], [ -53.851309, -29.7114017 ], [ -53.8513647, -29.7111923 ], [ -53.8513966, -29.7110725 ], [ -53.8514177, -29.7109934 ], [ -53.8515629, -29.7104881 ], [ -53.85165030000001, -29.7101839 ], [ -53.8516867, -29.710034 ], [ -53.8517902, -29.7096075 ], [ -53.851845, -29.7093814 ], [ -53.8519938, -29.7087684 ], [ -53.8520398, -29.7085793 ], [ -53.8520638, -29.7084801 ], [ -53.8521366, -29.7081803 ], [ -53.8521842, -29.7079841 ], [ -53.8522069, -29.7077384 ], [ -53.8522157, -29.7075048 ], [ -53.85218, -29.707041 ], [ -53.851286, -29.7067031 ], [ -53.8489524, -29.7059814 ], [ -53.8474786, -29.705448 ], [ -53.8463735, -29.705092 ], [ -53.8447592, -29.7043081 ], [ -53.8438813, -29.7037633 ], [ -53.8431453, -29.7031387 ], [ -53.8425407, -29.7025231 ], [ -53.8418559, -29.7016607 ], [ -53.8412059, -29.7007559 ], [ -53.84094850000001, -29.70044050000001 ], [ -53.839213, -29.701328400000012 ], [ -53.8383321, -29.7017178 ], [ -53.8355113, -29.7027309 ], [ -53.8343214, -29.7031825 ], [ -53.8337816, -29.703383 ], [ -53.8331561, -29.7036139 ], [ -53.8324095, -29.70399 ] ] ] } },
{ "type": "Feature", "properties": { "name": "Juscelino Kubitschek", "code_muni": 4316907.0, "name_muni": "Santa Maria" }, "geometry": { "type": "Polygon", "coordinates": [ [ [ -53.839213, -29.701328400000012 ], [ -53.84094850000001, -29.70044050000001 ], [ -53.8417912, -29.699983199999988 ], [ -53.8428634, -29.6993913 ], [ -53.8432296, -29.6991891 ], [ -53.8436163, -29.698973099999986 ], [ -53.8454623, -29.6979668 ], [ -53.8466808, -29.6973087 ], [ -53.8471377, -29.6970677 ], [ -53.8475005, -29.6968888 ], [ -53.8479345, -29.6966966 ], [ -53.8482361, -29.6965842 ], [ -53.8484345, -29.6965271 ], [ -53.848631, -29.696474 ], [ -53.8490313, -29.6963756 ], [ -53.8494586, -29.69629710000001 ], [ -53.8506291, -29.6961152 ], [ -53.851655, -29.6959516 ], [ -53.8529259, -29.6957403 ], [ -53.8543663, -29.6955334 ], [ -53.8556379, -29.6953429 ], [ -53.856048, -29.6952782 ], [ -53.8576359, -29.6950615 ], [ -53.858234, -29.6949544 ], [ -53.8585398, -29.6948728 ], [ -53.8592237, -29.6946864 ], [ -53.8597282, -29.6945306 ], [ -53.8616625, -29.6938532 ], [ -53.8635514, -29.6932139 ], [ -53.8663077, -29.6922852 ], [ -53.8674189, -29.691915 ], [ -53.8673963, -29.6918624 ], [ -53.867384, -29.6918334 ], [ -53.867364, -29.6917864 ], [ -53.8673025, -29.6916376 ], [ -53.8672204, -29.6914545 ], [ -53.8673635, -29.6913953 ], [ -53.8673502, -29.6897738 ], [ -53.8673522, -29.6896263 ], [ -53.8674874, -29.6895544 ], [ -53.8675034, -29.689475 ], [ -53.8676239, -29.688072 ], [ -53.8671388, -29.68814 ], [ -53.8670847, -29.6881449 ], [ -53.8665016, -29.6881978 ], [ -53.8652477, -29.6883115 ], [ -53.8645994, -29.6883702 ], [ -53.863966, -29.6884277 ], [ -53.8633375, -29.6884847 ], [ -53.8626988, -29.6885426 ], [ -53.86164, -29.6886386 ], [ -53.8610166, -29.6886951 ], [ -53.8600492, -29.6887828 ], [ -53.8593632, -29.688845 ], [ -53.8593309, -29.6888479 ], [ -53.85929620000001, -29.688851099999987 ], [ -53.8587369, -29.6888513 ], [ -53.8578258, -29.6887281 ], [ -53.856909, -29.6886003 ], [ -53.8568215, -29.688426799999984 ], [ -53.8565439, -29.6880163 ], [ -53.8560872, -29.6873411 ], [ -53.8550456, -29.6858435 ], [ -53.8547593, -29.6859382 ], [ -53.8530032, -29.6864501 ], [ -53.8527442, -29.6865256 ], [ -53.8524769, -29.6866035 ], [ -53.8522808, -29.6860519 ], [ -53.8518779, -29.6861752 ], [ -53.8507925, -29.686615 ], [ -53.8507325, -29.6866372 ], [ -53.8505609, -29.6866931 ], [ -53.8504786, -29.6867153 ], [ -53.8503789, -29.6867295 ], [ -53.8503303, -29.686731 ], [ -53.8502308, -29.6867262 ], [ -53.85014, -29.6867102 ], [ -53.8500854, -29.6867007 ], [ -53.8494519, -29.6865896 ], [ -53.8488185, -29.6864782 ], [ -53.8485538, -29.6864317 ], [ -53.8481605, -29.686362599999988 ], [ -53.8475962, -29.6862641 ], [ -53.8475452, -29.6862545 ], [ -53.8474624, -29.68624 ], [ -53.8471223, -29.686185 ], [ -53.8469909, -29.6861579 ], [ -53.8468624, -29.6861176 ], [ -53.8467174, -29.6860545 ], [ -53.8461729, -29.6857115 ], [ -53.8457384, -29.6868198 ], [ -53.845463, -29.6875374 ], [ -53.8453414, -29.6878075 ], [ -53.8443486, -29.6903296 ], [ -53.8442996, -29.6905392 ], [ -53.8442565, -29.6905557 ], [ -53.8442943, -29.6906356 ], [ -53.8441423, -29.6914431 ], [ -53.8439417, -29.692510499999987 ], [ -53.8439893, -29.6926709 ], [ -53.8439323, -29.6926765 ], [ -53.8437039, -29.6926991 ], [ -53.8433875, -29.6927303 ], [ -53.8429546, -29.692773 ], [ -53.8428699, -29.6927813 ], [ -53.8426957, -29.6927982 ], [ -53.8426328, -29.6928043 ], [ -53.8425601, -29.6928115 ], [ -53.8419443, -29.6928726 ], [ -53.8419085, -29.6928762 ], [ -53.8416696, -29.6928997 ], [ -53.841391, -29.6929384 ], [ -53.8408796, -29.6930298 ], [ -53.8406262, -29.693086 ], [ -53.8402791, -29.6931787 ], [ -53.8401083, -29.6932184 ], [ -53.8399619, -29.6932463 ], [ -53.8399876, -29.6934035 ], [ -53.839887, -29.6936511 ], [ -53.8398282, -29.6939829 ], [ -53.8397725, -29.694181 ], [ -53.8396645, -29.6943693 ], [ -53.839653, -29.6944076 ], [ -53.8395495, -29.6946696 ], [ -53.8392472, -29.6950855 ], [ -53.838624, -29.6956487 ], [ -53.8382105, -29.6958898 ], [ -53.8377932, -29.6961332 ], [ -53.8371959, -29.6964957 ], [ -53.8367459, -29.6968345 ], [ -53.8366309, -29.696931 ], [ -53.8363173, -29.6972247 ], [ -53.835913, -29.697785 ], [ -53.8356652, -29.6981359 ], [ -53.8355551, -29.6983895 ], [ -53.8355368, -29.6986829 ], [ -53.835517, -29.6992232 ], [ -53.8355716, -29.6996278 ], [ -53.8355933, -29.7000697 ], [ -53.8356602, -29.7003424 ], [ -53.8356723, -29.7006068 ], [ -53.8356873, -29.7007966 ], [ -53.8356922, -29.7014018 ], [ -53.8356391, -29.7023082 ], [ -53.8355106, -29.7026563 ], [ -53.8355113, -29.7027309 ], [ -53.8383321, -29.7017178 ], [ -53.839213, -29.701328400000012 ] ] ] } },
{ "type": "Feature", "properties": { "name": "Noal", "code_muni": 4316907.0, "name_muni": "Santa Maria" }, "geometry": { "type": "Polygon", "coordinates": [ [ [ -53.8267916, -29.6887327 ], [ -53.8265439, -29.6887042 ], [ -53.8264257, -29.68869 ], [ -53.8264043, -29.6886874 ], [ -53.8261195, -29.6886532 ], [ -53.8259875, -29.6886566 ], [ -53.8252126, -29.6887361 ], [ -53.8250445, -29.6887479 ], [ -53.8249701, -29.6887542 ], [ -53.8248564, -29.6887638 ], [ -53.8245748, -29.6887877 ], [ -53.8240051, -29.6888359 ], [ -53.8236281, -29.6888678 ], [ -53.8234783, -29.6888805 ], [ -53.8230205, -29.6889193 ], [ -53.8226107, -29.6888373 ], [ -53.8221439, -29.6887439 ], [ -53.8216308, -29.6886413 ], [ -53.8215413, -29.6886234 ], [ -53.8214152, -29.6885982 ], [ -53.8212045, -29.6894486 ], [ -53.8210545, -29.6901795 ], [ -53.8205289, -29.6919557 ], [ -53.8201816, -29.6932133 ], [ -53.8196492, -29.6950254 ], [ -53.8196893, -29.6950419 ], [ -53.8197284, -29.695058 ], [ -53.8197773, -29.6950781 ], [ -53.82147, -29.695775 ], [ -53.8227793, -29.6963141 ], [ -53.8228286, -29.6963344 ], [ -53.8229719, -29.695755 ], [ -53.8235044, -29.6938541 ], [ -53.8262863, -29.6943937 ], [ -53.8276739, -29.6946836 ], [ -53.8286326, -29.6948585 ], [ -53.8289833, -29.694925 ], [ -53.8294798, -29.6949959 ], [ -53.829454, -29.6951478 ], [ -53.829394, -29.69556840000001 ], [ -53.8293111, -29.6963495 ], [ -53.8300498, -29.6965027 ], [ -53.8312246, -29.6967853 ], [ -53.8313621, -29.6964076 ], [ -53.8315327, -29.6959386 ], [ -53.8315516, -29.6958825 ], [ -53.8317396, -29.6959693 ], [ -53.8321212, -29.6961456 ], [ -53.8324234, -29.6962852 ], [ -53.8329917, -29.696547599999988 ], [ -53.83326, -29.6966715 ], [ -53.833583, -29.6968207 ], [ -53.8335798, -29.696896 ], [ -53.8335518, -29.6975439 ], [ -53.8339845, -29.6976582 ], [ -53.8346095, -29.6978233 ], [ -53.8352179, -29.697984 ], [ -53.8354664, -29.6980508 ], [ -53.8356652, -29.6981359 ], [ -53.835913, -29.697785 ], [ -53.8363173, -29.6972247 ], [ -53.8366309, -29.696931 ], [ -53.8367459, -29.6968345 ], [ -53.8371959, -29.6964957 ], [ -53.8377932, -29.6961332 ], [ -53.8382105, -29.6958898 ], [ -53.838624, -29.6956487 ], [ -53.8392472, -29.6950855 ], [ -53.8395495, -29.6946696 ], [ -53.839653, -29.6944076 ], [ -53.8396645, -29.6943693 ], [ -53.8397725, -29.694181 ], [ -53.8398282, -29.6939829 ], [ -53.839887, -29.6936511 ], [ -53.8399876, -29.6934035 ], [ -53.8399619, -29.6932463 ], [ -53.8397736, -29.6932896 ], [ -53.8397046, -29.6932946 ], [ -53.8394824, -29.6932922 ], [ -53.8393849, -29.6932909 ], [ -53.8393328, -29.693291899999988 ], [ -53.8391556, -29.6932428 ], [ -53.8390772, -29.693219 ], [ -53.8388279, -29.6931322 ], [ -53.8385316, -29.6930051 ], [ -53.8384462, -29.6929632 ], [ -53.8383198, -29.6928788 ], [ -53.838246, -29.6928261 ], [ -53.8380931, -29.6927105 ], [ -53.8380754, -29.6926971 ], [ -53.8379912, -29.6926335 ], [ -53.8379311, -29.692588 ], [ -53.837773, -29.6924495 ], [ -53.8376361, -29.6923295 ], [ -53.8374125, -29.6921336 ], [ -53.8373447, -29.6920743 ], [ -53.8366598, -29.6914743 ], [ -53.8362152, -29.6910847 ], [ -53.8356645, -29.690602299999988 ], [ -53.835373, -29.6903469 ], [ -53.8348679, -29.6901091 ], [ -53.8345767, -29.6899893 ], [ -53.8341639, -29.6898431 ], [ -53.8338421, -29.6897454 ], [ -53.83377, -29.6897236 ], [ -53.833404, -29.6896515 ], [ -53.8330278, -29.689576399999986 ], [ -53.8326899, -29.6895102 ], [ -53.83237050000001, -29.6894478 ], [ -53.8322576, -29.6894257 ], [ -53.8319721, -29.689369500000012 ], [ -53.8314756, -29.6892717 ], [ -53.8313437, -29.6892566 ], [ -53.8312649, -29.6892475 ], [ -53.8308657, -29.6892017 ], [ -53.8304834, -29.6891578 ], [ -53.8298892, -29.6890896 ], [ -53.828856, -29.6889706 ], [ -53.8285797, -29.6889387 ], [ -53.828519, -29.6889318 ], [ -53.8282806, -29.6889038 ], [ -53.8282165, -29.6888969 ], [ -53.8281033, -29.6888836 ], [ -53.8280267, -29.688875 ], [ -53.8279982, -29.6888718 ], [ -53.8277454, -29.6888426 ], [ -53.827011, -29.688758 ], [ -53.8267916, -29.6887327 ] ] ] } },
{ "type": "Feature", "properties": { "name": "Patronato", "code_muni": 4316907.0, "name_muni": "Santa Maria" }, "geometry": { "type": "Polygon", "coordinates": [ [ [ -53.8354664, -29.6980508 ], [ -53.8352179, -29.697984 ], [ -53.8346095, -29.6978233 ], [ -53.8339845, -29.6976582 ], [ -53.8335518, -29.6975439 ], [ -53.8335798, -29.696896 ], [ -53.833583, -29.6968207 ], [ -53.83326, -29.6966715 ], [ -53.8329917, -29.696547599999988 ], [ -53.8324234, -29.6962852 ], [ -53.8321212, -29.6961456 ], [ -53.8317396, -29.6959693 ], [ -53.8315516, -29.6958825 ], [ -53.8315327, -29.6959386 ], [ -53.8313621, -29.6964076 ], [ -53.8312246, -29.6967853 ], [ -53.8300498, -29.6965027 ], [ -53.8293111, -29.6963495 ], [ -53.829394, -29.69556840000001 ], [ -53.829454, -29.6951478 ], [ -53.8294798, -29.6949959 ], [ -53.8289833, -29.694925 ], [ -53.8286326, -29.6948585 ], [ -53.8276739, -29.6946836 ], [ -53.8262863, -29.6943937 ], [ -53.8235044, -29.6938541 ], [ -53.8229719, -29.695755 ], [ -53.8228286, -29.6963344 ], [ -53.8225669, -29.6973265 ], [ -53.8221603, -29.6989077 ], [ -53.8220639, -29.6990636 ], [ -53.8244034, -29.7001914 ], [ -53.825118, -29.7005634 ], [ -53.825047, -29.7006661 ], [ -53.8258826, -29.7011272 ], [ -53.8259973, -29.7012528 ], [ -53.8259996, -29.7014485 ], [ -53.8259356, -29.7016889 ], [ -53.8257411, -29.7020777 ], [ -53.8257512, -29.7024402 ], [ -53.8256472, -29.7028629 ], [ -53.8254535, -29.7030927 ], [ -53.8254203, -29.7033174 ], [ -53.8254545, -29.7034958 ], [ -53.8254431, -29.703708899999988 ], [ -53.8254051, -29.7039339 ], [ -53.8252206, -29.7043234 ], [ -53.8252434, -29.7045117 ], [ -53.82535330000001, -29.704693 ], [ -53.8253861, -29.7047793 ], [ -53.825466, -29.704928 ], [ -53.8254488, -29.7051114 ], [ -53.8252863, -29.7052915 ], [ -53.8252777, -29.7053096 ], [ -53.8254374, -29.7057655 ], [ -53.8254431, -29.7062016 ], [ -53.8254717, -29.7064742 ], [ -53.8254602, -29.7067071 ], [ -53.825448, -29.7069227 ], [ -53.8254317, -29.7072126 ], [ -53.8254317, -29.7076982 ], [ -53.8255059, -29.7079807 ], [ -53.8255572, -29.7080947 ], [ -53.8256776, -29.7081792 ], [ -53.8263754, -29.7078846 ], [ -53.827174, -29.7074958 ], [ -53.82741140000001, -29.7073583 ], [ -53.8285798, -29.7066235 ], [ -53.8308657, -29.70504 ], [ -53.8318005, -29.7043817 ], [ -53.8324095, -29.70399 ], [ -53.8331561, -29.7036139 ], [ -53.8337816, -29.703383 ], [ -53.8343214, -29.7031825 ], [ -53.8355113, -29.7027309 ], [ -53.8355106, -29.7026563 ], [ -53.8356391, -29.7023082 ], [ -53.8356922, -29.7014018 ], [ -53.8356873, -29.7007966 ], [ -53.8356723, -29.7006068 ], [ -53.8356602, -29.7003424 ], [ -53.8355933, -29.7000697 ], [ -53.8355716, -29.6996278 ], [ -53.835517, -29.6992232 ], [ -53.8355368, -29.6986829 ], [ -53.8355551, -29.6983895 ], [ -53.8356652, -29.6981359 ], [ -53.8354664, -29.6980508 ] ] ] } },
{ "type": "Feature", "properties": { "name": "Duque de Caxias", "code_muni": 4316907.0, "name_muni": "Santa Maria" }, "geometry": { "type": "Polygon", "coordinates": [ [ [ -53.8239681, -29.7077867 ], [ -53.8242754, -29.7073177 ], [ -53.8255059, -29.7079807 ], [ -53.8254317, -29.7076982 ], [ -53.8254317, -29.7072126 ], [ -53.825448, -29.7069227 ], [ -53.8254602, -29.7067071 ], [ -53.8254717, -29.7064742 ], [ -53.8254431, -29.7062016 ], [ -53.8254374, -29.7057655 ], [ -53.8252777, -29.7053096 ], [ -53.8252863, -29.7052915 ], [ -53.8254488, -29.7051114 ], [ -53.825466, -29.704928 ], [ -53.8253861, -29.7047793 ], [ -53.82535330000001, -29.704693 ], [ -53.8252434, -29.7045117 ], [ -53.8252206, -29.7043234 ], [ -53.8254051, -29.7039339 ], [ -53.8254431, -29.703708899999988 ], [ -53.8254545, -29.7034958 ], [ -53.8254203, -29.7033174 ], [ -53.8254535, -29.7030927 ], [ -53.8256472, -29.7028629 ], [ -53.8257512, -29.7024402 ], [ -53.8257411, -29.7020777 ], [ -53.8259356, -29.7016889 ], [ -53.8259996, -29.7014485 ], [ -53.8259973, -29.7012528 ], [ -53.8258826, -29.7011272 ], [ -53.825047, -29.7006661 ], [ -53.825118, -29.7005634 ], [ -53.8244034, -29.7001914 ], [ -53.8220639, -29.6990636 ], [ -53.8214619, -29.6998407 ], [ -53.8213746, -29.6999395 ], [ -53.8212697, -29.7000264 ], [ -53.8204284, -29.7006614 ], [ -53.8199802, -29.7010009 ], [ -53.8192228, -29.7015541 ], [ -53.8187393, -29.7019325 ], [ -53.8181077, -29.7024194 ], [ -53.8178931, -29.7025779 ], [ -53.8172001, -29.7030729 ], [ -53.8169558, -29.703197 ], [ -53.8167466, -29.7034191 ], [ -53.8166171, -29.7035521 ], [ -53.8153836, -29.7047487 ], [ -53.8154388, -29.7047821 ], [ -53.8154716, -29.704802 ], [ -53.815724, -29.7049549 ], [ -53.8171038, -29.7057907 ], [ -53.8171484, -29.7058177 ], [ -53.817331, -29.7059283 ], [ -53.8174496, -29.7059896 ], [ -53.8175686, -29.70603460000001 ], [ -53.817947, -29.7061779 ], [ -53.818124, -29.7062449 ], [ -53.8181633, -29.7062598 ], [ -53.8185382, -29.7064017 ], [ -53.8187782, -29.7064926 ], [ -53.8188338, -29.70651359999998 ], [ -53.8190711, -29.7066035 ], [ -53.8191029, -29.7066155 ], [ -53.8193663, -29.7067398 ], [ -53.8196958, -29.7068993 ], [ -53.8200971, -29.7071154 ], [ -53.8202171, -29.70718 ], [ -53.8203508, -29.707252 ], [ -53.8213439, -29.7078065 ], [ -53.8214113, -29.7078441 ], [ -53.821518, -29.7079036 ], [ -53.8215899, -29.7079438 ], [ -53.8218276, -29.7080765 ], [ -53.8220456, -29.7081982 ], [ -53.8223798, -29.7083848 ], [ -53.8227384, -29.708585 ], [ -53.8232089, -29.70884770000001 ], [ -53.8233107, -29.7089045 ], [ -53.8233756, -29.7089407 ], [ -53.823397, -29.7088934 ], [ -53.8234445, -29.7087889 ], [ -53.8238838, -29.7078211 ], [ -53.8239681, -29.7077867 ] ] ] } },
{ "type": "Feature", "properties": { "name": "Uglione", "code_muni": 4316907.0, "name_muni": "Santa Maria" }, "geometry": { "type": "Polygon", "coordinates": [ [ [ -53.8233756, -29.7089407 ], [ -53.8233107, -29.7089045 ], [ -53.8232089, -29.70884770000001 ], [ -53.8227384, -29.708585 ], [ -53.8223798, -29.7083848 ], [ -53.8220456, -29.7081982 ], [ -53.8218276, -29.7080765 ], [ -53.8215899, -29.7079438 ], [ -53.821518, -29.7079036 ], [ -53.8214113, -29.7078441 ], [ -53.8213439, -29.7078065 ], [ -53.8203508, -29.707252 ], [ -53.8202171, -29.70718 ], [ -53.8200971, -29.7071154 ], [ -53.8196958, -29.7068993 ], [ -53.8193663, -29.7067398 ], [ -53.8191029, -29.7066155 ], [ -53.8190711, -29.7066035 ], [ -53.8188338, -29.70651359999998 ], [ -53.8187782, -29.7064926 ], [ -53.8185382, -29.7064017 ], [ -53.8181633, -29.7062598 ], [ -53.818124, -29.7062449 ], [ -53.817947, -29.7061779 ], [ -53.8175686, -29.70603460000001 ], [ -53.8174496, -29.7059896 ], [ -53.817331, -29.7059283 ], [ -53.8171484, -29.7058177 ], [ -53.8171038, -29.7057907 ], [ -53.815724, -29.7049549 ], [ -53.8154716, -29.704802 ], [ -53.8154388, -29.7047821 ], [ -53.8153836, -29.7047487 ], [ -53.8152155, -29.704955 ], [ -53.8151011, -29.70508 ], [ -53.8148342, -29.7054134 ], [ -53.8146524, -29.7056787 ], [ -53.8144921, -29.7059224 ], [ -53.814345, -29.7061709 ], [ -53.8140933, -29.706613 ], [ -53.8136068, -29.7075792 ], [ -53.8135138, -29.7077836 ], [ -53.8133474, -29.7081295 ], [ -53.8131308, -29.7085553 ], [ -53.8128419, -29.7091722 ], [ -53.8124992, -29.7098613 ], [ -53.8119823, -29.7109708 ], [ -53.8117747, -29.7114042 ], [ -53.8116972, -29.7115739 ], [ -53.8116134, -29.7117802 ], [ -53.8111902, -29.7127911 ], [ -53.8110445, -29.7130833 ], [ -53.8109834, -29.7131957 ], [ -53.8108174, -29.7134942 ], [ -53.8105473, -29.71393 ], [ -53.8100679, -29.7150339 ], [ -53.8108988, -29.7151822 ], [ -53.8113493, -29.7152454 ], [ -53.8116141, -29.7152398 ], [ -53.8120196, -29.7152065 ], [ -53.8123738, -29.715142 ], [ -53.8126289, -29.7150828 ], [ -53.8129433, -29.7149917 ], [ -53.8134764, -29.7148003 ], [ -53.8139906, -29.7145618 ], [ -53.8157452, -29.7135155 ], [ -53.8164059, -29.7131283 ], [ -53.8178182, -29.7123025 ], [ -53.819267, -29.7114562 ], [ -53.82102110000001, -29.7104357 ], [ -53.8222507, -29.7097093 ], [ -53.8232861, -29.7091724 ], [ -53.8233756, -29.7089407 ] ] ] } },
{ "type": "Feature", "properties": { "name": "Boi Morto", "code_muni": 4316907.0, "name_muni": "Santa Maria" }, "geometry": { "type": "Polygon", "coordinates": [ [ [ -53.8882751, -29.710255 ], [ -53.887285, -29.7098084 ], [ -53.8853156, -29.7089139 ], [ -53.8848837, -29.7087267 ], [ -53.8842115, -29.7084571 ], [ -53.8838283, -29.7083065 ], [ -53.8834983, -29.708199 ], [ -53.8829674, -29.7080288 ], [ -53.8823891, -29.707862 ], [ -53.8820735, -29.7077764 ], [ -53.8813159, -29.7076075 ], [ -53.8805838, -29.7074827 ], [ -53.8803784, -29.7074484 ], [ -53.8799066, -29.707378199999987 ], [ -53.8793423, -29.7073136 ], [ -53.8787404, -29.707282 ], [ -53.8785525, -29.7072786 ], [ -53.8776543, -29.7072964 ], [ -53.8768298, -29.7073293 ], [ -53.876167, -29.707379 ], [ -53.8749658, -29.707495 ], [ -53.8739648, -29.707592 ], [ -53.8726794, -29.7077167 ], [ -53.8723825, -29.7077444 ], [ -53.8716705, -29.7078109 ], [ -53.8714311, -29.7078326 ], [ -53.8712142, -29.7078531 ], [ -53.8708802, -29.7078847 ], [ -53.8707646, -29.7078955 ], [ -53.8699451, -29.7079799 ], [ -53.8698648, -29.7079882 ], [ -53.8698198, -29.7079937 ], [ -53.868809, -29.7080857 ], [ -53.8684929, -29.7081114 ], [ -53.8683553, -29.7081201 ], [ -53.8673734, -29.708222 ], [ -53.867258, -29.7082327 ], [ -53.8672103, -29.7082371 ], [ -53.8658745, -29.7083605 ], [ -53.8656423, -29.708382 ], [ -53.8653749, -29.7084075 ], [ -53.8647515, -29.7084653 ], [ -53.8641401, -29.708508599999981 ], [ -53.863628, -29.7085356 ], [ -53.8630254, -29.7085508 ], [ -53.8625734, -29.708557 ], [ -53.8620257, -29.7085537 ], [ -53.8617828, -29.7085496 ], [ -53.8616924, -29.7085481 ], [ -53.86162, -29.7085469 ], [ -53.8613344, -29.7085421 ], [ -53.8605284, -29.7085063 ], [ -53.8603797, -29.7084991 ], [ -53.8597393, -29.7084589 ], [ -53.8594853, -29.7084358 ], [ -53.8590755, -29.7083985 ], [ -53.8586827, -29.7083627 ], [ -53.8582652, -29.7083247 ], [ -53.8580556, -29.7082984 ], [ -53.8579235, -29.7082818 ], [ -53.8578221, -29.7082684 ], [ -53.8576689, -29.7082481 ], [ -53.8564142, -29.7080528 ], [ -53.8556295, -29.7079076 ], [ -53.8549862, -29.7077715 ], [ -53.8542442, -29.7076146 ], [ -53.8535769, -29.707436 ], [ -53.8532238, -29.707344299999985 ], [ -53.8529764, -29.7072804 ], [ -53.85218, -29.707041 ], [ -53.8522157, -29.7075048 ], [ -53.8522069, -29.7077384 ], [ -53.8521842, -29.7079841 ], [ -53.8521366, -29.7081803 ], [ -53.8520638, -29.7084801 ], [ -53.8520398, -29.7085793 ], [ -53.8519938, -29.7087684 ], [ -53.851845, -29.7093814 ], [ -53.8517902, -29.7096075 ], [ -53.8516867, -29.710034 ], [ -53.85165030000001, -29.7101839 ], [ -53.8515629, -29.7104881 ], [ -53.8514177, -29.7109934 ], [ -53.8513966, -29.7110725 ], [ -53.8513647, -29.7111923 ], [ -53.851309, -29.7114017 ], [ -53.8512642, -29.7115699 ], [ -53.8512337, -29.7116844 ], [ -53.8511992, -29.7118138 ], [ -53.8511483, -29.7120059 ], [ -53.8511087, -29.7121119 ], [ -53.8509679, -29.7123403 ], [ -53.8507896, -29.7125489 ], [ -53.8507113, -29.7126494 ], [ -53.8506414, -29.7127344 ], [ -53.8505046, -29.7129078 ], [ -53.8503651, -29.7131013 ], [ -53.8503283, -29.7131584 ], [ -53.8502923, -29.713282899999989 ], [ -53.8502777, -29.7133504 ], [ -53.8502391, -29.7135466 ], [ -53.8502287, -29.713787 ], [ -53.8502706, -29.714032199999988 ], [ -53.8503785, -29.7144579 ], [ -53.8503968, -29.7145417 ], [ -53.8504225, -29.7148313 ], [ -53.8504381, -29.7149952 ], [ -53.8504389, -29.7150373 ], [ -53.850457, -29.7152954 ], [ -53.8504585, -29.7156735 ], [ -53.8503834, -29.7160683 ], [ -53.8503081, -29.7164644 ], [ -53.8502293, -29.7166846 ], [ -53.8501053, -29.7171658 ], [ -53.8503805, -29.7174442 ], [ -53.850475, -29.7176301 ], [ -53.850593, -29.7177587 ], [ -53.8507024, -29.7178582 ], [ -53.8511167, -29.7182362 ], [ -53.8517363, -29.7188442 ], [ -53.8517873, -29.7188896 ], [ -53.8518597, -29.7189624 ], [ -53.8519127, -29.7190247 ], [ -53.8526898, -29.7198176 ], [ -53.8529487, -29.720084 ], [ -53.8530667, -29.7201766 ], [ -53.853174, -29.7202604 ], [ -53.8534281, -29.720413 ], [ -53.8536541, -29.720551600000011 ], [ -53.8539961, -29.7207997 ], [ -53.8542737, -29.7210454 ], [ -53.8553023, -29.7218304 ], [ -53.8557669, -29.7221445 ], [ -53.8560171, -29.7223079 ], [ -53.8563202, -29.7225083 ], [ -53.8567749, -29.7227808 ], [ -53.8571762, -29.7229588 ], [ -53.8572557, -29.7229963 ], [ -53.8577411, -29.723219 ], [ -53.8581023, -29.7233506 ], [ -53.8582667, -29.7233997 ], [ -53.8583708, -29.7234219 ], [ -53.8584896, -29.7234315 ], [ -53.8585864, -29.7234156 ], [ -53.8592805, -29.7232475 ], [ -53.8595106, -29.7232157 ], [ -53.859728, -29.7232126 ], [ -53.8599574, -29.7232136 ], [ -53.8604276, -29.7232792 ], [ -53.8610121, -29.7233886 ], [ -53.8619596, -29.7235739 ], [ -53.8625497, -29.7237405 ], [ -53.863121, -29.7239466 ], [ -53.8637996, -29.7242028 ], [ -53.8643159, -29.7245057 ], [ -53.8653915, -29.7254222 ], [ -53.8661255, -29.7259997 ], [ -53.8663121, -29.726167 ], [ -53.8664308, -29.7262817 ], [ -53.8665073, -29.7263702 ], [ -53.8666139, -29.7265327 ], [ -53.8667004, -29.7266893 ], [ -53.8667949, -29.7269106 ], [ -53.8668637, -29.727096899999989 ], [ -53.866982, -29.7273951 ], [ -53.8672033, -29.7276956 ], [ -53.8680632, -29.7284935 ], [ -53.8683055, -29.7286865 ], [ -53.8684096, -29.7287844 ], [ -53.8687072, -29.72858 ], [ -53.8699352, -29.7276007 ], [ -53.8712926, -29.7269807 ], [ -53.872357, -29.7270076 ], [ -53.8743223, -29.724961799999988 ], [ -53.8755162, -29.723666 ], [ -53.8764444, -29.7226819 ], [ -53.8773238, -29.7219591 ], [ -53.8787081, -29.7211762 ], [ -53.8788606, -29.7210846 ], [ -53.87898830000001, -29.7211135 ], [ -53.8793325, -29.7209242 ], [ -53.8797152, -29.7206517 ], [ -53.8800126, -29.7205003 ], [ -53.8818399, -29.7204099 ], [ -53.8825917, -29.7205159 ], [ -53.8831706, -29.7204619 ], [ -53.8837123, -29.7201812 ], [ -53.8842588, -29.7199981 ], [ -53.8844928, -29.719541900000014 ], [ -53.8846488, -29.7187629 ], [ -53.8884499, -29.7159409 ], [ -53.8877422, -29.7146444 ], [ -53.8877492, -29.7142515 ], [ -53.8866933, -29.7134452 ], [ -53.8868469, -29.7128213 ], [ -53.8872157, -29.7121218 ], [ -53.887442, -29.7120246 ], [ -53.8884499, -29.7116503 ], [ -53.8890012, -29.7110879 ], [ -53.8892447, -29.7108895 ], [ -53.8894733, -29.7107709 ], [ -53.8892454, -29.7106733 ], [ -53.8882751, -29.710255 ] ] ] } },
{ "type": "Feature", "properties": { "name": "Urlândia", "code_muni": 4316907.0, "name_muni": "Santa Maria" }, "geometry": { "type": "Polygon", "coordinates": [ [ [ -53.8255059, -29.7079807 ], [ -53.8242754, -29.7073177 ], [ -53.8239681, -29.7077867 ], [ -53.8238838, -29.7078211 ], [ -53.8234445, -29.7087889 ], [ -53.823397, -29.7088934 ], [ -53.8233756, -29.7089407 ], [ -53.8232861, -29.7091724 ], [ -53.8222507, -29.7097093 ], [ -53.82102110000001, -29.7104357 ], [ -53.819267, -29.7114562 ], [ -53.8178182, -29.7123025 ], [ -53.8164059, -29.7131283 ], [ -53.8157452, -29.7135155 ], [ -53.8139906, -29.7145618 ], [ -53.8134764, -29.7148003 ], [ -53.8129433, -29.7149917 ], [ -53.8126289, -29.7150828 ], [ -53.8123738, -29.715142 ], [ -53.8120196, -29.7152065 ], [ -53.8116141, -29.7152398 ], [ -53.8113493, -29.7152454 ], [ -53.8108988, -29.7151822 ], [ -53.8100679, -29.7150339 ], [ -53.8095702, -29.7161055 ], [ -53.8091691, -29.7169674 ], [ -53.8082444, -29.7190671 ], [ -53.808036, -29.7194765 ], [ -53.8080273, -29.7194958 ], [ -53.8079874, -29.719572399999986 ], [ -53.8079628, -29.7196365 ], [ -53.8079014, -29.7197747 ], [ -53.8078782, -29.7198321 ], [ -53.80776190000001, -29.7200846 ], [ -53.8077198, -29.7201718 ], [ -53.8076753, -29.7202728 ], [ -53.8076645, -29.720294 ], [ -53.8076565, -29.7203122 ], [ -53.807598, -29.720443199999988 ], [ -53.8075815, -29.72048280000001 ], [ -53.8074199, -29.7208716 ], [ -53.8072927, -29.721206 ], [ -53.8071924, -29.7214445 ], [ -53.8070484, -29.721847 ], [ -53.8074229, -29.7217099 ], [ -53.8075845, -29.7217074 ], [ -53.8079423, -29.7219676 ], [ -53.8084305, -29.7225444 ], [ -53.8089461, -29.7231765 ], [ -53.8090704, -29.723342399999989 ], [ -53.809028, -29.7239666 ], [ -53.809028, -29.7243089 ], [ -53.809216, -29.7243484 ], [ -53.8095799, -29.7243221 ], [ -53.8098893, -29.7243142 ], [ -53.8100864, -29.7242115 ], [ -53.8104503, -29.7241852 ], [ -53.8111086, -29.724097 ], [ -53.8112338, -29.7240366 ], [ -53.8120455, -29.7237901 ], [ -53.8123821, -29.7236374 ], [ -53.8127551, -29.7235004 ], [ -53.8129674, -29.7234477 ], [ -53.8134436, -29.723295 ], [ -53.8136013, -29.7235426 ], [ -53.8138651, -29.7235979 ], [ -53.8142897, -29.7237032 ], [ -53.8145992, -29.7237197 ], [ -53.8148797, -29.7238858 ], [ -53.8150107, -29.7240617 ], [ -53.8151055, -29.7239929 ], [ -53.8152601, -29.7240008 ], [ -53.8153359, -29.7240245 ], [ -53.8154057, -29.7240903 ], [ -53.8155047, -29.7240647 ], [ -53.815577, -29.7240281 ], [ -53.8156526, -29.724031700000012 ], [ -53.8157896, -29.7240574 ], [ -53.8160046, -29.7234464 ], [ -53.816068, -29.7234662 ], [ -53.8161511, -29.7234836 ], [ -53.8162078, -29.7235016 ], [ -53.8162751, -29.723530200000013 ], [ -53.8163524, -29.723557499999984 ], [ -53.8164545, -29.7236136 ], [ -53.8167412, -29.7237754 ], [ -53.8176289, -29.724088 ], [ -53.8184923, -29.724374199999989 ], [ -53.818432, -29.724483 ], [ -53.8184028, -29.7245459 ], [ -53.8183662, -29.7246522 ], [ -53.8183542, -29.7247546 ], [ -53.8183661, -29.7248122 ], [ -53.8183716, -29.7249041 ], [ -53.8182503, -29.7252386 ], [ -53.818316, -29.7254893 ], [ -53.8183292, -29.7257548 ], [ -53.8227383, -29.7257396 ], [ -53.8230066, -29.7255271 ], [ -53.8234301, -29.7255066 ], [ -53.8236097, -29.72542090000001 ], [ -53.8236547, -29.7252527 ], [ -53.8236823, -29.7250552 ], [ -53.8234259, -29.7245404 ], [ -53.8232804, -29.7244788 ], [ -53.8231152, -29.7243769 ], [ -53.8231145, -29.7242102 ], [ -53.8231991, -29.7240796 ], [ -53.8234702, -29.7239581 ], [ -53.8238566, -29.7239489 ], [ -53.8241272, -29.7239831 ], [ -53.8242963, -29.7238929 ], [ -53.8244055, -29.7237881 ], [ -53.8244692, -29.7236336 ], [ -53.8244149, -29.7234814 ], [ -53.8243072, -29.7233464 ], [ -53.8239929, -29.7232076 ], [ -53.8237503, -29.723018 ], [ -53.823643, -29.7228111 ], [ -53.8235869, -29.722584 ], [ -53.8236815, -29.722424 ], [ -53.8237384, -29.7223276 ], [ -53.8239845, -29.7221468 ], [ -53.8242643, -29.7220405 ], [ -53.8255915, -29.7215699 ], [ -53.8257876, -29.7214518 ], [ -53.825939, -29.7211054 ], [ -53.8260157, -29.7207014 ], [ -53.8261154, -29.7201764 ], [ -53.8261856, -29.7196482 ], [ -53.8262814, -29.7192156 ], [ -53.8267025, -29.7183176 ], [ -53.8269779, -29.7178087 ], [ -53.8271353, -29.717434 ], [ -53.8276941, -29.7163084 ], [ -53.827961, -29.7159429 ], [ -53.8281077, -29.7156792 ], [ -53.8282066, -29.7153578 ], [ -53.828251, -29.7149373 ], [ -53.828360600000011, -29.7145302 ], [ -53.8285387, -29.7141877 ], [ -53.8287984, -29.71388 ], [ -53.8289995, -29.7135762 ], [ -53.8292195, -29.7132092 ], [ -53.8296843, -29.7121898 ], [ -53.8297878, -29.7119022 ], [ -53.8299234, -29.7116056 ], [ -53.8301554, -29.7110309 ], [ -53.8303749, -29.710543 ], [ -53.8304708, -29.7102124 ], [ -53.8305269, -29.7100291 ], [ -53.8306202, -29.7098474 ], [ -53.8308427, -29.7096065 ], [ -53.8309146, -29.7094222 ], [ -53.8310353, -29.7091063 ], [ -53.8310579, -29.7088385 ], [ -53.8313167, -29.708481099999986 ], [ -53.8315167, -29.7078684 ], [ -53.8317024, -29.707382 ], [ -53.8318354, -29.707158 ], [ -53.8321539, -29.7068998 ], [ -53.83234980000001, -29.7067814 ], [ -53.8324409, -29.7066703 ], [ -53.8323435, -29.7065945 ], [ -53.8323045, -29.7065715 ], [ -53.8321511, -29.7064809 ], [ -53.8311111, -29.7052813 ], [ -53.8308657, -29.70504 ], [ -53.8285798, -29.7066235 ], [ -53.82741140000001, -29.7073583 ], [ -53.827174, -29.7074958 ], [ -53.8263754, -29.7078846 ], [ -53.8256776, -29.7081792 ], [ -53.8255572, -29.7080947 ], [ -53.8255059, -29.7079807 ] ] ] } },
{ "type": "Feature", "properties": { "name": "Nossa Senhora Medianeira", "code_muni": 4316907.0, "name_muni": "Santa Maria" }, "geometry": { "type": "Polygon", "coordinates": [ [ [ -53.8065353, -29.7127547 ], [ -53.8073713, -29.7134016 ], [ -53.8087742, -29.7144041 ], [ -53.8093042, -29.71474 ], [ -53.8100679, -29.7150339 ], [ -53.8105473, -29.71393 ], [ -53.8108174, -29.7134942 ], [ -53.8109834, -29.7131957 ], [ -53.8110445, -29.7130833 ], [ -53.8111902, -29.7127911 ], [ -53.8116134, -29.7117802 ], [ -53.8116972, -29.7115739 ], [ -53.8117747, -29.7114042 ], [ -53.8119823, -29.7109708 ], [ -53.8124992, -29.7098613 ], [ -53.8128419, -29.7091722 ], [ -53.8131308, -29.7085553 ], [ -53.8133474, -29.7081295 ], [ -53.8135138, -29.7077836 ], [ -53.8136068, -29.7075792 ], [ -53.8140933, -29.706613 ], [ -53.814345, -29.7061709 ], [ -53.8144921, -29.7059224 ], [ -53.8146524, -29.7056787 ], [ -53.8148342, -29.7054134 ], [ -53.8151011, -29.70508 ], [ -53.8152155, -29.704955 ], [ -53.8153836, -29.7047487 ], [ -53.8166171, -29.7035521 ], [ -53.8167466, -29.7034191 ], [ -53.8169558, -29.703197 ], [ -53.8172001, -29.7030729 ], [ -53.8178931, -29.7025779 ], [ -53.8181077, -29.7024194 ], [ -53.8187393, -29.7019325 ], [ -53.8192228, -29.7015541 ], [ -53.8199802, -29.7010009 ], [ -53.8204284, -29.7006614 ], [ -53.8198385, -29.7003148 ], [ -53.81978620000001, -29.700263700000011 ], [ -53.8194246, -29.7001564 ], [ -53.8191865, -29.7001258 ], [ -53.8187102, -29.7001513 ], [ -53.8185217, -29.7000149 ], [ -53.8182959, -29.6999514 ], [ -53.8180913, -29.6998903 ], [ -53.8178698, -29.6998308 ], [ -53.8175555, -29.6996957 ], [ -53.8173648, -29.6996951 ], [ -53.8171161, -29.6996232 ], [ -53.8169568, -29.699562699999987 ], [ -53.8167668, -29.6995294 ], [ -53.8166954, -29.699310199999989 ], [ -53.8166639, -29.6988212 ], [ -53.8165257, -29.6985788 ], [ -53.8163771, -29.6985334 ], [ -53.8162069, -29.698487199999985 ], [ -53.8149068, -29.6981642 ], [ -53.8148447, -29.6981472 ], [ -53.8147635, -29.698126499999987 ], [ -53.8146807, -29.6981026 ], [ -53.8141936, -29.6979746 ], [ -53.8137538, -29.6973214 ], [ -53.8136452, -29.6972248 ], [ -53.81344, -29.6972083 ], [ -53.8132178, -29.6972178 ], [ -53.8127209, -29.6971746 ], [ -53.8125607, -29.697008400000016 ], [ -53.8124211, -29.6966902 ], [ -53.8122744, -29.696289 ], [ -53.8118883, -29.696151899999986 ], [ -53.8116684, -29.6959858 ], [ -53.8116109, -29.6959606 ], [ -53.8115484, -29.6959331 ], [ -53.8111115, -29.6957378 ], [ -53.8108521, -29.6957358 ], [ -53.8106585, -29.6957722 ], [ -53.810184, -29.6956021 ], [ -53.8100385, -29.6955478 ], [ -53.8097557, -29.6961614 ], [ -53.8093352, -29.6969574 ], [ -53.8092081, -29.6971885 ], [ -53.8091787, -29.697242 ], [ -53.8091576, -29.6972804 ], [ -53.8091278, -29.6973345 ], [ -53.8090889, -29.69740530000001 ], [ -53.8086969, -29.6980975 ], [ -53.8082502, -29.6988864 ], [ -53.8080379, -29.6992612 ], [ -53.8080083, -29.6993136 ], [ -53.8078459, -29.6996002 ], [ -53.8077871, -29.6997042 ], [ -53.8076065, -29.700023 ], [ -53.8074994, -29.7002122 ], [ -53.8073323, -29.7005073 ], [ -53.8070969, -29.7009229 ], [ -53.8069509, -29.7011787 ], [ -53.8069129, -29.701247799999987 ], [ -53.8067409, -29.7015514 ], [ -53.8067096, -29.7016068 ], [ -53.8063831, -29.7021834 ], [ -53.8062365, -29.7024431 ], [ -53.8061781, -29.7025464 ], [ -53.8061459, -29.7026024 ], [ -53.8060326, -29.7027995 ], [ -53.805941, -29.7029591 ], [ -53.8057748, -29.7032491 ], [ -53.8056642, -29.703432 ], [ -53.8054186, -29.703258 ], [ -53.8051799, -29.7031765 ], [ -53.8051143, -29.703057399999985 ], [ -53.8048709, -29.7029417 ], [ -53.804648, -29.7029914 ], [ -53.8043555, -29.702922 ], [ -53.8037202, -29.7031253 ], [ -53.8034279, -29.7032481 ], [ -53.8029662, -29.7034048 ], [ -53.8027173, -29.7034034 ], [ -53.802577, -29.7034026 ], [ -53.8024707, -29.7034302 ], [ -53.8023478, -29.7034599 ], [ -53.8022674, -29.703519200000013 ], [ -53.8020877, -29.7036979 ], [ -53.8020282, -29.703791699999986 ], [ -53.8019283, -29.70374910000001 ], [ -53.8018958, -29.7037353 ], [ -53.8016061, -29.7040007 ], [ -53.8009444, -29.704571699999985 ], [ -53.8013803, -29.7049046 ], [ -53.8014861, -29.7049743 ], [ -53.801083, -29.7057462 ], [ -53.8009182, -29.7058596 ], [ -53.8007732, -29.705926 ], [ -53.8005947, -29.7059734 ], [ -53.80048570000001, -29.7060099 ], [ -53.8003163, -29.7063309 ], [ -53.8000438, -29.7068112 ], [ -53.7996026, -29.707255 ], [ -53.8022492, -29.7093748 ], [ -53.8045899, -29.7112094 ], [ -53.8051571, -29.711643 ], [ -53.8056249, -29.7120203 ], [ -53.8065353, -29.7127547 ] ] ] } },
{ "type": "Feature", "properties": { "name": "Nossa Senhora de Fátima", "code_muni": 4316907.0, "name_muni": "Santa Maria" }, "geometry": { "type": "Polygon", "coordinates": [ [ [ -53.8204639, -29.69194 ], [ -53.8203922, -29.691922699999989 ], [ -53.8187814, -29.6915337 ], [ -53.8186915, -29.691512 ], [ -53.818629, -29.6914969 ], [ -53.8185846, -29.6914862 ], [ -53.8185404, -29.6914755 ], [ -53.8175519, -29.6912368 ], [ -53.816908, -29.6910813 ], [ -53.8168461, -29.6910663 ], [ -53.8167743, -29.691049 ], [ -53.8167245, -29.691037 ], [ -53.8166668, -29.691023 ], [ -53.8158018, -29.690814199999988 ], [ -53.8153277, -29.6906997 ], [ -53.8152684, -29.6906853 ], [ -53.8152198, -29.690673599999986 ], [ -53.8151646, -29.6906606 ], [ -53.8151003, -29.6906453 ], [ -53.8137969, -29.6903372 ], [ -53.8137351, -29.6903226 ], [ -53.8136681, -29.6903068 ], [ -53.8136192, -29.6902952 ], [ -53.8135608, -29.6902814 ], [ -53.8129091, -29.690127300000018 ], [ -53.8123452, -29.689994 ], [ -53.81226, -29.6899739 ], [ -53.812197, -29.689959 ], [ -53.8119744, -29.6907299 ], [ -53.8119262, -29.6908967 ], [ -53.8116932, -29.6917037 ], [ -53.8116764, -29.691762 ], [ -53.8115608, -29.6921143 ], [ -53.8112801, -29.693058799999985 ], [ -53.8111927, -29.6933609 ], [ -53.8111339, -29.6935748 ], [ -53.8111123, -29.6936211 ], [ -53.8110915, -29.6936611 ], [ -53.8110723, -29.6936978 ], [ -53.8108184, -29.6941252 ], [ -53.8106195, -29.6945091 ], [ -53.8103335, -29.6949974 ], [ -53.8101344, -29.6953366 ], [ -53.8100385, -29.6955478 ], [ -53.810184, -29.6956021 ], [ -53.8106585, -29.6957722 ], [ -53.8108521, -29.6957358 ], [ -53.8111115, -29.6957378 ], [ -53.8115484, -29.6959331 ], [ -53.8116109, -29.6959606 ], [ -53.8116684, -29.6959858 ], [ -53.8118883, -29.696151899999986 ], [ -53.8122744, -29.696289 ], [ -53.8124211, -29.6966902 ], [ -53.8125607, -29.697008400000016 ], [ -53.8127209, -29.6971746 ], [ -53.8132178, -29.6972178 ], [ -53.81344, -29.6972083 ], [ -53.8136452, -29.6972248 ], [ -53.8137538, -29.6973214 ], [ -53.8141936, -29.6979746 ], [ -53.8146807, -29.6981026 ], [ -53.8147635, -29.698126499999987 ], [ -53.8148447, -29.6981472 ], [ -53.8149068, -29.6981642 ], [ -53.8162069, -29.698487199999985 ], [ -53.8163771, -29.6985334 ], [ -53.8165257, -29.6985788 ], [ -53.8166639, -29.6988212 ], [ -53.8166954, -29.699310199999989 ], [ -53.8167668, -29.6995294 ], [ -53.8169568, -29.699562699999987 ], [ -53.8171161, -29.6996232 ], [ -53.8173648, -29.6996951 ], [ -53.8175555, -29.6996957 ], [ -53.8178698, -29.6998308 ], [ -53.8180913, -29.6998903 ], [ -53.8182959, -29.6999514 ], [ -53.8185217, -29.7000149 ], [ -53.8187102, -29.7001513 ], [ -53.8191865, -29.7001258 ], [ -53.8194246, -29.7001564 ], [ -53.81978620000001, -29.700263700000011 ], [ -53.8198385, -29.7003148 ], [ -53.8204284, -29.7006614 ], [ -53.8212697, -29.7000264 ], [ -53.8213746, -29.6999395 ], [ -53.8214619, -29.6998407 ], [ -53.8220639, -29.6990636 ], [ -53.8221603, -29.6989077 ], [ -53.8225669, -29.6973265 ], [ -53.8228286, -29.6963344 ], [ -53.8227793, -29.6963141 ], [ -53.82147, -29.695775 ], [ -53.8197773, -29.6950781 ], [ -53.8197284, -29.695058 ], [ -53.8196893, -29.6950419 ], [ -53.8196492, -29.6950254 ], [ -53.8201816, -29.6932133 ], [ -53.8205289, -29.6919557 ], [ -53.8204639, -29.69194 ] ] ] } },
{ "type": "Feature", "properties": { "name": "Nossa Senhora do Rosário", "code_muni": 4316907.0, "name_muni": "Santa Maria" }, "geometry": { "type": "Polygon", "coordinates": [ [ [ -53.8118034, -29.6777532 ], [ -53.8117811, -29.677829 ], [ -53.8115979, -29.6784493 ], [ -53.8113758, -29.679213600000011 ], [ -53.8111928, -29.6798435 ], [ -53.8110347, -29.6803875 ], [ -53.8108482, -29.6810293 ], [ -53.8104448, -29.6824176 ], [ -53.8104276, -29.6824768 ], [ -53.8101925, -29.6833029 ], [ -53.8101423, -29.6834793 ], [ -53.8101306, -29.6835208 ], [ -53.8102219, -29.6835386 ], [ -53.8110267, -29.683695900000011 ], [ -53.811876, -29.6838613 ], [ -53.8119355, -29.6838734 ], [ -53.8119927, -29.6838829 ], [ -53.8124618, -29.6839762 ], [ -53.8124967, -29.6839839 ], [ -53.813307, -29.6841639 ], [ -53.8137831, -29.6842696 ], [ -53.8138362, -29.6842814 ], [ -53.8139401, -29.68430450000001 ], [ -53.8141362, -29.6843494 ], [ -53.8145273, -29.6844353 ], [ -53.8148614, -29.6845097 ], [ -53.8153286, -29.6846138 ], [ -53.8154392, -29.6846394 ], [ -53.8168852, -29.6849747 ], [ -53.8182778, -29.685271799999985 ], [ -53.8183334, -29.6852837 ], [ -53.8184016, -29.6852984 ], [ -53.8186281, -29.6853472 ], [ -53.8193455, -29.6855018 ], [ -53.8194912, -29.6855333 ], [ -53.8195859, -29.6855537 ], [ -53.8199295, -29.6856277 ], [ -53.820475, -29.6857453 ], [ -53.8205482, -29.6857622 ], [ -53.8207294, -29.685804 ], [ -53.8207771, -29.685815 ], [ -53.8211324, -29.685897100000012 ], [ -53.8214087, -29.6859608 ], [ -53.822244, -29.6861432 ], [ -53.8223371, -29.6861635 ], [ -53.8223614, -29.6860999 ], [ -53.8225854, -29.6855086 ], [ -53.8226596, -29.685313 ], [ -53.8227144, -29.6851683 ], [ -53.8228212, -29.6848865 ], [ -53.82290540000001, -29.6846642 ], [ -53.8230689, -29.6842327 ], [ -53.8231114, -29.6841205 ], [ -53.8232122, -29.6838544 ], [ -53.8232582, -29.683733 ], [ -53.8233571, -29.6834899 ], [ -53.8234292, -29.6833125 ], [ -53.8234842, -29.6831773 ], [ -53.8234922, -29.6831576 ], [ -53.8235406, -29.683038499999984 ], [ -53.8236721, -29.6827153 ], [ -53.82370610000001, -29.6826316 ], [ -53.8237366, -29.6825731 ], [ -53.8240036, -29.6820613 ], [ -53.8241042, -29.6818685 ], [ -53.824112, -29.6818535 ], [ -53.8241276, -29.6818236 ], [ -53.8243034, -29.6814866 ], [ -53.8243826, -29.6813307 ], [ -53.8243929, -29.6813105 ], [ -53.8245894, -29.6809266 ], [ -53.8246462, -29.6808289 ], [ -53.8247104, -29.6807126 ], [ -53.8247614, -29.6806031 ], [ -53.8247909, -29.680483 ], [ -53.8248129, -29.6803448 ], [ -53.8247805, -29.6803396 ], [ -53.8247311, -29.680331699999989 ], [ -53.8242454, -29.6802541 ], [ -53.8239784, -29.680214 ], [ -53.8236407, -29.6801632 ], [ -53.8231109, -29.6800836 ], [ -53.821767, -29.6798375 ], [ -53.8215333, -29.6797754 ], [ -53.8201993, -29.6792384 ], [ -53.8201577, -29.679225 ], [ -53.8200747, -29.6791981 ], [ -53.8200106, -29.6791774 ], [ -53.8197571, -29.6790955 ], [ -53.8193649, -29.6789892 ], [ -53.8187474, -29.6789186 ], [ -53.8186559, -29.6789088 ], [ -53.8181781, -29.678899 ], [ -53.8177972, -29.6789218 ], [ -53.8169581, -29.6790286 ], [ -53.8166347, -29.6790675 ], [ -53.8162524, -29.6791184 ], [ -53.8160616, -29.6791256 ], [ -53.8158256, -29.679086 ], [ -53.8156378, -29.679023099999988 ], [ -53.8154809, -29.6789341 ], [ -53.8152819, -29.6787556 ], [ -53.8152428, -29.6787206 ], [ -53.8145062, -29.6783707 ], [ -53.8143497, -29.678128599999987 ], [ -53.8141639, -29.6778156 ], [ -53.8139581, -29.677555200000015 ], [ -53.8138315, -29.677432299999978 ], [ -53.8135891, -29.677243799999989 ], [ -53.8133105, -29.6771081 ], [ -53.8129393, -29.6770161 ], [ -53.8126176, -29.6769456 ], [ -53.8120044, -29.676984 ], [ -53.8119548, -29.677240500000011 ], [ -53.8118034, -29.6777532 ] ] ] } },
{ "type": "Feature", "properties": { "name": "Carolina", "code_muni": 4316907.0, "name_muni": "Santa Maria" }, "geometry": { "type": "Polygon", "coordinates": [ [ [ -53.8248294, -29.6801844 ], [ -53.8249371, -29.6794531 ], [ -53.8250363, -29.6790568 ], [ -53.8253455, -29.6781393 ], [ -53.8256041, -29.677370100000012 ], [ -53.825941, -29.6764182 ], [ -53.8259944, -29.6762841 ], [ -53.8255623, -29.6762806 ], [ -53.8251906, -29.676392 ], [ -53.8250779, -29.6764041 ], [ -53.8247362, -29.676429700000011 ], [ -53.8242143, -29.6765038 ], [ -53.823835, -29.6766721 ], [ -53.8236547, -29.6767029 ], [ -53.8234418, -29.6766676 ], [ -53.8233177, -29.676631 ], [ -53.8232558, -29.6766008 ], [ -53.8231522, -29.6764154 ], [ -53.8231951, -29.6762822 ], [ -53.8232701, -29.676210799999989 ], [ -53.8232564, -29.6760586 ], [ -53.8231744, -29.6759663 ], [ -53.8230235, -29.675859 ], [ -53.8229392, -29.6758348 ], [ -53.8228085, -29.675792 ], [ -53.822777, -29.6757818 ], [ -53.8226037, -29.6757045 ], [ -53.8225819, -29.6756009 ], [ -53.8225945, -29.6754703 ], [ -53.8225475, -29.6753857 ], [ -53.8224229, -29.6753159 ], [ -53.8222631, -29.6752853 ], [ -53.8218754, -29.675264 ], [ -53.8213352, -29.6751433 ], [ -53.8208416, -29.6750315 ], [ -53.8201939, -29.6748698 ], [ -53.819844, -29.6748933 ], [ -53.8194789, -29.6749317 ], [ -53.8191041, -29.6749891 ], [ -53.8189662, -29.6749887 ], [ -53.8187989, -29.6749687 ], [ -53.8184248, -29.6747789 ], [ -53.8181417, -29.674651799999989 ], [ -53.8179058, -29.6745333 ], [ -53.8176364, -29.6744198 ], [ -53.8175445, -29.674615 ], [ -53.8173566, -29.6750359 ], [ -53.8172211, -29.6753039 ], [ -53.8169137, -29.675667 ], [ -53.8164933, -29.6760131 ], [ -53.8159966, -29.6762994 ], [ -53.8156052, -29.6764454 ], [ -53.8151164, -29.6765493 ], [ -53.812488, -29.6769146 ], [ -53.8120044, -29.676984 ], [ -53.8126176, -29.6769456 ], [ -53.8129393, -29.6770161 ], [ -53.8133105, -29.6771081 ], [ -53.8135891, -29.677243799999989 ], [ -53.8138315, -29.677432299999978 ], [ -53.8139581, -29.677555200000015 ], [ -53.8141639, -29.6778156 ], [ -53.8143497, -29.678128599999987 ], [ -53.8145062, -29.6783707 ], [ -53.8152428, -29.6787206 ], [ -53.8152819, -29.6787556 ], [ -53.8154809, -29.6789341 ], [ -53.8156378, -29.679023099999988 ], [ -53.8158256, -29.679086 ], [ -53.8160616, -29.6791256 ], [ -53.8162524, -29.6791184 ], [ -53.8166347, -29.6790675 ], [ -53.8169581, -29.6790286 ], [ -53.8177972, -29.6789218 ], [ -53.8181781, -29.678899 ], [ -53.8186559, -29.6789088 ], [ -53.8187474, -29.6789186 ], [ -53.8193649, -29.6789892 ], [ -53.8197571, -29.6790955 ], [ -53.8200106, -29.6791774 ], [ -53.8200747, -29.6791981 ], [ -53.8201577, -29.679225 ], [ -53.8201993, -29.6792384 ], [ -53.8215333, -29.6797754 ], [ -53.821767, -29.6798375 ], [ -53.8231109, -29.6800836 ], [ -53.8236407, -29.6801632 ], [ -53.8239784, -29.680214 ], [ -53.8242454, -29.6802541 ], [ -53.8247311, -29.680331699999989 ], [ -53.8247805, -29.6803396 ], [ -53.8248129, -29.6803448 ], [ -53.8248294, -29.6801844 ] ] ] } },
{ "type": "Feature", "properties": { "name": "Centro", "code_muni": 4316907.0, "name_muni": "Santa Maria" }, "geometry": { "type": "Polygon", "coordinates": [ [ [ -53.8120044, -29.676984 ], [ -53.8114996, -29.677042799999988 ], [ -53.8111919, -29.6770874 ], [ -53.8108948, -29.6771304 ], [ -53.8103173, -29.677214 ], [ -53.8095912, -29.6773278 ], [ -53.809212, -29.6773895 ], [ -53.8091686, -29.6773955 ], [ -53.8084962, -29.677489 ], [ -53.807305, -29.6776794 ], [ -53.8067002, -29.6777745 ], [ -53.8063398, -29.6778276 ], [ -53.8060878, -29.6778777 ], [ -53.8059123, -29.6779309 ], [ -53.8057472, -29.6780094 ], [ -53.8055902, -29.6781076 ], [ -53.8054479, -29.6782321 ], [ -53.8054468, -29.6782344 ], [ -53.8057148, -29.678537299999988 ], [ -53.805769, -29.6786003 ], [ -53.8058289, -29.6787049 ], [ -53.8058957, -29.6789154 ], [ -53.805844, -29.679257 ], [ -53.8056768, -29.679334599999986 ], [ -53.8055625, -29.6793763 ], [ -53.8050577, -29.6795979 ], [ -53.8049547, -29.679649 ], [ -53.8039398, -29.6801166 ], [ -53.803624, -29.6803629 ], [ -53.8035957, -29.6804261 ], [ -53.8034655, -29.6804859 ], [ -53.8033081, -29.6806015 ], [ -53.8031481, -29.6806956 ], [ -53.8030496, -29.6807362 ], [ -53.8029092, -29.6807916 ], [ -53.8027583, -29.6808476 ], [ -53.8026333, -29.68088 ], [ -53.8024864, -29.6809128 ], [ -53.8024426, -29.6809131 ], [ -53.8019453, -29.6809242 ], [ -53.8014935, -29.68088 ], [ -53.8011946, -29.6808703 ], [ -53.80100190000001, -29.6808734 ], [ -53.8009831, -29.6810216 ], [ -53.8008167, -29.6815617 ], [ -53.8007927, -29.6816822 ], [ -53.8007025, -29.682622399999989 ], [ -53.8006965, -29.6826846 ], [ -53.8006905, -29.682747 ], [ -53.800663, -29.6830341 ], [ -53.8006407, -29.6832669 ], [ -53.8007644, -29.6838042 ], [ -53.8008768, -29.6843316 ], [ -53.8009161, -29.6845087 ], [ -53.8009281, -29.6845626 ], [ -53.800964, -29.6847246 ], [ -53.8010137, -29.684948500000012 ], [ -53.8010424, -29.6850781 ], [ -53.8011223, -29.685438299999987 ], [ -53.8011003, -29.685584299999984 ], [ -53.8010962, -29.6856135 ], [ -53.8010912, -29.6856443 ], [ -53.8010307, -29.6859229 ], [ -53.8009871, -29.6861359 ], [ -53.8009531, -29.6863024 ], [ -53.8009134, -29.6864966 ], [ -53.800871, -29.6867038 ], [ -53.8008665, -29.6867257 ], [ -53.800826, -29.6869133 ], [ -53.8007284, -29.6872723 ], [ -53.8004683, -29.6877851 ], [ -53.8003643, -29.6879616 ], [ -53.800226, -29.6881965 ], [ -53.8001655, -29.6882992 ], [ -53.8001425, -29.6883383 ], [ -53.8000474, -29.6884858 ], [ -53.7997207, -29.6889924 ], [ -53.7994058, -29.6894807 ], [ -53.7993764, -29.689526199999989 ], [ -53.799837, -29.6898549 ], [ -53.8004325, -29.6903017 ], [ -53.8005118, -29.6903612 ], [ -53.8009836, -29.6907341 ], [ -53.8013275, -29.6910522 ], [ -53.8017497, -29.6914475 ], [ -53.8022153, -29.691892 ], [ -53.8022731, -29.6919483 ], [ -53.8033003, -29.6929361 ], [ -53.8039145, -29.6935293 ], [ -53.8046361, -29.6942108 ], [ -53.805377900000011, -29.6949267 ], [ -53.8057572, -29.695298699999984 ], [ -53.8058647, -29.6953994 ], [ -53.8059398, -29.6954696 ], [ -53.8064122, -29.6959243 ], [ -53.8067655, -29.6962177 ], [ -53.8073144, -29.6965578 ], [ -53.8074703, -29.6966186 ], [ -53.8075896, -29.6966557 ], [ -53.8079667, -29.6967948 ], [ -53.8084173, -29.6969811 ], [ -53.8086954, -29.697096399999982 ], [ -53.8091576, -29.6972804 ], [ -53.8091787, -29.697242 ], [ -53.8092081, -29.6971885 ], [ -53.8093352, -29.6969574 ], [ -53.8097557, -29.6961614 ], [ -53.8100385, -29.6955478 ], [ -53.8101344, -29.6953366 ], [ -53.8103335, -29.6949974 ], [ -53.8106195, -29.6945091 ], [ -53.8108184, -29.6941252 ], [ -53.8110723, -29.6936978 ], [ -53.8110915, -29.6936611 ], [ -53.8111123, -29.6936211 ], [ -53.8111339, -29.6935748 ], [ -53.8111927, -29.6933609 ], [ -53.8112801, -29.693058799999985 ], [ -53.8115608, -29.6921143 ], [ -53.8116764, -29.691762 ], [ -53.8116932, -29.6917037 ], [ -53.8119262, -29.6908967 ], [ -53.8119744, -29.6907299 ], [ -53.812197, -29.689959 ], [ -53.812214, -29.6899002 ], [ -53.8126461, -29.6884036 ], [ -53.8126623, -29.6883419 ], [ -53.8126948, -29.6882243 ], [ -53.8127392, -29.688063899999985 ], [ -53.8128525, -29.6876546 ], [ -53.8128663, -29.687606799999987 ], [ -53.8128868, -29.6875383 ], [ -53.813046, -29.6870067 ], [ -53.8130618, -29.6869537 ], [ -53.8130837, -29.6868805 ], [ -53.8132676, -29.6862661 ], [ -53.8134593, -29.6856257 ], [ -53.8134709, -29.6855869 ], [ -53.8134872, -29.6855275 ], [ -53.8138362, -29.6842814 ], [ -53.8137831, -29.6842696 ], [ -53.813307, -29.6841639 ], [ -53.8124967, -29.6839839 ], [ -53.8124618, -29.6839762 ], [ -53.8119927, -29.6838829 ], [ -53.8119355, -29.6838734 ], [ -53.811876, -29.6838613 ], [ -53.8110267, -29.683695900000011 ], [ -53.8102219, -29.6835386 ], [ -53.8101306, -29.6835208 ], [ -53.8101423, -29.6834793 ], [ -53.8101925, -29.6833029 ], [ -53.8104276, -29.6824768 ], [ -53.8104448, -29.6824176 ], [ -53.8108482, -29.6810293 ], [ -53.8110347, -29.6803875 ], [ -53.8111928, -29.6798435 ], [ -53.8113758, -29.679213600000011 ], [ -53.8115979, -29.6784493 ], [ -53.8117811, -29.677829 ], [ -53.8118034, -29.6777532 ], [ -53.8119548, -29.677240500000011 ], [ -53.8120044, -29.676984 ] ] ] } },
{ "type": "Feature", "properties": { "name": "Divina Providência", "code_muni": 4316907.0, "name_muni": "Santa Maria" }, "geometry": { "type": "Polygon", "coordinates": [ [ [ -53.8291032, -29.6824465 ], [ -53.8296746, -29.6820799 ], [ -53.8305012, -29.6816638 ], [ -53.8309622, -29.6814275 ], [ -53.8314313, -29.6812672 ], [ -53.8326968, -29.6809534 ], [ -53.8332824, -29.6808081 ], [ -53.8346639, -29.6804655 ], [ -53.835986, -29.6801376 ], [ -53.836395, -29.6800362 ], [ -53.8371072, -29.6798595 ], [ -53.8371812, -29.679838899999986 ], [ -53.8371301, -29.67966680000001 ], [ -53.8373579, -29.679587699999985 ], [ -53.8378077, -29.6793851 ], [ -53.8376399, -29.6791023 ], [ -53.8375931, -29.6789422 ], [ -53.8373959, -29.6787115 ], [ -53.8372704, -29.6784983 ], [ -53.8371383, -29.6782728 ], [ -53.8368922, -29.6779947 ], [ -53.8369147, -29.6778805 ], [ -53.8370251, -29.6778141 ], [ -53.837109, -29.6777575 ], [ -53.8371927, -29.6777262 ], [ -53.8373576, -29.6777273 ], [ -53.8378619, -29.6778897 ], [ -53.8381729, -29.6779474 ], [ -53.8385585, -29.6780298 ], [ -53.8388541, -29.6780299 ], [ -53.8389731, -29.6779569 ], [ -53.8390792, -29.677747 ], [ -53.8392061, -29.6775422 ], [ -53.8392147, -29.6772826 ], [ -53.8390359, -29.6769823 ], [ -53.8387963, -29.6769435 ], [ -53.8384768, -29.6768589 ], [ -53.8383498, -29.6767795 ], [ -53.8382882, -29.6765681 ], [ -53.8382578, -29.676317 ], [ -53.8383111, -29.6761429 ], [ -53.838492, -29.6759232 ], [ -53.8385864, -29.6757804 ], [ -53.8386016, -29.6756905 ], [ -53.8384768, -29.6755822 ], [ -53.8383065, -29.6754791 ], [ -53.8381812, -29.6754692 ], [ -53.8380387, -29.6754579 ], [ -53.8379049, -29.6755372 ], [ -53.837721, -29.675763 ], [ -53.837339, -29.6758703 ], [ -53.837017, -29.6757673 ], [ -53.8366859, -29.6756453 ], [ -53.8359862, -29.6753175 ], [ -53.835357, -29.6749581 ], [ -53.8345676, -29.67477 ], [ -53.8339324, -29.674890199999986 ], [ -53.8337026, -29.6748922 ], [ -53.8332382, -29.674879400000016 ], [ -53.8331369, -29.6748637 ], [ -53.8322072, -29.6746395 ], [ -53.8313597, -29.6744531 ], [ -53.8307522, -29.6743219 ], [ -53.8302117, -29.674248 ], [ -53.8299838, -29.6742578 ], [ -53.8298299, -29.6743222 ], [ -53.829676, -29.6743647 ], [ -53.8295989, -29.6744037 ], [ -53.8293355, -29.6745275 ], [ -53.8291943, -29.6745967 ], [ -53.8288561, -29.6747518 ], [ -53.828502, -29.6749942 ], [ -53.8279264, -29.6753573 ], [ -53.8275472, -29.6755628 ], [ -53.8272291, -29.6757861 ], [ -53.8269463, -29.6760569 ], [ -53.8267892, -29.6762521 ], [ -53.8263241, -29.6762899 ], [ -53.8259944, -29.6762841 ], [ -53.825941, -29.6764182 ], [ -53.8256041, -29.677370100000012 ], [ -53.8253455, -29.6781393 ], [ -53.8250363, -29.6790568 ], [ -53.8249371, -29.6794531 ], [ -53.8248294, -29.6801844 ], [ -53.8248129, -29.6803448 ], [ -53.8247909, -29.680483 ], [ -53.8247614, -29.6806031 ], [ -53.8247104, -29.6807126 ], [ -53.8246462, -29.6808289 ], [ -53.8245894, -29.6809266 ], [ -53.8243929, -29.6813105 ], [ -53.8243826, -29.6813307 ], [ -53.8243034, -29.6814866 ], [ -53.8243609, -29.6814983 ], [ -53.8244552, -29.6815175 ], [ -53.8248313, -29.681594 ], [ -53.8253818, -29.6817061 ], [ -53.8254147, -29.6817128 ], [ -53.8265857, -29.6819511 ], [ -53.82684780000001, -29.6820045 ], [ -53.8269241, -29.6820201 ], [ -53.827017, -29.682039 ], [ -53.8270789, -29.682051600000012 ], [ -53.8271674, -29.6820697 ], [ -53.8278716, -29.6822133 ], [ -53.829053, -29.6824787 ], [ -53.8291032, -29.6824465 ] ] ] } },
{ "type": "Feature", "properties": { "name": "Salgado Filho", "code_muni": 4316907.0, "name_muni": "Santa Maria" }, "geometry": { "type": "Polygon", "coordinates": [ [ [ -53.8293188, -29.6677468 ], [ -53.827952, -29.6682175 ], [ -53.8243455, -29.6694089 ], [ -53.8237208, -29.6696203 ], [ -53.8221551, -29.6701502 ], [ -53.8214402, -29.6703925 ], [ -53.8207198, -29.6706809 ], [ -53.8202256, -29.670948 ], [ -53.8197511, -29.671262 ], [ -53.8193597, -29.6715447 ], [ -53.819036, -29.671876 ], [ -53.818766, -29.6722182 ], [ -53.81850750000001, -29.6726082 ], [ -53.8181429, -29.6733767 ], [ -53.8178721, -29.6739265 ], [ -53.8177215, -29.674233 ], [ -53.8176364, -29.6744198 ], [ -53.8179058, -29.6745333 ], [ -53.8181417, -29.674651799999989 ], [ -53.8184248, -29.6747789 ], [ -53.8187989, -29.6749687 ], [ -53.8189662, -29.6749887 ], [ -53.8191041, -29.6749891 ], [ -53.8194789, -29.6749317 ], [ -53.819844, -29.6748933 ], [ -53.8201939, -29.6748698 ], [ -53.8208416, -29.6750315 ], [ -53.8213352, -29.6751433 ], [ -53.8218754, -29.675264 ], [ -53.8222631, -29.6752853 ], [ -53.8224229, -29.6753159 ], [ -53.8225475, -29.6753857 ], [ -53.8225945, -29.6754703 ], [ -53.8225819, -29.6756009 ], [ -53.8226037, -29.6757045 ], [ -53.822777, -29.6757818 ], [ -53.8228085, -29.675792 ], [ -53.8229392, -29.6758348 ], [ -53.8230235, -29.675859 ], [ -53.8231744, -29.6759663 ], [ -53.8232564, -29.6760586 ], [ -53.8232701, -29.676210799999989 ], [ -53.8231951, -29.6762822 ], [ -53.8231522, -29.6764154 ], [ -53.8232558, -29.6766008 ], [ -53.8233177, -29.676631 ], [ -53.8234418, -29.6766676 ], [ -53.8236547, -29.6767029 ], [ -53.823835, -29.6766721 ], [ -53.8242143, -29.6765038 ], [ -53.8247362, -29.676429700000011 ], [ -53.8250779, -29.6764041 ], [ -53.8251906, -29.676392 ], [ -53.8255623, -29.6762806 ], [ -53.8259944, -29.6762841 ], [ -53.8263241, -29.6762899 ], [ -53.8267892, -29.6762521 ], [ -53.8269463, -29.6760569 ], [ -53.8272291, -29.6757861 ], [ -53.8275472, -29.6755628 ], [ -53.8279264, -29.6753573 ], [ -53.828502, -29.6749942 ], [ -53.8288561, -29.6747518 ], [ -53.8291943, -29.6745967 ], [ -53.8293355, -29.6745275 ], [ -53.8295989, -29.6744037 ], [ -53.829676, -29.6743647 ], [ -53.8298299, -29.6743222 ], [ -53.8297931, -29.674177199999985 ], [ -53.8297924, -29.6740943 ], [ -53.8297872, -29.6734068 ], [ -53.8297532, -29.6689703 ], [ -53.8297736, -29.66761 ], [ -53.8293188, -29.6677468 ] ] ] } },
{ "type": "Feature", "properties": { "name": "Nonoai", "code_muni": 4316907.0, "name_muni": "Santa Maria" }, "geometry": { "type": "Polygon", "coordinates": [ [ [ -53.8003571, -29.6969972 ], [ -53.8001585, -29.6971184 ], [ -53.8000652, -29.6971754 ], [ -53.7993835, -29.6975917 ], [ -53.7993108, -29.697636 ], [ -53.7989694, -29.6978484 ], [ -53.7987597, -29.697959 ], [ -53.7984963, -29.6980763 ], [ -53.7986688, -29.6982685 ], [ -53.7986138, -29.6985335 ], [ -53.7989039, -29.6986639 ], [ -53.7991089, -29.698855 ], [ -53.799314, -29.6991809 ], [ -53.799523, -29.6994991 ], [ -53.7999292, -29.6999151 ], [ -53.7999242, -29.7002626 ], [ -53.7999692, -29.7005884 ], [ -53.8000742, -29.700762199999989 ], [ -53.80019, -29.7009741 ], [ -53.8003082, -29.7011055 ], [ -53.8000252, -29.7014334 ], [ -53.8000991, -29.7014667 ], [ -53.8006745, -29.7017263 ], [ -53.8008129, -29.7018474 ], [ -53.8010714, -29.7020751 ], [ -53.8015493, -29.7024961 ], [ -53.80206, -29.7029459 ], [ -53.8024001, -29.7032454 ], [ -53.802577, -29.7034026 ], [ -53.8027173, -29.7034034 ], [ -53.8029662, -29.7034048 ], [ -53.8034279, -29.7032481 ], [ -53.8037202, -29.7031253 ], [ -53.8043555, -29.702922 ], [ -53.804648, -29.7029914 ], [ -53.8048709, -29.7029417 ], [ -53.8051143, -29.703057399999985 ], [ -53.8051799, -29.7031765 ], [ -53.8054186, -29.703258 ], [ -53.8056642, -29.703432 ], [ -53.8057748, -29.7032491 ], [ -53.805941, -29.7029591 ], [ -53.8060326, -29.7027995 ], [ -53.8061459, -29.7026024 ], [ -53.8061781, -29.7025464 ], [ -53.8062365, -29.7024431 ], [ -53.8063831, -29.7021834 ], [ -53.8067096, -29.7016068 ], [ -53.8067409, -29.7015514 ], [ -53.8069129, -29.701247799999987 ], [ -53.8069509, -29.7011787 ], [ -53.8070969, -29.7009229 ], [ -53.8073323, -29.7005073 ], [ -53.8074994, -29.7002122 ], [ -53.8076065, -29.700023 ], [ -53.8077871, -29.6997042 ], [ -53.8078459, -29.6996002 ], [ -53.8080083, -29.6993136 ], [ -53.8080379, -29.6992612 ], [ -53.8082502, -29.6988864 ], [ -53.8086969, -29.6980975 ], [ -53.8090889, -29.69740530000001 ], [ -53.8091278, -29.6973345 ], [ -53.8091576, -29.6972804 ], [ -53.8086954, -29.697096399999982 ], [ -53.8084173, -29.6969811 ], [ -53.8079667, -29.6967948 ], [ -53.8075896, -29.6966557 ], [ -53.8074703, -29.6966186 ], [ -53.8073144, -29.6965578 ], [ -53.8067655, -29.6962177 ], [ -53.8064122, -29.6959243 ], [ -53.8059398, -29.6954696 ], [ -53.8058647, -29.6953994 ], [ -53.8057572, -29.695298699999984 ], [ -53.805377900000011, -29.6949267 ], [ -53.8046361, -29.6942108 ], [ -53.8045981, -29.694236 ], [ -53.8045393, -29.6942745 ], [ -53.8038271, -29.6947415 ], [ -53.8037037, -29.6948225 ], [ -53.803651, -29.694857 ], [ -53.8033231, -29.6950722 ], [ -53.8031323, -29.6951973 ], [ -53.803019, -29.6952716 ], [ -53.8029049, -29.6953465 ], [ -53.802857, -29.6953779 ], [ -53.8027593, -29.695442 ], [ -53.8022927, -29.6957481 ], [ -53.802249, -29.6957768 ], [ -53.8021364, -29.6958506 ], [ -53.8014552, -29.6962975 ], [ -53.8012762, -29.696414900000011 ], [ -53.8010749, -29.696547 ], [ -53.800985, -29.696606 ], [ -53.8008133, -29.6967186 ], [ -53.8003571, -29.6969972 ] ] ] } },
{ "type": "Feature", "properties": { "name": "Menino Jesus", "code_muni": 4316907.0, "name_muni": "Santa Maria" }, "geometry": { "type": "Polygon", "coordinates": [ [ [ -53.7940851, -29.6855885 ], [ -53.7941535, -29.6852809 ], [ -53.7945958, -29.68529 ], [ -53.7946489, -29.6850559 ], [ -53.7947388, -29.6850732 ], [ -53.7947334, -29.6851206 ], [ -53.7947628, -29.6851258 ], [ -53.7948016, -29.685129199999988 ], [ -53.7948588, -29.6850881 ], [ -53.7951429, -29.685140599999986 ], [ -53.7950448, -29.6855758 ], [ -53.7950235, -29.6856945 ], [ -53.7950847, -29.6860664 ], [ -53.795534, -29.686135 ], [ -53.7953998, -29.6866552 ], [ -53.795631, -29.6868136 ], [ -53.796001, -29.6868857 ], [ -53.7962055, -29.6869198 ], [ -53.7964007, -29.6869655 ], [ -53.7966152, -29.6870074 ], [ -53.796704, -29.6870211 ], [ -53.7967636, -29.687034 ], [ -53.79684, -29.6870687 ], [ -53.7970156, -29.6873846 ], [ -53.7968644, -29.6874375 ], [ -53.7969095, -29.6875432 ], [ -53.797064, -29.687812600000012 ], [ -53.7970835, -29.687850099999988 ], [ -53.7971128, -29.6879024 ], [ -53.7971627, -29.6878836 ], [ -53.7976069, -29.6877189 ], [ -53.7979138, -29.6875762 ], [ -53.7980077, -29.6875424 ], [ -53.7981176, -29.6875186 ], [ -53.7982586, -29.6875169 ], [ -53.7983543, -29.6875226 ], [ -53.7984623, -29.6875477 ], [ -53.7988036, -29.6877061 ], [ -53.7993914, -29.6879832 ], [ -53.8001089, -29.6883224 ], [ -53.8001425, -29.6883383 ], [ -53.8001655, -29.6882992 ], [ -53.800226, -29.6881965 ], [ -53.8003643, -29.6879616 ], [ -53.8004683, -29.6877851 ], [ -53.8007284, -29.6872723 ], [ -53.800826, -29.6869133 ], [ -53.8008665, -29.6867257 ], [ -53.800871, -29.6867038 ], [ -53.8009134, -29.6864966 ], [ -53.8009531, -29.6863024 ], [ -53.8009871, -29.6861359 ], [ -53.8010307, -29.6859229 ], [ -53.8010912, -29.6856443 ], [ -53.8010962, -29.6856135 ], [ -53.8011003, -29.685584299999984 ], [ -53.8011223, -29.685438299999987 ], [ -53.8010424, -29.6850781 ], [ -53.8010137, -29.684948500000012 ], [ -53.800964, -29.6847246 ], [ -53.8009281, -29.6845626 ], [ -53.8009161, -29.6845087 ], [ -53.8008768, -29.6843316 ], [ -53.8007644, -29.6838042 ], [ -53.8006407, -29.6832669 ], [ -53.800663, -29.6830341 ], [ -53.8006905, -29.682747 ], [ -53.8006965, -29.6826846 ], [ -53.8007025, -29.682622399999989 ], [ -53.8007927, -29.6816822 ], [ -53.8008167, -29.6815617 ], [ -53.8009831, -29.6810216 ], [ -53.80100190000001, -29.6808734 ], [ -53.8009851, -29.6806299 ], [ -53.7953381, -29.6791156 ], [ -53.7938556, -29.6787391 ], [ -53.7938568, -29.6788662 ], [ -53.7938423, -29.6789927 ], [ -53.7938198, -29.6794386 ], [ -53.7937948, -29.6795919 ], [ -53.7937604, -29.6797314 ], [ -53.7936886, -29.679993 ], [ -53.7934884, -29.6804018 ], [ -53.7934019, -29.6805834 ], [ -53.7931314, -29.681130899999989 ], [ -53.7930188, -29.6814513 ], [ -53.792949, -29.681663300000011 ], [ -53.7928677, -29.6819745 ], [ -53.79283740000001, -29.6821449 ], [ -53.7928242, -29.6822564 ], [ -53.792805, -29.6824182 ], [ -53.792788, -29.6826946 ], [ -53.7927362, -29.6835369 ], [ -53.7927317, -29.6836107 ], [ -53.79272910000001, -29.6836533 ], [ -53.7927155, -29.683875799999985 ], [ -53.79271, -29.6839653 ], [ -53.7927031, -29.6840766 ], [ -53.7926967, -29.6841817 ], [ -53.7926947, -29.68421420000001 ], [ -53.792689, -29.684306599999989 ], [ -53.7926675, -29.6846571 ], [ -53.7926602, -29.6847365 ], [ -53.7926523, -29.6849039 ], [ -53.7926492, -29.6849716 ], [ -53.7926419, -29.6851257 ], [ -53.7926346, -29.6852829 ], [ -53.7926189, -29.6856167 ], [ -53.7926544, -29.6856179 ], [ -53.7940851, -29.6855885 ] ] ] } },
{ "type": "Feature", "properties": { "name": "Nossa Senhora das Dores", "code_muni": 4316907.0, "name_muni": "Santa Maria" }, "geometry": { "type": "Polygon", "coordinates": [ [ [ -53.7926189, -29.6856167 ], [ -53.7926144, -29.6857138 ], [ -53.7926002, -29.6860155 ], [ -53.7925703, -29.6866527 ], [ -53.7925079, -29.6866393 ], [ -53.7924594, -29.686629 ], [ -53.7920736, -29.6865463 ], [ -53.7912311, -29.6864968 ], [ -53.7904678, -29.6864556 ], [ -53.7888929, -29.6863669 ], [ -53.7888456, -29.6864356 ], [ -53.7888417, -29.6864715 ], [ -53.788858, -29.6865032 ], [ -53.7885059, -29.6867609 ], [ -53.7881111, -29.6870366 ], [ -53.7879204, -29.6869991 ], [ -53.7872359, -29.6873859 ], [ -53.7865013, -29.6877423 ], [ -53.7861209, -29.6879415 ], [ -53.7851125, -29.6884696 ], [ -53.7847666, -29.6887528 ], [ -53.7840656, -29.6893441 ], [ -53.7845364, -29.6897755 ], [ -53.7844315, -29.6898119 ], [ -53.7843283, -29.6898613 ], [ -53.7842446, -29.6899062 ], [ -53.7839143, -29.6900882 ], [ -53.7837112, -29.6901934 ], [ -53.7837372, -29.6902318 ], [ -53.784174, -29.6908768 ], [ -53.784762, -29.6912034 ], [ -53.7848751, -29.6912642 ], [ -53.7851806, -29.6916513 ], [ -53.78573320000001, -29.6923578 ], [ -53.7858179, -29.6924588 ], [ -53.7858452, -29.6924933 ], [ -53.7856733, -29.692529 ], [ -53.785393, -29.6925876 ], [ -53.7851196, -29.692656 ], [ -53.7847026, -29.692778 ], [ -53.7843657, -29.6928903 ], [ -53.7834126, -29.6931978 ], [ -53.7834412, -29.6932349 ], [ -53.7837285, -29.6936082 ], [ -53.7838083, -29.693711799999985 ], [ -53.7843165, -29.694372100000013 ], [ -53.784838, -29.695033 ], [ -53.7851101, -29.6951415 ], [ -53.7853901, -29.6949382 ], [ -53.785519, -29.6948796 ], [ -53.785556, -29.6948628 ], [ -53.7856883, -29.6947467 ], [ -53.78640510000001, -29.6941179 ], [ -53.7867524, -29.6938132 ], [ -53.7869305, -29.6936569 ], [ -53.7871005, -29.6934736 ], [ -53.7875697, -29.6929333 ], [ -53.787876, -29.6925805 ], [ -53.7879447, -29.6925014 ], [ -53.7880083, -29.6924281 ], [ -53.7883563, -29.6923901 ], [ -53.7886717, -29.6923142 ], [ -53.7889481, -29.692211200000013 ], [ -53.7891445, -29.6921194 ], [ -53.7892135, -29.6920871 ], [ -53.7894786, -29.6919525 ], [ -53.7901367, -29.6929163 ], [ -53.7909601, -29.6948232 ], [ -53.7910567, -29.694832 ], [ -53.7917686, -29.6944398 ], [ -53.7918805, -29.6944225 ], [ -53.7919637, -29.6944096 ], [ -53.7921589, -29.6943103 ], [ -53.7924371, -29.6942716 ], [ -53.7928872, -29.6942368 ], [ -53.7932423, -29.6941803 ], [ -53.7938568, -29.6938814 ], [ -53.7945522, -29.6935852 ], [ -53.7946576, -29.6937523 ], [ -53.7947181, -29.6938362 ], [ -53.7948959, -29.693988 ], [ -53.7951222, -29.6941768 ], [ -53.7954159, -29.6943922 ], [ -53.7955816, -29.6945117 ], [ -53.7957575, -29.6946088 ], [ -53.7958739, -29.69465820000001 ], [ -53.7960657, -29.6947272 ], [ -53.7962491, -29.6947755 ], [ -53.7969766, -29.6948311 ], [ -53.7970213, -29.6948345 ], [ -53.7970755, -29.6946333 ], [ -53.79708260000001, -29.6946069 ], [ -53.7971812, -29.6944315 ], [ -53.7972343, -29.694337 ], [ -53.7973977, -29.6940463 ], [ -53.7974214, -29.6940041 ], [ -53.7975296, -29.6938154 ], [ -53.797684, -29.6935369 ], [ -53.7978369, -29.693265 ], [ -53.7980822, -29.6928287 ], [ -53.7981829, -29.6926495 ], [ -53.798425, -29.6924138 ], [ -53.798633, -29.692211199999988 ], [ -53.7986583, -29.6921866 ], [ -53.7994357, -29.6914297 ], [ -53.7996099, -29.6912592 ], [ -53.7996739, -29.691196599999987 ], [ -53.7997781, -29.6910946 ], [ -53.7999759, -29.6909011 ], [ -53.8001012, -29.6907785 ], [ -53.8004473, -29.6904398 ], [ -53.8004842, -29.6903949 ], [ -53.8005118, -29.6903612 ], [ -53.8004325, -29.6903017 ], [ -53.799837, -29.6898549 ], [ -53.7993764, -29.689526199999989 ], [ -53.7994058, -29.6894807 ], [ -53.7997207, -29.6889924 ], [ -53.8000474, -29.6884858 ], [ -53.8001425, -29.6883383 ], [ -53.8001089, -29.6883224 ], [ -53.7993914, -29.6879832 ], [ -53.7988036, -29.6877061 ], [ -53.7984623, -29.6875477 ], [ -53.7983543, -29.6875226 ], [ -53.7982586, -29.6875169 ], [ -53.7981176, -29.6875186 ], [ -53.7980077, -29.6875424 ], [ -53.7979138, -29.6875762 ], [ -53.7976069, -29.6877189 ], [ -53.7971627, -29.6878836 ], [ -53.7971128, -29.6879024 ], [ -53.7970835, -29.687850099999988 ], [ -53.797064, -29.687812600000012 ], [ -53.7969095, -29.6875432 ], [ -53.7968644, -29.6874375 ], [ -53.7970156, -29.6873846 ], [ -53.79684, -29.6870687 ], [ -53.7967636, -29.687034 ], [ -53.796704, -29.6870211 ], [ -53.7966152, -29.6870074 ], [ -53.7964007, -29.6869655 ], [ -53.7962055, -29.6869198 ], [ -53.796001, -29.6868857 ], [ -53.795631, -29.6868136 ], [ -53.7953998, -29.6866552 ], [ -53.795534, -29.686135 ], [ -53.7950847, -29.6860664 ], [ -53.7950235, -29.6856945 ], [ -53.7950448, -29.6855758 ], [ -53.7951429, -29.685140599999986 ], [ -53.7948588, -29.6850881 ], [ -53.7948016, -29.685129199999988 ], [ -53.7947628, -29.6851258 ], [ -53.7947334, -29.6851206 ], [ -53.7947388, -29.6850732 ], [ -53.7946489, -29.6850559 ], [ -53.7945958, -29.68529 ], [ -53.7941535, -29.6852809 ], [ -53.7940851, -29.6855885 ], [ -53.7926544, -29.6856179 ], [ -53.7926189, -29.6856167 ] ] ] } },
{ "type": "Feature", "properties": { "name": "Nossa Senhora de Lourdes", "code_muni": 4316907.0, "name_muni": "Santa Maria" }, "geometry": { "type": "Polygon", "coordinates": [ [ [ -53.785556, -29.695336 ], [ -53.7858761, -29.6955183 ], [ -53.7861431, -29.6956843 ], [ -53.7863756, -29.695882 ], [ -53.7867239, -29.696176799999986 ], [ -53.7876278, -29.6969959 ], [ -53.7916012, -29.7005523 ], [ -53.7925975, -29.7014816 ], [ -53.7930266, -29.7018593 ], [ -53.7945825, -29.7032323 ], [ -53.7946405, -29.7032796 ], [ -53.794708, -29.7033427 ], [ -53.796569, -29.7048773 ], [ -53.7975952, -29.7056894 ], [ -53.797666, -29.7057454 ], [ -53.7988277, -29.7066513 ], [ -53.7996026, -29.707255 ], [ -53.8000438, -29.7068112 ], [ -53.8003163, -29.7063309 ], [ -53.80048570000001, -29.7060099 ], [ -53.8005947, -29.7059734 ], [ -53.8007732, -29.705926 ], [ -53.8009182, -29.7058596 ], [ -53.801083, -29.7057462 ], [ -53.8014861, -29.7049743 ], [ -53.8013803, -29.7049046 ], [ -53.8009444, -29.704571699999985 ], [ -53.8016061, -29.7040007 ], [ -53.8018958, -29.7037353 ], [ -53.8019283, -29.70374910000001 ], [ -53.8020282, -29.703791699999986 ], [ -53.8020877, -29.7036979 ], [ -53.8022674, -29.703519200000013 ], [ -53.8023478, -29.7034599 ], [ -53.8024707, -29.7034302 ], [ -53.802577, -29.7034026 ], [ -53.8024001, -29.7032454 ], [ -53.80206, -29.7029459 ], [ -53.8015493, -29.7024961 ], [ -53.8010714, -29.7020751 ], [ -53.8008129, -29.7018474 ], [ -53.8006745, -29.7017263 ], [ -53.8000991, -29.7014667 ], [ -53.8000252, -29.7014334 ], [ -53.8003082, -29.7011055 ], [ -53.80019, -29.7009741 ], [ -53.8000742, -29.700762199999989 ], [ -53.7999692, -29.7005884 ], [ -53.7999242, -29.7002626 ], [ -53.7999292, -29.6999151 ], [ -53.799523, -29.6994991 ], [ -53.799314, -29.6991809 ], [ -53.7991089, -29.698855 ], [ -53.7989039, -29.6986639 ], [ -53.7986138, -29.6985335 ], [ -53.7986688, -29.6982685 ], [ -53.7984963, -29.6980763 ], [ -53.7987597, -29.697959 ], [ -53.7989694, -29.6978484 ], [ -53.7993108, -29.697636 ], [ -53.7993835, -29.6975917 ], [ -53.8000652, -29.6971754 ], [ -53.8001585, -29.6971184 ], [ -53.8003571, -29.6969972 ], [ -53.8008133, -29.6967186 ], [ -53.800985, -29.696606 ], [ -53.8010749, -29.696547 ], [ -53.8012762, -29.696414900000011 ], [ -53.8014552, -29.6962975 ], [ -53.8021364, -29.6958506 ], [ -53.802249, -29.6957768 ], [ -53.8022927, -29.6957481 ], [ -53.8027593, -29.695442 ], [ -53.802857, -29.6953779 ], [ -53.8029049, -29.6953465 ], [ -53.803019, -29.6952716 ], [ -53.8031323, -29.6951973 ], [ -53.8033231, -29.6950722 ], [ -53.803651, -29.694857 ], [ -53.8037037, -29.6948225 ], [ -53.8038271, -29.6947415 ], [ -53.8045393, -29.6942745 ], [ -53.8045981, -29.694236 ], [ -53.8046361, -29.6942108 ], [ -53.8039145, -29.6935293 ], [ -53.8033003, -29.6929361 ], [ -53.8022731, -29.6919483 ], [ -53.8022153, -29.691892 ], [ -53.8017497, -29.6914475 ], [ -53.8013275, -29.6910522 ], [ -53.8009836, -29.6907341 ], [ -53.8005118, -29.6903612 ], [ -53.8004842, -29.6903949 ], [ -53.8004473, -29.6904398 ], [ -53.8001012, -29.6907785 ], [ -53.7999759, -29.6909011 ], [ -53.7997781, -29.6910946 ], [ -53.7996739, -29.691196599999987 ], [ -53.7996099, -29.6912592 ], [ -53.7994357, -29.6914297 ], [ -53.7986583, -29.6921866 ], [ -53.798633, -29.692211199999988 ], [ -53.798425, -29.6924138 ], [ -53.7981829, -29.6926495 ], [ -53.7980822, -29.6928287 ], [ -53.7978369, -29.693265 ], [ -53.797684, -29.6935369 ], [ -53.7975296, -29.6938154 ], [ -53.7974214, -29.6940041 ], [ -53.7973977, -29.6940463 ], [ -53.7972343, -29.694337 ], [ -53.7971812, -29.6944315 ], [ -53.79708260000001, -29.6946069 ], [ -53.7970755, -29.6946333 ], [ -53.7970213, -29.6948345 ], [ -53.7969766, -29.6948311 ], [ -53.7962491, -29.6947755 ], [ -53.7960657, -29.6947272 ], [ -53.7958739, -29.69465820000001 ], [ -53.7957575, -29.6946088 ], [ -53.7955816, -29.6945117 ], [ -53.7954159, -29.6943922 ], [ -53.7951222, -29.6941768 ], [ -53.7948959, -29.693988 ], [ -53.7947181, -29.6938362 ], [ -53.7946576, -29.6937523 ], [ -53.7945522, -29.6935852 ], [ -53.7938568, -29.6938814 ], [ -53.7932423, -29.6941803 ], [ -53.7928872, -29.6942368 ], [ -53.7924371, -29.6942716 ], [ -53.7921589, -29.6943103 ], [ -53.7919637, -29.6944096 ], [ -53.7918805, -29.6944225 ], [ -53.7917686, -29.6944398 ], [ -53.7910567, -29.694832 ], [ -53.7909601, -29.6948232 ], [ -53.7901367, -29.6929163 ], [ -53.7894786, -29.6919525 ], [ -53.7892135, -29.6920871 ], [ -53.7891445, -29.6921194 ], [ -53.7889481, -29.692211200000013 ], [ -53.7886717, -29.6923142 ], [ -53.7883563, -29.6923901 ], [ -53.7880083, -29.6924281 ], [ -53.7879447, -29.6925014 ], [ -53.787876, -29.6925805 ], [ -53.7875697, -29.6929333 ], [ -53.7871005, -29.6934736 ], [ -53.7869305, -29.6936569 ], [ -53.7867524, -29.6938132 ], [ -53.78640510000001, -29.6941179 ], [ -53.7856883, -29.6947467 ], [ -53.785556, -29.6948628 ], [ -53.785519, -29.6948796 ], [ -53.7853901, -29.6949382 ], [ -53.7851101, -29.6951415 ], [ -53.785556, -29.695336 ] ] ] } },
{ "type": "Feature", "properties": { "name": "Camobi", "code_muni": 4316907.0, "name_muni": "Santa Maria" }, "geometry": { "type": "Polygon", "coordinates": [ [ [ -53.6678776, -29.7162589 ], [ -53.6680325, -29.7163165 ], [ -53.6700851, -29.7168584 ], [ -53.6709259, -29.7170943 ], [ -53.6726352, -29.7176397 ], [ -53.6728432, -29.717687699999988 ], [ -53.6756694, -29.7186007 ], [ -53.6775792, -29.7192157 ], [ -53.6796928, -29.7198959 ], [ -53.6811948, -29.720361799999989 ], [ -53.6823857, -29.7207345 ], [ -53.6837598, -29.721452 ], [ -53.6845422, -29.7219505 ], [ -53.6850366, -29.7222719 ], [ -53.6854818, -29.7224303 ], [ -53.6857439, -29.7224164 ], [ -53.6860343, -29.7225794 ], [ -53.6863616, -29.7227658 ], [ -53.6865601, -29.7227704 ], [ -53.6868712, -29.7228543 ], [ -53.6871931, -29.7229148 ], [ -53.6872896, -29.7229894 ], [ -53.6875257, -29.7230499 ], [ -53.6880245, -29.7230686 ], [ -53.6884153, -29.7231198 ], [ -53.6889901, -29.7231152 ], [ -53.689515, -29.7231385 ], [ -53.6900676, -29.7227891 ], [ -53.6904686, -29.7227643 ], [ -53.6905718, -29.7227611 ], [ -53.6908132, -29.722728499999988 ], [ -53.6911297, -29.7225095 ], [ -53.6914578, -29.722216 ], [ -53.691811, -29.7220577 ], [ -53.6921168, -29.7218573 ], [ -53.6923153, -29.7215545 ], [ -53.6926379, -29.7212051 ], [ -53.6927552, -29.721084 ], [ -53.6930663, -29.7208045 ], [ -53.6932119, -29.720674 ], [ -53.6933882, -29.7204271 ], [ -53.6937047, -29.7200264 ], [ -53.6941714, -29.7194721 ], [ -53.6942357, -29.719281 ], [ -53.6947944, -29.718600899999988 ], [ -53.695524, -29.7182421 ], [ -53.6961087, -29.718051100000011 ], [ -53.6965904, -29.7180155 ], [ -53.6967525, -29.7179859 ], [ -53.6974276, -29.7180045 ], [ -53.6978138, -29.7180278 ], [ -53.6981096, -29.7180278 ], [ -53.6983181, -29.7181676 ], [ -53.6994231, -29.7180511 ], [ -53.7001634, -29.7178182 ], [ -53.7008286, -29.7175293 ], [ -53.7012524, -29.7172684 ], [ -53.7015444, -29.7173445 ], [ -53.7016223, -29.7173479 ], [ -53.7016731, -29.717305 ], [ -53.7017056, -29.7172278 ], [ -53.701788, -29.717161 ], [ -53.7020034, -29.7170574 ], [ -53.7019591, -29.7171076 ], [ -53.7019553, -29.7173342 ], [ -53.702175, -29.7180871 ], [ -53.7026337, -29.7191435 ], [ -53.7029743, -29.7197881 ], [ -53.7038159, -29.7209299 ], [ -53.7047808, -29.7223592 ], [ -53.7063808, -29.7240338 ], [ -53.7070687, -29.7247537 ], [ -53.7071787, -29.7249226 ], [ -53.70775, -29.7276024 ], [ -53.7083803, -29.7288706 ], [ -53.7087996, -29.729706 ], [ -53.7088135, -29.7297336 ], [ -53.7091635, -29.7303182 ], [ -53.7092896, -29.7305767 ], [ -53.7105358, -29.732847 ], [ -53.7109083, -29.7333539 ], [ -53.7113365, -29.7336458 ], [ -53.7144051, -29.7357372 ], [ -53.714483, -29.7357903 ], [ -53.7150606, -29.7354141 ], [ -53.7153917, -29.735181 ], [ -53.7175038, -29.73332310000001 ], [ -53.7195778, -29.7314875 ], [ -53.7196859, -29.7313778 ], [ -53.7198836, -29.7312072 ], [ -53.7206109, -29.730671 ], [ -53.720976, -29.7304102 ], [ -53.7210746, -29.7303577 ], [ -53.7213677, -29.730201700000013 ], [ -53.7216626, -29.730069 ], [ -53.7234154, -29.7292328 ], [ -53.7239946, -29.7290041 ], [ -53.7251962, -29.7286547 ], [ -53.725926, -29.728456 ], [ -53.7264136, -29.7283007 ], [ -53.7267481, -29.7281707 ], [ -53.7273496, -29.727843499999985 ], [ -53.7276158, -29.7276769 ], [ -53.7277479, -29.7275762 ], [ -53.7281026, -29.7273462 ], [ -53.7284556, -29.727156 ], [ -53.730074, -29.7263178 ], [ -53.7306587, -29.726008 ], [ -53.7310463, -29.7258031 ], [ -53.7313628, -29.7255468 ], [ -53.7318242, -29.7252277 ], [ -53.7325323, -29.7247933 ], [ -53.7328385, -29.7246508 ], [ -53.7343293, -29.724244800000012 ], [ -53.7346378, -29.7240386 ], [ -53.7348939, -29.7238045 ], [ -53.7351371, -29.7235386 ], [ -53.7356216, -29.7229383 ], [ -53.7359486, -29.72251390000001 ], [ -53.7360614, -29.7222713 ], [ -53.7361667, -29.7219993 ], [ -53.736396, -29.7213459 ], [ -53.7364744, -29.7210693 ], [ -53.7365026, -29.7209028 ], [ -53.736512, -29.7207799 ], [ -53.7365013, -29.7206553 ], [ -53.7364577, -29.720441 ], [ -53.7363946, -29.720243 ], [ -53.7362485, -29.7198575 ], [ -53.7360942, -29.7194428 ], [ -53.735704, -29.7184901 ], [ -53.7356021, -29.7182467 ], [ -53.7355296, -29.7180126 ], [ -53.7355001, -29.7177563 ], [ -53.7355028, -29.7176038 ], [ -53.7355074, -29.7175283 ], [ -53.735492, -29.7171486 ], [ -53.7355018, -29.716952 ], [ -53.735572, -29.7167931 ], [ -53.7356751, -29.7166796 ], [ -53.7358364, -29.7165206 ], [ -53.7379758, -29.7147006 ], [ -53.7385685, -29.7141757 ], [ -53.7387107, -29.7140338 ], [ -53.7389328, -29.7137234 ], [ -53.7388824, -29.713929 ], [ -53.7386369, -29.7145484 ], [ -53.7391589, -29.7146166 ], [ -53.7407076, -29.7147525 ], [ -53.7479566, -29.7181989 ], [ -53.7536663, -29.720900199999988 ], [ -53.7539349, -29.7208419 ], [ -53.7541562, -29.720939 ], [ -53.7543357, -29.7207886 ], [ -53.7545782, -29.7206657 ], [ -53.7547577, -29.720633400000011 ], [ -53.7549614, -29.7205218 ], [ -53.755136, -29.7204248 ], [ -53.7552913, -29.7203617 ], [ -53.7555059, -29.7203525 ], [ -53.7554098, -29.71979 ], [ -53.7553961, -29.7193098 ], [ -53.7547719, -29.719248 ], [ -53.7544143, -29.718569 ], [ -53.7543013, -29.7183539 ], [ -53.7540856, -29.7177934 ], [ -53.753806, -29.7174009 ], [ -53.7536263, -29.7168266 ], [ -53.7535623, -29.7163539 ], [ -53.7532476, -29.716191 ], [ -53.7534891, -29.7158079 ], [ -53.7535202, -29.7156353 ], [ -53.7535613, -29.7154878 ], [ -53.753141, -29.7151825 ], [ -53.7530925, -29.714702 ], [ -53.7529856, -29.7143295 ], [ -53.7529705, -29.7139238 ], [ -53.7531057, -29.7133253 ], [ -53.7531353, -29.7129315 ], [ -53.7530823, -29.7126982 ], [ -53.7531304, -29.7119985 ], [ -53.7533087, -29.7114977 ], [ -53.7539124, -29.7109078 ], [ -53.7542348, -29.7103659 ], [ -53.75449540000001, -29.7100091 ], [ -53.7545846, -29.7094947 ], [ -53.75473550000001, -29.709384900000011 ], [ -53.7548247, -29.7091174 ], [ -53.7550511, -29.7088636 ], [ -53.7552432, -29.7088704 ], [ -53.7554215, -29.7087675 ], [ -53.7553666, -29.708479400000012 ], [ -53.7554764, -29.7083285 ], [ -53.7557988, -29.7082942 ], [ -53.7559497, -29.7081913 ], [ -53.7560231, -29.707782600000012 ], [ -53.7560522, -29.707697 ], [ -53.7558755, -29.707688 ], [ -53.7547786, -29.707644800000015 ], [ -53.7545895, -29.7076374 ], [ -53.7545433, -29.7076356 ], [ -53.7543216, -29.7076269 ], [ -53.7529724, -29.7075777 ], [ -53.7518743, -29.7075306 ], [ -53.7516068, -29.7075201 ], [ -53.7511955, -29.7075427 ], [ -53.7502065, -29.7074834 ], [ -53.7498229, -29.7074564 ], [ -53.749771, -29.7074558 ], [ -53.7492811, -29.7074564 ], [ -53.7489456, -29.7074622 ], [ -53.7486424, -29.7074391 ], [ -53.7484533, -29.7074279 ], [ -53.748116, -29.7074079 ], [ -53.7480248, -29.7074049 ], [ -53.747546, -29.7073918 ], [ -53.7473231, -29.707382 ], [ -53.7466769, -29.7073488 ], [ -53.7461712, -29.707300299999989 ], [ -53.7457149, -29.7072397 ], [ -53.7456033, -29.7072203 ], [ -53.7454867, -29.7072003 ], [ -53.7453441, -29.70717 ], [ -53.7452506, -29.7071501 ], [ -53.7447724, -29.7070506 ], [ -53.7442525, -29.7069617 ], [ -53.7442106, -29.7069549 ], [ -53.7435697, -29.7068327 ], [ -53.7429768, -29.7067107 ], [ -53.7428993, -29.7066934 ], [ -53.7427119, -29.7066517 ], [ -53.7425508, -29.706622199999988 ], [ -53.7424656, -29.706605 ], [ -53.7420454, -29.7065208 ], [ -53.7416128, -29.7064326 ], [ -53.7406031, -29.7062431 ], [ -53.7402349, -29.7061716 ], [ -53.7399004, -29.7061072 ], [ -53.7396321, -29.7060548 ], [ -53.7395587, -29.7055087 ], [ -53.7395752, -29.7015223 ], [ -53.739913, -29.701568 ], [ -53.7400372, -29.6999123 ], [ -53.7401652, -29.6974504 ], [ -53.7398714, -29.6974857 ], [ -53.7392916, -29.697626 ], [ -53.7393011, -29.6975538 ], [ -53.739377, -29.6965395 ], [ -53.7395409, -29.6954884 ], [ -53.7394497, -29.6954921 ], [ -53.7393533, -29.6954961 ], [ -53.7393864, -29.695119 ], [ -53.7393841, -29.6950022 ], [ -53.7393734, -29.6949123 ], [ -53.7390795, -29.6950225 ], [ -53.7387593, -29.695160799999989 ], [ -53.737894, -29.695564 ], [ -53.7370347, -29.6959813 ], [ -53.735543, -29.6966804 ], [ -53.7354942, -29.6966011 ], [ -53.7354689, -29.6965604 ], [ -53.7352264, -29.6961702 ], [ -53.7348686, -29.6955945 ], [ -53.7347828, -29.6954565 ], [ -53.7344882, -29.6949825 ], [ -53.7342432, -29.6945883 ], [ -53.73389490000001, -29.694028 ], [ -53.7337295, -29.6937619 ], [ -53.7335426, -29.6934613 ], [ -53.7334905, -29.6933915 ], [ -53.7334375, -29.693380399999988 ], [ -53.7333839, -29.6933963 ], [ -53.7333095, -29.6934583 ], [ -53.733246, -29.6935372 ], [ -53.7331321, -29.6937148 ], [ -53.732984, -29.6939058 ], [ -53.7328458, -29.6940644 ], [ -53.7326767, -29.6942177 ], [ -53.7325275, -29.694331900000012 ], [ -53.7323309, -29.6944347 ], [ -53.7320874, -29.6945283 ], [ -53.7318472, -29.6945985 ], [ -53.7316008, -29.6946347 ], [ -53.7313635, -29.6946347 ], [ -53.7312431, -29.694635399999989 ], [ -53.7311438, -29.6946203 ], [ -53.7311483, -29.6945456 ], [ -53.7311586, -29.6944349 ], [ -53.731131, -29.6943346 ], [ -53.7309806, -29.6940239 ], [ -53.7309481, -29.6937031 ], [ -53.7308829, -29.6935778 ], [ -53.7308553, -29.6934124 ], [ -53.730715, -29.693232 ], [ -53.7305872, -29.6929839 ], [ -53.7304719, -29.6928561 ], [ -53.730289, -29.6926882 ], [ -53.730201, -29.6925858 ], [ -53.7302453, -29.6924281 ], [ -53.7301709, -29.6922757 ], [ -53.7299264, -29.692017 ], [ -53.7298271, -29.6919231 ], [ -53.7297687, -29.6917069 ], [ -53.7297497, -29.6916464 ], [ -53.7297369, -29.6916116 ], [ -53.7297066, -29.691535 ], [ -53.729673, -29.6914978 ], [ -53.7294922, -29.6915173 ], [ -53.72936820000001, -29.691517300000012 ], [ -53.7292796, -29.6914535 ], [ -53.7291662, -29.6912657 ], [ -53.7290386, -29.6911257 ], [ -53.7288685, -29.6909981 ], [ -53.7286842, -29.6909059 ], [ -53.7284698, -29.690762399999986 ], [ -53.728204, -29.6906898 ], [ -53.7279169, -29.6906437 ], [ -53.7277309, -29.6903761 ], [ -53.7274066, -29.6902663 ], [ -53.7273073, -29.6900572 ], [ -53.72711240000001, -29.6899703 ], [ -53.7267811, -29.6898977 ], [ -53.7265458, -29.6898863 ], [ -53.7260071, -29.6899383 ], [ -53.7257392, -29.6900472 ], [ -53.7256622, -29.6901983 ], [ -53.7252147, -29.6901141 ], [ -53.7250295, -29.690042300000012 ], [ -53.7248157, -29.6901438 ], [ -53.7247272, -29.6903567 ], [ -53.7247145, -29.6905371 ], [ -53.7246467, -29.6906623 ], [ -53.7244686, -29.6906881 ], [ -53.7242736, -29.69065130000001 ], [ -53.7241464, -29.6906034 ], [ -53.7238582, -29.690463499999986 ], [ -53.7236759, -29.6903161 ], [ -53.7233791, -29.6901909 ], [ -53.7232265, -29.6901578 ], [ -53.7228873, -29.6902167 ], [ -53.7227644, -29.6904229 ], [ -53.7226202, -29.6906587 ], [ -53.7225397, -29.6907765 ], [ -53.7223192, -29.6907728 ], [ -53.7220903, -29.6907397 ], [ -53.7217554, -29.6906955 ], [ -53.7215561, -29.6908317 ], [ -53.721412, -29.6909091 ], [ -53.7212551, -29.6909496 ], [ -53.7210092, -29.6909827 ], [ -53.7206447, -29.6909975 ], [ -53.7203988, -29.6909422 ], [ -53.7201868, -29.6909091 ], [ -53.7199579, -29.690898 ], [ -53.7197968, -29.6909422 ], [ -53.7195297, -29.691170599999985 ], [ -53.7193092, -29.6913731 ], [ -53.7189616, -29.6915352 ], [ -53.7187411, -29.6915204 ], [ -53.7185207, -29.69156090000001 ], [ -53.718385, -29.691623599999989 ], [ -53.7182096, -29.6916992 ], [ -53.7180916, -29.6918064 ], [ -53.7180514, -29.6919299 ], [ -53.7181104, -29.692202499999986 ], [ -53.7181533, -29.69234 ], [ -53.718156, -29.6924891 ], [ -53.7180289, -29.6926584 ], [ -53.7179611, -29.6927652 ], [ -53.7178556, -29.6928829 ], [ -53.7177242, -29.6929411 ], [ -53.7175713, -29.693025 ], [ -53.7174778, -29.6931482 ], [ -53.7172628, -29.6934164 ], [ -53.7172145, -29.6937962 ], [ -53.717287, -29.6941294 ], [ -53.7175123, -29.6943764 ], [ -53.7175847, -29.6944696 ], [ -53.7175847, -29.6945814 ], [ -53.7174586, -29.6947842 ], [ -53.7173031, -29.694812100000011 ], [ -53.7171314, -29.6947445 ], [ -53.7170348, -29.6946863 ], [ -53.7168766, -29.6945628 ], [ -53.7166781, -29.6944416 ], [ -53.7164501, -29.6943508 ], [ -53.7162168, -29.6943554 ], [ -53.715911, -29.6944114 ], [ -53.7155435, -29.69468160000001 ], [ -53.7151331, -29.6946677 ], [ -53.714822, -29.6945185 ], [ -53.7146316, -29.6944859 ], [ -53.714409, -29.6945442 ], [ -53.7143017, -29.6945884 ], [ -53.7141836, -29.694581399999986 ], [ -53.7139878, -29.6945325 ], [ -53.7138269, -29.6944952 ], [ -53.7136338, -29.6944929 ], [ -53.7133683, -29.6945139 ], [ -53.7132315, -29.6945209 ], [ -53.7131027, -29.6946211 ], [ -53.7131, -29.6947073 ], [ -53.7131617, -29.6947678 ], [ -53.7133012, -29.694882 ], [ -53.7134702, -29.6949752 ], [ -53.7136097, -29.6950637 ], [ -53.71368480000001, -29.6951313 ], [ -53.7136901, -29.6952408 ], [ -53.7134541, -29.6954272 ], [ -53.7133522, -29.6955763 ], [ -53.7132476, -29.6957627 ], [ -53.7131281, -29.6958808 ], [ -53.7130196, -29.6960237 ], [ -53.7128452, -29.6961146 ], [ -53.7127138, -29.6961379 ], [ -53.7125824, -29.6960796 ], [ -53.7124858, -29.6959678 ], [ -53.7124509, -29.695793 ], [ -53.7124214, -29.6955391 ], [ -53.712349, -29.6954785 ], [ -53.7122578, -29.6954622 ], [ -53.7121371, -29.6954855 ], [ -53.7121264, -29.695595 ], [ -53.7123329, -29.6957488 ], [ -53.7122927, -29.6959002 ], [ -53.7121827, -29.6961006 ], [ -53.7120379, -29.6962031 ], [ -53.7119156, -29.6962564 ], [ -53.7117482, -29.6962334 ], [ -53.7116329, -29.6962124 ], [ -53.711488, -29.6962474 ], [ -53.7114451, -29.696389 ], [ -53.7113405, -29.6964757 ], [ -53.7112712, -29.6966137 ], [ -53.7112797, -29.6967241 ], [ -53.711201, -29.6967669 ], [ -53.7110508, -29.696776299999989 ], [ -53.7107343, -29.6967949 ], [ -53.7102703, -29.6968182 ], [ -53.7101174, -29.6968741 ], [ -53.7100048, -29.6969906 ], [ -53.7097392, -29.6971747 ], [ -53.7092886, -29.69741 ], [ -53.7090638, -29.6974647 ], [ -53.7089948, -29.6974753 ], [ -53.7088999, -29.6975681 ], [ -53.7088419, -29.6976176 ], [ -53.7088269, -29.6976357 ], [ -53.7088919, -29.6976978 ], [ -53.7089862, -29.69778 ], [ -53.709526, -29.6982462 ], [ -53.7096225, -29.6983295 ], [ -53.7097112, -29.6983975 ], [ -53.7098633, -29.6984793 ], [ -53.710013, -29.6986553 ], [ -53.7100728, -29.698799 ], [ -53.7101106, -29.6988387 ], [ -53.7101405, -29.6988692 ], [ -53.7097552, -29.6990007 ], [ -53.7090326, -29.699273300000016 ], [ -53.7080156, -29.6995044 ], [ -53.7068089, -29.699717 ], [ -53.7034249, -29.7003027 ], [ -53.6980734, -29.7012288 ], [ -53.6965273, -29.701497899999989 ], [ -53.6946026, -29.7018295 ], [ -53.6904354, -29.7025438 ], [ -53.6883627, -29.7029344 ], [ -53.6880741, -29.702979599999988 ], [ -53.6797274, -29.7044501 ], [ -53.6787983, -29.7046463 ], [ -53.6778547, -29.7049277 ], [ -53.6767018, -29.7053937 ], [ -53.6756118, -29.7058866 ], [ -53.674495, -29.7065373 ], [ -53.6742075, -29.7067528 ], [ -53.6727697, -29.7078307 ], [ -53.6723358, -29.7081572 ], [ -53.6719128, -29.7084994 ], [ -53.6717975, -29.7086125 ], [ -53.6711351, -29.709287 ], [ -53.6708599, -29.7096285 ], [ -53.670481, -29.7101534 ], [ -53.6702881, -29.7104399 ], [ -53.6700913, -29.7107767 ], [ -53.6697369, -29.711446299999988 ], [ -53.6693548, -29.712386 ], [ -53.6688459, -29.713699 ], [ -53.6679091, -29.7161659 ], [ -53.6678776, -29.7162589 ] ] ] } },
{ "type": "Feature", "properties": { "name": "Pé de Plátano", "code_muni": 4316907.0, "name_muni": "Santa Maria" }, "geometry": { "type": "Polygon", "coordinates": [ [ [ -53.7643457, -29.6945617 ], [ -53.7642983, -29.694388 ], [ -53.7642062, -29.6942363 ], [ -53.7637654, -29.6935096 ], [ -53.7636986, -29.6933958 ], [ -53.7636348, -29.6932943 ], [ -53.7635883, -29.6931682 ], [ -53.7635949, -29.692975 ], [ -53.7636572, -29.6927167 ], [ -53.7636872, -29.6925933 ], [ -53.7637867, -29.692181499999986 ], [ -53.7639084, -29.6916783 ], [ -53.7639541, -29.6916125 ], [ -53.76363, -29.6915975 ], [ -53.763134, -29.691546 ], [ -53.7624557, -29.6914097 ], [ -53.7620148, -29.6912034 ], [ -53.7615781, -29.6908683 ], [ -53.7613238, -29.6906694 ], [ -53.7609846, -29.6905332 ], [ -53.7606115, -29.690408 ], [ -53.7602681, -29.690198 ], [ -53.7598315, -29.6899771 ], [ -53.7593185, -29.6899108 ], [ -53.7589242, -29.689664 ], [ -53.7585995, -29.6893321 ], [ -53.7584075, -29.6890616 ], [ -53.7581357, -29.6888719 ], [ -53.7581145, -29.6886991 ], [ -53.7582332, -29.6881209 ], [ -53.7582544, -29.6876089 ], [ -53.7581237, -29.6875066 ], [ -53.7579291, -29.6873722 ], [ -53.7576694, -29.6872692 ], [ -53.7575152, -29.6872396 ], [ -53.757172, -29.6870967 ], [ -53.7569192, -29.68694540000001 ], [ -53.7567572, -29.6868087 ], [ -53.7564684, -29.686624500000011 ], [ -53.7561723, -29.6864485 ], [ -53.7559799, -29.6864632 ], [ -53.7553758, -29.6864525 ], [ -53.75507910000001, -29.6863604 ], [ -53.7549519, -29.6863162 ], [ -53.7548162, -29.6861063 ], [ -53.754706, -29.6857858 ], [ -53.7544983, -29.6851487 ], [ -53.7544898, -29.6847435 ], [ -53.7544135, -29.6844194 ], [ -53.7541421, -29.6839296 ], [ -53.7538623, -29.6836828 ], [ -53.7532943, -29.6833955 ], [ -53.7528237, -29.6831635 ], [ -53.7524548, -29.6831782 ], [ -53.7520903, -29.6831451 ], [ -53.7517892, -29.6830493 ], [ -53.7515815, -29.6829351 ], [ -53.7514671, -29.682681 ], [ -53.7512508, -29.6824932 ], [ -53.7508099, -29.6823348 ], [ -53.7505725, -29.6823016 ], [ -53.7503266, -29.6822943 ], [ -53.750297, -29.682356899999988 ], [ -53.7503139, -29.6824932 ], [ -53.7502842, -29.682611 ], [ -53.7501571, -29.6826957 ], [ -53.7498009, -29.6827436 ], [ -53.7494999, -29.682728900000015 ], [ -53.7490336, -29.6826442 ], [ -53.7488471, -29.682588899999988 ], [ -53.74858, -29.6824011 ], [ -53.7484062, -29.6822427 ], [ -53.7482196, -29.6821212 ], [ -53.7480161, -29.6820696 ], [ -53.7479568, -29.6821248 ], [ -53.7479144, -29.6822427 ], [ -53.7479526, -29.6823642 ], [ -53.7480034, -29.68253 ], [ -53.7479695, -29.6826626 ], [ -53.7478381, -29.6827362 ], [ -53.7475837, -29.6828136 ], [ -53.7471216, -29.6828099 ], [ -53.7469181, -29.6827547 ], [ -53.7468291, -29.6829167 ], [ -53.7467994, -29.6831009 ], [ -53.7466934, -29.6831635 ], [ -53.7465323, -29.6832261 ], [ -53.7464391, -29.6831966 ], [ -53.7462356, -29.6830014 ], [ -53.7458837, -29.682975599999988 ], [ -53.7453962, -29.6829904 ], [ -53.7451036, -29.6828136 ], [ -53.7450824, -29.6826626 ], [ -53.7450146, -29.6825189 ], [ -53.7448832, -29.682467400000011 ], [ -53.7447306, -29.6824342 ], [ -53.7441837, -29.6824416 ], [ -53.7437597, -29.6825815 ], [ -53.7433824, -29.6825631 ], [ -53.7431705, -29.6823753 ], [ -53.7431662, -29.6821985 ], [ -53.743005, -29.6820947 ], [ -53.7429627, -29.6820659 ], [ -53.7428101, -29.6821285 ], [ -53.7422505, -29.682434199999989 ], [ -53.7420258, -29.682449 ], [ -53.7418011, -29.682379 ], [ -53.7417926, -29.6821322 ], [ -53.7416612, -29.6819554 ], [ -53.7415891, -29.6819075 ], [ -53.7413687, -29.681981199999989 ], [ -53.7410295, -29.682043799999988 ], [ -53.7407455, -29.6820328 ], [ -53.7405081, -29.682007 ], [ -53.7401986, -29.6818007 ], [ -53.7400884, -29.6815724 ], [ -53.7401223, -29.6813735 ], [ -53.7401435, -29.6811488 ], [ -53.7401138, -29.6810236 ], [ -53.7399697, -29.6808836 ], [ -53.7395881, -29.6808873 ], [ -53.739232, -29.6809315 ], [ -53.739054, -29.6808873 ], [ -53.738914, -29.680751 ], [ -53.7387402, -29.6807031 ], [ -53.7385876, -29.6806994 ], [ -53.7380534, -29.6806147 ], [ -53.7377058, -29.6805816 ], [ -53.7373455, -29.6805705 ], [ -53.7371547, -29.6805668 ], [ -53.7368961, -29.6806331 ], [ -53.7366205, -29.6805963 ], [ -53.7364764, -29.6805595 ], [ -53.7362602, -29.6804416 ], [ -53.7358447, -29.6800733 ], [ -53.7354292, -29.6799296 ], [ -53.7351706, -29.679856 ], [ -53.7348641, -29.6798238 ], [ -53.7347848, -29.6798265 ], [ -53.7345856, -29.679878099999986 ], [ -53.734505, -29.6800622 ], [ -53.734433, -29.6802169 ], [ -53.734327, -29.6803164 ], [ -53.7340217, -29.68053 ], [ -53.733814, -29.6806921 ], [ -53.7337207, -29.6807805 ], [ -53.7336317, -29.6809241 ], [ -53.7336402, -29.6810862 ], [ -53.7336402, -29.681204 ], [ -53.7335257, -29.6813403 ], [ -53.7333816, -29.6814029 ], [ -53.7331993, -29.6814177 ], [ -53.7330212, -29.681355100000012 ], [ -53.7329576, -29.6812188 ], [ -53.7327202, -29.6811451 ], [ -53.7324701, -29.6811783 ], [ -53.7321394, -29.681344 ], [ -53.7315671, -29.6814582 ], [ -53.7313636, -29.6815871 ], [ -53.7310753, -29.6818154 ], [ -53.7308167, -29.6818633 ], [ -53.7305454, -29.6820733 ], [ -53.7305327, -29.682239 ], [ -53.7304309, -29.6823495 ], [ -53.7302868, -29.6823937 ], [ -53.7299264, -29.6823937 ], [ -53.7298077, -29.6824784 ], [ -53.7296424, -29.6826515 ], [ -53.729511, -29.682821 ], [ -53.729405, -29.6828688 ], [ -53.7291845, -29.6830751 ], [ -53.7290658, -29.6832519 ], [ -53.7290573, -29.6834029 ], [ -53.7289641, -29.6835281 ], [ -53.7288199, -29.6835686 ], [ -53.7287351, -29.683646 ], [ -53.7285698, -29.6838449 ], [ -53.7276838, -29.6847288 ], [ -53.7272259, -29.6851339 ], [ -53.7268571, -29.6856827 ], [ -53.7267299, -29.6859884 ], [ -53.7268443, -29.686205699999988 ], [ -53.7270182, -29.686423 ], [ -53.7270097, -29.6866145 ], [ -53.7269461, -29.6869092 ], [ -53.726963, -29.6871817 ], [ -53.7270054, -29.687310600000011 ], [ -53.7269885, -29.6875242 ], [ -53.7268783, -29.6876163 ], [ -53.7266917, -29.687631 ], [ -53.7265603, -29.6877047 ], [ -53.7265221, -29.6878041 ], [ -53.726378, -29.6879257 ], [ -53.7263144, -29.687933 ], [ -53.7261024, -29.688003 ], [ -53.7256488, -29.6884855 ], [ -53.7255471, -29.6887138 ], [ -53.7254538, -29.6888795 ], [ -53.7253393, -29.6889348 ], [ -53.7252418, -29.6890195 ], [ -53.7251401, -29.6891889 ], [ -53.7250383, -29.689310400000011 ], [ -53.7247882, -29.689443 ], [ -53.7246229, -29.6896272 ], [ -53.724483, -29.6897966 ], [ -53.7244872, -29.6899402 ], [ -53.7245974, -29.690039699999989 ], [ -53.7246695, -29.6901501 ], [ -53.7247272, -29.6903567 ], [ -53.7248157, -29.6901438 ], [ -53.7250295, -29.690042300000012 ], [ -53.7252147, -29.6901141 ], [ -53.7256622, -29.6901983 ], [ -53.7257392, -29.6900472 ], [ -53.7260071, -29.6899383 ], [ -53.7265458, -29.6898863 ], [ -53.7267811, -29.6898977 ], [ -53.72711240000001, -29.6899703 ], [ -53.7273073, -29.6900572 ], [ -53.7274066, -29.6902663 ], [ -53.7277309, -29.6903761 ], [ -53.7279169, -29.6906437 ], [ -53.728204, -29.6906898 ], [ -53.7284698, -29.690762399999986 ], [ -53.7286842, -29.6909059 ], [ -53.7288685, -29.6909981 ], [ -53.7290386, -29.6911257 ], [ -53.7291662, -29.6912657 ], [ -53.7292796, -29.6914535 ], [ -53.72936820000001, -29.691517300000012 ], [ -53.7294922, -29.6915173 ], [ -53.729673, -29.6914978 ], [ -53.7297066, -29.691535 ], [ -53.7297369, -29.6916116 ], [ -53.7297497, -29.6916464 ], [ -53.7297687, -29.6917069 ], [ -53.7298271, -29.6919231 ], [ -53.7299264, -29.692017 ], [ -53.7301709, -29.6922757 ], [ -53.7302453, -29.6924281 ], [ -53.730201, -29.6925858 ], [ -53.730289, -29.6926882 ], [ -53.7304719, -29.6928561 ], [ -53.7305872, -29.6929839 ], [ -53.730715, -29.693232 ], [ -53.7308553, -29.6934124 ], [ -53.7308829, -29.6935778 ], [ -53.7309481, -29.6937031 ], [ -53.7309806, -29.6940239 ], [ -53.731131, -29.6943346 ], [ -53.7311586, -29.6944349 ], [ -53.7311483, -29.6945456 ], [ -53.7311438, -29.6946203 ], [ -53.7312431, -29.694635399999989 ], [ -53.7313635, -29.6946347 ], [ -53.7316008, -29.6946347 ], [ -53.7318472, -29.6945985 ], [ -53.7320874, -29.6945283 ], [ -53.7323309, -29.6944347 ], [ -53.7325275, -29.694331900000012 ], [ -53.7326767, -29.6942177 ], [ -53.7328458, -29.6940644 ], [ -53.732984, -29.6939058 ], [ -53.7331321, -29.6937148 ], [ -53.733246, -29.6935372 ], [ -53.7333095, -29.6934583 ], [ -53.7333839, -29.6933963 ], [ -53.7334375, -29.693380399999988 ], [ -53.7334905, -29.6933915 ], [ -53.7335426, -29.6934613 ], [ -53.7337295, -29.6937619 ], [ -53.73389490000001, -29.694028 ], [ -53.7342432, -29.6945883 ], [ -53.7344882, -29.6949825 ], [ -53.7347828, -29.6954565 ], [ -53.7348686, -29.6955945 ], [ -53.7352264, -29.6961702 ], [ -53.7354689, -29.6965604 ], [ -53.7354942, -29.6966011 ], [ -53.735543, -29.6966804 ], [ -53.7370347, -29.6959813 ], [ -53.737894, -29.695564 ], [ -53.7387593, -29.695160799999989 ], [ -53.7390795, -29.6950225 ], [ -53.7393734, -29.6949123 ], [ -53.7397211, -29.6948125 ], [ -53.7399638, -29.6947447 ], [ -53.7404144, -29.6946701 ], [ -53.7408608, -29.6946284 ], [ -53.7412477, -29.694599 ], [ -53.7417968, -29.6945854 ], [ -53.7423148, -29.6946033 ], [ -53.7440908, -29.6945687 ], [ -53.7464563, -29.6944588 ], [ -53.7469967, -29.6944216 ], [ -53.7485577, -29.6943236 ], [ -53.7506483, -29.6941603 ], [ -53.7515109, -29.6940963 ], [ -53.7521105, -29.6940784 ], [ -53.7537698, -29.6940723 ], [ -53.7541335, -29.6940812 ], [ -53.7562329, -29.6941163 ], [ -53.7578786, -29.694160300000011 ], [ -53.7595063, -29.6941885 ], [ -53.7616656, -29.6942357 ], [ -53.76263860000001, -29.6942703 ], [ -53.7630236, -29.6942984 ], [ -53.763364, -29.694357 ], [ -53.7636532, -29.694413399999984 ], [ -53.76393920000001, -29.694485 ], [ -53.7643264, -29.6945972 ], [ -53.7643457, -29.6945617 ] ] ] } },
{ "type": "Feature", "properties": { "name": "São José", "code_muni": 4316907.0, "name_muni": "Santa Maria" }, "geometry": { "type": "Polygon", "coordinates": [ [ [ -53.7393841, -29.6950022 ], [ -53.7393864, -29.695119 ], [ -53.7393533, -29.6954961 ], [ -53.7394497, -29.6954921 ], [ -53.7395409, -29.6954884 ], [ -53.739377, -29.6965395 ], [ -53.7393011, -29.6975538 ], [ -53.7392916, -29.697626 ], [ -53.7398714, -29.6974857 ], [ -53.7401652, -29.6974504 ], [ -53.7400372, -29.6999123 ], [ -53.739913, -29.701568 ], [ -53.7395752, -29.7015223 ], [ -53.7395587, -29.7055087 ], [ -53.7396321, -29.7060548 ], [ -53.7399004, -29.7061072 ], [ -53.7402349, -29.7061716 ], [ -53.7406031, -29.7062431 ], [ -53.7416128, -29.7064326 ], [ -53.7420454, -29.7065208 ], [ -53.7424656, -29.706605 ], [ -53.7425508, -29.706622199999988 ], [ -53.7427119, -29.7066517 ], [ -53.7428993, -29.7066934 ], [ -53.7429768, -29.7067107 ], [ -53.7435697, -29.7068327 ], [ -53.7442106, -29.7069549 ], [ -53.7442525, -29.7069617 ], [ -53.7447724, -29.7070506 ], [ -53.7452506, -29.7071501 ], [ -53.7453441, -29.70717 ], [ -53.7454867, -29.7072003 ], [ -53.7456033, -29.7072203 ], [ -53.7457149, -29.7072397 ], [ -53.7461712, -29.707300299999989 ], [ -53.7466769, -29.7073488 ], [ -53.7473231, -29.707382 ], [ -53.747546, -29.7073918 ], [ -53.7480248, -29.7074049 ], [ -53.748116, -29.7074079 ], [ -53.7484533, -29.7074279 ], [ -53.7486424, -29.7074391 ], [ -53.7489456, -29.7074622 ], [ -53.7492811, -29.7074564 ], [ -53.749771, -29.7074558 ], [ -53.7498229, -29.7074564 ], [ -53.7502065, -29.7074834 ], [ -53.7511955, -29.7075427 ], [ -53.7516068, -29.7075201 ], [ -53.7518743, -29.7075306 ], [ -53.7529724, -29.7075777 ], [ -53.7543216, -29.7076269 ], [ -53.7545433, -29.7076356 ], [ -53.7545895, -29.7076374 ], [ -53.7547786, -29.707644800000015 ], [ -53.7558755, -29.707688 ], [ -53.7560522, -29.707697 ], [ -53.7565291, -29.7077187 ], [ -53.7572173, -29.7077448 ], [ -53.757478, -29.7077556 ], [ -53.7578393, -29.7077707 ], [ -53.7583972, -29.7077939 ], [ -53.758559, -29.7078006 ], [ -53.7593724, -29.7078344 ], [ -53.7594387, -29.7078372 ], [ -53.7595037, -29.7078399 ], [ -53.7595715, -29.7078427 ], [ -53.7599062, -29.7078566 ], [ -53.7609262, -29.7079142 ], [ -53.7609821, -29.7079165 ], [ -53.7612212, -29.7079338 ], [ -53.7613927, -29.7079461 ], [ -53.7620719, -29.7079732 ], [ -53.7624645, -29.7079913 ], [ -53.7626521, -29.708 ], [ -53.7628109, -29.7080073 ], [ -53.763825, -29.708054299999986 ], [ -53.7641803, -29.7080707 ], [ -53.7644707, -29.7080657 ], [ -53.7646294, -29.7080714 ], [ -53.7660242, -29.7081216 ], [ -53.7661564, -29.7081263 ], [ -53.7662658, -29.7081302 ], [ -53.7668027, -29.7081535 ], [ -53.7672062, -29.708170899999988 ], [ -53.7675356, -29.7081852 ], [ -53.7677298, -29.7081936 ], [ -53.7680915, -29.7082092 ], [ -53.76822940000001, -29.708215199999987 ], [ -53.7690859, -29.7082528 ], [ -53.7700473, -29.7082949 ], [ -53.7710627, -29.708332 ], [ -53.7712232, -29.7083379 ], [ -53.7720858, -29.7083694 ], [ -53.7728824, -29.7083985 ], [ -53.7735936, -29.7083981 ], [ -53.7739125, -29.7083873 ], [ -53.774477, -29.7083627 ], [ -53.7746873, -29.7083497 ], [ -53.7747958, -29.7083413 ], [ -53.7754248, -29.7082928 ], [ -53.7756638, -29.7082744 ], [ -53.7756588, -29.7081225 ], [ -53.7756588, -29.7080788 ], [ -53.7756756, -29.7080468 ], [ -53.775749, -29.70793960000001 ], [ -53.7757822, -29.707888299999986 ], [ -53.7757597, -29.707839700000012 ], [ -53.7757256, -29.707771599999987 ], [ -53.7752813, -29.7070368 ], [ -53.7750781, -29.7066862 ], [ -53.7748703, -29.7063339 ], [ -53.7748066, -29.706154500000014 ], [ -53.7748045, -29.7061146 ], [ -53.7748149, -29.7060904 ], [ -53.7754325, -29.7057704 ], [ -53.776138, -29.7054248 ], [ -53.7766137, -29.7052587 ], [ -53.7766425, -29.7042569 ], [ -53.7774123, -29.703810800000014 ], [ -53.7776591, -29.7036599 ], [ -53.7773181, -29.7032149 ], [ -53.7770732, -29.7029023 ], [ -53.7768563, -29.702627899999989 ], [ -53.7763534, -29.701945 ], [ -53.7753454, -29.702431 ], [ -53.7739381, -29.7015364 ], [ -53.773514, -29.7013795 ], [ -53.7719363, -29.7010363 ], [ -53.7709416, -29.7008705 ], [ -53.7708393, -29.7008822 ], [ -53.7704994, -29.701056399999985 ], [ -53.7698483, -29.7013446 ], [ -53.7697975, -29.7013706 ], [ -53.7684966, -29.700641 ], [ -53.7684387, -29.7006085 ], [ -53.7690987, -29.7002045 ], [ -53.7692004, -29.7001372 ], [ -53.7702973, -29.6994788 ], [ -53.7697217, -29.6972063 ], [ -53.7695694, -29.6964532 ], [ -53.7695661, -29.69640570000001 ], [ -53.769548, -29.6962601 ], [ -53.7694226, -29.6962723 ], [ -53.7691606, -29.696278 ], [ -53.7689881, -29.6962758 ], [ -53.7688927, -29.696272799999985 ], [ -53.7686942, -29.6962621 ], [ -53.7684691, -29.6962503 ], [ -53.7681804, -29.6962003 ], [ -53.7677924, -29.6961061 ], [ -53.7676663, -29.6960705 ], [ -53.7674785, -29.695994 ], [ -53.7671233, -29.6958407 ], [ -53.7667816, -29.6956786 ], [ -53.7654332, -29.6950127 ], [ -53.7648878, -29.6947918 ], [ -53.7643264, -29.6945972 ], [ -53.76393920000001, -29.694485 ], [ -53.7636532, -29.694413399999984 ], [ -53.763364, -29.694357 ], [ -53.7630236, -29.6942984 ], [ -53.76263860000001, -29.6942703 ], [ -53.7616656, -29.6942357 ], [ -53.7595063, -29.6941885 ], [ -53.7578786, -29.694160300000011 ], [ -53.7562329, -29.6941163 ], [ -53.7541335, -29.6940812 ], [ -53.7537698, -29.6940723 ], [ -53.7521105, -29.6940784 ], [ -53.7515109, -29.6940963 ], [ -53.7506483, -29.6941603 ], [ -53.7485577, -29.6943236 ], [ -53.7469967, -29.6944216 ], [ -53.7464563, -29.6944588 ], [ -53.7440908, -29.6945687 ], [ -53.7423148, -29.6946033 ], [ -53.7417968, -29.6945854 ], [ -53.7412477, -29.694599 ], [ -53.7408608, -29.6946284 ], [ -53.7404144, -29.6946701 ], [ -53.7399638, -29.6947447 ], [ -53.7397211, -29.6948125 ], [ -53.7393734, -29.6949123 ], [ -53.7393841, -29.6950022 ] ] ] } },
{ "type": "Feature", "properties": { "name": "Dom Antônio Reis", "code_muni": 4316907.0, "name_muni": "Santa Maria" }, "geometry": { "type": "Polygon", "coordinates": [ [ [ -53.7930536, -29.7161455 ], [ -53.7937081, -29.716490300000011 ], [ -53.7942338, -29.7167418 ], [ -53.7947917, -29.7172963 ], [ -53.7956444, -29.7182709 ], [ -53.796877, -29.7187711 ], [ -53.797586, -29.7189472 ], [ -53.7987459, -29.7188881 ], [ -53.7990844, -29.7190506 ], [ -53.8001374, -29.7194434 ], [ -53.8007726, -29.7194155 ], [ -53.8015526, -29.7195768 ], [ -53.8025871, -29.7199362 ], [ -53.8034076, -29.7202274 ], [ -53.80412110000001, -29.7205992 ], [ -53.8042781, -29.7210143 ], [ -53.8045135, -29.7211754 ], [ -53.8047804, -29.7212847 ], [ -53.8048592, -29.7214401 ], [ -53.804841, -29.7215375 ], [ -53.8049381, -29.7216113 ], [ -53.8050169, -29.721611299999985 ], [ -53.805208, -29.7216007 ], [ -53.805305, -29.7216007 ], [ -53.8054142, -29.721600699999989 ], [ -53.8054445, -29.7216692 ], [ -53.8057296, -29.7218957 ], [ -53.8059692, -29.7219668 ], [ -53.8063712, -29.7219781 ], [ -53.8067063, -29.7219662 ], [ -53.8067862, -29.721941699999984 ], [ -53.8070484, -29.721847 ], [ -53.8071924, -29.7214445 ], [ -53.8072927, -29.721206 ], [ -53.8074199, -29.7208716 ], [ -53.8075815, -29.72048280000001 ], [ -53.807598, -29.720443199999988 ], [ -53.8076565, -29.7203122 ], [ -53.8076645, -29.720294 ], [ -53.8076753, -29.7202728 ], [ -53.8077198, -29.7201718 ], [ -53.80776190000001, -29.7200846 ], [ -53.8078782, -29.7198321 ], [ -53.8079014, -29.7197747 ], [ -53.8079628, -29.7196365 ], [ -53.8079874, -29.719572399999986 ], [ -53.8080273, -29.7194958 ], [ -53.808036, -29.7194765 ], [ -53.8082444, -29.7190671 ], [ -53.8091691, -29.7169674 ], [ -53.8095702, -29.7161055 ], [ -53.8100679, -29.7150339 ], [ -53.8093042, -29.71474 ], [ -53.8087742, -29.7144041 ], [ -53.8073713, -29.7134016 ], [ -53.8065353, -29.7127547 ], [ -53.8056249, -29.7120203 ], [ -53.8051571, -29.711643 ], [ -53.8045899, -29.7112094 ], [ -53.8033265, -29.7134938 ], [ -53.8023937, -29.7133509 ], [ -53.8024958, -29.7131777 ], [ -53.8002332, -29.7128873 ], [ -53.7980612, -29.7126086 ], [ -53.7959434, -29.7124808 ], [ -53.7931909, -29.7122904 ], [ -53.7891194, -29.7138474 ], [ -53.7907675, -29.7152041 ], [ -53.7915739, -29.7153442 ], [ -53.7921787, -29.7157119 ], [ -53.7925273, -29.715886 ], [ -53.7930536, -29.7161455 ] ] ] } },
{ "type": "Feature", "properties": { "name": "Cerrito", "code_muni": 4316907.0, "name_muni": "Santa Maria" }, "geometry": { "type": "Polygon", "coordinates": [ [ [ -53.7921787, -29.7157119 ], [ -53.7915739, -29.7153442 ], [ -53.7907675, -29.7152041 ], [ -53.7891194, -29.7138474 ], [ -53.7931909, -29.7122904 ], [ -53.7959434, -29.7124808 ], [ -53.7980612, -29.7126086 ], [ -53.8002332, -29.7128873 ], [ -53.8024958, -29.7131777 ], [ -53.8023937, -29.7133509 ], [ -53.8033265, -29.7134938 ], [ -53.8045899, -29.7112094 ], [ -53.8022492, -29.7093748 ], [ -53.7996026, -29.707255 ], [ -53.7988277, -29.7066513 ], [ -53.797666, -29.7057454 ], [ -53.7975952, -29.7056894 ], [ -53.796569, -29.7048773 ], [ -53.794708, -29.7033427 ], [ -53.7946405, -29.7032796 ], [ -53.7945825, -29.7032323 ], [ -53.7930266, -29.7018593 ], [ -53.7925975, -29.7014816 ], [ -53.7916012, -29.7005523 ], [ -53.7876278, -29.6969959 ], [ -53.7867239, -29.696176799999986 ], [ -53.7863756, -29.695882 ], [ -53.7861431, -29.6956843 ], [ -53.7858761, -29.6955183 ], [ -53.785556, -29.695336 ], [ -53.7851101, -29.6951415 ], [ -53.784838, -29.695033 ], [ -53.7846653, -29.6949931 ], [ -53.7842143, -29.694926 ], [ -53.7837667, -29.6948758 ], [ -53.783349800000011, -29.6948564 ], [ -53.7830313, -29.6948642 ], [ -53.7827336, -29.6949042 ], [ -53.7823577, -29.694976 ], [ -53.781926, -29.6950956 ], [ -53.7817242, -29.6951505 ], [ -53.7808679, -29.6954015 ], [ -53.7799642, -29.6956342 ], [ -53.7788158, -29.6959423 ], [ -53.7784627, -29.6960373 ], [ -53.7781321, -29.6961044 ], [ -53.7778375, -29.6961421 ], [ -53.777567, -29.6961469 ], [ -53.7773563, -29.696128200000015 ], [ -53.7771377, -29.6961095 ], [ -53.7767882, -29.6960397 ], [ -53.776306, -29.695851 ], [ -53.7760705, -29.6957338 ], [ -53.7757111, -29.6955603 ], [ -53.7754336, -29.695328699999987 ], [ -53.7746314, -29.6954677 ], [ -53.7741736, -29.6955292 ], [ -53.773573, -29.6956212 ], [ -53.77263, -29.6957803 ], [ -53.7711106, -29.6960263 ], [ -53.7707028, -29.6960924 ], [ -53.770475, -29.696126599999989 ], [ -53.7701926, -29.6961676 ], [ -53.7697028, -29.696245 ], [ -53.769548, -29.6962601 ], [ -53.7695661, -29.69640570000001 ], [ -53.7695694, -29.6964532 ], [ -53.7697217, -29.6972063 ], [ -53.7702973, -29.6994788 ], [ -53.7692004, -29.7001372 ], [ -53.7690987, -29.7002045 ], [ -53.7684387, -29.7006085 ], [ -53.7684966, -29.700641 ], [ -53.7697975, -29.7013706 ], [ -53.7698483, -29.7013446 ], [ -53.7704994, -29.701056399999985 ], [ -53.7708393, -29.7008822 ], [ -53.7709416, -29.7008705 ], [ -53.7719363, -29.7010363 ], [ -53.773514, -29.7013795 ], [ -53.7739381, -29.7015364 ], [ -53.7753454, -29.702431 ], [ -53.7763534, -29.701945 ], [ -53.7768563, -29.702627899999989 ], [ -53.7770732, -29.7029023 ], [ -53.7773181, -29.7032149 ], [ -53.7776591, -29.7036599 ], [ -53.7774123, -29.703810800000014 ], [ -53.7766425, -29.7042569 ], [ -53.7766137, -29.7052587 ], [ -53.776138, -29.7054248 ], [ -53.7754325, -29.7057704 ], [ -53.7748149, -29.7060904 ], [ -53.7748045, -29.7061146 ], [ -53.7748066, -29.706154500000014 ], [ -53.7748703, -29.7063339 ], [ -53.7750781, -29.7066862 ], [ -53.7752813, -29.7070368 ], [ -53.7757256, -29.707771599999987 ], [ -53.7757597, -29.707839700000012 ], [ -53.7757822, -29.707888299999986 ], [ -53.775749, -29.70793960000001 ], [ -53.7756756, -29.7080468 ], [ -53.7756588, -29.7080788 ], [ -53.7756588, -29.7081225 ], [ -53.7756638, -29.7082744 ], [ -53.7759449, -29.7082527 ], [ -53.7760143, -29.7082474 ], [ -53.7765171, -29.7082022 ], [ -53.7765854, -29.708196 ], [ -53.7767243, -29.7081835 ], [ -53.7778031, -29.7080865 ], [ -53.7794065, -29.7079423 ], [ -53.7797536, -29.7079111 ], [ -53.7800927, -29.7078806 ], [ -53.7801557, -29.7078749 ], [ -53.7802332, -29.707867 ], [ -53.7806865, -29.7078294 ], [ -53.7809497, -29.7078029 ], [ -53.781071, -29.7077925 ], [ -53.7812972, -29.707772 ], [ -53.7818802, -29.7077258 ], [ -53.7821724, -29.7076928 ], [ -53.7822333, -29.7076873 ], [ -53.7827132, -29.7076438 ], [ -53.7837414, -29.7075508 ], [ -53.7840127, -29.7075262 ], [ -53.7842942, -29.7074935 ], [ -53.7844873, -29.7074573 ], [ -53.7847991, -29.7073805 ], [ -53.78501570000001, -29.707303 ], [ -53.7853209, -29.7071853 ], [ -53.7853708, -29.7071642 ], [ -53.7857848, -29.7069745 ], [ -53.785876, -29.7070758 ], [ -53.7859164, -29.7071463 ], [ -53.7860866, -29.7073665 ], [ -53.786959, -29.708629800000011 ], [ -53.7877764, -29.7098802 ], [ -53.7877173, -29.7098986 ], [ -53.7874143, -29.7099932 ], [ -53.7872596, -29.7101393 ], [ -53.7870879, -29.710884700000012 ], [ -53.7862082, -29.7108847 ], [ -53.785543, -29.710884700000012 ], [ -53.7845345, -29.7116116 ], [ -53.7835474, -29.7124689 ], [ -53.783324, -29.713245 ], [ -53.7831826, -29.713736099999984 ], [ -53.7827468, -29.7147505 ], [ -53.7826462, -29.714984799999986 ], [ -53.7824531, -29.715637 ], [ -53.7827535, -29.7166247 ], [ -53.7816806, -29.7176683 ], [ -53.7814875, -29.7185255 ], [ -53.7818519, -29.7185351 ], [ -53.7849548, -29.7185455 ], [ -53.7855075, -29.7185396 ], [ -53.7856817, -29.7183959 ], [ -53.7862481, -29.7184043 ], [ -53.7862666, -29.718036499999986 ], [ -53.7869783, -29.7180399 ], [ -53.7870889, -29.7180713 ], [ -53.7871703, -29.7181202 ], [ -53.7872345, -29.7182328 ], [ -53.7872059, -29.7188297 ], [ -53.787922, -29.7185209 ], [ -53.7897759, -29.7185259 ], [ -53.7914442, -29.7185675 ], [ -53.792558, -29.718022399999985 ], [ -53.7922672, -29.7161564 ], [ -53.7925273, -29.715886 ], [ -53.7921787, -29.7157119 ] ] ] } },
{ "type": "Feature", "properties": { "name": "Nova Santa Marta", "code_muni": 4316907.0, "name_muni": "Santa Maria" }, "geometry": { "type": "Polygon", "coordinates": [ [ [ -53.8481718, -29.6806641 ], [ -53.8477154, -29.6819469 ], [ -53.8472135, -29.6831405 ], [ -53.8461729, -29.6857115 ], [ -53.8467174, -29.6860545 ], [ -53.8468624, -29.6861176 ], [ -53.8469909, -29.6861579 ], [ -53.8471223, -29.686185 ], [ -53.8474624, -29.68624 ], [ -53.8475452, -29.6862545 ], [ -53.8475962, -29.6862641 ], [ -53.8481605, -29.686362599999988 ], [ -53.8485538, -29.6864317 ], [ -53.8488185, -29.6864782 ], [ -53.8494519, -29.6865896 ], [ -53.8500854, -29.6867007 ], [ -53.85014, -29.6867102 ], [ -53.8502308, -29.6867262 ], [ -53.8503303, -29.686731 ], [ -53.8503789, -29.6867295 ], [ -53.8504786, -29.6867153 ], [ -53.8505609, -29.6866931 ], [ -53.8507325, -29.6866372 ], [ -53.8507925, -29.686615 ], [ -53.8518779, -29.6861752 ], [ -53.8522808, -29.6860519 ], [ -53.8524769, -29.6866035 ], [ -53.8527442, -29.6865256 ], [ -53.8530032, -29.6864501 ], [ -53.8547593, -29.6859382 ], [ -53.8550456, -29.6858435 ], [ -53.8560872, -29.6873411 ], [ -53.8565439, -29.6880163 ], [ -53.8568215, -29.688426799999984 ], [ -53.856909, -29.6886003 ], [ -53.8578258, -29.6887281 ], [ -53.8587369, -29.6888513 ], [ -53.85929620000001, -29.688851099999987 ], [ -53.8593309, -29.6888479 ], [ -53.8593632, -29.688845 ], [ -53.8600492, -29.6887828 ], [ -53.8610166, -29.6886951 ], [ -53.86164, -29.6886386 ], [ -53.8626988, -29.6885426 ], [ -53.8633375, -29.6884847 ], [ -53.863966, -29.6884277 ], [ -53.8645994, -29.6883702 ], [ -53.8652477, -29.6883115 ], [ -53.8665016, -29.6881978 ], [ -53.8670847, -29.6881449 ], [ -53.8671388, -29.68814 ], [ -53.8676239, -29.688072 ], [ -53.8676594, -29.6878117 ], [ -53.8676898, -29.687199 ], [ -53.8677023, -29.6870076 ], [ -53.8678424, -29.6848787 ], [ -53.8678567, -29.6846614 ], [ -53.8679677, -29.6829735 ], [ -53.8679926, -29.6825944 ], [ -53.8679979, -29.6823825 ], [ -53.8679744, -29.6822483 ], [ -53.867611, -29.680165 ], [ -53.8672648, -29.6780142 ], [ -53.8671039, -29.6780608 ], [ -53.866771300000011, -29.6782659 ], [ -53.866031, -29.6785269 ], [ -53.8656019, -29.678443 ], [ -53.8650869, -29.678238 ], [ -53.8645075, -29.677977 ], [ -53.8640891, -29.6782939 ], [ -53.8638101, -29.678238 ], [ -53.8635097, -29.6781075 ], [ -53.863124, -29.6782752 ], [ -53.862704, -29.6783837 ], [ -53.8623301, -29.678480299999986 ], [ -53.86174, -29.6786388 ], [ -53.8611928, -29.678704 ], [ -53.8609032, -29.678725 ], [ -53.8606855, -29.6789718 ], [ -53.8604844, -29.6789509 ], [ -53.8602564, -29.6788833 ], [ -53.8602242, -29.678818 ], [ -53.8599913, -29.678704 ], [ -53.8599295, -29.6784617 ], [ -53.8597441, -29.6783816 ], [ -53.8592187, -29.6783591 ], [ -53.8585214, -29.678471 ], [ -53.8582853, -29.6784244 ], [ -53.8580386, -29.6783405 ], [ -53.8570122, -29.6761028 ], [ -53.8538794, -29.6777868 ], [ -53.8533118, -29.6779401 ], [ -53.8525491, -29.6782802 ], [ -53.8516769, -29.6786014 ], [ -53.8515773, -29.6786381 ], [ -53.8515264, -29.6785673 ], [ -53.8503844, -29.678976 ], [ -53.8499571, -29.6791289 ], [ -53.8492872, -29.6796451 ], [ -53.8481718, -29.6806641 ] ] ] } },
{ "type": "Feature", "properties": { "name": "Km 3", "code_muni": 4316907.0, "name_muni": "Santa Maria" }, "geometry": { "type": "Polygon", "coordinates": [ [ [ -53.7677924, -29.6961061 ], [ -53.7681804, -29.6962003 ], [ -53.7684691, -29.6962503 ], [ -53.7686942, -29.6962621 ], [ -53.7688927, -29.696272799999985 ], [ -53.7689881, -29.6962758 ], [ -53.7691606, -29.696278 ], [ -53.7694226, -29.6962723 ], [ -53.769548, -29.6962601 ], [ -53.7697028, -29.696245 ], [ -53.7701926, -29.6961676 ], [ -53.770475, -29.696126599999989 ], [ -53.7707028, -29.6960924 ], [ -53.7711106, -29.6960263 ], [ -53.77263, -29.6957803 ], [ -53.773573, -29.6956212 ], [ -53.7741736, -29.6955292 ], [ -53.7746314, -29.6954677 ], [ -53.7754336, -29.695328699999987 ], [ -53.7757111, -29.6955603 ], [ -53.7760705, -29.6957338 ], [ -53.776306, -29.695851 ], [ -53.7767882, -29.6960397 ], [ -53.7771377, -29.6961095 ], [ -53.7773563, -29.696128200000015 ], [ -53.777567, -29.6961469 ], [ -53.7778375, -29.6961421 ], [ -53.7781321, -29.6961044 ], [ -53.7784627, -29.6960373 ], [ -53.7788158, -29.6959423 ], [ -53.7799642, -29.6956342 ], [ -53.7808679, -29.6954015 ], [ -53.7817242, -29.6951505 ], [ -53.781926, -29.6950956 ], [ -53.7823577, -29.694976 ], [ -53.7827336, -29.6949042 ], [ -53.7830313, -29.6948642 ], [ -53.783349800000011, -29.6948564 ], [ -53.7837667, -29.6948758 ], [ -53.7842143, -29.694926 ], [ -53.7846653, -29.6949931 ], [ -53.784838, -29.695033 ], [ -53.7843165, -29.694372100000013 ], [ -53.7838083, -29.693711799999985 ], [ -53.7837285, -29.6936082 ], [ -53.7834412, -29.6932349 ], [ -53.7834126, -29.6931978 ], [ -53.7843657, -29.6928903 ], [ -53.7847026, -29.692778 ], [ -53.7851196, -29.692656 ], [ -53.785393, -29.6925876 ], [ -53.7856733, -29.692529 ], [ -53.7858452, -29.6924933 ], [ -53.7858179, -29.6924588 ], [ -53.78573320000001, -29.6923578 ], [ -53.7851806, -29.6916513 ], [ -53.7848751, -29.6912642 ], [ -53.784762, -29.6912034 ], [ -53.784174, -29.6908768 ], [ -53.7837372, -29.6902318 ], [ -53.7837112, -29.6901934 ], [ -53.7839143, -29.6900882 ], [ -53.7842446, -29.6899062 ], [ -53.7843283, -29.6898613 ], [ -53.7844315, -29.6898119 ], [ -53.7845364, -29.6897755 ], [ -53.7840656, -29.6893441 ], [ -53.7847666, -29.6887528 ], [ -53.7851125, -29.6884696 ], [ -53.7861209, -29.6879415 ], [ -53.7865013, -29.6877423 ], [ -53.7872359, -29.6873859 ], [ -53.7879204, -29.6869991 ], [ -53.7879666, -29.6869681 ], [ -53.7877093, -29.6869045 ], [ -53.787598, -29.6868844 ], [ -53.7875569, -29.6868286 ], [ -53.787547, -29.6867464 ], [ -53.7875355, -29.6866511 ], [ -53.7875092, -29.686587 ], [ -53.7874468, -29.6865147 ], [ -53.7873351, -29.686357 ], [ -53.7872628, -29.6862567 ], [ -53.7871954, -29.6861598 ], [ -53.787133, -29.6861039 ], [ -53.7869686, -29.6860694 ], [ -53.7867698, -29.686021799999985 ], [ -53.78666470000001, -29.6859741 ], [ -53.7865217, -29.6858887 ], [ -53.7863738, -29.6857868 ], [ -53.7862604, -29.6857079 ], [ -53.7861421, -29.6856406 ], [ -53.7860299, -29.6855981 ], [ -53.7858881, -29.6855888 ], [ -53.7857743, -29.6855981 ], [ -53.7856464, -29.6856236 ], [ -53.7855163, -29.6856562 ], [ -53.7853025, -29.6856748 ], [ -53.7852468, -29.6856771 ], [ -53.7851608, -29.6856655 ], [ -53.7850004, -29.6856074 ], [ -53.7848401, -29.6855307 ], [ -53.7847681, -29.6854796 ], [ -53.7846124, -29.6854656 ], [ -53.7844864, -29.6854368 ], [ -53.7843586, -29.6853996 ], [ -53.7842145, -29.6853926 ], [ -53.7840449, -29.685413499999985 ], [ -53.7839194, -29.6854437 ], [ -53.7837149, -29.6855437 ], [ -53.7835778, -29.6856041 ], [ -53.7834128, -29.6856482 ], [ -53.7832502, -29.6856622 ], [ -53.7830968, -29.6856738 ], [ -53.7829419, -29.6856299 ], [ -53.7828673, -29.6855996 ], [ -53.7828308, -29.6856519 ], [ -53.7817534, -29.687291900000012 ], [ -53.7814781, -29.6877137 ], [ -53.7810337, -29.6881688 ], [ -53.7808544, -29.6883538 ], [ -53.7805475, -29.6886705 ], [ -53.7803717, -29.688852 ], [ -53.7798473, -29.689288499999989 ], [ -53.7792078, -29.6897538 ], [ -53.778963, -29.6899132 ], [ -53.7784936, -29.690206 ], [ -53.7775513, -29.6906576 ], [ -53.7765986, -29.6910359 ], [ -53.7744527, -29.6916685 ], [ -53.7742868, -29.6917168 ], [ -53.7741085, -29.6906413 ], [ -53.7740824, -29.6904609 ], [ -53.774069, -29.6903328 ], [ -53.77405550000001, -29.6900974 ], [ -53.7740536, -29.6900216 ], [ -53.7740669, -29.6898577 ], [ -53.7742109, -29.6893997 ], [ -53.7742641, -29.6892724 ], [ -53.7743008, -29.6891843 ], [ -53.7743408, -29.6890998 ], [ -53.7743985, -29.6889986 ], [ -53.7746238, -29.688645 ], [ -53.7749968, -29.68829160000001 ], [ -53.7759744, -29.687506 ], [ -53.7772321, -29.686495300000011 ], [ -53.7777528, -29.6860424 ], [ -53.778014, -29.6857129 ], [ -53.7781592, -29.6854597 ], [ -53.778218, -29.6853301 ], [ -53.7782579, -29.6851975 ], [ -53.7783782, -29.6846214 ], [ -53.7786296, -29.6834006 ], [ -53.7786393, -29.6833126 ], [ -53.7786379, -29.683067100000013 ], [ -53.7785999, -29.6828955 ], [ -53.7785137, -29.6826311 ], [ -53.77838710000001, -29.6824089 ], [ -53.7782332, -29.6822253 ], [ -53.7779914, -29.6820188 ], [ -53.7777615, -29.6818513 ], [ -53.7771608, -29.6813938 ], [ -53.7769936, -29.6812249 ], [ -53.7769175, -29.681114399999988 ], [ -53.7768547, -29.6809746 ], [ -53.7768301, -29.6809125 ], [ -53.7767994, -29.6808172 ], [ -53.7767974, -29.680687499999987 ], [ -53.7768393, -29.6805159 ], [ -53.7770316, -29.6801411 ], [ -53.7772701, -29.6797438 ], [ -53.7777782, -29.6787578 ], [ -53.7778254, -29.6786775 ], [ -53.7779692, -29.6784491 ], [ -53.7780816, -29.6781546 ], [ -53.7781651, -29.6778256 ], [ -53.7782451, -29.677209799999989 ], [ -53.7782796, -29.6767727 ], [ -53.7782766, -29.6764542 ], [ -53.7782086, -29.6762849 ], [ -53.7781382, -29.6761543 ], [ -53.7780444, -29.676023 ], [ -53.7779375, -29.6759246 ], [ -53.7777655, -29.6757795 ], [ -53.7765309, -29.6748664 ], [ -53.776235, -29.674699 ], [ -53.7759466, -29.6745926 ], [ -53.7757295, -29.6745323 ], [ -53.7755129, -29.6745069 ], [ -53.7752671, -29.6745001 ], [ -53.7747413, -29.6745019 ], [ -53.7735859, -29.6746045 ], [ -53.7733757, -29.6745903 ], [ -53.7732502, -29.6745563 ], [ -53.7732009, -29.674543 ], [ -53.773046, -29.6744815 ], [ -53.7728766, -29.6743724 ], [ -53.7727306, -29.6742379 ], [ -53.7726305, -29.6741094 ], [ -53.7725527, -29.6739656 ], [ -53.7725207, -29.6738471 ], [ -53.7724983, -29.6736785 ], [ -53.7725267, -29.6734933 ], [ -53.7726246, -29.6729943 ], [ -53.7727144, -29.6721903 ], [ -53.7728567, -29.6713283 ], [ -53.7729059, -29.6708272 ], [ -53.7729124, -29.6702516 ], [ -53.7729108, -29.6700406 ], [ -53.7728913, -29.6697393 ], [ -53.7728167, -29.6692369 ], [ -53.7728075, -29.6691904 ], [ -53.7727959, -29.6691286 ], [ -53.7726328, -29.6685245 ], [ -53.7725663, -29.6682981 ], [ -53.7722477, -29.667133 ], [ -53.7722223, -29.6669214 ], [ -53.7722236, -29.6667624 ], [ -53.7722512, -29.6666261 ], [ -53.7723349, -29.6663724 ], [ -53.7725204, -29.6660792 ], [ -53.7728305, -29.6658294 ], [ -53.7730938, -29.665719 ], [ -53.7734952, -29.6655546 ], [ -53.773971, -29.665392 ], [ -53.7743384, -29.6651763 ], [ -53.7746099, -29.6649256 ], [ -53.7748278, -29.6646858 ], [ -53.7749762, -29.6644846 ], [ -53.7757493, -29.663014499999985 ], [ -53.7758183, -29.6627904 ], [ -53.775831, -29.6626484 ], [ -53.7758038, -29.6624812 ], [ -53.7756873, -29.6622822 ], [ -53.7750096, -29.6613928 ], [ -53.7749137, -29.6611517 ], [ -53.7748761, -29.6609136 ], [ -53.7748835, -29.6607032 ], [ -53.7748906, -29.660310599999985 ], [ -53.7743999, -29.6592826 ], [ -53.7639541, -29.6916125 ], [ -53.7639084, -29.6916783 ], [ -53.7637867, -29.692181499999986 ], [ -53.7636872, -29.6925933 ], [ -53.7636572, -29.6927167 ], [ -53.7635949, -29.692975 ], [ -53.7635883, -29.6931682 ], [ -53.7636348, -29.6932943 ], [ -53.7636986, -29.6933958 ], [ -53.7637654, -29.6935096 ], [ -53.7642062, -29.6942363 ], [ -53.7642983, -29.694388 ], [ -53.7643457, -29.6945617 ], [ -53.7643264, -29.6945972 ], [ -53.7648878, -29.6947918 ], [ -53.7654332, -29.6950127 ], [ -53.7667816, -29.6956786 ], [ -53.7671233, -29.6958407 ], [ -53.7674785, -29.695994 ], [ -53.7676663, -29.6960705 ], [ -53.7677924, -29.6961061 ] ] ] } },
{ "type": "Feature", "properties": { "name": "Presidente João Goulart", "code_muni": 4316907.0, "name_muni": "Santa Maria" }, "geometry": { "type": "Polygon", "coordinates": [ [ [ -53.7938423, -29.6789927 ], [ -53.7938568, -29.6788662 ], [ -53.7938556, -29.6787391 ], [ -53.7937403, -29.6787098 ], [ -53.7934175, -29.678631899999985 ], [ -53.7928729, -29.6785091 ], [ -53.7925104, -29.6784347 ], [ -53.7922317, -29.6783844 ], [ -53.791845, -29.6783565 ], [ -53.7913839, -29.6783595 ], [ -53.7908064, -29.6784072 ], [ -53.7902633, -29.6784927 ], [ -53.7896208, -29.6786001 ], [ -53.789232, -29.6786835 ], [ -53.78878790000001, -29.6788304 ], [ -53.7884242, -29.679006599999987 ], [ -53.7881333, -29.6792102 ], [ -53.7879092, -29.6788472 ], [ -53.7877717, -29.6785669 ], [ -53.7877167, -29.6784778 ], [ -53.787647, -29.678407300000011 ], [ -53.7875491, -29.6783389 ], [ -53.7874187, -29.6782574 ], [ -53.786945, -29.6779564 ], [ -53.7868137, -29.6778729 ], [ -53.7867134, -29.6778092 ], [ -53.7862724, -29.677529 ], [ -53.7861785, -29.6774693 ], [ -53.7861101, -29.6774023 ], [ -53.7860524, -29.6773318 ], [ -53.7859894, -29.677213 ], [ -53.7859511, -29.677099399999989 ], [ -53.7858479, -29.6767219 ], [ -53.7857942, -29.6765482 ], [ -53.7857446, -29.676431699999988 ], [ -53.7856494, -29.676280299999984 ], [ -53.785267, -29.6759244 ], [ -53.7852081, -29.6758802 ], [ -53.7850734, -29.6757612 ], [ -53.7850372, -29.6756924 ], [ -53.7850338, -29.6755875 ], [ -53.78506, -29.675485 ], [ -53.7851337, -29.6753982 ], [ -53.7852746, -29.6752782 ], [ -53.7854127, -29.6751587 ], [ -53.7855434, -29.6750236 ], [ -53.7857325, -29.6747934 ], [ -53.7857768, -29.6745744 ], [ -53.7857889, -29.6744043 ], [ -53.7858465, -29.6741747 ], [ -53.785873, -29.6739876 ], [ -53.7858633, -29.6738567 ], [ -53.7857963, -29.6738643 ], [ -53.7850821, -29.674096 ], [ -53.7805609, -29.675543 ], [ -53.7803662, -29.675607 ], [ -53.7801535, -29.6757369 ], [ -53.7800875, -29.6757787 ], [ -53.7800477, -29.6758107 ], [ -53.77998, -29.6758863 ], [ -53.779792, -29.6761932 ], [ -53.7793601, -29.6766647 ], [ -53.7789497, -29.6770358 ], [ -53.7787717, -29.677280100000011 ], [ -53.7787279, -29.6773575 ], [ -53.7785386, -29.6776914 ], [ -53.7784573, -29.6779184 ], [ -53.7783428, -29.6782991 ], [ -53.7782722, -29.6784465 ], [ -53.778199, -29.6784737 ], [ -53.7781221, -29.6784816 ], [ -53.7779692, -29.6784491 ], [ -53.7778254, -29.6786775 ], [ -53.7777782, -29.6787578 ], [ -53.7772701, -29.6797438 ], [ -53.7770316, -29.6801411 ], [ -53.7768393, -29.6805159 ], [ -53.7767974, -29.680687499999987 ], [ -53.7767994, -29.6808172 ], [ -53.7768301, -29.6809125 ], [ -53.7768547, -29.6809746 ], [ -53.7769175, -29.681114399999988 ], [ -53.7769936, -29.6812249 ], [ -53.7771608, -29.6813938 ], [ -53.7777615, -29.6818513 ], [ -53.7779914, -29.6820188 ], [ -53.7782332, -29.6822253 ], [ -53.77838710000001, -29.6824089 ], [ -53.7785137, -29.6826311 ], [ -53.7785999, -29.6828955 ], [ -53.7786379, -29.683067100000013 ], [ -53.7786393, -29.6833126 ], [ -53.7786296, -29.6834006 ], [ -53.7783782, -29.6846214 ], [ -53.7782579, -29.6851975 ], [ -53.778218, -29.6853301 ], [ -53.7781592, -29.6854597 ], [ -53.778014, -29.6857129 ], [ -53.7777528, -29.6860424 ], [ -53.7772321, -29.686495300000011 ], [ -53.7759744, -29.687506 ], [ -53.7749968, -29.68829160000001 ], [ -53.7746238, -29.688645 ], [ -53.7743985, -29.6889986 ], [ -53.7743408, -29.6890998 ], [ -53.7743008, -29.6891843 ], [ -53.7742641, -29.6892724 ], [ -53.7742109, -29.6893997 ], [ -53.7740669, -29.6898577 ], [ -53.7740536, -29.6900216 ], [ -53.77405550000001, -29.6900974 ], [ -53.774069, -29.6903328 ], [ -53.7740824, -29.6904609 ], [ -53.7741085, -29.6906413 ], [ -53.7742868, -29.6917168 ], [ -53.7744527, -29.6916685 ], [ -53.7765986, -29.6910359 ], [ -53.7775513, -29.6906576 ], [ -53.7784936, -29.690206 ], [ -53.778963, -29.6899132 ], [ -53.7792078, -29.6897538 ], [ -53.7798473, -29.689288499999989 ], [ -53.7803717, -29.688852 ], [ -53.7805475, -29.6886705 ], [ -53.7808544, -29.6883538 ], [ -53.7810337, -29.6881688 ], [ -53.7814781, -29.6877137 ], [ -53.7817534, -29.687291900000012 ], [ -53.7828308, -29.6856519 ], [ -53.7828673, -29.6855996 ], [ -53.7829419, -29.6856299 ], [ -53.7830968, -29.6856738 ], [ -53.7832502, -29.6856622 ], [ -53.7834128, -29.6856482 ], [ -53.7835778, -29.6856041 ], [ -53.7837149, -29.6855437 ], [ -53.7839194, -29.6854437 ], [ -53.7840449, -29.685413499999985 ], [ -53.7842145, -29.6853926 ], [ -53.7843586, -29.6853996 ], [ -53.7844864, -29.6854368 ], [ -53.7846124, -29.6854656 ], [ -53.7847681, -29.6854796 ], [ -53.7848401, -29.6855307 ], [ -53.7850004, -29.6856074 ], [ -53.7851608, -29.6856655 ], [ -53.7852468, -29.6856771 ], [ -53.7853025, -29.6856748 ], [ -53.7855163, -29.6856562 ], [ -53.7856464, -29.6856236 ], [ -53.7857743, -29.6855981 ], [ -53.7858881, -29.6855888 ], [ -53.7860299, -29.6855981 ], [ -53.7861421, -29.6856406 ], [ -53.7862604, -29.6857079 ], [ -53.7863738, -29.6857868 ], [ -53.7865217, -29.6858887 ], [ -53.78666470000001, -29.6859741 ], [ -53.7867698, -29.686021799999985 ], [ -53.7869686, -29.6860694 ], [ -53.787133, -29.6861039 ], [ -53.7871954, -29.6861598 ], [ -53.7872628, -29.6862567 ], [ -53.7873351, -29.686357 ], [ -53.7874468, -29.6865147 ], [ -53.7875092, -29.686587 ], [ -53.7875355, -29.6866511 ], [ -53.787547, -29.6867464 ], [ -53.7875569, -29.6868286 ], [ -53.787598, -29.6868844 ], [ -53.7877093, -29.6869045 ], [ -53.7879666, -29.6869681 ], [ -53.7879204, -29.6869991 ], [ -53.7881111, -29.6870366 ], [ -53.7885059, -29.6867609 ], [ -53.788858, -29.6865032 ], [ -53.7888417, -29.6864715 ], [ -53.7888456, -29.6864356 ], [ -53.7888929, -29.6863669 ], [ -53.7904678, -29.6864556 ], [ -53.7912311, -29.6864968 ], [ -53.7920736, -29.6865463 ], [ -53.7924594, -29.686629 ], [ -53.7925079, -29.6866393 ], [ -53.7925703, -29.6866527 ], [ -53.7926002, -29.6860155 ], [ -53.7926144, -29.6857138 ], [ -53.7926189, -29.6856167 ], [ -53.7926346, -29.6852829 ], [ -53.7926419, -29.6851257 ], [ -53.7926492, -29.6849716 ], [ -53.7926523, -29.6849039 ], [ -53.7926602, -29.6847365 ], [ -53.7926675, -29.6846571 ], [ -53.792689, -29.684306599999989 ], [ -53.7926947, -29.68421420000001 ], [ -53.7926967, -29.6841817 ], [ -53.7927031, -29.6840766 ], [ -53.79271, -29.6839653 ], [ -53.7927155, -29.683875799999985 ], [ -53.79272910000001, -29.6836533 ], [ -53.7927317, -29.6836107 ], [ -53.7927362, -29.6835369 ], [ -53.792788, -29.6826946 ], [ -53.792805, -29.6824182 ], [ -53.7928242, -29.6822564 ], [ -53.79283740000001, -29.6821449 ], [ -53.7928677, -29.6819745 ], [ -53.792949, -29.681663300000011 ], [ -53.7930188, -29.6814513 ], [ -53.7931314, -29.681130899999989 ], [ -53.7934019, -29.6805834 ], [ -53.7934884, -29.6804018 ], [ -53.7936886, -29.679993 ], [ -53.7937604, -29.6797314 ], [ -53.7937948, -29.6795919 ], [ -53.7938198, -29.6794386 ], [ -53.7938423, -29.6789927 ] ] ] } },
{ "type": "Feature", "properties": { "name": "Campestre do Menino Deus", "code_muni": 4316907.0, "name_muni": "Santa Maria" }, "geometry": { "type": "Polygon", "coordinates": [ [ [ -53.7857452, -29.6736236 ], [ -53.7857007, -29.6735184 ], [ -53.7857131, -29.6733576 ], [ -53.7855608, -29.6732157 ], [ -53.785441, -29.672723 ], [ -53.7854367, -29.672422 ], [ -53.7856063, -29.672193199999988 ], [ -53.7855827, -29.6719553 ], [ -53.7857843, -29.671734 ], [ -53.7859409, -29.6716025 ], [ -53.7860156, -29.6713821 ], [ -53.7863325, -29.6711093 ], [ -53.786409, -29.6708649 ], [ -53.7866216, -29.6706206 ], [ -53.7868059, -29.67043970000001 ], [ -53.7869251, -29.6704351 ], [ -53.7870443, -29.6704876 ], [ -53.7871333, -29.6704675 ], [ -53.7871458, -29.6704225 ], [ -53.7871528, -29.6703975 ], [ -53.7871618, -29.6702943 ], [ -53.7872917, -29.6701072 ], [ -53.7874493, -29.6699546 ], [ -53.7873718, -29.6697469 ], [ -53.7873113, -29.6696186 ], [ -53.7873674, -29.6694803 ], [ -53.7876032, -29.6693077 ], [ -53.7878666, -29.669201 ], [ -53.7881147, -29.6689525 ], [ -53.7882154, -29.6688361 ], [ -53.7883578, -29.6687619 ], [ -53.7886297, -29.6686646 ], [ -53.7887831, -29.6681773 ], [ -53.7889593, -29.6679655 ], [ -53.7892511, -29.667387 ], [ -53.7894487, -29.6671289 ], [ -53.7896213, -29.6670315 ], [ -53.789804, -29.6669591 ], [ -53.7900325, -29.6667717 ], [ -53.7902603, -29.6665629 ], [ -53.7905397, -29.6664268 ], [ -53.7907972, -29.6663228 ], [ -53.7908073, -29.6662145 ], [ -53.79091110000001, -29.6659554 ], [ -53.7913371, -29.6653447 ], [ -53.7914758, -29.665126499999985 ], [ -53.7917051, -29.6650417 ], [ -53.7922168, -29.6651956 ], [ -53.7926862, -29.6653751 ], [ -53.7942263, -29.6674395 ], [ -53.7944067, -29.6679915 ], [ -53.7945819, -29.6681773 ], [ -53.7947995, -29.6683418 ], [ -53.7950064, -29.6684957 ], [ -53.7953037, -29.6686762 ], [ -53.7956115, -29.6688832 ], [ -53.7957123, -29.6691167 ], [ -53.7959512, -29.6693502 ], [ -53.7958822, -29.669562499999987 ], [ -53.7956327, -29.669796 ], [ -53.7961127, -29.670115 ], [ -53.7966891, -29.6699515 ], [ -53.7968683, -29.6698942 ], [ -53.7969789, -29.6697589 ], [ -53.7970954, -29.6695794 ], [ -53.7971863, -29.669416300000012 ], [ -53.7972439, -29.6692832 ], [ -53.7973032, -29.6690718 ], [ -53.7973217, -29.6689673 ], [ -53.797324, -29.6688982 ], [ -53.7973285, -29.6688207 ], [ -53.7973309, -29.6687359 ], [ -53.7973362, -29.6685315 ], [ -53.7973286, -29.6683486 ], [ -53.7972742, -29.6668819 ], [ -53.7972307, -29.6660774 ], [ -53.7972404, -29.665894499999986 ], [ -53.7972962, -29.6655965 ], [ -53.7974903, -29.664928 ], [ -53.797673, -29.6642837 ], [ -53.7977363, -29.6640588 ], [ -53.7978754, -29.663884599999989 ], [ -53.7979681, -29.6638044 ], [ -53.7980336, -29.663737799999989 ], [ -53.7981755, -29.6636553 ], [ -53.7983195, -29.6636024 ], [ -53.7985782, -29.6635747 ], [ -53.7989571, -29.6635102 ], [ -53.79922, -29.663401 ], [ -53.7994057, -29.6632886 ], [ -53.7995365, -29.6631638 ], [ -53.7996553, -29.6630131 ], [ -53.799769, -29.6626938 ], [ -53.7998392, -29.6625047 ], [ -53.7999187, -29.6623246 ], [ -53.8000188, -29.6622051 ], [ -53.8000966, -29.6621304 ], [ -53.8004618, -29.6618776 ], [ -53.8006123, -29.6617419 ], [ -53.8006885, -29.6616211 ], [ -53.8007874, -29.6614261 ], [ -53.8008241, -29.6612496 ], [ -53.8008122, -29.6609558 ], [ -53.80074290000001, -29.6606176 ], [ -53.8007518, -29.6603779 ], [ -53.8008095, -29.6601737 ], [ -53.8009063, -29.659989 ], [ -53.8010491, -29.6597792 ], [ -53.8013772, -29.6594898 ], [ -53.8017179, -29.6592345 ], [ -53.8020584, -29.6589259 ], [ -53.8022163, -29.6587012 ], [ -53.8022535, -29.6585595 ], [ -53.8022705, -29.6584995 ], [ -53.8022886, -29.6583152 ], [ -53.8022555, -29.6581795 ], [ -53.8021314, -29.6578733 ], [ -53.801997900000011, -29.6576974 ], [ -53.8019494, -29.6576056 ], [ -53.8018888, -29.6574681 ], [ -53.8017988, -29.6573366 ], [ -53.8017673, -29.6571757 ], [ -53.8017467, -29.6570153 ], [ -53.8018024, -29.6569172 ], [ -53.8018776, -29.6567682 ], [ -53.8021246, -29.6562445 ], [ -53.8024448, -29.65547080000001 ], [ -53.8027897, -29.6547133 ], [ -53.8028911, -29.6545407 ], [ -53.8030368, -29.6543812 ], [ -53.8032102, -29.6542355 ], [ -53.8033562, -29.6541296 ], [ -53.8046528, -29.6534889 ], [ -53.8049009, -29.6533867 ], [ -53.8051052, -29.6533308 ], [ -53.8053415, -29.6533153 ], [ -53.8055947, -29.6533473 ], [ -53.8057974, -29.6534382 ], [ -53.806262, -29.6536673 ], [ -53.8064931, -29.6537538 ], [ -53.8067128, -29.6538213 ], [ -53.8069325, -29.6538247 ], [ -53.8072183, -29.6537647 ], [ -53.8074194, -29.6536399 ], [ -53.8075582, -29.6535011 ], [ -53.8076692, -29.6533815 ], [ -53.8077954, -29.6531217 ], [ -53.8077741, -29.6526756 ], [ -53.8078062, -29.6524815 ], [ -53.8078517, -29.6523488 ], [ -53.8079721, -29.6521893 ], [ -53.8081574, -29.6519986 ], [ -53.8083091, -29.6518977 ], [ -53.8085477, -29.6518255 ], [ -53.8088418, -29.6518089 ], [ -53.809267, -29.651774299999985 ], [ -53.8095112, -29.65168 ], [ -53.8100217, -29.6513637 ], [ -53.8101549, -29.6513082 ], [ -53.8103436, -29.6512804 ], [ -53.8111541, -29.651291499999985 ], [ -53.8114538, -29.6512471 ], [ -53.8116702, -29.6511473 ], [ -53.8120859, -29.650723 ], [ -53.8122, -29.650533200000012 ], [ -53.8123006, -29.6502608 ], [ -53.8123741, -29.6499833 ], [ -53.8124782, -29.6496712 ], [ -53.8126169, -29.6494718 ], [ -53.812851, -29.6492983 ], [ -53.8131805, -29.649177 ], [ -53.8138742, -29.6490035 ], [ -53.8145013, -29.6488326 ], [ -53.8148477, -29.648632 ], [ -53.8150419, -29.6484515 ], [ -53.8151631, -29.6483162 ], [ -53.8152435, -29.648146 ], [ -53.815306, -29.6479421 ], [ -53.8153233, -29.6477708 ], [ -53.8152858, -29.6475004 ], [ -53.8151114, -29.6470482 ], [ -53.8149896, -29.6468815 ], [ -53.8148274, -29.6467097 ], [ -53.8136925, -29.6461196 ], [ -53.8134411, -29.6459029 ], [ -53.8128081, -29.6450532 ], [ -53.8127448, -29.6447994 ], [ -53.8127292, -29.6445546 ], [ -53.8127535, -29.6443408 ], [ -53.8128759, -29.644106 ], [ -53.8130549, -29.6439356 ], [ -53.8132551, -29.6438 ], [ -53.8134578, -29.643721 ], [ -53.8148973, -29.6431976 ], [ -53.815208, -29.6430422 ], [ -53.8153919, -29.6429182 ], [ -53.8155639, -29.6426518 ], [ -53.8155777, -29.6423216 ], [ -53.815506, -29.6421088 ], [ -53.8153919, -29.6417917 ], [ -53.8151907, -29.6414906 ], [ -53.8150866, -29.6412478 ], [ -53.8150866, -29.641005 ], [ -53.8151837, -29.6407137 ], [ -53.8158563, -29.6391473 ], [ -53.8158754, -29.6389187 ], [ -53.8158236, -29.6386552 ], [ -53.815701, -29.6384401 ], [ -53.8154662, -29.6381848 ], [ -53.8152727, -29.638141 ], [ -53.8150563, -29.63808 ], [ -53.814352, -29.6379573 ], [ -53.8140812, -29.6378412 ], [ -53.8138384, -29.6376629 ], [ -53.8136402, -29.637492699999985 ], [ -53.8136024, -29.6374141 ], [ -53.8135524, -29.6371976 ], [ -53.8135512, -29.637006399999986 ], [ -53.8136162, -29.6366739 ], [ -53.8137098, -29.6364031 ], [ -53.8138535, -29.6361835 ], [ -53.8145849, -29.635172499999989 ], [ -53.814977, -29.6348227 ], [ -53.8151945, -29.6346229 ], [ -53.8153455, -29.6345208 ], [ -53.8155275, -29.634432 ], [ -53.8158338, -29.6343077 ], [ -53.8160247, -29.6341523 ], [ -53.8161667, -29.633997 ], [ -53.8162555, -29.6338549 ], [ -53.8163088, -29.633650699999986 ], [ -53.8162688, -29.6333177 ], [ -53.8161326, -29.6330956 ], [ -53.815844, -29.632746 ], [ -53.8156776, -29.6324574 ], [ -53.8155223, -29.631989 ], [ -53.8154612, -29.6316339 ], [ -53.8154945, -29.6313009 ], [ -53.8155778, -29.6309347 ], [ -53.8157694, -29.6305799 ], [ -53.8159858, -29.6302691 ], [ -53.8162078, -29.6300527 ], [ -53.8165962, -29.6297475 ], [ -53.8167793, -29.6295755 ], [ -53.81692360000001, -29.6293036 ], [ -53.817079, -29.629126 ], [ -53.8172677, -29.6290095 ], [ -53.8174508, -29.6289429 ], [ -53.8180301, -29.6286907 ], [ -53.8182243, -29.6285353 ], [ -53.8183464, -29.6283466 ], [ -53.8184352, -29.6281413 ], [ -53.8184684, -29.6279471 ], [ -53.8184462, -29.6277528 ], [ -53.8183884, -29.6275301 ], [ -53.8182777, -29.6272992 ], [ -53.818168, -29.6270395 ], [ -53.8181397, -29.6268555 ], [ -53.8181446, -29.6266513 ], [ -53.8182378, -29.6264471 ], [ -53.8183799, -29.6262962 ], [ -53.8185735, -29.6261359 ], [ -53.8188972, -29.6259517 ], [ -53.8191526, -29.6257659 ], [ -53.8197948, -29.6249404 ], [ -53.8198695, -29.6247292 ], [ -53.8198677, -29.6244913 ], [ -53.8198311, -29.6241978 ], [ -53.8196706, -29.6239743 ], [ -53.8191213, -29.623153 ], [ -53.8190327, -29.6229151 ], [ -53.818889248633091, -29.622396596952338 ], [ -53.815322036213743, -29.626845529450108 ], [ -53.8151688, -29.627337 ], [ -53.814804667491721, -29.627490739859955 ], [ -53.810925286, -29.632328408 ], [ -53.80929002625976, -29.636310421150004 ], [ -53.8093123, -29.6363202 ], [ -53.8093917, -29.6365703 ], [ -53.809136476553547, -29.636684313945302 ], [ -53.808166787999895, -29.639045439999986 ], [ -53.806131451999896, -29.641680354999899 ], [ -53.802082137, -29.643787198 ], [ -53.801158797, -29.645921195 ], [ -53.793708645970781, -29.644583866256362 ], [ -53.7854713, -29.6440596 ], [ -53.7760024, -29.6520647 ], [ -53.7762312, -29.6524476 ], [ -53.7763171, -29.653371700000012 ], [ -53.7765643, -29.6537693 ], [ -53.7772304, -29.6542098 ], [ -53.7781545, -29.654919 ], [ -53.7785413, -29.6550479 ], [ -53.7791976, -29.6552134 ], [ -53.7791327, -29.6553035 ], [ -53.779091947948345, -29.655421855280725 ], [ -53.779345312, -29.655540532 ], [ -53.777966803, -29.657253205 ], [ -53.777439922436898, -29.657291603886499 ], [ -53.7770384, -29.6577505 ], [ -53.7769964, -29.6581843 ], [ -53.7767966, -29.6585263 ], [ -53.7758149, -29.6590156 ], [ -53.7743999, -29.6592826 ], [ -53.7748906, -29.660310599999985 ], [ -53.7748835, -29.6607032 ], [ -53.7748761, -29.6609136 ], [ -53.7749137, -29.6611517 ], [ -53.7750096, -29.6613928 ], [ -53.7756873, -29.6622822 ], [ -53.7758038, -29.6624812 ], [ -53.775831, -29.6626484 ], [ -53.7758183, -29.6627904 ], [ -53.7757493, -29.663014499999985 ], [ -53.7749762, -29.6644846 ], [ -53.7748278, -29.6646858 ], [ -53.7746099, -29.6649256 ], [ -53.7743384, -29.6651763 ], [ -53.773971, -29.665392 ], [ -53.7734952, -29.6655546 ], [ -53.7730938, -29.665719 ], [ -53.7728305, -29.6658294 ], [ -53.7725204, -29.6660792 ], [ -53.7723349, -29.6663724 ], [ -53.7722512, -29.6666261 ], [ -53.7722236, -29.6667624 ], [ -53.7722223, -29.6669214 ], [ -53.7722477, -29.667133 ], [ -53.7725663, -29.6682981 ], [ -53.7726328, -29.6685245 ], [ -53.7727959, -29.6691286 ], [ -53.7728075, -29.6691904 ], [ -53.7728167, -29.6692369 ], [ -53.7728913, -29.6697393 ], [ -53.7729108, -29.6700406 ], [ -53.7729124, -29.6702516 ], [ -53.7729059, -29.6708272 ], [ -53.7728567, -29.6713283 ], [ -53.7727144, -29.6721903 ], [ -53.7726246, -29.6729943 ], [ -53.7725267, -29.6734933 ], [ -53.7724983, -29.6736785 ], [ -53.7725207, -29.6738471 ], [ -53.7725527, -29.6739656 ], [ -53.7726305, -29.6741094 ], [ -53.7727306, -29.6742379 ], [ -53.7728766, -29.6743724 ], [ -53.773046, -29.6744815 ], [ -53.7732009, -29.674543 ], [ -53.7732502, -29.6745563 ], [ -53.7733757, -29.6745903 ], [ -53.7735859, -29.6746045 ], [ -53.7747413, -29.6745019 ], [ -53.7752671, -29.6745001 ], [ -53.7755129, -29.6745069 ], [ -53.7757295, -29.6745323 ], [ -53.7759466, -29.6745926 ], [ -53.776235, -29.674699 ], [ -53.7765309, -29.6748664 ], [ -53.7777655, -29.6757795 ], [ -53.7779375, -29.6759246 ], [ -53.7780444, -29.676023 ], [ -53.7781382, -29.6761543 ], [ -53.7782086, -29.6762849 ], [ -53.7782766, -29.6764542 ], [ -53.7782796, -29.6767727 ], [ -53.7782451, -29.677209799999989 ], [ -53.7781651, -29.6778256 ], [ -53.7780816, -29.6781546 ], [ -53.7779692, -29.6784491 ], [ -53.7781221, -29.6784816 ], [ -53.778199, -29.6784737 ], [ -53.7782722, -29.6784465 ], [ -53.7783428, -29.6782991 ], [ -53.7784573, -29.6779184 ], [ -53.7785386, -29.6776914 ], [ -53.7787279, -29.6773575 ], [ -53.7787717, -29.677280100000011 ], [ -53.7789497, -29.6770358 ], [ -53.7793601, -29.6766647 ], [ -53.779792, -29.6761932 ], [ -53.77998, -29.6758863 ], [ -53.7800477, -29.6758107 ], [ -53.7800875, -29.6757787 ], [ -53.7801535, -29.6757369 ], [ -53.7803662, -29.675607 ], [ -53.7805609, -29.675543 ], [ -53.7850821, -29.674096 ], [ -53.7857963, -29.6738643 ], [ -53.7858633, -29.6738567 ], [ -53.785847, -29.6738092 ], [ -53.7857452, -29.6736236 ] ] ] } },
{ "type": "Feature", "properties": { "name": "Itararé", "code_muni": 4316907.0, "name_muni": "Santa Maria" }, "geometry": { "type": "Polygon", "coordinates": [ [ [ -53.7922168, -29.6651956 ], [ -53.7917051, -29.6650417 ], [ -53.7914758, -29.665126499999985 ], [ -53.7913371, -29.6653447 ], [ -53.79091110000001, -29.6659554 ], [ -53.7908073, -29.6662145 ], [ -53.7907972, -29.6663228 ], [ -53.7905397, -29.6664268 ], [ -53.7902603, -29.6665629 ], [ -53.7900325, -29.6667717 ], [ -53.789804, -29.6669591 ], [ -53.7896213, -29.6670315 ], [ -53.7894487, -29.6671289 ], [ -53.7892511, -29.667387 ], [ -53.7889593, -29.6679655 ], [ -53.7887831, -29.6681773 ], [ -53.7886297, -29.6686646 ], [ -53.7883578, -29.6687619 ], [ -53.7882154, -29.6688361 ], [ -53.7881147, -29.6689525 ], [ -53.7878666, -29.669201 ], [ -53.7876032, -29.6693077 ], [ -53.7873674, -29.6694803 ], [ -53.7873113, -29.6696186 ], [ -53.7873718, -29.6697469 ], [ -53.7874493, -29.6699546 ], [ -53.7872917, -29.6701072 ], [ -53.7871618, -29.6702943 ], [ -53.7871528, -29.6703975 ], [ -53.7871458, -29.6704225 ], [ -53.7871333, -29.6704675 ], [ -53.7870443, -29.6704876 ], [ -53.7869251, -29.6704351 ], [ -53.7868059, -29.67043970000001 ], [ -53.7866216, -29.6706206 ], [ -53.786409, -29.6708649 ], [ -53.7863325, -29.6711093 ], [ -53.7860156, -29.6713821 ], [ -53.7859409, -29.6716025 ], [ -53.7857843, -29.671734 ], [ -53.7855827, -29.6719553 ], [ -53.7856063, -29.672193199999988 ], [ -53.7854367, -29.672422 ], [ -53.785441, -29.672723 ], [ -53.7855608, -29.6732157 ], [ -53.7857131, -29.6733576 ], [ -53.7857007, -29.6735184 ], [ -53.7857452, -29.6736236 ], [ -53.785847, -29.6738092 ], [ -53.7858633, -29.6738567 ], [ -53.785873, -29.6739876 ], [ -53.7858465, -29.6741747 ], [ -53.7857889, -29.6744043 ], [ -53.7857768, -29.6745744 ], [ -53.7857325, -29.6747934 ], [ -53.7855434, -29.6750236 ], [ -53.7854127, -29.6751587 ], [ -53.7852746, -29.6752782 ], [ -53.7851337, -29.6753982 ], [ -53.78506, -29.675485 ], [ -53.7850338, -29.6755875 ], [ -53.7850372, -29.6756924 ], [ -53.7850734, -29.6757612 ], [ -53.7852081, -29.6758802 ], [ -53.785267, -29.6759244 ], [ -53.7856494, -29.676280299999984 ], [ -53.7857446, -29.676431699999988 ], [ -53.7857942, -29.6765482 ], [ -53.7858479, -29.6767219 ], [ -53.7859511, -29.677099399999989 ], [ -53.7859894, -29.677213 ], [ -53.7860524, -29.6773318 ], [ -53.7861101, -29.6774023 ], [ -53.7861785, -29.6774693 ], [ -53.7862724, -29.677529 ], [ -53.7867134, -29.6778092 ], [ -53.7868137, -29.6778729 ], [ -53.786945, -29.6779564 ], [ -53.7874187, -29.6782574 ], [ -53.7875491, -29.6783389 ], [ -53.787647, -29.678407300000011 ], [ -53.7877167, -29.6784778 ], [ -53.7877717, -29.6785669 ], [ -53.7879092, -29.6788472 ], [ -53.7881333, -29.6792102 ], [ -53.7884242, -29.679006599999987 ], [ -53.78878790000001, -29.6788304 ], [ -53.789232, -29.6786835 ], [ -53.7896208, -29.6786001 ], [ -53.7902633, -29.6784927 ], [ -53.7908064, -29.6784072 ], [ -53.7913839, -29.6783595 ], [ -53.791845, -29.6783565 ], [ -53.7922317, -29.6783844 ], [ -53.7925104, -29.6784347 ], [ -53.7928729, -29.6785091 ], [ -53.7934175, -29.678631899999985 ], [ -53.7937403, -29.6787098 ], [ -53.7938556, -29.6787391 ], [ -53.7953381, -29.6791156 ], [ -53.8009851, -29.6806299 ], [ -53.80100190000001, -29.6808734 ], [ -53.8011946, -29.6808703 ], [ -53.8014935, -29.68088 ], [ -53.8019453, -29.6809242 ], [ -53.8024426, -29.6809131 ], [ -53.8024864, -29.6809128 ], [ -53.8026333, -29.68088 ], [ -53.8027583, -29.6808476 ], [ -53.8029092, -29.6807916 ], [ -53.8030496, -29.6807362 ], [ -53.8031481, -29.6806956 ], [ -53.8033081, -29.6806015 ], [ -53.8034655, -29.6804859 ], [ -53.8035957, -29.6804261 ], [ -53.803624, -29.6803629 ], [ -53.8039398, -29.6801166 ], [ -53.8049547, -29.679649 ], [ -53.8050577, -29.6795979 ], [ -53.8055625, -29.6793763 ], [ -53.8056768, -29.679334599999986 ], [ -53.805844, -29.679257 ], [ -53.8058957, -29.6789154 ], [ -53.8058289, -29.6787049 ], [ -53.805769, -29.6786003 ], [ -53.8057148, -29.678537299999988 ], [ -53.8054468, -29.6782344 ], [ -53.8052432, -29.678001599999988 ], [ -53.8048371, -29.6775632 ], [ -53.8044341, -29.6771142 ], [ -53.8042832, -29.6769784 ], [ -53.8041532, -29.6768768 ], [ -53.8039096, -29.6767166 ], [ -53.8036954, -29.6765987 ], [ -53.803592, -29.6765479 ], [ -53.8034916, -29.6765006 ], [ -53.8035389, -29.676476 ], [ -53.8036, -29.6764592 ], [ -53.8037074, -29.6764702 ], [ -53.8041636, -29.6766879 ], [ -53.8044662, -29.6768326 ], [ -53.8045124, -29.6768514 ], [ -53.8045847, -29.6768617 ], [ -53.8046585, -29.6768465 ], [ -53.8047384, -29.676809 ], [ -53.8048246, -29.6767235 ], [ -53.8054826, -29.6759613 ], [ -53.8054308, -29.6759018 ], [ -53.8054088, -29.6758098 ], [ -53.805366, -29.6756133 ], [ -53.8052784, -29.6752189 ], [ -53.8051764, -29.674739699999989 ], [ -53.8049419, -29.6736614 ], [ -53.8048862, -29.6733726 ], [ -53.8047775, -29.6727772 ], [ -53.8047605, -29.6726836 ], [ -53.8047505, -29.6726216 ], [ -53.8046644, -29.6722714 ], [ -53.8045605, -29.671849 ], [ -53.8052412, -29.6717691 ], [ -53.8052257, -29.6716635 ], [ -53.8046947, -29.6693365 ], [ -53.8039195, -29.669308099999984 ], [ -53.7985854, -29.6690858 ], [ -53.7984096, -29.6690768 ], [ -53.7982835, -29.669071 ], [ -53.7976629, -29.669074699999985 ], [ -53.7973855, -29.6690695 ], [ -53.7973032, -29.6690718 ], [ -53.7972439, -29.6692832 ], [ -53.7971863, -29.669416300000012 ], [ -53.7970954, -29.6695794 ], [ -53.7969789, -29.6697589 ], [ -53.7968683, -29.6698942 ], [ -53.7966891, -29.6699515 ], [ -53.7961127, -29.670115 ], [ -53.7956327, -29.669796 ], [ -53.7958822, -29.669562499999987 ], [ -53.7959512, -29.6693502 ], [ -53.7957123, -29.6691167 ], [ -53.7956115, -29.6688832 ], [ -53.7953037, -29.6686762 ], [ -53.7950064, -29.6684957 ], [ -53.7947995, -29.6683418 ], [ -53.7945819, -29.6681773 ], [ -53.7944067, -29.6679915 ], [ -53.7942263, -29.6674395 ], [ -53.7926862, -29.6653751 ], [ -53.7922168, -29.6651956 ] ] ] } },
{ "type": "Feature", "properties": { "name": "Nossa Senhora do Perpétuo Socorro", "code_muni": 4316907.0, "name_muni": "Santa Maria" }, "geometry": { "type": "Polygon", "coordinates": [ [ [ -53.8176572, -29.6480244 ], [ -53.8174085, -29.6479541 ], [ -53.8167903, -29.648184199999985 ], [ -53.8156655, -29.6479305 ], [ -53.815306, -29.6479421 ], [ -53.8152435, -29.648146 ], [ -53.8151631, -29.6483162 ], [ -53.8150419, -29.6484515 ], [ -53.8148477, -29.648632 ], [ -53.8145013, -29.6488326 ], [ -53.8138742, -29.6490035 ], [ -53.8131805, -29.649177 ], [ -53.812851, -29.6492983 ], [ -53.8126169, -29.6494718 ], [ -53.8124782, -29.6496712 ], [ -53.8123741, -29.6499833 ], [ -53.8123006, -29.6502608 ], [ -53.8122, -29.650533200000012 ], [ -53.8120859, -29.650723 ], [ -53.8116702, -29.6511473 ], [ -53.8114538, -29.6512471 ], [ -53.8111541, -29.651291499999985 ], [ -53.8103436, -29.6512804 ], [ -53.8101549, -29.6513082 ], [ -53.8100217, -29.6513637 ], [ -53.8095112, -29.65168 ], [ -53.809267, -29.651774299999985 ], [ -53.8088418, -29.6518089 ], [ -53.8085477, -29.6518255 ], [ -53.8083091, -29.6518977 ], [ -53.8081574, -29.6519986 ], [ -53.8079721, -29.6521893 ], [ -53.8078517, -29.6523488 ], [ -53.8078062, -29.6524815 ], [ -53.8077741, -29.6526756 ], [ -53.8077954, -29.6531217 ], [ -53.8076692, -29.6533815 ], [ -53.8075582, -29.6535011 ], [ -53.8074194, -29.6536399 ], [ -53.8072183, -29.6537647 ], [ -53.8069325, -29.6538247 ], [ -53.8067128, -29.6538213 ], [ -53.8064931, -29.6537538 ], [ -53.806262, -29.6536673 ], [ -53.8057974, -29.6534382 ], [ -53.8055947, -29.6533473 ], [ -53.8053415, -29.6533153 ], [ -53.8051052, -29.6533308 ], [ -53.8049009, -29.6533867 ], [ -53.8046528, -29.6534889 ], [ -53.8033562, -29.6541296 ], [ -53.8032102, -29.6542355 ], [ -53.8030368, -29.6543812 ], [ -53.8028911, -29.6545407 ], [ -53.8027897, -29.6547133 ], [ -53.8024448, -29.65547080000001 ], [ -53.8021246, -29.6562445 ], [ -53.8018776, -29.6567682 ], [ -53.8018024, -29.6569172 ], [ -53.8017467, -29.6570153 ], [ -53.8017673, -29.6571757 ], [ -53.8017988, -29.6573366 ], [ -53.8018888, -29.6574681 ], [ -53.8019494, -29.6576056 ], [ -53.801997900000011, -29.6576974 ], [ -53.8021314, -29.6578733 ], [ -53.8022555, -29.6581795 ], [ -53.8022886, -29.6583152 ], [ -53.8022705, -29.6584995 ], [ -53.8022535, -29.6585595 ], [ -53.8022163, -29.6587012 ], [ -53.8020584, -29.6589259 ], [ -53.8017179, -29.6592345 ], [ -53.8013772, -29.6594898 ], [ -53.8010491, -29.6597792 ], [ -53.8009063, -29.659989 ], [ -53.8008095, -29.6601737 ], [ -53.8007518, -29.6603779 ], [ -53.80074290000001, -29.6606176 ], [ -53.8008122, -29.6609558 ], [ -53.8008241, -29.6612496 ], [ -53.8007874, -29.6614261 ], [ -53.8006885, -29.6616211 ], [ -53.8006123, -29.6617419 ], [ -53.8004618, -29.6618776 ], [ -53.8000966, -29.6621304 ], [ -53.8000188, -29.6622051 ], [ -53.7999187, -29.6623246 ], [ -53.7998392, -29.6625047 ], [ -53.799769, -29.6626938 ], [ -53.7996553, -29.6630131 ], [ -53.7995365, -29.6631638 ], [ -53.7994057, -29.6632886 ], [ -53.79922, -29.663401 ], [ -53.7989571, -29.6635102 ], [ -53.7985782, -29.6635747 ], [ -53.7983195, -29.6636024 ], [ -53.7981755, -29.6636553 ], [ -53.7980336, -29.663737799999989 ], [ -53.7979681, -29.6638044 ], [ -53.7978754, -29.663884599999989 ], [ -53.7977363, -29.6640588 ], [ -53.797673, -29.6642837 ], [ -53.7974903, -29.664928 ], [ -53.7972962, -29.6655965 ], [ -53.7972404, -29.665894499999986 ], [ -53.7972307, -29.6660774 ], [ -53.7972742, -29.6668819 ], [ -53.7973286, -29.6683486 ], [ -53.7973362, -29.6685315 ], [ -53.7973309, -29.6687359 ], [ -53.7973285, -29.6688207 ], [ -53.797324, -29.6688982 ], [ -53.7973217, -29.6689673 ], [ -53.7973032, -29.6690718 ], [ -53.7973855, -29.6690695 ], [ -53.7976629, -29.669074699999985 ], [ -53.7982835, -29.669071 ], [ -53.7984096, -29.6690768 ], [ -53.7985854, -29.6690858 ], [ -53.8039195, -29.669308099999984 ], [ -53.8046947, -29.6693365 ], [ -53.8052257, -29.6716635 ], [ -53.8052412, -29.6717691 ], [ -53.8045605, -29.671849 ], [ -53.8046644, -29.6722714 ], [ -53.8047505, -29.6726216 ], [ -53.8047605, -29.6726836 ], [ -53.8047775, -29.6727772 ], [ -53.8048862, -29.6733726 ], [ -53.8049419, -29.6736614 ], [ -53.8051764, -29.674739699999989 ], [ -53.8052784, -29.6752189 ], [ -53.805366, -29.6756133 ], [ -53.8054088, -29.6758098 ], [ -53.8054308, -29.6759018 ], [ -53.8054826, -29.6759613 ], [ -53.8048246, -29.6767235 ], [ -53.8047384, -29.676809 ], [ -53.8046585, -29.6768465 ], [ -53.8045847, -29.6768617 ], [ -53.8045124, -29.6768514 ], [ -53.8044662, -29.6768326 ], [ -53.8041636, -29.6766879 ], [ -53.8037074, -29.6764702 ], [ -53.8036, -29.6764592 ], [ -53.8035389, -29.676476 ], [ -53.8034916, -29.6765006 ], [ -53.803592, -29.6765479 ], [ -53.8036954, -29.6765987 ], [ -53.8039096, -29.6767166 ], [ -53.8041532, -29.6768768 ], [ -53.8042832, -29.6769784 ], [ -53.8044341, -29.6771142 ], [ -53.8048371, -29.6775632 ], [ -53.8052432, -29.678001599999988 ], [ -53.8054468, -29.6782344 ], [ -53.8054479, -29.6782321 ], [ -53.8055902, -29.6781076 ], [ -53.8057472, -29.6780094 ], [ -53.8059123, -29.6779309 ], [ -53.8060878, -29.6778777 ], [ -53.8063398, -29.6778276 ], [ -53.8067002, -29.6777745 ], [ -53.807305, -29.6776794 ], [ -53.8084962, -29.677489 ], [ -53.8091686, -29.6773955 ], [ -53.809212, -29.6773895 ], [ -53.8095912, -29.6773278 ], [ -53.8103173, -29.677214 ], [ -53.8108948, -29.6771304 ], [ -53.8111919, -29.6770874 ], [ -53.8114996, -29.677042799999988 ], [ -53.8120044, -29.676984 ], [ -53.812488, -29.6769146 ], [ -53.8151164, -29.6765493 ], [ -53.8156052, -29.6764454 ], [ -53.8159966, -29.6762994 ], [ -53.8164933, -29.6760131 ], [ -53.8169137, -29.675667 ], [ -53.8172211, -29.6753039 ], [ -53.8173566, -29.6750359 ], [ -53.8175445, -29.674615 ], [ -53.8176364, -29.6744198 ], [ -53.8177215, -29.674233 ], [ -53.8178721, -29.6739265 ], [ -53.8181429, -29.6733767 ], [ -53.81850750000001, -29.6726082 ], [ -53.8179356, -29.6725243 ], [ -53.81787880000001, -29.6724933 ], [ -53.8176513, -29.6725034 ], [ -53.8173254, -29.6725251 ], [ -53.8165124, -29.6725779 ], [ -53.816405, -29.6725844 ], [ -53.8160807, -29.672604 ], [ -53.8159529, -29.672614199999988 ], [ -53.8157773, -29.672625599999989 ], [ -53.8160081, -29.6711616 ], [ -53.8161426, -29.6702352 ], [ -53.8160506, -29.670201 ], [ -53.8155973, -29.6700322 ], [ -53.8149479, -29.669749100000011 ], [ -53.8147231, -29.6693911 ], [ -53.8147315, -29.6687335 ], [ -53.8145233, -29.6682506 ], [ -53.8144965, -29.667853 ], [ -53.8143179, -29.667556400000016 ], [ -53.8141731, -29.6674983 ], [ -53.8140396, -29.6673871 ], [ -53.814102, -29.6666525 ], [ -53.813959, -29.6661899 ], [ -53.8137203, -29.6656388 ], [ -53.8129279, -29.6616605 ], [ -53.8132605, -29.6618507 ], [ -53.8136351, -29.6621629 ], [ -53.8144178, -29.662154599999987 ], [ -53.8150588, -29.6621379 ], [ -53.8156166, -29.6621796 ], [ -53.8154022, -29.6579694 ], [ -53.8172289, -29.6580023 ], [ -53.8182852, -29.6583425 ], [ -53.817649, -29.6566665 ], [ -53.8179261, -29.6558522 ], [ -53.8187031, -29.6539213 ], [ -53.8187977, -29.6532149 ], [ -53.8184986, -29.65272250000001 ], [ -53.8183568, -29.6523104 ], [ -53.8180775, -29.6515882 ], [ -53.8180234, -29.6479905 ], [ -53.8176572, -29.6480244 ] ] ] } },
{ "type": "Feature", "properties": { "name": "Agroindustrial", "code_muni": 4316907.0, "name_muni": "Santa Maria" }, "geometry": { "type": "Polygon", "coordinates": [ [ [ -53.8919694, -29.6887992 ], [ -53.8918658, -29.6885319 ], [ -53.8906234, -29.6878679 ], [ -53.8899186, -29.686485799999989 ], [ -53.8905368, -29.6858193 ], [ -53.8902591, -29.6857157 ], [ -53.8901806, -29.6850138 ], [ -53.8901187, -29.684450699999989 ], [ -53.8904917, -29.6836466 ], [ -53.8901578, -29.6830503 ], [ -53.8887969, -29.6830503 ], [ -53.8882046, -29.681524 ], [ -53.887176, -29.6810789 ], [ -53.8864961, -29.6809524 ], [ -53.8867994, -29.6805574 ], [ -53.8869413, -29.6798115 ], [ -53.8864761, -29.6793208 ], [ -53.886315, -29.6791487 ], [ -53.8854112, -29.6784945 ], [ -53.8851488, -29.6762763 ], [ -53.8845525, -29.6741773 ], [ -53.8839801, -29.6722214 ], [ -53.8836223, -29.6706949 ], [ -53.8839815, -29.6699386 ], [ -53.8840755, -29.669740799999985 ], [ -53.8857929, -29.66955 ], [ -53.8876772, -29.6688106 ], [ -53.8885835, -29.6670932 ], [ -53.8884886, -29.6663849 ], [ -53.8880588, -29.66342 ], [ -53.8893468, -29.6627998 ], [ -53.8900512, -29.6620848 ], [ -53.8913504, -29.6604385 ], [ -53.8920667, -29.6598368 ], [ -53.8922674, -29.6593352 ], [ -53.8921496, -29.6588735 ], [ -53.8918603, -29.658525699999984 ], [ -53.8918589, -29.658504 ], [ -53.8912125, -29.6586643 ], [ -53.8897756, -29.6591069 ], [ -53.8764592, -29.6638002 ], [ -53.863717, -29.6682911 ], [ -53.862487, -29.6687344 ], [ -53.8615988, -29.6689849 ], [ -53.8616103, -29.6690379 ], [ -53.8616061, -29.6691011 ], [ -53.8615548, -29.6691529 ], [ -53.8614589, -29.6691961 ], [ -53.8611517, -29.6692607 ], [ -53.8609658, -29.6693065 ], [ -53.8608833, -29.6693438 ], [ -53.8608104, -29.6694044 ], [ -53.8607297, -29.6695026 ], [ -53.8602888, -29.670113 ], [ -53.8602027, -29.6702337 ], [ -53.8600963, -29.6703369 ], [ -53.8593723, -29.6709645 ], [ -53.8590389, -29.6712769 ], [ -53.8586703, -29.6718639 ], [ -53.8585533, -29.6721172 ], [ -53.8585227, -29.672239799999986 ], [ -53.8585457, -29.672465 ], [ -53.858634, -29.6727874 ], [ -53.8586389, -29.6728933 ], [ -53.8586125, -29.6730122 ], [ -53.8585368, -29.6731222 ], [ -53.8584125, -29.6732395 ], [ -53.8583064, -29.6733252 ], [ -53.8581897, -29.6734569 ], [ -53.8581562, -29.6735432 ], [ -53.8581415, -29.673676 ], [ -53.8581629, -29.6739102 ], [ -53.858171, -29.6740139 ], [ -53.8581428, -29.6741304 ], [ -53.8580892, -29.6742353 ], [ -53.8578558, -29.6746734 ], [ -53.8570122, -29.6761028 ], [ -53.8580386, -29.6783405 ], [ -53.8582853, -29.6784244 ], [ -53.8585214, -29.678471 ], [ -53.8592187, -29.6783591 ], [ -53.8597441, -29.6783816 ], [ -53.8599295, -29.6784617 ], [ -53.8599913, -29.678704 ], [ -53.8602242, -29.678818 ], [ -53.8602564, -29.6788833 ], [ -53.8604844, -29.6789509 ], [ -53.8606855, -29.6789718 ], [ -53.8609032, -29.678725 ], [ -53.8611928, -29.678704 ], [ -53.86174, -29.6786388 ], [ -53.8623301, -29.678480299999986 ], [ -53.862704, -29.6783837 ], [ -53.863124, -29.6782752 ], [ -53.8635097, -29.6781075 ], [ -53.8638101, -29.678238 ], [ -53.8640891, -29.6782939 ], [ -53.8645075, -29.677977 ], [ -53.8650869, -29.678238 ], [ -53.8656019, -29.678443 ], [ -53.866031, -29.6785269 ], [ -53.866771300000011, -29.6782659 ], [ -53.8671039, -29.6780608 ], [ -53.8672648, -29.6780142 ], [ -53.867611, -29.680165 ], [ -53.8679744, -29.6822483 ], [ -53.8679979, -29.6823825 ], [ -53.8679926, -29.6825944 ], [ -53.8679677, -29.6829735 ], [ -53.8678567, -29.6846614 ], [ -53.8678424, -29.6848787 ], [ -53.8677023, -29.6870076 ], [ -53.8676898, -29.687199 ], [ -53.8676594, -29.6878117 ], [ -53.8676239, -29.688072 ], [ -53.8675034, -29.689475 ], [ -53.8674874, -29.6895544 ], [ -53.8673522, -29.6896263 ], [ -53.8673502, -29.6897738 ], [ -53.8673635, -29.6913953 ], [ -53.8672204, -29.6914545 ], [ -53.8673025, -29.6916376 ], [ -53.867364, -29.6917864 ], [ -53.867384, -29.6918334 ], [ -53.8673963, -29.6918624 ], [ -53.8674189, -29.691915 ], [ -53.8693188, -29.6912881 ], [ -53.8703786, -29.6909497 ], [ -53.8787001, -29.68833 ], [ -53.8802901, -29.6878561 ], [ -53.8806341, -29.6877594 ], [ -53.8813415, -29.6875605 ], [ -53.8819531, -29.6874097 ], [ -53.8823768, -29.6873322 ], [ -53.8829417, -29.6872912 ], [ -53.883493, -29.6873003 ], [ -53.8841491, -29.6874233 ], [ -53.8849236, -29.6876557 ], [ -53.8882905, -29.6884256 ], [ -53.8897666, -29.6886717 ], [ -53.8919915, -29.6889855 ], [ -53.8919694, -29.6887992 ] ] ] } },
{ "type": "Feature", "properties": { "name": "Caturrita", "code_muni": 4316907.0, "name_muni": "Santa Maria" }, "geometry": { "type": "Polygon", "coordinates": [ [ [ -53.8499571, -29.6791289 ], [ -53.8503844, -29.678976 ], [ -53.8515264, -29.6785673 ], [ -53.8515773, -29.6786381 ], [ -53.8516769, -29.6786014 ], [ -53.8525491, -29.6782802 ], [ -53.8533118, -29.6779401 ], [ -53.8538794, -29.6777868 ], [ -53.8570122, -29.6761028 ], [ -53.8578558, -29.6746734 ], [ -53.8580892, -29.6742353 ], [ -53.8581428, -29.6741304 ], [ -53.858171, -29.6740139 ], [ -53.8581629, -29.6739102 ], [ -53.8581415, -29.673676 ], [ -53.8581562, -29.6735432 ], [ -53.8581897, -29.6734569 ], [ -53.8583064, -29.6733252 ], [ -53.8584125, -29.6732395 ], [ -53.8585368, -29.6731222 ], [ -53.8586125, -29.6730122 ], [ -53.8586389, -29.6728933 ], [ -53.858634, -29.6727874 ], [ -53.8585457, -29.672465 ], [ -53.8585227, -29.672239799999986 ], [ -53.8585533, -29.6721172 ], [ -53.8586703, -29.6718639 ], [ -53.8590389, -29.6712769 ], [ -53.8593723, -29.6709645 ], [ -53.8600963, -29.6703369 ], [ -53.8602027, -29.6702337 ], [ -53.8602888, -29.670113 ], [ -53.8607297, -29.6695026 ], [ -53.8608104, -29.6694044 ], [ -53.8608833, -29.6693438 ], [ -53.8609658, -29.6693065 ], [ -53.8611517, -29.6692607 ], [ -53.8614589, -29.6691961 ], [ -53.8615548, -29.6691529 ], [ -53.8616061, -29.6691011 ], [ -53.8616103, -29.6690379 ], [ -53.8615988, -29.6689849 ], [ -53.8611493, -29.6690939 ], [ -53.8604635, -29.6692269 ], [ -53.8597833, -29.6693057 ], [ -53.8590861, -29.6693352 ], [ -53.8583683, -29.6693466 ], [ -53.8576559, -29.6692995 ], [ -53.8569868, -29.6692422 ], [ -53.8562922, -29.6691099 ], [ -53.855331, -29.6688495 ], [ -53.8540658, -29.6684111 ], [ -53.852852, -29.6679097 ], [ -53.8521113, -29.6675979 ], [ -53.8513434, -29.6673063 ], [ -53.8507103, -29.6671149 ], [ -53.8498885, -29.6669233 ], [ -53.8496127, -29.6668657 ], [ -53.8491275, -29.6667868 ], [ -53.8483601, -29.6667423 ], [ -53.8461759, -29.6665947 ], [ -53.8435548, -29.6664895 ], [ -53.8425887, -29.6664317 ], [ -53.8426008, -29.6663298 ], [ -53.8426209, -29.6662771 ], [ -53.8426427, -29.6662382 ], [ -53.8426142, -29.6661804 ], [ -53.8425592, -29.6656938 ], [ -53.8424233, -29.6652373 ], [ -53.8419593, -29.6639539 ], [ -53.8412747, -29.6623772 ], [ -53.8409967, -29.6615023 ], [ -53.840358, -29.6598761 ], [ -53.8402607, -29.6595745 ], [ -53.8401432, -29.6591709 ], [ -53.8306786, -29.658842 ], [ -53.8308168, -29.6656786 ], [ -53.8308125, -29.6670589 ], [ -53.8308263, -29.6672522 ], [ -53.8303269, -29.6674177 ], [ -53.8297736, -29.66761 ], [ -53.8297532, -29.6689703 ], [ -53.8297872, -29.6734068 ], [ -53.8297924, -29.6740943 ], [ -53.8297931, -29.674177199999985 ], [ -53.8298299, -29.6743222 ], [ -53.8299838, -29.6742578 ], [ -53.8302117, -29.674248 ], [ -53.8307522, -29.6743219 ], [ -53.8313597, -29.6744531 ], [ -53.8322072, -29.6746395 ], [ -53.8331369, -29.6748637 ], [ -53.8332382, -29.674879400000016 ], [ -53.8337026, -29.6748922 ], [ -53.8339324, -29.674890199999986 ], [ -53.8345676, -29.67477 ], [ -53.835357, -29.6749581 ], [ -53.8359862, -29.6753175 ], [ -53.8366859, -29.6756453 ], [ -53.837017, -29.6757673 ], [ -53.837339, -29.6758703 ], [ -53.837721, -29.675763 ], [ -53.8379049, -29.6755372 ], [ -53.8380387, -29.6754579 ], [ -53.8381812, -29.6754692 ], [ -53.8383065, -29.6754791 ], [ -53.8384768, -29.6755822 ], [ -53.8386016, -29.6756905 ], [ -53.8385864, -29.6757804 ], [ -53.838492, -29.6759232 ], [ -53.8383111, -29.6761429 ], [ -53.8382578, -29.676317 ], [ -53.8382882, -29.6765681 ], [ -53.8383498, -29.6767795 ], [ -53.8384768, -29.6768589 ], [ -53.8387963, -29.6769435 ], [ -53.8390359, -29.6769823 ], [ -53.8392147, -29.6772826 ], [ -53.8392061, -29.6775422 ], [ -53.8390792, -29.677747 ], [ -53.8389731, -29.6779569 ], [ -53.8388541, -29.6780299 ], [ -53.8385585, -29.6780298 ], [ -53.8381729, -29.6779474 ], [ -53.8378619, -29.6778897 ], [ -53.8373576, -29.6777273 ], [ -53.8371927, -29.6777262 ], [ -53.837109, -29.6777575 ], [ -53.8370251, -29.6778141 ], [ -53.8369147, -29.6778805 ], [ -53.8368922, -29.6779947 ], [ -53.8371383, -29.6782728 ], [ -53.8372704, -29.6784983 ], [ -53.8373959, -29.6787115 ], [ -53.8375931, -29.6789422 ], [ -53.8376399, -29.6791023 ], [ -53.8378077, -29.6793851 ], [ -53.8381024, -29.6795106 ], [ -53.8395296, -29.6791404 ], [ -53.8401516, -29.6788184 ], [ -53.8414563, -29.67723070000001 ], [ -53.8419144, -29.6774416 ], [ -53.8430679, -29.6783273 ], [ -53.8441293, -29.6783599 ], [ -53.8460939, -29.6786218 ], [ -53.8464246, -29.6785016 ], [ -53.8472062, -29.6781809 ], [ -53.8479878, -29.678201 ], [ -53.848569, -29.678692 ], [ -53.8490199, -29.679263099999989 ], [ -53.8492872, -29.6796451 ], [ -53.8499571, -29.6791289 ] ] ] } },
{ "type": "Feature", "properties": { "name": "Chácara das Flores", "code_muni": 4316907.0, "name_muni": "Santa Maria" }, "geometry": { "type": "Polygon", "coordinates": [ [ [ -53.81850750000001, -29.6726082 ], [ -53.818766, -29.6722182 ], [ -53.819036, -29.671876 ], [ -53.8193597, -29.6715447 ], [ -53.8197511, -29.671262 ], [ -53.8202256, -29.670948 ], [ -53.8207198, -29.6706809 ], [ -53.8214402, -29.6703925 ], [ -53.8221551, -29.6701502 ], [ -53.8237208, -29.6696203 ], [ -53.8243455, -29.6694089 ], [ -53.827952, -29.6682175 ], [ -53.8293188, -29.6677468 ], [ -53.8297736, -29.66761 ], [ -53.8303269, -29.6674177 ], [ -53.8308263, -29.6672522 ], [ -53.8308125, -29.6670589 ], [ -53.8308168, -29.6656786 ], [ -53.8306786, -29.658842 ], [ -53.8304926, -29.6588337 ], [ -53.8264457, -29.6586724 ], [ -53.8182852, -29.6583425 ], [ -53.8172289, -29.6580023 ], [ -53.8154022, -29.6579694 ], [ -53.8156166, -29.6621796 ], [ -53.8150588, -29.6621379 ], [ -53.8144178, -29.662154599999987 ], [ -53.8136351, -29.6621629 ], [ -53.8132605, -29.6618507 ], [ -53.8129279, -29.6616605 ], [ -53.8137203, -29.6656388 ], [ -53.813959, -29.6661899 ], [ -53.814102, -29.6666525 ], [ -53.8140396, -29.6673871 ], [ -53.8141731, -29.6674983 ], [ -53.8143179, -29.667556400000016 ], [ -53.8144965, -29.667853 ], [ -53.8145233, -29.6682506 ], [ -53.8147315, -29.6687335 ], [ -53.8147231, -29.6693911 ], [ -53.8149479, -29.669749100000011 ], [ -53.8155973, -29.6700322 ], [ -53.8160506, -29.670201 ], [ -53.8161426, -29.6702352 ], [ -53.8160081, -29.6711616 ], [ -53.8157773, -29.672625599999989 ], [ -53.8159529, -29.672614199999988 ], [ -53.8160807, -29.672604 ], [ -53.816405, -29.6725844 ], [ -53.8165124, -29.6725779 ], [ -53.8173254, -29.6725251 ], [ -53.8176513, -29.6725034 ], [ -53.81787880000001, -29.6724933 ], [ -53.8179356, -29.6725243 ], [ -53.81850750000001, -29.6726082 ] ] ] } },
{ "type": "Feature", "properties": { "name": "Passo D'Areia", "code_muni": 4316907.0, "name_muni": "Santa Maria" }, "geometry": { "type": "Polygon", "coordinates": [ [ [ -53.8472135, -29.6831405 ], [ -53.8477154, -29.6819469 ], [ -53.8481718, -29.6806641 ], [ -53.8492872, -29.6796451 ], [ -53.8490199, -29.679263099999989 ], [ -53.848569, -29.678692 ], [ -53.8479878, -29.678201 ], [ -53.8472062, -29.6781809 ], [ -53.8464246, -29.6785016 ], [ -53.8460939, -29.6786218 ], [ -53.8441293, -29.6783599 ], [ -53.8430679, -29.6783273 ], [ -53.8419144, -29.6774416 ], [ -53.8414563, -29.67723070000001 ], [ -53.8401516, -29.6788184 ], [ -53.8395296, -29.6791404 ], [ -53.8381024, -29.6795106 ], [ -53.8378077, -29.6793851 ], [ -53.8373579, -29.679587699999985 ], [ -53.8371301, -29.67966680000001 ], [ -53.8371812, -29.679838899999986 ], [ -53.8371072, -29.6798595 ], [ -53.836395, -29.6800362 ], [ -53.835986, -29.6801376 ], [ -53.8346639, -29.6804655 ], [ -53.8332824, -29.6808081 ], [ -53.8326968, -29.6809534 ], [ -53.8314313, -29.6812672 ], [ -53.8309622, -29.6814275 ], [ -53.8305012, -29.6816638 ], [ -53.8296746, -29.6820799 ], [ -53.8291032, -29.6824465 ], [ -53.829053, -29.6824787 ], [ -53.8278716, -29.6822133 ], [ -53.8271674, -29.6820697 ], [ -53.8270789, -29.682051600000012 ], [ -53.827017, -29.682039 ], [ -53.8269241, -29.6820201 ], [ -53.82684780000001, -29.6820045 ], [ -53.8265857, -29.6819511 ], [ -53.8254147, -29.6817128 ], [ -53.8253818, -29.6817061 ], [ -53.8248313, -29.681594 ], [ -53.8244552, -29.6815175 ], [ -53.8243609, -29.6814983 ], [ -53.8243034, -29.6814866 ], [ -53.8241276, -29.6818236 ], [ -53.824112, -29.6818535 ], [ -53.8241042, -29.6818685 ], [ -53.8240036, -29.6820613 ], [ -53.8237366, -29.6825731 ], [ -53.82370610000001, -29.6826316 ], [ -53.8236721, -29.6827153 ], [ -53.8235406, -29.683038499999984 ], [ -53.8234922, -29.6831576 ], [ -53.8234842, -29.6831773 ], [ -53.8234292, -29.6833125 ], [ -53.8233571, -29.6834899 ], [ -53.8232582, -29.683733 ], [ -53.8232122, -29.6838544 ], [ -53.8231114, -29.6841205 ], [ -53.8230689, -29.6842327 ], [ -53.82290540000001, -29.6846642 ], [ -53.8228212, -29.6848865 ], [ -53.8227144, -29.6851683 ], [ -53.8226596, -29.685313 ], [ -53.8225854, -29.6855086 ], [ -53.8223614, -29.6860999 ], [ -53.8223371, -29.6861635 ], [ -53.8223147, -29.6862231 ], [ -53.8221845, -29.6865945 ], [ -53.82188510000001, -29.687326 ], [ -53.8218689, -29.6873687 ], [ -53.8218111, -29.6875256 ], [ -53.8216671, -29.6879161 ], [ -53.8215297, -29.688288900000011 ], [ -53.8214865, -29.6884061 ], [ -53.8214427, -29.6885248 ], [ -53.8214152, -29.6885982 ], [ -53.8215413, -29.6886234 ], [ -53.8216308, -29.6886413 ], [ -53.8221439, -29.6887439 ], [ -53.8226107, -29.6888373 ], [ -53.8230205, -29.6889193 ], [ -53.8234783, -29.6888805 ], [ -53.8236281, -29.6888678 ], [ -53.8240051, -29.6888359 ], [ -53.8245748, -29.6887877 ], [ -53.8248564, -29.6887638 ], [ -53.8249701, -29.6887542 ], [ -53.8250445, -29.6887479 ], [ -53.8252126, -29.6887361 ], [ -53.8259875, -29.6886566 ], [ -53.8261195, -29.6886532 ], [ -53.8264043, -29.6886874 ], [ -53.8264257, -29.68869 ], [ -53.8265439, -29.6887042 ], [ -53.8267916, -29.6887327 ], [ -53.827011, -29.688758 ], [ -53.8277454, -29.6888426 ], [ -53.8279982, -29.6888718 ], [ -53.8280267, -29.688875 ], [ -53.8281033, -29.6888836 ], [ -53.8282165, -29.6888969 ], [ -53.8282806, -29.6889038 ], [ -53.828519, -29.6889318 ], [ -53.8285797, -29.6889387 ], [ -53.828856, -29.6889706 ], [ -53.8298892, -29.6890896 ], [ -53.8304834, -29.6891578 ], [ -53.8308657, -29.6892017 ], [ -53.8312649, -29.6892475 ], [ -53.8313437, -29.6892566 ], [ -53.8314756, -29.6892717 ], [ -53.8319721, -29.689369500000012 ], [ -53.8322576, -29.6894257 ], [ -53.83237050000001, -29.6894478 ], [ -53.8326899, -29.6895102 ], [ -53.8330278, -29.689576399999986 ], [ -53.833404, -29.6896515 ], [ -53.83377, -29.6897236 ], [ -53.8338421, -29.6897454 ], [ -53.8341639, -29.6898431 ], [ -53.8345767, -29.6899893 ], [ -53.8348679, -29.6901091 ], [ -53.835373, -29.6903469 ], [ -53.8356645, -29.690602299999988 ], [ -53.8362152, -29.6910847 ], [ -53.8366598, -29.6914743 ], [ -53.8373447, -29.6920743 ], [ -53.8374125, -29.6921336 ], [ -53.8376361, -29.6923295 ], [ -53.837773, -29.6924495 ], [ -53.8379311, -29.692588 ], [ -53.8379912, -29.6926335 ], [ -53.8380754, -29.6926971 ], [ -53.8380931, -29.6927105 ], [ -53.838246, -29.6928261 ], [ -53.8383198, -29.6928788 ], [ -53.8384462, -29.6929632 ], [ -53.8385316, -29.6930051 ], [ -53.8388279, -29.6931322 ], [ -53.8390772, -29.693219 ], [ -53.8391556, -29.6932428 ], [ -53.8393328, -29.693291899999988 ], [ -53.8393849, -29.6932909 ], [ -53.8394824, -29.6932922 ], [ -53.8397046, -29.6932946 ], [ -53.8397736, -29.6932896 ], [ -53.8399619, -29.6932463 ], [ -53.8401083, -29.6932184 ], [ -53.8402791, -29.6931787 ], [ -53.8406262, -29.693086 ], [ -53.8408796, -29.6930298 ], [ -53.841391, -29.6929384 ], [ -53.8416696, -29.6928997 ], [ -53.8419085, -29.6928762 ], [ -53.8419443, -29.6928726 ], [ -53.8425601, -29.6928115 ], [ -53.8426328, -29.6928043 ], [ -53.8426957, -29.6927982 ], [ -53.8428699, -29.6927813 ], [ -53.8429546, -29.692773 ], [ -53.8433875, -29.6927303 ], [ -53.8437039, -29.6926991 ], [ -53.8439323, -29.6926765 ], [ -53.8439893, -29.6926709 ], [ -53.8439417, -29.692510499999987 ], [ -53.8441423, -29.6914431 ], [ -53.8442943, -29.6906356 ], [ -53.8442565, -29.6905557 ], [ -53.8442996, -29.6905392 ], [ -53.8443486, -29.6903296 ], [ -53.8453414, -29.6878075 ], [ -53.845463, -29.6875374 ], [ -53.8457384, -29.6868198 ], [ -53.8461729, -29.6857115 ], [ -53.8472135, -29.6831405 ] ] ] } },
{ "type": "Feature", "properties": { "name": "Diácono João Luiz Pozzobon", "code_muni": 4316907.0, "name_muni": "Santa Maria" }, "geometry": { "type": "Polygon", "coordinates": [ [ [ -53.7583972, -29.7077939 ], [ -53.7578393, -29.7077707 ], [ -53.757478, -29.7077556 ], [ -53.7572173, -29.7077448 ], [ -53.7565291, -29.7077187 ], [ -53.7560522, -29.707697 ], [ -53.7560231, -29.707782600000012 ], [ -53.7559497, -29.7081913 ], [ -53.7557988, -29.7082942 ], [ -53.7554764, -29.7083285 ], [ -53.7553666, -29.708479400000012 ], [ -53.7554215, -29.7087675 ], [ -53.7552432, -29.7088704 ], [ -53.7550511, -29.7088636 ], [ -53.7548247, -29.7091174 ], [ -53.75473550000001, -29.709384900000011 ], [ -53.7545846, -29.7094947 ], [ -53.75449540000001, -29.7100091 ], [ -53.7542348, -29.7103659 ], [ -53.7539124, -29.7109078 ], [ -53.7533087, -29.7114977 ], [ -53.7531304, -29.7119985 ], [ -53.7530823, -29.7126982 ], [ -53.7531353, -29.7129315 ], [ -53.7531057, -29.7133253 ], [ -53.7529705, -29.7139238 ], [ -53.7529856, -29.7143295 ], [ -53.7530925, -29.714702 ], [ -53.753141, -29.7151825 ], [ -53.7535613, -29.7154878 ], [ -53.7535202, -29.7156353 ], [ -53.7534891, -29.7158079 ], [ -53.7532476, -29.716191 ], [ -53.7535623, -29.7163539 ], [ -53.7536263, -29.7168266 ], [ -53.753806, -29.7174009 ], [ -53.7540856, -29.7177934 ], [ -53.7543013, -29.7183539 ], [ -53.7544143, -29.718569 ], [ -53.7547719, -29.719248 ], [ -53.7553961, -29.7193098 ], [ -53.7554098, -29.71979 ], [ -53.7555059, -29.7203525 ], [ -53.755786, -29.7206326 ], [ -53.755938, -29.720784600000012 ], [ -53.7558969, -29.7209355 ], [ -53.7555608, -29.7211825 ], [ -53.7557117, -29.721559800000012 ], [ -53.7559253, -29.7216939 ], [ -53.7566515, -29.7221497 ], [ -53.7569876, -29.7220262 ], [ -53.7580508, -29.7213334 ], [ -53.7588595, -29.7212957 ], [ -53.7590798, -29.7212854 ], [ -53.7603488, -29.7210453 ], [ -53.76088390000001, -29.721793 ], [ -53.7618097, -29.7220466 ], [ -53.7622493, -29.722460199999986 ], [ -53.7623247, -29.7225311 ], [ -53.7624034, -29.7226204 ], [ -53.7628755, -29.722692 ], [ -53.7629255, -29.7231647 ], [ -53.7633412, -29.7234687 ], [ -53.7637409, -29.723761 ], [ -53.7637311, -29.7239662 ], [ -53.763698, -29.7246555 ], [ -53.7634894, -29.7249019 ], [ -53.763168, -29.725281599999988 ], [ -53.7626431, -29.7255882 ], [ -53.7624535, -29.725699 ], [ -53.7619814, -29.7264443 ], [ -53.762668, -29.7274505 ], [ -53.7634558, -29.7283626 ], [ -53.7637248, -29.7285406 ], [ -53.764016, -29.7287798 ], [ -53.7641609, -29.7291152 ], [ -53.7641528, -29.7292969 ], [ -53.7641835, -29.7293931 ], [ -53.7643513, -29.7294785 ], [ -53.7644801, -29.729574 ], [ -53.7644532, -29.7296858 ], [ -53.7643567, -29.7298629 ], [ -53.7643808, -29.729918799999986 ], [ -53.7644345, -29.7299747 ], [ -53.7644801, -29.7300934 ], [ -53.7644827, -29.730338 ], [ -53.7642735, -29.7305546 ], [ -53.7641984, -29.7306734 ], [ -53.7641823, -29.7307899 ], [ -53.7642328, -29.7308833 ], [ -53.7643325, -29.7308714 ], [ -53.7644425, -29.7307852 ], [ -53.7645364, -29.7308155 ], [ -53.7645981, -29.7310111 ], [ -53.7645069, -29.7311765 ], [ -53.7644023, -29.7314117 ], [ -53.7641957, -29.7315655 ], [ -53.7641501, -29.7318193 ], [ -53.7641164, -29.7320786 ], [ -53.7642413, -29.7322549 ], [ -53.7642869, -29.7324202 ], [ -53.764075, -29.7329117 ], [ -53.7639003, -29.7332068 ], [ -53.763729, -29.7335871 ], [ -53.76389, -29.7336826 ], [ -53.7640066, -29.7337758 ], [ -53.7640013, -29.7338445 ], [ -53.7640362, -29.733919 ], [ -53.7640791, -29.7339772 ], [ -53.7641341, -29.7339889 ], [ -53.7642113, -29.7339498 ], [ -53.7642521, -29.733912 ], [ -53.7643191, -29.7338876 ], [ -53.7643862, -29.7339085 ], [ -53.7644224, -29.7339481 ], [ -53.7644707, -29.7339749 ], [ -53.7645498, -29.7339796 ], [ -53.7646692, -29.7340098 ], [ -53.7648046, -29.7341018 ], [ -53.7648851, -29.7341344 ], [ -53.7649508, -29.7341251 ], [ -53.7650058, -29.7340809 ], [ -53.7650608, -29.7340285 ], [ -53.7651519, -29.7340005 ], [ -53.7652387, -29.7339987 ], [ -53.765282, -29.7340122 ], [ -53.7653089, -29.7340692 ], [ -53.7652981, -29.734149599999988 ], [ -53.7652552, -29.7342229 ], [ -53.7651287, -29.7343886 ], [ -53.764987, -29.7347493 ], [ -53.7649919, -29.7353994 ], [ -53.7650777, -29.736834 ], [ -53.7649865, -29.7375504 ], [ -53.7640639, -29.7374945 ], [ -53.7637474, -29.7385109 ], [ -53.7634845, -29.7395068 ], [ -53.7636615, -29.7403359 ], [ -53.7651422, -29.7411975 ], [ -53.7651667, -29.7413659 ], [ -53.7652794, -29.7415173 ], [ -53.7655234, -29.7415382 ], [ -53.7657353, -29.741487 ], [ -53.7659146, -29.7415665 ], [ -53.7689766, -29.7418347 ], [ -53.7710794, -29.7412758 ], [ -53.7729248, -29.7409777 ], [ -53.774326, -29.7412684 ], [ -53.7749357, -29.7418404 ], [ -53.7765576, -29.7426098 ], [ -53.7768593, -29.742636 ], [ -53.7777324, -29.7416121 ], [ -53.7781186, -29.7410532 ], [ -53.7776895, -29.7401589 ], [ -53.7775822, -29.7394881 ], [ -53.7780543, -29.7388174 ], [ -53.7777753, -29.7379044 ], [ -53.7777753, -29.7374945 ], [ -53.7785692, -29.737066 ], [ -53.7793203, -29.7368424 ], [ -53.7794919, -29.7357804 ], [ -53.7796636, -29.7335073 ], [ -53.7809081, -29.7328365 ], [ -53.7810154, -29.7316253 ], [ -53.7806292, -29.7307869 ], [ -53.7805626, -29.7307002 ], [ -53.7805291, -29.7305954 ], [ -53.7805624, -29.730508100000012 ], [ -53.7806511, -29.7303986 ], [ -53.78123, -29.7298366 ], [ -53.7817664, -29.7292776 ], [ -53.7816806, -29.7289981 ], [ -53.7810154, -29.7286813 ], [ -53.7808223, -29.7284204 ], [ -53.7812514, -29.7276565 ], [ -53.7819381, -29.726762 ], [ -53.7826891, -29.7264453 ], [ -53.7826247, -29.7254204 ], [ -53.7832685, -29.7252154 ], [ -53.7833809, -29.7250202 ], [ -53.783526, -29.7247682 ], [ -53.7832229, -29.7244904 ], [ -53.7835045, -29.723706 ], [ -53.783011, -29.7230166 ], [ -53.7823887, -29.7227929 ], [ -53.7826891, -29.7216562 ], [ -53.7821146, -29.7201593 ], [ -53.7820025, -29.7198673 ], [ -53.7814875, -29.7185255 ], [ -53.7816806, -29.7176683 ], [ -53.7827535, -29.7166247 ], [ -53.7824531, -29.715637 ], [ -53.7826462, -29.714984799999986 ], [ -53.7827468, -29.7147505 ], [ -53.7831826, -29.713736099999984 ], [ -53.783324, -29.713245 ], [ -53.7835474, -29.7124689 ], [ -53.7845345, -29.7116116 ], [ -53.785543, -29.710884700000012 ], [ -53.7862082, -29.7108847 ], [ -53.7870879, -29.710884700000012 ], [ -53.7872596, -29.7101393 ], [ -53.7874143, -29.7099932 ], [ -53.7877173, -29.7098986 ], [ -53.7877764, -29.7098802 ], [ -53.786959, -29.708629800000011 ], [ -53.7860866, -29.7073665 ], [ -53.7859164, -29.7071463 ], [ -53.785876, -29.7070758 ], [ -53.7857848, -29.7069745 ], [ -53.7853708, -29.7071642 ], [ -53.7853209, -29.7071853 ], [ -53.78501570000001, -29.707303 ], [ -53.7847991, -29.7073805 ], [ -53.7844873, -29.7074573 ], [ -53.7842942, -29.7074935 ], [ -53.7840127, -29.7075262 ], [ -53.7837414, -29.7075508 ], [ -53.7827132, -29.7076438 ], [ -53.7822333, -29.7076873 ], [ -53.7821724, -29.7076928 ], [ -53.7818802, -29.7077258 ], [ -53.7812972, -29.707772 ], [ -53.781071, -29.7077925 ], [ -53.7809497, -29.7078029 ], [ -53.7806865, -29.7078294 ], [ -53.7802332, -29.707867 ], [ -53.7801557, -29.7078749 ], [ -53.7800927, -29.7078806 ], [ -53.7797536, -29.7079111 ], [ -53.7794065, -29.7079423 ], [ -53.7778031, -29.7080865 ], [ -53.7767243, -29.7081835 ], [ -53.7765854, -29.708196 ], [ -53.7765171, -29.7082022 ], [ -53.7760143, -29.7082474 ], [ -53.7759449, -29.7082527 ], [ -53.7756638, -29.7082744 ], [ -53.7754248, -29.7082928 ], [ -53.7747958, -29.7083413 ], [ -53.7746873, -29.7083497 ], [ -53.774477, -29.7083627 ], [ -53.7739125, -29.7083873 ], [ -53.7735936, -29.7083981 ], [ -53.7728824, -29.7083985 ], [ -53.7720858, -29.7083694 ], [ -53.7712232, -29.7083379 ], [ -53.7710627, -29.708332 ], [ -53.7700473, -29.7082949 ], [ -53.7690859, -29.7082528 ], [ -53.76822940000001, -29.708215199999987 ], [ -53.7680915, -29.7082092 ], [ -53.7677298, -29.7081936 ], [ -53.7675356, -29.7081852 ], [ -53.7672062, -29.708170899999988 ], [ -53.7668027, -29.7081535 ], [ -53.7662658, -29.7081302 ], [ -53.7661564, -29.7081263 ], [ -53.7660242, -29.7081216 ], [ -53.7646294, -29.7080714 ], [ -53.7644707, -29.7080657 ], [ -53.7641803, -29.7080707 ], [ -53.763825, -29.708054299999986 ], [ -53.7628109, -29.7080073 ], [ -53.7626521, -29.708 ], [ -53.7624645, -29.7079913 ], [ -53.7620719, -29.7079732 ], [ -53.7613927, -29.7079461 ], [ -53.7612212, -29.7079338 ], [ -53.7609821, -29.7079165 ], [ -53.7609262, -29.7079142 ], [ -53.7599062, -29.7078566 ], [ -53.7595715, -29.7078427 ], [ -53.7595037, -29.7078399 ], [ -53.7594387, -29.7078372 ], [ -53.7593724, -29.7078344 ], [ -53.758559, -29.7078006 ], [ -53.7583972, -29.7077939 ] ] ] } }
]
}
