{
"type": "FeatureCollection",
"name": "bairros_viamao",
"crs": { "type": "name", "properties": { "name": "urn:ogc:def:crs:OGC:1.3:CRS84" } },
"features": [
{ "type": "Feature", "properties": { "name": "Agronomia", "code_muni": 4323002.0, "name_muni": "Viamão" }, "geometry": { "type": "MultiPolygon", "coordinates": [ [ [ [ -51.120368, -30.0554439 ], [ -51.1203658, -30.0557452 ], [ -51.1202101, -30.0561373 ], [ -51.1200968, -30.0563823 ], [ -51.119846766637281, -30.0567311733016 ], [ -51.122430083, -30.055938903 ], [ -51.120615036234263, -30.055052517342787 ], [ -51.120368, -30.0554439 ] ] ], [ [ [ -51.1202231, -30.065833 ], [ -51.1201193, -30.0663552 ], [ -51.1201167, -30.0667092 ], [ -51.1189044, -30.0672411 ], [ -51.118021, -30.067957499999988 ], [ -51.117752684727584, -30.070484612776056 ], [ -51.118300812, -30.067797639999988 ], [ -51.120363687999898, -30.066830249999985 ], [ -51.120381750445667, -30.065702958306719 ], [ -51.1202231, -30.065833 ] ] ], [ [ [ -51.1173727, -30.0720343 ], [ -51.1172375, -30.0726066 ], [ -51.1170747, -30.0728826 ], [ -51.117046730888909, -30.0729089329072 ], [ -51.117252774, -30.072935094999895 ], [ -51.117476363201284, -30.071839111729908 ], [ -51.1173727, -30.0720343 ] ] ], [ [ [ -51.1134213, -30.0738519 ], [ -51.1130535, -30.0742189 ], [ -51.11258380000001, -30.0745399 ], [ -51.1120765, -30.0749085 ], [ -51.1118096, -30.0753404 ], [ -51.1109665, -30.0761521 ], [ -51.1103611, -30.0764158 ], [ -51.1098179, -30.0770449 ], [ -51.1096922, -30.077221 ], [ -51.1090952, -30.0780579 ], [ -51.1092849, -30.0781212 ], [ -51.109399607663917, -30.078159488999777 ], [ -51.113738912786708, -30.073668103563708 ], [ -51.1134213, -30.0738519 ] ] ] ] } },
{ "type": "Feature", "properties": { "name": "Lami", "code_muni": 4323002.0, "name_muni": "Viamão" }, "geometry": { "type": "MultiPolygon", "coordinates": [ [ [ [ -51.052863, -30.230555 ], [ -51.052905176098584, -30.230581905486506 ], [ -51.052865099438854, -30.230542862640661 ], [ -51.052863, -30.230555 ] ] ], [ [ [ -51.052926, -30.230845 ], [ -51.052937, -30.230939 ], [ -51.052814, -30.231102 ], [ -51.052599, -30.231179 ], [ -51.052458, -30.231182 ], [ -51.052446, -30.231288 ], [ -51.052253, -30.231481 ], [ -51.05223, -30.231624 ], [ -51.0526691, -30.232612 ], [ -51.0532711, -30.233172 ], [ -51.0538311, -30.233447 ], [ -51.053920878611535, -30.233508605522612 ], [ -51.053043611, -30.230716769 ], [ -51.053019863655543, -30.230693634333925 ], [ -51.052926, -30.230845 ] ] ], [ [ [ -51.0581903, -30.2400739 ], [ -51.0581403, -30.2402769 ], [ -51.0582134, -30.2407639 ], [ -51.0581434, -30.2408379 ], [ -51.0581314, -30.2410489 ], [ -51.0581814, -30.2413979 ], [ -51.0581704, -30.2418059 ], [ -51.0582674, -30.2419609 ], [ -51.0585044, -30.2420009 ], [ -51.058835771251026, -30.243123885120575 ], [ -51.058646833, -30.239742351 ], [ -51.057932725502397, -30.239517329326311 ], [ -51.0581903, -30.2400739 ] ] ], [ [ [ -51.0569045, -30.245111 ], [ -51.0568715, -30.245276 ], [ -51.0569595, -30.245643 ], [ -51.0569345, -30.245899 ], [ -51.057213059185614, -30.246701251601603 ], [ -51.056992536640131, -30.244984155716459 ], [ -51.0569045, -30.245111 ] ] ], [ [ [ -51.057280181140932, -30.247509957540604 ], [ -51.057311023, -30.247464025999889 ], [ -51.057268669118031, -30.247134247984654 ], [ -51.057280181140932, -30.247509957540604 ] ] ], [ [ [ -51.0554446, -30.249903 ], [ -51.05466160000001, -30.2508543 ], [ -51.0543807, -30.2513873 ], [ -51.0540836, -30.251951099999985 ], [ -51.0539776, -30.2525051 ], [ -51.0539566, -30.2532191 ], [ -51.0538406, -30.2535021 ], [ -51.0537137, -30.2541571 ], [ -51.0535497, -30.2543811 ], [ -51.0535707, -30.2544361 ], [ -51.0540047, -30.25460510000001 ], [ -51.0545127, -30.2546331 ], [ -51.0547557, -30.2547611 ], [ -51.0551677, -30.2552561 ], [ -51.0551417, -30.2558191 ], [ -51.0550307, -30.2559971 ], [ -51.0550917, -30.2561351 ], [ -51.054952865012822, -30.256337816201935 ], [ -51.0555046859999, -30.255734678 ], [ -51.054167956, -30.252144610999895 ], [ -51.057067071478841, -30.247827331819551 ], [ -51.0554446, -30.249903 ] ] ], [ [ [ -51.0544867, -30.2568371 ], [ -51.0542817, -30.2570321 ], [ -51.0536937, -30.25732910000001 ], [ -51.053650111693749, -30.257761681896085 ], [ -51.054494817531669, -30.256838452927465 ], [ -51.0544867, -30.2568371 ] ] ], [ [ [ -51.0536277, -30.2579841 ], [ -51.0539068, -30.2580891 ], [ -51.054037861426444, -30.258053557945733 ], [ -51.053641867857166, -30.257843495486004 ], [ -51.0536277, -30.2579841 ] ] ], [ [ [ -51.0543548, -30.2582831 ], [ -51.054474196827385, -30.258285018080436 ], [ -51.05418538406186, -30.258131813648667 ], [ -51.0543548, -30.2582831 ] ] ], [ [ [ -51.0548918, -30.2588311 ], [ -51.0547258, -30.2589121 ], [ -51.05465980000001, -30.2587781 ], [ -51.0543478, -30.258767099999989 ], [ -51.0539178, -30.2589701 ], [ -51.0536958, -30.2591831 ], [ -51.0536218, -30.2593601 ], [ -51.0534158, -30.2594851 ], [ -51.0533928, -30.2595981 ], [ -51.0534378, -30.259760100000012 ], [ -51.0533908, -30.2599031 ], [ -51.0534328, -30.2599761 ], [ -51.0535288, -30.2600001 ], [ -51.0537918, -30.2598931 ], [ -51.0541418, -30.2598401 ], [ -51.0542708, -30.2599581 ], [ -51.0545208, -30.2600511 ], [ -51.0549308, -30.2603871 ], [ -51.0550618, -30.260444099999987 ], [ -51.0551728, -30.2603561 ], [ -51.0552928, -30.2604261 ], [ -51.0554548, -30.2604331 ], [ -51.0556278, -30.2603581 ], [ -51.0559118, -30.260384099999989 ], [ -51.0560628, -30.2603251 ], [ -51.0561818, -30.2603791 ], [ -51.0565908, -30.2602921 ], [ -51.0567668, -30.2601711 ], [ -51.0569558, -30.260144 ], [ -51.0573268, -30.2599 ], [ -51.0574788, -30.259726 ], [ -51.057516413140021, -30.259698214905566 ], [ -51.05357229, -30.259761601 ], [ -51.054941153765739, -30.258846603834488 ], [ -51.0548918, -30.2588311 ] ] ], [ [ [ -51.0615659, -30.259775 ], [ -51.0622349, -30.2597761 ], [ -51.0628511, -30.2596403 ], [ -51.062849147759586, -30.259612323424175 ], [ -51.061337121169473, -30.259636698889487 ], [ -51.0615659, -30.259775 ] ] ] ] } },
{ "type": "Feature", "properties": { "name": "Lomba do Pinheiro", "code_muni": 4323002.0, "name_muni": "Viamão" }, "geometry": { "type": "MultiPolygon", "coordinates": [ [ [ [ -51.1175073, -30.0788882 ], [ -51.1174039, -30.0789813 ], [ -51.117083, -30.0792607 ], [ -51.116924495633853, -30.079424215508435 ], [ -51.117772606, -30.078768496 ], [ -51.117578573821177, -30.078820348235023 ], [ -51.1175073, -30.0788882 ] ] ], [ [ [ -51.1165545, -30.0796472 ], [ -51.1158968, -30.0798097 ], [ -51.1155878, -30.0800028 ], [ -51.1154676, -30.0802256 ], [ -51.115435188167012, -30.080575644541888 ], [ -51.116770209662889, -30.079543500726501 ], [ -51.1165545, -30.0796472 ] ] ], [ [ [ -51.1106432, -30.0917472 ], [ -51.1104392, -30.0919852 ], [ -51.1101582, -30.0922073 ], [ -51.1101922, -30.0923703 ], [ -51.1102782, -30.0924963 ], [ -51.1103462, -30.0930963 ], [ -51.1104322, -30.0933263 ], [ -51.1104072, -30.0934743 ], [ -51.1104753, -30.0937043 ], [ -51.1104413, -30.0938823 ], [ -51.1104763, -30.0942383 ], [ -51.1105703, -30.0947193 ], [ -51.1106723, -30.0948083 ], [ -51.111106932151834, -30.094909460701309 ], [ -51.110802618865335, -30.091629389260984 ], [ -51.1106432, -30.0917472 ] ] ], [ [ [ -51.1114805, -30.100826 ], [ -51.1111509, -30.102074699999985 ], [ -51.1114464, -30.1027629 ], [ -51.111870490103236, -30.103138566085519 ], [ -51.111625334995054, -30.100496604902659 ], [ -51.1114805, -30.100826 ] ] ], [ [ [ -51.1115593, -30.104212899999986 ], [ -51.110969103735421, -30.104752147685314 ], [ -51.111682561532696, -30.104362068578428 ], [ -51.1115593, -30.104212899999986 ] ] ], [ [ [ -51.1091313, -30.1052111 ], [ -51.1076554, -30.1057779 ], [ -51.1057707, -30.1067431 ], [ -51.1038096, -30.1081932 ], [ -51.1024933, -30.1091302 ], [ -51.1020269, -30.1095672 ], [ -51.101891625426781, -30.109714601856801 ], [ -51.110406533458921, -30.105059724972328 ], [ -51.1091313, -30.1052111 ] ] ], [ [ [ -51.1008164, -30.1108862 ], [ -51.1006962, -30.1112077 ], [ -51.1006815, -30.1115655 ], [ -51.100895809786344, -30.114194177088528 ], [ -51.101815075395656, -30.109798014295322 ], [ -51.1008164, -30.1108862 ] ] ], [ [ [ -51.0965431, -30.1147791 ], [ -51.0962202, -30.1147699 ], [ -51.0962427, -30.1150835 ], [ -51.096240094461564, -30.115136886097758 ], [ -51.096339375999889, -30.114864350999888 ], [ -51.09686530203043, -30.114788294093422 ], [ -51.0965431, -30.1147791 ] ] ], [ [ [ -51.0952475, -30.1208549 ], [ -51.095325073293537, -30.120877325210799 ], [ -51.095256149941385, -30.120715607743669 ], [ -51.0952475, -30.1208549 ] ] ], [ [ [ -51.0954628, -30.1215099 ], [ -51.095666937419239, -30.121679445521973 ], [ -51.095484124608902, -30.121250511153537 ], [ -51.0954628, -30.1215099 ] ] ], [ [ [ -51.0962732, -30.1233584 ], [ -51.0962513, -30.123791 ], [ -51.0965972, -30.1245115 ], [ -51.09635, -30.1246421 ], [ -51.0961768, -30.1249409 ], [ -51.0961901, -30.1252374 ], [ -51.0965589, -30.1257496 ], [ -51.0971225, -30.1259076 ], [ -51.0973086, -30.1261408 ], [ -51.0976358, -30.1271775 ], [ -51.0975575, -30.1279027 ], [ -51.0975489, -30.127982600000013 ], [ -51.097671, -30.1283041 ], [ -51.097966, -30.1282144 ], [ -51.0986136, -30.1286744 ], [ -51.0979863, -30.1291891 ], [ -51.0977998, -30.1295205 ], [ -51.0977495, -30.130002500000014 ], [ -51.0977929, -30.1312687 ], [ -51.097748209687225, -30.131688612179339 ], [ -51.098663799, -30.128710422000012 ], [ -51.096339593167031, -30.123257665702052 ], [ -51.0962732, -30.1233584 ] ] ], [ [ [ -51.0957362, -30.1338376 ], [ -51.0952517, -30.1343912 ], [ -51.0952005, -30.1344863 ], [ -51.0942427, -30.1356543 ], [ -51.0941805, -30.135909 ], [ -51.0938976, -30.136942300000015 ], [ -51.0938372, -30.1375792 ], [ -51.093826706588175, -30.137611853538228 ], [ -51.097333353690885, -30.132361020229894 ], [ -51.0957362, -30.1338376 ] ] ], [ [ [ -51.093235913471887, -30.138411702182662 ], [ -51.093312421, -30.138381887 ], [ -51.093340708893969, -30.138339532250157 ], [ -51.093235913471887, -30.138411702182662 ] ] ], [ [ [ -51.0904469, -30.1394868 ], [ -51.0903357, -30.1395262 ], [ -51.089329, -30.1398833 ], [ -51.0885611, -30.1401556 ], [ -51.0878977, -30.1404295 ], [ -51.0873827, -30.1407412 ], [ -51.0872923, -30.1408262 ], [ -51.0869879, -30.1411124 ], [ -51.0865416, -30.1417878 ], [ -51.0859837, -30.1425894 ], [ -51.085703, -30.142999499999984 ], [ -51.0856092, -30.1431103 ], [ -51.0849323, -30.1436909 ], [ -51.084618, -30.1439496 ], [ -51.084323, -30.144183699999989 ], [ -51.0837583, -30.1445481 ], [ -51.0844174, -30.1452003 ], [ -51.0846918, -30.1455354 ], [ -51.0849178, -30.1462474 ], [ -51.0851439, -30.1468198 ], [ -51.0852892, -30.1473642 ], [ -51.0851761, -30.1487184 ], [ -51.0827973, -30.1486997 ], [ -51.0827344, -30.1487774 ], [ -51.0826164, -30.1488145 ], [ -51.0823267, -30.1487681 ], [ -51.0821979, -30.1488516 ], [ -51.0819083, -30.1490557 ], [ -51.0816829, -30.1491207 ], [ -51.0813396, -30.1492413 ], [ -51.0811572, -30.149399 ], [ -51.0810499, -30.1496309 ], [ -51.0808246, -30.1498165 ], [ -51.0806852, -30.1499 ], [ -51.0805886, -30.150206099999988 ], [ -51.0805457, -30.1504566 ], [ -51.080492, -30.1506607 ], [ -51.0806208, -30.150864800000011 ], [ -51.0807174, -30.1511988 ], [ -51.0807066, -30.151709099999987 ], [ -51.0805081, -30.152159 ], [ -51.0804062, -30.1523492 ], [ -51.0803848, -30.1526808 ], [ -51.0804196, -30.1527319 ], [ -51.0806074, -30.1527759 ], [ -51.0807844, -30.152762 ], [ -51.0809105, -30.1528989 ], [ -51.0808756, -30.1530264 ], [ -51.0808193, -30.1531633 ], [ -51.0807951, -30.1532978 ], [ -51.0807898, -30.1534346 ], [ -51.0806557, -30.1538451 ], [ -51.0805055, -30.1539518 ], [ -51.0803767, -30.1540121 ], [ -51.0801675, -30.1542997 ], [ -51.0799529, -30.1544203 ], [ -51.0798081, -30.1544528 ], [ -51.0796418, -30.1544574 ], [ -51.0794058, -30.1544713 ], [ -51.0792395, -30.1545826 ], [ -51.0791751, -30.1546522 ], [ -51.0789659, -30.1548934 ], [ -51.0786655, -30.1549769 ], [ -51.0784616, -30.1550465 ], [ -51.0782524, -30.1549769 ], [ -51.0780217, -30.1550233 ], [ -51.0778125, -30.1551856 ], [ -51.0775872, -30.1553944 ], [ -51.0773565, -30.1554918 ], [ -51.0772385, -30.1556031 ], [ -51.077083, -30.1557886 ], [ -51.0767879, -30.1558628 ], [ -51.0765626, -30.1559278 ], [ -51.0759564, -30.1563963 ], [ -51.0757579, -30.1566514 ], [ -51.0757579, -30.1568601 ], [ -51.0758223, -30.1571152 ], [ -51.0756399, -30.1573518 ], [ -51.0754629, -30.1576022 ], [ -51.0753073, -30.1577553 ], [ -51.075023, -30.157727500000011 ], [ -51.0748245, -30.1578666 ], [ -51.074728, -30.1579362 ], [ -51.0744598, -30.157964 ], [ -51.0741862, -30.1581264 ], [ -51.0741218, -30.1582748 ], [ -51.0740467, -30.158465 ], [ -51.074036, -30.1587108 ], [ -51.0738589, -30.1588778 ], [ -51.0736605, -30.1590633 ], [ -51.0736658, -30.1596987 ], [ -51.0735907, -30.1598472 ], [ -51.07335470000001, -30.1601208 ], [ -51.0732474, -30.1602275 ], [ -51.073006, -30.1603434 ], [ -51.0728343, -30.160529 ], [ -51.07274850000001, -30.1608119 ], [ -51.0725929, -30.1609186 ], [ -51.0725178, -30.1610856 ], [ -51.0724266, -30.161118 ], [ -51.0722389, -30.1612989 ], [ -51.0722393, -30.161533 ], [ -51.0732821, -30.1623666 ], [ -51.0741632, -30.1624386 ], [ -51.0749542, -30.1630024 ], [ -51.0755207, -30.1632888 ], [ -51.0759376, -30.1635846 ], [ -51.0761086, -30.1641945 ], [ -51.0761299, -30.1651094 ], [ -51.0763651, -30.1664124 ], [ -51.0766109, -30.167290199999986 ], [ -51.076838682745084, -30.167767404995619 ], [ -51.079385360999908, -30.163764952999891 ], [ -51.078638872999896, -30.160220771999899 ], [ -51.088994022, -30.15127063099991 ], [ -51.085589372, -30.143139216999899 ], [ -51.08769345799989, -30.140571445 ], [ -51.090521317434181, -30.139469546812126 ], [ -51.0904469, -30.1394868 ] ] ], [ [ [ -51.0766434, -30.16875 ], [ -51.0765325, -30.1691762 ], [ -51.0766557, -30.1698368 ], [ -51.076697588599174, -30.170009869551858 ], [ -51.076752818990293, -30.168646546189088 ], [ -51.0766434, -30.16875 ] ] ], [ [ [ -51.0766251, -30.1743881 ], [ -51.0767968, -30.1752599 ], [ -51.077218018124704, -30.17536915561336 ], [ -51.076626049493704, -30.174382663000113 ], [ -51.0766251, -30.1743881 ] ] ], [ [ [ -51.0779126, -30.1766882 ], [ -51.078281683985495, -30.177141656659082 ], [ -51.077929184896284, -30.176554257496129 ], [ -51.0779126, -30.1766882 ] ] ], [ [ [ -51.0787065, -30.1779125 ], [ -51.0789211, -30.178431899999985 ], [ -51.0792644, -30.1788771 ], [ -51.0794448, -30.1791009 ], [ -51.079453769437102, -30.179094744748767 ], [ -51.0784020605007, -30.177342248438411 ], [ -51.0787065, -30.1779125 ] ] ] ] } },
{ "type": "Feature", "properties": { "name": "Mário Quintana", "code_muni": 4323002.0, "name_muni": "Viamão" }, "geometry": { "type": "MultiPolygon", "coordinates": [ [ [ [ -51.0848184, -30.0461792 ], [ -51.0847125, -30.0462945 ], [ -51.084517, -30.0465483 ], [ -51.0844139, -30.0467854 ], [ -51.084411, -30.0471243 ], [ -51.0842931, -30.047366 ], [ -51.0846187, -30.0477187 ], [ -51.084840163747359, -30.047816277578431 ], [ -51.084879816999894, -30.046168469 ], [ -51.084843421150161, -30.046154890062798 ], [ -51.0848184, -30.0461792 ] ] ], [ [ [ -51.0849108, -30.0478474 ], [ -51.0851722, -30.0479027 ], [ -51.0853077, -30.04791 ], [ -51.0853636, -30.047913499999989 ], [ -51.0854271, -30.0479026 ], [ -51.0860833, -30.0474299 ], [ -51.0866728, -30.0473547 ], [ -51.0871605, -30.0471026 ], [ -51.087270121087336, -30.046857057341395 ], [ -51.084899301314145, -30.047842333668509 ], [ -51.0849108, -30.0478474 ] ] ], [ [ [ -51.087833, -30.0470864 ], [ -51.0882066, -30.0472319 ], [ -51.0885428, -30.047054100000011 ], [ -51.0889351, -30.0473936 ], [ -51.0891686, -30.047426 ], [ -51.0893834, -30.0471915 ], [ -51.0898131, -30.0472077 ], [ -51.0906256, -30.047523 ], [ -51.091178060394959, -30.047636568330866 ], [ -51.090868654, -30.047410574 ], [ -51.087670142208417, -30.04675088996229 ], [ -51.087833, -30.0470864 ] ] ], [ [ [ -51.0917464, -30.0481051 ], [ -51.091854339451757, -30.048130524936045 ], [ -51.09161816897921, -30.047958026148763 ], [ -51.0917464, -30.0481051 ] ] ], [ [ [ -51.0944566, -30.0501077 ], [ -51.0944991, -30.0501395 ], [ -51.0946139, -30.0502252 ], [ -51.09476827196103, -30.050258775107388 ], [ -51.094254193285209, -30.049883318606305 ], [ -51.0944566, -30.0501077 ] ] ], [ [ [ -51.0958443, -30.0504928 ], [ -51.0961769, -30.05041670000001 ], [ -51.0966593, -30.0500858 ], [ -51.097614264700752, -30.048639146389224 ], [ -51.095190565309537, -30.050350620695287 ], [ -51.0958443, -30.0504928 ] ] ], [ [ [ -51.09769677694154, -30.048589641188578 ], [ -51.097683769, -30.0485900649999 ], [ -51.097670388231293, -30.048599514015091 ], [ -51.09769677694154, -30.048589641188578 ] ] ], [ [ [ -51.0986089, -30.0486331 ], [ -51.0987888, -30.0487034 ], [ -51.0991624, -30.0486225 ], [ -51.0995827, -30.0487842 ], [ -51.1002925, -30.0485902 ], [ -51.1007409, -30.04853360000001 ], [ -51.1014974, -30.0486225 ], [ -51.1020578, -30.0489055 ], [ -51.1026742, -30.0490753 ], [ -51.103182954416006, -30.048957577212999 ], [ -51.101041501999909, -30.048480624 ], [ -51.098334307426803, -30.048568868247703 ], [ -51.0986089, -30.0486331 ] ] ], [ [ [ -51.1050279, -30.049479500000011 ], [ -51.105663, -30.0496816 ], [ -51.1062608, -30.0498433 ], [ -51.1067185, -30.0497463 ], [ -51.1078804, -30.0501174 ], [ -51.107871478957961, -30.050001687048486 ], [ -51.104830722578505, -30.049324548121653 ], [ -51.1050279, -30.049479500000011 ] ] ] ] } },
{ "type": "Feature", "properties": { "name": "Extrema", "code_muni": 4323002.0, "name_muni": "Viamão" }, "geometry": { "type": "MultiPolygon", "coordinates": [ [ [ [ -51.0502708, -30.1875828 ], [ -51.0502923, -30.1873973 ], [ -51.0498631, -30.187082 ], [ -51.0479534, -30.1869336 ], [ -51.04674, -30.186692699999988 ], [ -51.0463655, -30.1866183 ], [ -51.046206, -30.1864903 ], [ -51.0460651, -30.1863772 ], [ -51.0447991, -30.185728 ], [ -51.0443977, -30.1855335 ], [ -51.0436556, -30.1851739 ], [ -51.043538923837431, -30.185271137771 ], [ -51.046444918, -30.187055324 ], [ -51.050704620566457, -30.18799654798292 ], [ -51.0502708, -30.1875828 ] ] ], [ [ [ -51.0188522, -30.205858 ], [ -51.0191266, -30.205975199999987 ], [ -51.019974834995374, -30.206288099201171 ], [ -51.019098567729131, -30.205485577465886 ], [ -51.0188522, -30.205858 ] ] ], [ [ [ -51.0271295, -30.2129996 ], [ -51.0275263, -30.2133424 ], [ -51.0276886, -30.213661899999988 ], [ -51.0281304, -30.2138644 ], [ -51.028302542079167, -30.213914009618318 ], [ -51.02703435867457, -30.212752809870569 ], [ -51.0271295, -30.2129996 ] ] ], [ [ [ -51.0309796, -30.216451199999987 ], [ -51.0313042, -30.2167084 ], [ -51.031443555110144, -30.216789876306212 ], [ -51.030815402657481, -30.21621476840275 ], [ -51.0309796, -30.216451199999987 ] ] ], [ [ [ -51.0321067, -30.2173239 ], [ -51.0323952, -30.2175576 ], [ -51.0330624, -30.2175576 ], [ -51.0332698, -30.2176511 ], [ -51.0340589, -30.2178663 ], [ -51.0353212, -30.2180844 ], [ -51.036839, -30.218465200000011 ], [ -51.0378463, -30.2187186 ], [ -51.0390577, -30.2186525 ], [ -51.0393104, -30.2185789 ], [ -51.03962640000001, -30.2184731 ], [ -51.040113441916048, -30.218349907205827 ], [ -51.031621737191585, -30.216897308785811 ], [ -51.0321067, -30.2173239 ] ] ], [ [ [ -51.0419527, -30.2197353 ], [ -51.0422051, -30.2202339 ], [ -51.0428182, -30.2208416 ], [ -51.0434494, -30.2214493 ], [ -51.044333, -30.2220103 ], [ -51.045396, -30.2222587 ], [ -51.0462398, -30.2225637 ], [ -51.0465851, -30.2226463 ], [ -51.0467299, -30.2227329 ], [ -51.0469916, -30.2230216 ], [ -51.0471221, -30.223383 ], [ -51.0472645, -30.2234594 ], [ -51.047446908725064, -30.223480587645515 ], [ -51.047220991, -30.222998004 ], [ -51.041894028036346, -30.219266737443423 ], [ -51.0419527, -30.2197353 ] ] ], [ [ [ -51.0479439, -30.2249559 ], [ -51.0478679, -30.2251976 ], [ -51.0482501, -30.2255477 ], [ -51.0482356, -30.2258115 ], [ -51.0485485, -30.2260552 ], [ -51.0486978, -30.2262709 ], [ -51.048781648850394, -30.226331625711175 ], [ -51.047959607352645, -30.224575745895258 ], [ -51.0479439, -30.2249559 ] ] ], [ [ [ -51.0502716, -30.2281266 ], [ -51.0504402, -30.2283157 ], [ -51.050586988534988, -30.228323446357198 ], [ -51.050237822590709, -30.227983264145514 ], [ -51.0502716, -30.2281266 ] ] ] ] } },
{ "type": "Feature", "properties": { "name": "Morro Santana", "code_muni": 4323002.0, "name_muni": "Viamão" }, "geometry": { "type": "MultiPolygon", "coordinates": [ [ [ [ -51.1078804, -30.0501174 ], [ -51.1089414, -30.050385 ], [ -51.109877502851596, -30.0504483602191 ], [ -51.107871478957961, -30.050001687048486 ], [ -51.1078804, -30.0501174 ] ] ], [ [ [ -51.1111456, -30.0510237 ], [ -51.112108, -30.051191 ], [ -51.1127778, -30.05153 ], [ -51.1138678, -30.0520324 ], [ -51.114776402838295, -30.052200918173337 ], [ -51.1122865, -30.050984716 ], [ -51.110485940422599, -30.050583831684563 ], [ -51.1111456, -30.0510237 ] ] ], [ [ [ -51.1172372, -30.0538214 ], [ -51.1179167, -30.054054199999989 ], [ -51.1181857, -30.0541768 ], [ -51.1191625, -30.0546546 ], [ -51.1197146, -30.0548139 ], [ -51.1200827, -30.0553041 ], [ -51.120368, -30.0554439 ], [ -51.120615036234263, -30.055052517342787 ], [ -51.117029656347945, -30.053301461579899 ], [ -51.1172372, -30.0538214 ] ] ] ] } },
{ "type": "Feature", "properties": { "name": "São Caetano", "code_muni": 4323002.0, "name_muni": "Viamão" }, "geometry": { "type": "MultiPolygon", "coordinates": [ [ [ [ -51.0794448, -30.1791009 ], [ -51.079416839893319, -30.179094261801275 ], [ -51.079461962, -30.179108395999894 ], [ -51.079453769437102, -30.179094744748767 ], [ -51.0794448, -30.1791009 ] ] ], [ [ [ -51.0776601, -30.1784816 ], [ -51.0759006, -30.177684 ], [ -51.0751832, -30.1775109 ], [ -51.0747111, -30.1770657 ], [ -51.074003, -30.1768988 ], [ -51.0738099, -30.177028599999989 ], [ -51.0732091, -30.1771214 ], [ -51.0729516, -30.1770843 ], [ -51.0728872, -30.1773069 ], [ -51.0726512, -30.1774181 ], [ -51.0722864, -30.1773254 ], [ -51.0720718, -30.1775851 ], [ -51.0717285, -30.1774738 ], [ -51.0714281, -30.1776778 ], [ -51.0713422, -30.1775294 ], [ -51.0709775, -30.1775109 ], [ -51.0705912, -30.1774738 ], [ -51.0702908, -30.177659300000013 ], [ -51.069969, -30.1775294 ], [ -51.0691107, -30.1778077 ], [ -51.0677918, -30.1782024 ], [ -51.067692033849845, -30.178273429811391 ], [ -51.074312146, -30.177495123999986 ], [ -51.078226076410246, -30.178721256008291 ], [ -51.0776601, -30.1784816 ] ] ], [ [ [ -51.0637033, -30.1811836 ], [ -51.0637248, -30.1808498 ], [ -51.0634029, -30.180924 ], [ -51.0626733, -30.1818885 ], [ -51.0621798, -30.1820925 ], [ -51.0619652, -30.1825006 ], [ -51.0616434, -30.1827417 ], [ -51.0611499, -30.183799 ], [ -51.0607636, -30.1840216 ], [ -51.0605276, -30.184578 ], [ -51.0597551, -30.1852087 ], [ -51.059338284541035, -30.185963611965537 ], [ -51.06441747036655, -30.181126169731787 ], [ -51.0637033, -30.1811836 ] ] ], [ [ [ -51.0581029, -30.186878 ], [ -51.0573948, -30.1871933 ], [ -51.0570085, -30.1877312 ], [ -51.056908980764092, -30.187820412274405 ], [ -51.057827058, -30.187402781999893 ], [ -51.059184743954077, -30.186109834328747 ], [ -51.0581029, -30.186878 ] ] ], [ [ [ -51.0553777, -30.1883618 ], [ -51.055169650060492, -30.188611600676456 ], [ -51.055822260343419, -30.188314744885886 ], [ -51.0553777, -30.1883618 ] ] ] ] } },
{ "type": "Feature", "properties": { "name": "Algarve", "code_muni": 4323002.0, "name_muni": "Viamão" }, "geometry": { "type": "MultiPolygon", "coordinates": [ [ [ [ -51.068978, -30.0513569 ], [ -51.0694353, -30.0514904 ], [ -51.069616715499393, -30.051470509663456 ], [ -51.068821027442056, -30.051291551052476 ], [ -51.068978, -30.0513569 ] ] ], [ [ [ -51.0699114, -30.0514382 ], [ -51.0704787, -30.0513349 ], [ -51.0711198, -30.0509647 ], [ -51.0714564, -30.0506744 ], [ -51.0721696, -30.0497297 ], [ -51.072506232069692, -30.049410612820559 ], [ -51.069853361971511, -30.051444563432881 ], [ -51.0699114, -30.0514382 ] ] ], [ [ [ -51.074979, -30.049000799999988 ], [ -51.0753203, -30.0490649 ], [ -51.0755063, -30.0490796 ], [ -51.0760642, -30.0490796 ], [ -51.0763324, -30.049070299999986 ], [ -51.0766328, -30.048996 ], [ -51.07663769156666, -30.048993965471631 ], [ -51.074784020823955, -30.048975131544516 ], [ -51.074979, -30.049000799999988 ] ] ], [ [ [ -51.0774589, -30.0486524 ], [ -51.0779555, -30.0484284 ], [ -51.0785461, -30.048162 ], [ -51.0794584, -30.047693 ], [ -51.0802356, -30.0472935 ], [ -51.0804697, -30.0471664 ], [ -51.08052795084491, -30.047134780217217 ], [ -51.076859249742249, -30.048901813449866 ], [ -51.0774589, -30.0486524 ] ] ] ] } },
{ "type": "Feature", "properties": { "name": "Aparecida", "code_muni": 4323002.0, "name_muni": "Viamão" }, "geometry": { "type": "MultiPolygon", "coordinates": [ [ [ [ -51.0508101, -30.0276751 ], [ -51.0508454, -30.0277019 ], [ -51.0509376, -30.027728699999987 ], [ -51.0510763, -30.0277541 ], [ -51.05138255922251, -30.027798666976761 ], [ -51.05081389054186, -30.027656091808552 ], [ -51.0508101, -30.0276751 ] ] ], [ [ [ -51.054203719563901, -30.028539103505409 ], [ -51.054209428999989, -30.0285073699999 ], [ -51.05404168275949, -30.028465317594971 ], [ -51.054203719563901, -30.028539103505409 ] ] ], [ [ [ -51.0540583, -30.0287175 ], [ -51.0539414, -30.028918 ], [ -51.0537686, -30.029247 ], [ -51.0536978, -30.0294588 ], [ -51.05368450000001, -30.0296994 ], [ -51.0537305, -30.0304197 ], [ -51.053784178006254, -30.030870893103032 ], [ -51.054201315004491, -30.028552468234082 ], [ -51.0540583, -30.0287175 ] ] ], [ [ [ -51.049583, -30.036943 ], [ -51.0495016, -30.037105 ], [ -51.0494418, -30.0372869 ], [ -51.0494113, -30.037565200000014 ], [ -51.0494217, -30.0376405 ], [ -51.0494542, -30.0378764 ], [ -51.0496308, -30.0385534 ], [ -51.049943187076764, -30.039750928888342 ], [ -51.049535681999892, -30.037180543 ], [ -51.050070136731499, -30.036457651772437 ], [ -51.049583, -30.036943 ] ] ], [ [ [ -51.0502161, -30.0415265 ], [ -51.050207748783976, -30.041684358469283 ], [ -51.050242146, -30.041636561 ], [ -51.050218264113298, -30.041485932779548 ], [ -51.0502161, -30.0415265 ] ] ], [ [ [ -51.0491147, -30.0431395 ], [ -51.0488225, -30.0433772 ], [ -51.0485422, -30.0436715 ], [ -51.0483723, -30.043934900000011 ], [ -51.048262, -30.0442197 ], [ -51.0482485, -30.0444558 ], [ -51.04827070000001, -30.04471520000001 ], [ -51.0483758, -30.0450341 ], [ -51.0485675, -30.0453664 ], [ -51.0486877, -30.0455701 ], [ -51.0488747, -30.0459001 ], [ -51.0493469, -30.0467169 ], [ -51.0495615, -30.0469637 ], [ -51.049707964367236, -30.047088806769636 ], [ -51.048287945, -30.044351979999892 ], [ -51.049225331360859, -30.043049476668454 ], [ -51.0491147, -30.0431395 ] ] ], [ [ [ -51.05130230000001, -30.0502205 ], [ -51.051332806665044, -30.050220187036487 ], [ -51.051301033471596, -30.050158956145825 ], [ -51.05130230000001, -30.0502205 ] ] ], [ [ [ -51.0517019, -30.050216399999989 ], [ -51.0521606, -30.050217599999986 ], [ -51.0524348, -30.0502094 ], [ -51.0525758, -30.0502047 ], [ -51.0526839, -30.0501853 ], [ -51.0527834, -30.0501404 ], [ -51.0528646, -30.0500783 ], [ -51.052915581480612, -30.05003512653397 ], [ -51.051466292569785, -30.050218817540465 ], [ -51.0517019, -30.050216399999989 ] ] ], [ [ [ -51.0550494, -30.0497787 ], [ -51.055379755241447, -30.049722765106686 ], [ -51.054632316405716, -30.049817516376852 ], [ -51.0550494, -30.0497787 ] ] ] ] } },
{ "type": "Feature", "properties": { "name": "Industrial", "code_muni": 4323002.0, "name_muni": "Viamão" }, "geometry": { "type": "MultiPolygon", "coordinates": [ [ [ [ -50.950496656183923, -29.966291477509692 ], [ -50.950466977, -29.966271212 ], [ -50.950453542078513, -29.966280536636518 ], [ -50.950496656183923, -29.966291477509692 ] ] ], [ [ [ -50.9509057, -29.9666172 ], [ -50.9514133, -29.9670817 ], [ -50.9517479, -29.9674547 ], [ -50.9519444, -29.9675987 ], [ -50.952368, -29.9678563 ], [ -50.9528753, -29.9680806 ], [ -50.9531639, -29.9682009 ], [ -50.9533742, -29.9683057 ], [ -50.953843706113496, -29.968576810697186 ], [ -50.950807115162839, -29.966503463891872 ], [ -50.9509057, -29.9666172 ] ] ], [ [ [ -50.9563045, -29.970290500000015 ], [ -50.9563399, -29.9705335 ], [ -50.9563335, -29.9714198 ], [ -50.9563614, -29.9716089 ], [ -50.9563881, -29.9717348 ], [ -50.956456, -29.971848 ], [ -50.9569926, -29.9727311 ], [ -50.9571843, -29.9730985 ], [ -50.9573036, -29.973412500000013 ], [ -50.9576634, -29.9746628 ], [ -50.9577763, -29.9750155 ], [ -50.9580251, -29.9756355 ], [ -50.9581993, -29.9759568 ], [ -50.9583706, -29.9762376 ], [ -50.9585656, -29.9765082 ], [ -50.9590026, -29.9771208 ], [ -50.9595907, -29.9780219 ], [ -50.959725, -29.9782429 ], [ -50.9598962, -29.9786262 ], [ -50.9599482, -29.9789069 ], [ -50.9599648, -29.9792233 ], [ -50.9599745, -29.9798511 ], [ -50.9600177, -29.9803588 ], [ -50.9600904, -29.9808563 ], [ -50.9603751, -29.9828227 ], [ -50.9610507, -29.985170399999987 ], [ -50.961356820239139, -29.985744911448712 ], [ -50.959954452, -29.978750427 ], [ -50.956291866, -29.97024827 ], [ -50.956286184495603, -29.970244391121465 ], [ -50.9563045, -29.970290500000015 ] ] ], [ [ [ -50.9621233, -29.98992010000001 ], [ -50.962370243336629, -29.989980246105631 ], [ -50.962189071999902, -29.989895396999898 ], [ -50.962133401695489, -29.989617777102257 ], [ -50.9621233, -29.98992010000001 ] ] ], [ [ [ -50.973262, -29.9950753 ], [ -50.9735267, -29.995174 ], [ -50.9737914, -29.9952433 ], [ -50.9740684, -29.9952965 ], [ -50.9744761, -29.995327 ], [ -50.9748837, -29.9953042 ], [ -50.9755728, -29.9951975 ], [ -50.9764176, -29.9950593 ], [ -50.976457528775377, -29.99505002717969 ], [ -50.973197604526135, -29.995043913164071 ], [ -50.973262, -29.9950753 ] ] ], [ [ [ -50.986243624796401, -29.995070611342904 ], [ -50.986236770999895, -29.995067884 ], [ -50.986235193866733, -29.995067881178727 ], [ -50.986243624796401, -29.995070611342904 ] ] ], [ [ [ -50.9864299, -29.9951674 ], [ -50.9866695, -29.995337 ], [ -50.9871591, -29.9957089 ], [ -50.9873235, -29.9958146 ], [ -50.9875019, -29.995892 ], [ -50.987706, -29.9959552 ], [ -50.9879101, -29.995994199999988 ], [ -50.9887599, -29.9961118 ], [ -50.988916977863823, -29.996134384614226 ], [ -50.98628540589236, -29.995087237354532 ], [ -50.9864299, -29.9951674 ] ] ], [ [ [ -50.9976744, -29.9996613 ], [ -50.9983077, -29.9999277 ], [ -50.9987848, -30.0000931 ], [ -50.998947814148615, -30.000125139639483 ], [ -50.997400859052078, -29.999509756410095 ], [ -50.9976744, -29.9996613 ] ] ], [ [ [ -50.9991552, -30.0001659 ], [ -50.9995628, -30.0001877 ], [ -51.0000959, -30.000178200000011 ], [ -51.000130089602074, -30.000175600630648 ], [ -50.999120536011915, -30.000159087040284 ], [ -50.9991552, -30.0001659 ] ] ], [ [ [ -51.003717, -30.0002568 ], [ -51.0039188, -30.0002864 ], [ -51.0044589, -30.0003126 ], [ -51.0053183, -30.0002835 ], [ -51.005527886498164, -30.000263762672905 ], [ -51.003543860627239, -30.000231383383746 ], [ -51.003717, -30.0002568 ] ] ], [ [ [ -51.0059809, -30.0002211 ], [ -51.0064562, -30.0001505 ], [ -51.0069651, -30.0000216 ], [ -51.007199262796981, -29.999953992723064 ], [ -51.005759038264046, -30.000241994090231 ], [ -51.0059809, -30.0002211 ] ] ], [ [ [ -51.015275158703496, -29.998435421430205 ], [ -51.015101114999901, -29.998373550999901 ], [ -51.01503320667306, -29.998387135513084 ], [ -51.015275158703496, -29.998435421430205 ] ] ], [ [ [ -51.0175859, -29.9992661 ], [ -51.0181008, -29.9994769 ], [ -51.0193142, -29.9999583 ], [ -51.0194168, -29.9999998 ], [ -51.0198733, -30.0001677 ], [ -51.0202729, -30.000248 ], [ -51.020444789038038, -30.000273022253765 ], [ -51.017458937068454, -29.999211702079407 ], [ -51.0175859, -29.9992661 ] ] ], [ [ [ -51.0261908, -30.0023255 ], [ -51.0263444, -30.002389600000011 ], [ -51.0266563, -30.0024905 ], [ -51.026728580628905, -30.002506298446153 ], [ -51.026147358937813, -30.002299747537482 ], [ -51.0261908, -30.0023255 ] ] ], [ [ [ -51.0270031, -30.0025663 ], [ -51.0274462, -30.0026496 ], [ -51.0275502, -30.0026655 ], [ -51.0277033, -30.0026802 ], [ -51.0278717, -30.0026597 ], [ -51.028035, -30.0026344 ], [ -51.0282682, -30.002589 ], [ -51.0284547, -30.0025385 ], [ -51.0286209, -30.002488 ], [ -51.0290581, -30.0022987 ], [ -51.02930979716605, -30.002191113855897 ], [ -51.02680830790915, -30.002523724462158 ], [ -51.0270031, -30.0025663 ] ] ], [ [ [ -51.0321089, -30.003332299999986 ], [ -51.032195, -30.0036572 ], [ -51.0322283, -30.0037459 ], [ -51.0322737, -30.0038279 ], [ -51.0323272, -30.0038906 ], [ -51.0323922, -30.0039456 ], [ -51.032507, -30.0038402 ], [ -51.032511374755401, -30.003831216133232 ], [ -51.032108896589705, -30.003332286614782 ], [ -51.0321089, -30.003332299999986 ] ] ] ] } },
{ "type": "Feature", "properties": { "name": "Piratini", "code_muni": 4323002.0, "name_muni": "Viamão" }, "geometry": { "type": "MultiPolygon", "coordinates": [ [ [ [ -51.0383186, -30.0086895 ], [ -51.0380762, -30.0089725 ], [ -51.0378118, -30.0094272 ], [ -51.0375511, -30.0098533 ], [ -51.0373575, -30.010549 ], [ -51.0373895, -30.0113192 ], [ -51.037396174544767, -30.011369537407909 ], [ -51.039669697, -30.006548655999893 ], [ -51.039648835257751, -30.006541542255576 ], [ -51.0383186, -30.0086895 ] ] ], [ [ [ -51.0359914, -30.0143461 ], [ -51.0359721, -30.0143695 ], [ -51.0359332, -30.014395 ], [ -51.0359064, -30.0144357 ], [ -51.035901, -30.014518100000011 ], [ -51.035883484796358, -30.014576832578729 ], [ -51.035993907679078, -30.014342715000577 ], [ -51.0359914, -30.0143461 ] ] ], [ [ [ -51.0357441, -30.0148073 ], [ -51.0356113, -30.0150175 ], [ -51.0355885, -30.01506040000001 ], [ -51.0355523, -30.0151197 ], [ -51.0355094, -30.015168400000011 ], [ -51.0354488, -30.0152194 ], [ -51.0353498, -30.0153647 ], [ -51.0353015, -30.0154646 ], [ -51.0352694, -30.0155644 ], [ -51.0352466, -30.015648 ], [ -51.0352251, -30.0157769 ], [ -51.0351507, -30.015982199999989 ], [ -51.035144291782068, -30.016144031910514 ], [ -51.035874510774867, -30.014595859163688 ], [ -51.0357441, -30.0148073 ] ] ], [ [ [ -51.0340192, -30.018418299999986 ], [ -51.0340436, -30.0186858 ], [ -51.034564, -30.0197912 ], [ -51.0343282, -30.0206993 ], [ -51.0345802, -30.0208824 ], [ -51.0348648, -30.0212907 ], [ -51.034167422765371, -30.02257881899439 ], [ -51.035008289, -30.021359560000011 ], [ -51.034241156329394, -30.018124823199543 ], [ -51.0340192, -30.018418299999986 ] ] ], [ [ [ -51.0334988, -30.0229803 ], [ -51.0334141, -30.0231594 ], [ -51.033710916002462, -30.023240740576441 ], [ -51.034118097097654, -30.02265034028655 ], [ -51.0334988, -30.0229803 ] ] ], [ [ [ -51.041805, -30.0254169 ], [ -51.0508101, -30.0276751 ], [ -51.05081389054186, -30.027656091808552 ], [ -51.040687468743251, -30.025116740473258 ], [ -51.041805, -30.0254169 ] ] ] ] } },
{ "type": "Feature", "properties": { "name": "Umbu", "code_muni": 4323002.0, "name_muni": "Viamão" }, "geometry": { "type": "MultiPolygon", "coordinates": [ [ [ [ -51.032507, -30.0038402 ], [ -51.0323922, -30.0039456 ], [ -51.03256480000001, -30.0040456 ], [ -51.0327275, -30.0041618 ], [ -51.0329495, -30.0042856 ], [ -51.0335634, -30.0045842 ], [ -51.0337995, -30.0046504 ], [ -51.0340275, -30.0046923 ], [ -51.034388616170723, -30.004747697026062 ], [ -51.03281879299989, -30.0042123009999 ], [ -51.032511374755401, -30.003831216133232 ], [ -51.032507, -30.0038402 ] ] ], [ [ [ -51.0371529, -30.0056956 ], [ -51.0373763, -30.0058073 ], [ -51.0375005, -30.0058509 ], [ -51.0380321, -30.0059958 ], [ -51.038100057224717, -30.006013405002943 ], [ -51.037130179997291, -30.005682662245945 ], [ -51.0371529, -30.0056956 ] ] ], [ [ [ -51.0395609, -30.0065133 ], [ -51.039597776028536, -30.006524131308876 ], [ -51.039551850318261, -30.006508470844771 ], [ -51.0395609, -30.0065133 ] ] ] ] } },
{ "type": "Feature", "properties": { "name": "Cocão", "code_muni": 4323002.0, "name_muni": "Viamão" }, "geometry": { "type": "Polygon", "coordinates": [ [ [ -51.039551850318261, -30.006508470844771 ], [ -51.038705908836256, -30.00622000478716 ], [ -51.038553, -30.006279 ], [ -51.0380107, -30.0066375 ], [ -51.0377601, -30.0068032 ], [ -51.0367105, -30.007430099999986 ], [ -51.0364347, -30.0075899 ], [ -51.0356247, -30.0080195 ], [ -51.0353991, -30.0081704 ], [ -51.035249, -30.00835 ], [ -51.034777, -30.009144 ], [ -51.0346805, -30.0092633 ], [ -51.0345416, -30.0093783 ], [ -51.0343983, -30.0094516 ], [ -51.0342125, -30.0095136 ], [ -51.0338329, -30.009627 ], [ -51.033088, -30.0098593 ], [ -51.0329732, -30.0099021 ], [ -51.0327458, -30.0100007 ], [ -51.0323412, -30.0102167 ], [ -51.032094, -30.010389 ], [ -51.031923, -30.01056 ], [ -51.031816, -30.010786 ], [ -51.0318017, -30.0109238 ], [ -51.0317998, -30.0110617 ], [ -51.0317897, -30.0113373 ], [ -51.0318357, -30.0127072 ], [ -51.031816, -30.013285 ], [ -51.0318001, -30.0140853 ], [ -51.0317725, -30.014831199999986 ], [ -51.0317624, -30.0149577 ], [ -51.0317338, -30.0150842 ], [ -51.0315608, -30.0153562 ], [ -51.0313968, -30.015567 ], [ -51.031188, -30.0157688 ], [ -51.0305665, -30.0162728 ], [ -51.0302736, -30.0165915 ], [ -51.029797, -30.0173099 ], [ -51.0291344, -30.0183118 ], [ -51.0291154, -30.0183406 ], [ -51.0290789, -30.0183997 ], [ -51.0289119, -30.0186801 ], [ -51.0285228, -30.019504800000011 ], [ -51.028037, -30.0206442 ], [ -51.0276375, -30.021835 ], [ -51.0275279, -30.0221629 ], [ -51.0274022, -30.0223693 ], [ -51.0272271, -30.0225275 ], [ -51.0268475, -30.0226672 ], [ -51.0264278, -30.022795199999987 ], [ -51.0261895, -30.0229625 ], [ -51.0259939, -30.0231509 ], [ -51.0257092, -30.0237519 ], [ -51.0252524, -30.0248845 ], [ -51.0250257, -30.025446599999984 ], [ -51.0247206, -30.0262234 ], [ -51.0245314, -30.0267053 ], [ -51.0243383, -30.0270304 ], [ -51.0241237, -30.0271884 ], [ -51.0233834, -30.027532 ], [ -51.0224178, -30.0279036 ], [ -51.0216346, -30.0284331 ], [ -51.0212376, -30.028823199999987 ], [ -51.0202935, -30.0299285 ], [ -51.0198541, -30.0305271 ], [ -51.0196661, -30.0308406 ], [ -51.0191133, -30.032325 ], [ -51.0189953, -30.0329102 ], [ -51.0189565, -30.0336108 ], [ -51.0187807, -30.0373127 ], [ -51.0187164, -30.0381115 ], [ -51.0185876, -30.0384923 ], [ -51.0182765, -30.0389103 ], [ -51.0178296, -30.0393072 ], [ -51.0175472, -30.0395125 ], [ -51.0173965, -30.039579599999989 ], [ -51.017235, -30.0396177 ], [ -51.0170199, -30.0396563 ], [ -51.0151867, -30.0398865 ], [ -51.0148254, -30.0399709 ], [ -51.0147572, -30.0400022 ], [ -51.0146859, -30.0400529 ], [ -51.0146501, -30.0401146 ], [ -51.0146244, -30.0401926 ], [ -51.0146179, -30.0402756 ], [ -51.0147145, -30.0416408 ], [ -51.0147896, -30.04214240000001 ], [ -51.0150471, -30.043034 ], [ -51.0150589, -30.0431902 ], [ -51.015039, -30.0433347 ], [ -51.0144369, -30.0445856 ], [ -51.0143996, -30.0447557 ], [ -51.0143917, -30.0449258 ], [ -51.0144171, -30.0450993 ], [ -51.0144799, -30.045241 ], [ -51.0148325, -30.0456994 ], [ -51.0180616, -30.0462689 ], [ -51.0199392, -30.0455816 ], [ -51.020304, -30.0456281 ], [ -51.0216558, -30.0453262 ], [ -51.0220099, -30.0453355 ], [ -51.0224551, -30.045498 ], [ -51.0227555, -30.0457442 ], [ -51.0228467, -30.0460367 ], [ -51.0254753, -30.0460088 ], [ -51.0254055, -30.047824499999987 ], [ -51.024456, -30.0491896 ], [ -51.0308244, -30.047898 ], [ -51.031259, -30.0482904 ], [ -51.0325571, -30.0489115 ], [ -51.032872, -30.0490281 ], [ -51.0334843, -30.0492384 ], [ -51.0342281, -30.0495894 ], [ -51.0344057, -30.0497886 ], [ -51.0344373, -30.0499899 ], [ -51.0340028, -30.0507793 ], [ -51.0335468, -30.052599399999988 ], [ -51.0333549, -30.0545736 ], [ -51.0332304, -30.055853699999986 ], [ -51.0328227, -30.0566297 ], [ -51.0308048, -30.0586583 ], [ -51.0306769, -30.0596755 ], [ -51.030804, -30.0604342 ], [ -51.0309987, -30.0618298 ], [ -51.0311272, -30.062240699999986 ], [ -51.0314923, -30.0634083 ], [ -51.0318583, -30.0642569 ], [ -51.0320824, -30.0647176 ], [ -51.0321699, -30.065663700000012 ], [ -51.032188, -30.0658679 ], [ -51.0322103, -30.0661181 ], [ -51.0330445, -30.0684695 ], [ -51.0330525, -30.0686019 ], [ -51.0329613, -30.0690847 ], [ -51.0329667, -30.0691822 ], [ -51.033074, -30.0694271 ], [ -51.0331808, -30.0697615 ], [ -51.0334131, -30.0707299 ], [ -51.0334873, -30.070951 ], [ -51.0335837, -30.0712384 ], [ -51.034119, -30.072052 ], [ -51.0343958, -30.0726015 ], [ -51.0344084, -30.0726591 ], [ -51.0343977, -30.072753 ], [ -51.0344939, -30.0729098 ], [ -51.0346226, -30.073244 ], [ -51.0347638, -30.0734177 ], [ -51.0356928, -30.0742486 ], [ -51.0357547, -30.0743404 ], [ -51.0357839, -30.0743925 ], [ -51.0358128, -30.0744704 ], [ -51.0361867, -30.0748237 ], [ -51.0363305, -30.0749595 ], [ -51.0363972, -30.0750353 ], [ -51.0364533, -30.0751241 ], [ -51.0368058, -30.0758709 ], [ -51.0369678, -30.076263 ], [ -51.0370768, -30.0765301 ], [ -51.0372292, -30.0769633 ], [ -51.0372977, -30.077158 ], [ -51.0375995, -30.077989399999986 ], [ -51.0376287, -30.0781061 ], [ -51.0376784, -30.0783048 ], [ -51.0377593, -30.0791262 ], [ -51.0377852, -30.0792141 ], [ -51.0378347, -30.0793001 ], [ -51.0378805, -30.0793498 ], [ -51.0411823, -30.0773514 ], [ -51.0417254, -30.0770184 ], [ -51.0420419, -30.0768582 ], [ -51.0424952, -30.076666699999986 ], [ -51.0428238, -30.0765437 ], [ -51.0432422, -30.0764369 ], [ -51.043615, -30.076365 ], [ -51.0444251, -30.076252400000012 ], [ -51.0444782, -30.0759501 ], [ -51.0447906, -30.0749481 ], [ -51.0449682, -30.0746253 ], [ -51.0451436, -30.074395799999987 ], [ -51.0452451, -30.0742501 ], [ -51.0453597, -30.0741182 ], [ -51.0457928, -30.0736324 ], [ -51.0459521, -30.073417 ], [ -51.046257, -30.0730377 ], [ -51.0464504, -30.0727943 ], [ -51.0465762, -30.0726361 ], [ -51.0468122, -30.0724435 ], [ -51.0471073, -30.0722578 ], [ -51.0473728, -30.0721301 ], [ -51.0475981, -30.0720581 ], [ -51.0482177, -30.0719421 ], [ -51.0484672, -30.0718841 ], [ -51.0488427, -30.0717494 ], [ -51.049583, -30.0714778 ], [ -51.0498968, -30.0713455 ], [ -51.0501596, -30.0711993 ], [ -51.0504466, -30.0709742 ], [ -51.0507122, -30.0706213 ], [ -51.0509616, -30.0702453 ], [ -51.0511207, -30.0699716 ], [ -51.0512674, -30.0696186 ], [ -51.0515391, -30.0686902 ], [ -51.0517556, -30.0682885 ], [ -51.051979, -30.0679381 ], [ -51.05273, -30.0671489 ], [ -51.0531699, -30.0664618 ], [ -51.0535132, -30.0660533 ], [ -51.0540314, -30.065518 ], [ -51.0542125, -30.0652824 ], [ -51.0547363, -30.0643448 ], [ -51.0550796, -30.0636576 ], [ -51.0553156, -30.063304799999987 ], [ -51.0555831, -30.0629889 ], [ -51.0557693, -30.0627494 ], [ -51.0561544, -30.0622542 ], [ -51.056348, -30.0619387 ], [ -51.0564414, -30.0617864 ], [ -51.0565294, -30.061611299999988 ], [ -51.0566055, -30.0614979 ], [ -51.0568008, -30.0612072 ], [ -51.057891, -30.060113 ], [ -51.0581915, -30.059776 ], [ -51.0587856, -30.0589554 ], [ -51.0593641, -30.0578128 ], [ -51.0596608, -30.0571854 ], [ -51.05985720000001, -30.0568092 ], [ -51.0601683, -30.05586229999998 ], [ -51.0603855, -30.0552012 ], [ -51.0604285, -30.0550703 ], [ -51.0604714, -30.0549276 ], [ -51.0604825, -30.0548921 ], [ -51.0605086, -30.0548085 ], [ -51.0605406, -30.0546503 ], [ -51.06054, -30.0544656 ], [ -51.0605417, -30.0541023 ], [ -51.0605438, -30.05309 ], [ -51.060584, -30.0528346 ], [ -51.0607758, -30.0521683 ], [ -51.0609891, -30.051704 ], [ -51.0610883, -30.0515624 ], [ -51.0611795, -30.0514266 ], [ -51.061518126063206, -30.051009336817174 ], [ -51.057450618, -30.049460223 ], [ -51.055379755241447, -30.049722765106686 ], [ -51.0550494, -30.0497787 ], [ -51.054632316405716, -30.049817516376852 ], [ -51.052915581480612, -30.05003512653397 ], [ -51.0528646, -30.0500783 ], [ -51.0527834, -30.0501404 ], [ -51.0526839, -30.0501853 ], [ -51.0525758, -30.0502047 ], [ -51.0524348, -30.0502094 ], [ -51.0521606, -30.050217599999986 ], [ -51.0517019, -30.050216399999989 ], [ -51.051466292569785, -30.050218817540465 ], [ -51.051340377, -30.050234776 ], [ -51.051332806665044, -30.050220187036487 ], [ -51.05130230000001, -30.0502205 ], [ -51.051301033471596, -30.050158956145825 ], [ -51.049707964367236, -30.047088806769636 ], [ -51.0495615, -30.0469637 ], [ -51.0493469, -30.0467169 ], [ -51.0488747, -30.0459001 ], [ -51.0486877, -30.0455701 ], [ -51.0485675, -30.0453664 ], [ -51.0483758, -30.0450341 ], [ -51.04827070000001, -30.04471520000001 ], [ -51.0482485, -30.0444558 ], [ -51.048262, -30.0442197 ], [ -51.0483723, -30.043934900000011 ], [ -51.0485422, -30.0436715 ], [ -51.0488225, -30.0433772 ], [ -51.0491147, -30.0431395 ], [ -51.049225331360859, -30.043049476668454 ], [ -51.050207748783976, -30.041684358469283 ], [ -51.0502161, -30.0415265 ], [ -51.050218264113298, -30.041485932779548 ], [ -51.049943187076764, -30.039750928888342 ], [ -51.0496308, -30.0385534 ], [ -51.0494542, -30.0378764 ], [ -51.0494217, -30.0376405 ], [ -51.0494113, -30.037565200000014 ], [ -51.0494418, -30.0372869 ], [ -51.0495016, -30.037105 ], [ -51.049583, -30.036943 ], [ -51.050070136731499, -30.036457651772437 ], [ -51.053650319, -30.031614851 ], [ -51.053784178006254, -30.030870893103032 ], [ -51.0537305, -30.0304197 ], [ -51.05368450000001, -30.0296994 ], [ -51.0536978, -30.0294588 ], [ -51.0537686, -30.029247 ], [ -51.0539414, -30.028918 ], [ -51.0540583, -30.0287175 ], [ -51.054201315004491, -30.028552468234082 ], [ -51.054203719563901, -30.028539103505409 ], [ -51.05404168275949, -30.028465317594971 ], [ -51.05138255922251, -30.027798666976761 ], [ -51.0510763, -30.0277541 ], [ -51.0509376, -30.027728699999987 ], [ -51.0508454, -30.0277019 ], [ -51.0508101, -30.0276751 ], [ -51.041805, -30.0254169 ], [ -51.040687468743251, -30.025116740473258 ], [ -51.033636837, -30.023348152 ], [ -51.033710916002462, -30.023240740576441 ], [ -51.0334141, -30.0231594 ], [ -51.0334988, -30.0229803 ], [ -51.034118097097654, -30.02265034028655 ], [ -51.034167422765371, -30.02257881899439 ], [ -51.0348648, -30.0212907 ], [ -51.0345802, -30.0208824 ], [ -51.0343282, -30.0206993 ], [ -51.034564, -30.0197912 ], [ -51.0340436, -30.0186858 ], [ -51.0340192, -30.018418299999986 ], [ -51.034241156329394, -30.018124823199543 ], [ -51.034230728, -30.018080848999901 ], [ -51.035144291782068, -30.016144031910514 ], [ -51.0351507, -30.015982199999989 ], [ -51.0352251, -30.0157769 ], [ -51.0352466, -30.015648 ], [ -51.0352694, -30.0155644 ], [ -51.0353015, -30.0154646 ], [ -51.0353498, -30.0153647 ], [ -51.0354488, -30.0152194 ], [ -51.0355094, -30.015168400000011 ], [ -51.0355523, -30.0151197 ], [ -51.0355885, -30.01506040000001 ], [ -51.0356113, -30.0150175 ], [ -51.0357441, -30.0148073 ], [ -51.035874510774867, -30.014595859163688 ], [ -51.035883484796358, -30.014576832578729 ], [ -51.035901, -30.014518100000011 ], [ -51.0359064, -30.0144357 ], [ -51.0359332, -30.014395 ], [ -51.0359721, -30.0143695 ], [ -51.0359914, -30.0143461 ], [ -51.035993907679078, -30.014342715000577 ], [ -51.037396174544767, -30.011369537407909 ], [ -51.0373895, -30.0113192 ], [ -51.0373575, -30.010549 ], [ -51.0375511, -30.0098533 ], [ -51.0378118, -30.0094272 ], [ -51.0380762, -30.0089725 ], [ -51.0383186, -30.0086895 ], [ -51.039648835257751, -30.006541542255576 ], [ -51.039597776028536, -30.006524131308876 ], [ -51.0395609, -30.0065133 ], [ -51.039551850318261, -30.006508470844771 ] ] ] } },
{ "type": "Feature", "properties": { "name": "São Lucas", "code_muni": 4323002.0, "name_muni": "Viamão" }, "geometry": { "type": "Polygon", "coordinates": [ [ [ -51.0457928, -30.0736324 ], [ -51.0453597, -30.0741182 ], [ -51.0452451, -30.0742501 ], [ -51.0451436, -30.074395799999987 ], [ -51.0449682, -30.0746253 ], [ -51.0447906, -30.0749481 ], [ -51.0444782, -30.0759501 ], [ -51.0444251, -30.076252400000012 ], [ -51.0459446, -30.0760807 ], [ -51.0462436, -30.0760818 ], [ -51.0465615, -30.076124699999987 ], [ -51.0468954, -30.0762037 ], [ -51.0480863, -30.0766516 ], [ -51.0484993, -30.0768559 ], [ -51.0489044, -30.0771019 ], [ -51.0491484, -30.0773015 ], [ -51.0494006, -30.07753360000001 ], [ -51.0496768, -30.0778447 ], [ -51.0502455, -30.0785804 ], [ -51.0504203, -30.0788046 ], [ -51.0516644, -30.0804001 ], [ -51.0527399, -30.0817741 ], [ -51.0531865, -30.082378699999985 ], [ -51.0536505, -30.0829415 ], [ -51.0541843, -30.0835508 ], [ -51.0546322, -30.0840312 ], [ -51.0553591, -30.0847623 ], [ -51.0558862, -30.0852636 ], [ -51.0565183, -30.085833 ], [ -51.0574821, -30.0865981 ], [ -51.0582009, -30.0871493 ], [ -51.0584373, -30.0873401 ], [ -51.06012, -30.0886984 ], [ -51.0607544, -30.089173 ], [ -51.061897, -30.089875 ], [ -51.0624602, -30.0902266 ], [ -51.0626628, -30.0903833 ], [ -51.0628063, -30.090526 ], [ -51.0629095, -30.0906664 ], [ -51.0630047, -30.0908381 ], [ -51.0630785, -30.0909936 ], [ -51.063395, -30.0916202 ], [ -51.0635103, -30.091785 ], [ -51.063678, -30.091988 ], [ -51.0640132, -30.0922364 ], [ -51.0643499, -30.0923826 ], [ -51.0646704, -30.0924754 ], [ -51.0655421, -30.092646 ], [ -51.0658747, -30.092692399999986 ], [ -51.0664018, -30.0927295 ], [ -51.0679252, -30.0927574 ], [ -51.0692328, -30.0927794 ], [ -51.0695238, -30.0927776 ], [ -51.0701032, -30.0927492 ], [ -51.07053770000001, -30.0927028 ], [ -51.0707644, -30.0926947 ], [ -51.0710487, -30.0927167 ], [ -51.0712324, -30.0927492 ], [ -51.0722798, -30.0930092 ], [ -51.0726151, -30.0930614 ], [ -51.072945, -30.0930962 ], [ -51.0733876, -30.0931159 ], [ -51.0755132, -30.0931994 ], [ -51.0755531, -30.0931214 ], [ -51.0756437, -30.0930318 ], [ -51.07640820000001, -30.0918029 ], [ -51.0765888, -30.091503 ], [ -51.0766695, -30.0913017 ], [ -51.0766711, -30.091157 ], [ -51.076608, -30.0906795 ], [ -51.0765264, -30.0904552 ], [ -51.0760266, -30.0893747 ], [ -51.0756933, -30.0886555 ], [ -51.07549920000001, -30.0883247 ], [ -51.0754199, -30.0881897 ], [ -51.0749499, -30.0873886 ], [ -51.074815, -30.0871549 ], [ -51.0746052, -30.0867452 ], [ -51.0744422, -30.0862812 ], [ -51.0744365, -30.0862651 ], [ -51.074274, -30.0858082 ], [ -51.0741911, -30.0855256 ], [ -51.0740953, -30.0851987 ], [ -51.0737957, -30.0841571 ], [ -51.07368, -30.0833838 ], [ -51.0736679, -30.0832227 ], [ -51.0735941, -30.0822151 ], [ -51.073659, -30.0811141 ], [ -51.0729094, -30.0811739 ], [ -51.0722292, -30.0813097 ], [ -51.0720978, -30.08128240000001 ], [ -51.0719926, -30.0811914 ], [ -51.071671, -30.080354 ], [ -51.0714459, -30.0797677 ], [ -51.0714354, -30.079663 ], [ -51.0715406, -30.07919 ], [ -51.0717839, -30.0784393 ], [ -51.0719256, -30.0780021 ], [ -51.0719401, -30.0779573 ], [ -51.0725709, -30.0759785 ], [ -51.0727857, -30.0750581 ], [ -51.0728998, -30.074569 ], [ -51.0730019, -30.074131600000012 ], [ -51.0730545, -30.073936 ], [ -51.0741934, -30.0728618 ], [ -51.0744002, -30.0726668 ], [ -51.0755356, -30.071597799999989 ], [ -51.0756145, -30.0714886 ], [ -51.0756565, -30.0713385 ], [ -51.0756804, -30.0702607 ], [ -51.0757038, -30.069204899999988 ], [ -51.0757459, -30.0683054 ], [ -51.075748, -30.0682608 ], [ -51.0711694, -30.0648785 ], [ -51.0694985, -30.0619001 ], [ -51.0672212, -30.0598828 ], [ -51.06254340000001, -30.0607185 ], [ -51.0591102, -30.0608486 ], [ -51.057891, -30.060113 ], [ -51.0568008, -30.0612072 ], [ -51.0566055, -30.0614979 ], [ -51.0565294, -30.061611299999988 ], [ -51.0564414, -30.0617864 ], [ -51.056348, -30.0619387 ], [ -51.0561544, -30.0622542 ], [ -51.0557693, -30.0627494 ], [ -51.0555831, -30.0629889 ], [ -51.0553156, -30.063304799999987 ], [ -51.0550796, -30.0636576 ], [ -51.0547363, -30.0643448 ], [ -51.0542125, -30.0652824 ], [ -51.0540314, -30.065518 ], [ -51.0535132, -30.0660533 ], [ -51.0531699, -30.0664618 ], [ -51.05273, -30.0671489 ], [ -51.051979, -30.0679381 ], [ -51.0517556, -30.0682885 ], [ -51.0515391, -30.0686902 ], [ -51.0512674, -30.0696186 ], [ -51.0511207, -30.0699716 ], [ -51.0509616, -30.0702453 ], [ -51.0507122, -30.0706213 ], [ -51.0504466, -30.0709742 ], [ -51.0501596, -30.0711993 ], [ -51.0498968, -30.0713455 ], [ -51.049583, -30.0714778 ], [ -51.0488427, -30.0717494 ], [ -51.0484672, -30.0718841 ], [ -51.0482177, -30.0719421 ], [ -51.0475981, -30.0720581 ], [ -51.0473728, -30.0721301 ], [ -51.0471073, -30.0722578 ], [ -51.0468122, -30.0724435 ], [ -51.0465762, -30.0726361 ], [ -51.0464504, -30.0727943 ], [ -51.046257, -30.0730377 ], [ -51.0459521, -30.073417 ], [ -51.0457928, -30.0736324 ] ] ] } },
{ "type": "Feature", "properties": { "name": "Esmeralda", "code_muni": 4323002.0, "name_muni": "Viamão" }, "geometry": { "type": "Polygon", "coordinates": [ [ [ -51.0890973, -30.0845383 ], [ -51.0894406, -30.0828301 ], [ -51.0898215, -30.0825284 ], [ -51.0841727, -30.0752961 ], [ -51.0830462, -30.075110399999986 ], [ -51.082027, -30.0741077 ], [ -51.0818933, -30.0687083 ], [ -51.0792053, -30.0688525 ], [ -51.075748, -30.0682608 ], [ -51.0757459, -30.0683054 ], [ -51.0757038, -30.069204899999988 ], [ -51.0756804, -30.0702607 ], [ -51.0756565, -30.0713385 ], [ -51.0756145, -30.0714886 ], [ -51.0755356, -30.071597799999989 ], [ -51.0744002, -30.0726668 ], [ -51.0741934, -30.0728618 ], [ -51.0730545, -30.073936 ], [ -51.0730019, -30.074131600000012 ], [ -51.0728998, -30.074569 ], [ -51.0727857, -30.0750581 ], [ -51.0725709, -30.0759785 ], [ -51.0719401, -30.0779573 ], [ -51.0719256, -30.0780021 ], [ -51.0717839, -30.0784393 ], [ -51.0715406, -30.07919 ], [ -51.0714354, -30.079663 ], [ -51.0714459, -30.0797677 ], [ -51.071671, -30.080354 ], [ -51.0719926, -30.0811914 ], [ -51.0720978, -30.08128240000001 ], [ -51.0722292, -30.0813097 ], [ -51.0729094, -30.0811739 ], [ -51.073659, -30.0811141 ], [ -51.0735941, -30.0822151 ], [ -51.0736679, -30.0832227 ], [ -51.07368, -30.0833838 ], [ -51.0737957, -30.0841571 ], [ -51.0740953, -30.0851987 ], [ -51.0741911, -30.0855256 ], [ -51.074274, -30.0858082 ], [ -51.0744365, -30.0862651 ], [ -51.0744422, -30.0862812 ], [ -51.0746052, -30.0867452 ], [ -51.074815, -30.0871549 ], [ -51.0749499, -30.0873886 ], [ -51.0754199, -30.0881897 ], [ -51.07549920000001, -30.0883247 ], [ -51.0756933, -30.0886555 ], [ -51.0760266, -30.0893747 ], [ -51.0765264, -30.0904552 ], [ -51.076608, -30.0906795 ], [ -51.0766711, -30.091157 ], [ -51.0766695, -30.0913017 ], [ -51.0765888, -30.091503 ], [ -51.07640820000001, -30.0918029 ], [ -51.0756437, -30.0930318 ], [ -51.0755531, -30.0931214 ], [ -51.0755132, -30.0931994 ], [ -51.0757571, -30.0932054 ], [ -51.0759383, -30.0932238 ], [ -51.076114, -30.0932517 ], [ -51.0763299, -30.0933155 ], [ -51.076735, -30.0934826 ], [ -51.0783309, -30.094153200000015 ], [ -51.0787144, -30.0943145 ], [ -51.0792053, -30.0945385 ], [ -51.0795163, -30.0946693 ], [ -51.0797793, -30.0947334 ], [ -51.0800153, -30.094745 ], [ -51.0802057, -30.09473460000001 ], [ -51.0804337, -30.0946963 ], [ -51.0806671, -30.0946325 ], [ -51.080883, -30.0945385 ], [ -51.0810184, -30.094454899999988 ], [ -51.081166, -30.094347 ], [ -51.081347, -30.094173 ], [ -51.0816702, -30.0938365 ], [ -51.0825285, -30.092921 ], [ -51.0829832, -30.092418 ], [ -51.0832688, -30.0921795 ], [ -51.0835183, -30.0920055 ], [ -51.0837932, -30.091851099999989 ], [ -51.0840078, -30.0917502 ], [ -51.0844503, -30.091579600000014 ], [ -51.0851477, -30.0913092 ], [ -51.0860717, -30.0909762 ], [ -51.0880284, -30.0902394 ], [ -51.0893346, -30.0897601 ], [ -51.0896967, -30.0896 ], [ -51.0899515, -30.0894294 ], [ -51.0901997, -30.089231 ], [ -51.0906918, -30.088822600000011 ], [ -51.0912135, -30.0883677 ], [ -51.0917003, -30.0879395 ], [ -51.0890973, -30.0845383 ] ] ] } },
{ "type": "Feature", "properties": { "name": "Augusta", "code_muni": 4323002.0, "name_muni": "Viamão" }, "geometry": { "type": "Polygon", "coordinates": [ [ [ -51.0792053, -30.0688525 ], [ -51.0818933, -30.0687083 ], [ -51.0820176, -30.0686587 ], [ -51.0821369, -30.0686344 ], [ -51.0822845, -30.0686216 ], [ -51.0824454, -30.0686378 ], [ -51.0836529, -30.0686327 ], [ -51.0840771, -30.068621199999988 ], [ -51.0846384, -30.0686061 ], [ -51.0856049, -30.0685801 ], [ -51.0860314, -30.0685686 ], [ -51.0879159, -30.0685179 ], [ -51.0891388, -30.068485 ], [ -51.0890857, -30.0679325 ], [ -51.0889472, -30.0667447 ], [ -51.0889188, -30.0663748 ], [ -51.0888854, -30.065965 ], [ -51.0888305, -30.0655857 ], [ -51.0887549, -30.0650236 ], [ -51.088746, -30.0649573 ], [ -51.0887399, -30.064904 ], [ -51.0886527, -30.0641455 ], [ -51.0886121, -30.063708 ], [ -51.0885166, -30.0626806 ], [ -51.0880735, -30.0620298 ], [ -51.0875645, -30.061388 ], [ -51.0873537, -30.0610922 ], [ -51.0866016, -30.0599928 ], [ -51.0864487, -30.0595754 ], [ -51.08619980000001, -30.0584834 ], [ -51.0860434, -30.0575357 ], [ -51.0859938, -30.0572354 ], [ -51.0859095, -30.0565173 ], [ -51.0859025, -30.0564811 ], [ -51.0858862, -30.0563976 ], [ -51.0858825, -30.0563785 ], [ -51.085727, -30.055761400000012 ], [ -51.0856148, -30.0552588 ], [ -51.0856333, -30.055133 ], [ -51.0859423, -30.0547318 ], [ -51.0859681, -30.054642699999988 ], [ -51.0859378, -30.0538634 ], [ -51.0859202, -30.0535792 ], [ -51.0858479, -30.0524139 ], [ -51.0858323, -30.0518488 ], [ -51.0857891, -30.0511229 ], [ -51.0857707, -30.0507201 ], [ -51.0857878, -30.0504749 ], [ -51.0858479, -30.0501183 ], [ -51.0859921, -30.0498046 ], [ -51.0858773, -30.0494036 ], [ -51.0857663, -30.0489319 ], [ -51.0856594, -30.0486269 ], [ -51.0855695, -30.0484169 ], [ -51.0854318, -30.0481048 ], [ -51.0853758, -30.047950199999988 ], [ -51.0853651, -30.0479169 ], [ -51.0853636, -30.047913499999989 ], [ -51.0853077, -30.04791 ], [ -51.0851722, -30.0479027 ], [ -51.0849108, -30.0478474 ], [ -51.084899301314145, -30.047842333668509 ], [ -51.084838933, -30.047867421 ], [ -51.084840163747359, -30.047816277578431 ], [ -51.0846187, -30.0477187 ], [ -51.0842931, -30.047366 ], [ -51.084411, -30.0471243 ], [ -51.0844139, -30.0467854 ], [ -51.084517, -30.0465483 ], [ -51.0847125, -30.0462945 ], [ -51.0848184, -30.0461792 ], [ -51.084843421150161, -30.046154890062798 ], [ -51.083557914, -30.045675270999897 ], [ -51.08052795084491, -30.047134780217217 ], [ -51.0804697, -30.0471664 ], [ -51.0802356, -30.0472935 ], [ -51.0794584, -30.047693 ], [ -51.0785461, -30.048162 ], [ -51.0779555, -30.0484284 ], [ -51.0774589, -30.0486524 ], [ -51.076859249742249, -30.048901813449866 ], [ -51.076667291, -30.048994266 ], [ -51.07663769156666, -30.048993965471631 ], [ -51.0766328, -30.048996 ], [ -51.0763324, -30.049070299999986 ], [ -51.0760642, -30.0490796 ], [ -51.0755063, -30.0490796 ], [ -51.0753203, -30.0490649 ], [ -51.074979, -30.049000799999988 ], [ -51.074784020823955, -30.048975131544516 ], [ -51.073096595, -30.048957964 ], [ -51.072506232069692, -30.049410612820559 ], [ -51.0721696, -30.0497297 ], [ -51.0714564, -30.0506744 ], [ -51.0711198, -30.0509647 ], [ -51.0704787, -30.0513349 ], [ -51.0699114, -30.0514382 ], [ -51.069853361971511, -30.051444563432881 ], [ -51.06977352, -30.051505775999903 ], [ -51.069616715499393, -30.051470509663456 ], [ -51.0694353, -30.0514904 ], [ -51.068978, -30.0513569 ], [ -51.068821027442056, -30.051291551052476 ], [ -51.063440786999891, -30.050081335 ], [ -51.061524573, -30.051011791999898 ], [ -51.061518126063206, -30.051009336817174 ], [ -51.0611795, -30.0514266 ], [ -51.0610883, -30.0515624 ], [ -51.0609891, -30.051704 ], [ -51.0607758, -30.0521683 ], [ -51.060584, -30.0528346 ], [ -51.0605438, -30.05309 ], [ -51.0605417, -30.0541023 ], [ -51.06054, -30.0544656 ], [ -51.0605406, -30.0546503 ], [ -51.0605086, -30.0548085 ], [ -51.0604825, -30.0548921 ], [ -51.0604714, -30.0549276 ], [ -51.0604285, -30.0550703 ], [ -51.0603855, -30.0552012 ], [ -51.0601683, -30.05586229999998 ], [ -51.05985720000001, -30.0568092 ], [ -51.0596608, -30.0571854 ], [ -51.0593641, -30.0578128 ], [ -51.0587856, -30.0589554 ], [ -51.0581915, -30.059776 ], [ -51.057891, -30.060113 ], [ -51.0591102, -30.0608486 ], [ -51.06254340000001, -30.0607185 ], [ -51.0672212, -30.0598828 ], [ -51.0694985, -30.0619001 ], [ -51.0711694, -30.0648785 ], [ -51.075748, -30.0682608 ], [ -51.0792053, -30.0688525 ] ] ] } },
{ "type": "Feature", "properties": { "name": "Cecília", "code_muni": 4323002.0, "name_muni": "Viamão" }, "geometry": { "type": "Polygon", "coordinates": [ [ [ -51.0822845, -30.0686216 ], [ -51.0821369, -30.0686344 ], [ -51.0820176, -30.0686587 ], [ -51.0818933, -30.0687083 ], [ -51.082027, -30.0741077 ], [ -51.0830462, -30.075110399999986 ], [ -51.0841727, -30.0752961 ], [ -51.0898215, -30.0825284 ], [ -51.0894406, -30.0828301 ], [ -51.0890973, -30.0845383 ], [ -51.0917003, -30.0879395 ], [ -51.0923521, -30.0873848 ], [ -51.0929436, -30.0869334 ], [ -51.0937321, -30.0862186 ], [ -51.0944214, -30.0854643 ], [ -51.097042, -30.082533 ], [ -51.0972954, -30.0822777 ], [ -51.0974965, -30.0820886 ], [ -51.0977906, -30.081867 ], [ -51.0981031, -30.0816751 ], [ -51.0988421, -30.0812763 ], [ -51.099454, -30.0809484 ], [ -51.0996577, -30.0808573 ], [ -51.1000085, -30.0807662 ], [ -51.1004725, -30.0807471 ], [ -51.1007823, -30.0807952 ], [ -51.1013114, -30.0809078 ], [ -51.1017137, -30.0809525 ], [ -51.1021241, -30.0809252 ], [ -51.1023434, -30.0808794 ], [ -51.1026572, -30.080761 ], [ -51.1029158, -30.0806285 ], [ -51.1031333, -30.0804917 ], [ -51.1037394, -30.0800833 ], [ -51.1037365, -30.0800344 ], [ -51.1037334, -30.0798773 ], [ -51.1037312, -30.0793242 ], [ -51.103718, -30.0789286 ], [ -51.1035829, -30.0784779 ], [ -51.1035141, -30.0781022 ], [ -51.1034779, -30.0774872 ], [ -51.1034444, -30.077091499999987 ], [ -51.1034136, -30.076828 ], [ -51.103408, -30.076782 ], [ -51.1033787, -30.0764718 ], [ -51.1033398, -30.076076 ], [ -51.1033184, -30.0759036 ], [ -51.1032931, -30.0757005 ], [ -51.1032707, -30.0754763 ], [ -51.1032609, -30.0753914 ], [ -51.1032218, -30.074977 ], [ -51.1031842, -30.074609099999989 ], [ -51.1030421, -30.0742412 ], [ -51.1026894, -30.0736853 ], [ -51.1025012, -30.0733458 ], [ -51.1023209, -30.0727146 ], [ -51.1023028, -30.0724 ], [ -51.1023351, -30.0721257 ], [ -51.1024497, -30.0717272 ], [ -51.1025757, -30.0714489 ], [ -51.1028221, -30.0710681 ], [ -51.1029682, -30.0708676 ], [ -51.1030589, -30.0706309 ], [ -51.1030179, -30.0703847 ], [ -51.1026573, -30.0699085 ], [ -51.1026069, -30.0698325 ], [ -51.1021232, -30.0691919 ], [ -51.10184180000001, -30.068636699999985 ], [ -51.1015628, -30.0680494 ], [ -51.1014176, -30.0678605 ], [ -51.1013856, -30.0678459 ], [ -51.1013547, -30.0678358 ], [ -51.1009049, -30.0677319 ], [ -51.1003874, -30.0670663 ], [ -51.1003464, -30.0670054 ], [ -51.0997879, -30.0663653 ], [ -51.0994104, -30.0659481 ], [ -51.099175, -30.0658117 ], [ -51.0986854, -30.0656857 ], [ -51.0987458, -30.065278299999985 ], [ -51.0987619, -30.0652163 ], [ -51.0987961, -30.06516 ], [ -51.0989007, -30.065087399999985 ], [ -51.099236, -30.064818100000011 ], [ -51.0998985, -30.0643307 ], [ -51.0998127, -30.0637109 ], [ -51.1012048, -30.0641194 ], [ -51.1013469, -30.0639221 ], [ -51.1016822, -30.0635066 ], [ -51.1021729, -30.0629554 ], [ -51.1025915, -30.0624167 ], [ -51.1017684, -30.0621359 ], [ -51.1016943, -30.0621079 ], [ -51.10186190000001, -30.0620766 ], [ -51.1021972, -30.0620615 ], [ -51.1027081, -30.062036 ], [ -51.1030528, -30.0619895 ], [ -51.1032754, -30.0619338 ], [ -51.1035262, -30.0618421 ], [ -51.1037877, -30.0617388 ], [ -51.1042799, -30.0615462 ], [ -51.1048418, -30.0613245 ], [ -51.1037218, -30.0610837 ], [ -51.1035731, -30.0610436 ], [ -51.1034079, -30.060999600000013 ], [ -51.1030152, -30.0608695 ], [ -51.1028878, -30.060801 ], [ -51.1027618, -30.0606756 ], [ -51.1026102, -30.0605236 ], [ -51.1025166, -30.0604209 ], [ -51.1020672, -30.0598387 ], [ -51.1020281, -30.0597777 ], [ -51.1019853, -30.0597029 ], [ -51.1019411, -30.0596127 ], [ -51.1018006, -30.0593082 ], [ -51.1015893, -30.0589143 ], [ -51.101181, -30.0579612 ], [ -51.1006831, -30.0573048 ], [ -51.1003509, -30.0568387 ], [ -51.10015, -30.0565383 ], [ -51.0997161, -30.0558782 ], [ -51.0989584, -30.0561464 ], [ -51.098062, -30.0564837 ], [ -51.0979781, -30.0563728 ], [ -51.0975521, -30.0564809 ], [ -51.0972646, -30.0565538 ], [ -51.0968712, -30.0566655 ], [ -51.096468, -30.0567702 ], [ -51.096244, -30.0568138 ], [ -51.0960009, -30.0567899 ], [ -51.0952685, -30.0565614 ], [ -51.0937672, -30.0559801 ], [ -51.0914403, -30.0550794 ], [ -51.0912665, -30.0550287 ], [ -51.0910133, -30.0549851 ], [ -51.0901164, -30.0549939 ], [ -51.089676, -30.0550884 ], [ -51.0893715, -30.0551169 ], [ -51.0890803, -30.0554195 ], [ -51.0887487, -30.0557369 ], [ -51.0884451, -30.0560436 ], [ -51.0880641, -30.0564153 ], [ -51.0878409, -30.0565415 ], [ -51.0872778, -30.0564967 ], [ -51.0867028, -30.056415 ], [ -51.0864109, -30.0563853 ], [ -51.0858825, -30.0563785 ], [ -51.0858862, -30.0563976 ], [ -51.0859025, -30.0564811 ], [ -51.0859095, -30.0565173 ], [ -51.0859938, -30.0572354 ], [ -51.0860434, -30.0575357 ], [ -51.08619980000001, -30.0584834 ], [ -51.0864487, -30.0595754 ], [ -51.0866016, -30.0599928 ], [ -51.0873537, -30.0610922 ], [ -51.0875645, -30.061388 ], [ -51.0880735, -30.0620298 ], [ -51.0885166, -30.0626806 ], [ -51.0886121, -30.063708 ], [ -51.0886527, -30.0641455 ], [ -51.0887399, -30.064904 ], [ -51.088746, -30.0649573 ], [ -51.0887549, -30.0650236 ], [ -51.0888305, -30.0655857 ], [ -51.0888854, -30.065965 ], [ -51.0889188, -30.0663748 ], [ -51.0889472, -30.0667447 ], [ -51.0890857, -30.0679325 ], [ -51.0891388, -30.068485 ], [ -51.0879159, -30.0685179 ], [ -51.0860314, -30.0685686 ], [ -51.0856049, -30.0685801 ], [ -51.0846384, -30.0686061 ], [ -51.0840771, -30.068621199999988 ], [ -51.0836529, -30.0686327 ], [ -51.0824454, -30.0686378 ], [ -51.0822845, -30.0686216 ] ] ] } },
{ "type": "Feature", "properties": { "name": "Jari", "code_muni": 4323002.0, "name_muni": "Viamão" }, "geometry": { "type": "Polygon", "coordinates": [ [ [ -51.0858479, -30.0501183 ], [ -51.0857878, -30.0504749 ], [ -51.0857707, -30.0507201 ], [ -51.0857891, -30.0511229 ], [ -51.0858323, -30.0518488 ], [ -51.0858479, -30.0524139 ], [ -51.0859202, -30.0535792 ], [ -51.0859378, -30.0538634 ], [ -51.0859681, -30.054642699999988 ], [ -51.0859423, -30.0547318 ], [ -51.0856333, -30.055133 ], [ -51.0856148, -30.0552588 ], [ -51.085727, -30.055761400000012 ], [ -51.0858825, -30.0563785 ], [ -51.0864109, -30.0563853 ], [ -51.0867028, -30.056415 ], [ -51.0872778, -30.0564967 ], [ -51.0878409, -30.0565415 ], [ -51.0880641, -30.0564153 ], [ -51.0884451, -30.0560436 ], [ -51.0887487, -30.0557369 ], [ -51.0890803, -30.0554195 ], [ -51.0893715, -30.0551169 ], [ -51.089676, -30.0550884 ], [ -51.0901164, -30.0549939 ], [ -51.0910133, -30.0549851 ], [ -51.0912665, -30.0550287 ], [ -51.0914403, -30.0550794 ], [ -51.0937672, -30.0559801 ], [ -51.0952685, -30.0565614 ], [ -51.0960009, -30.0567899 ], [ -51.096244, -30.0568138 ], [ -51.096468, -30.0567702 ], [ -51.0968712, -30.0566655 ], [ -51.0972646, -30.0565538 ], [ -51.0975521, -30.0564809 ], [ -51.0979781, -30.0563728 ], [ -51.098062, -30.0564837 ], [ -51.0989584, -30.0561464 ], [ -51.0997161, -30.0558782 ], [ -51.0993973, -30.0555015 ], [ -51.0992548, -30.0552944 ], [ -51.09906860000001, -30.0550302 ], [ -51.0989676, -30.054893 ], [ -51.0988494, -30.0547456 ], [ -51.0987939, -30.0546736 ], [ -51.0985454, -30.0544262 ], [ -51.0981479, -30.05402 ], [ -51.0980169, -30.0538562 ], [ -51.0979823, -30.0537969 ], [ -51.0978326, -30.053541 ], [ -51.097721, -30.0528758 ], [ -51.0978577, -30.0524028 ], [ -51.0978876, -30.0522872 ], [ -51.0979752, -30.0519888 ], [ -51.0980479, -30.051741 ], [ -51.0981765, -30.051086399999985 ], [ -51.098206, -30.0509727 ], [ -51.0982848, -30.0505269 ], [ -51.0983692, -30.0500694 ], [ -51.098504, -30.0493384 ], [ -51.0986089, -30.0486331 ], [ -51.098334307426803, -30.048568868247703 ], [ -51.09769677694154, -30.048589641188578 ], [ -51.097670388231293, -30.048599514015091 ], [ -51.097614264700752, -30.048639146389224 ], [ -51.0966593, -30.0500858 ], [ -51.0961769, -30.05041670000001 ], [ -51.0958443, -30.0504928 ], [ -51.095190565309537, -30.050350620695287 ], [ -51.095039797, -30.050457080999902 ], [ -51.09476827196103, -30.050258775107388 ], [ -51.0946139, -30.0502252 ], [ -51.0944991, -30.0501395 ], [ -51.0944566, -30.0501077 ], [ -51.094254193285209, -30.049883318606305 ], [ -51.091854339451757, -30.048130524936045 ], [ -51.0917464, -30.0481051 ], [ -51.09161816897921, -30.047958026148763 ], [ -51.091178060394959, -30.047636568330866 ], [ -51.0906256, -30.047523 ], [ -51.0898131, -30.0472077 ], [ -51.0893834, -30.0471915 ], [ -51.0891686, -30.047426 ], [ -51.0889351, -30.0473936 ], [ -51.0885428, -30.047054100000011 ], [ -51.0882066, -30.0472319 ], [ -51.087833, -30.0470864 ], [ -51.087670142208417, -30.04675088996229 ], [ -51.087573527, -30.046730961999987 ], [ -51.087270121087336, -30.046857057341395 ], [ -51.0871605, -30.0471026 ], [ -51.0866728, -30.0473547 ], [ -51.0860833, -30.0474299 ], [ -51.0854271, -30.0479026 ], [ -51.0853636, -30.047913499999989 ], [ -51.0853651, -30.0479169 ], [ -51.0853758, -30.047950199999988 ], [ -51.0854318, -30.0481048 ], [ -51.0855695, -30.0484169 ], [ -51.0856594, -30.0486269 ], [ -51.0857663, -30.0489319 ], [ -51.0858773, -30.0494036 ], [ -51.0859921, -30.0498046 ], [ -51.0858479, -30.0501183 ] ] ] } },
{ "type": "Feature", "properties": { "name": "Santa Isabel", "code_muni": 4323002.0, "name_muni": "Viamão" }, "geometry": { "type": "Polygon", "coordinates": [ [ [ -51.1200968, -30.0563823 ], [ -51.1202101, -30.0561373 ], [ -51.1203658, -30.0557452 ], [ -51.120368, -30.0554439 ], [ -51.1200827, -30.0553041 ], [ -51.1197146, -30.0548139 ], [ -51.1191625, -30.0546546 ], [ -51.1181857, -30.0541768 ], [ -51.1179167, -30.054054199999989 ], [ -51.1172372, -30.0538214 ], [ -51.117029656347945, -30.053301461579899 ], [ -51.114776402838295, -30.052200918173337 ], [ -51.1138678, -30.0520324 ], [ -51.1127778, -30.05153 ], [ -51.112108, -30.051191 ], [ -51.1111456, -30.0510237 ], [ -51.110485940422599, -30.050583831684563 ], [ -51.109877502851596, -30.0504483602191 ], [ -51.1089414, -30.050385 ], [ -51.1078804, -30.0501174 ], [ -51.1067185, -30.0497463 ], [ -51.1062608, -30.0498433 ], [ -51.105663, -30.0496816 ], [ -51.1050279, -30.049479500000011 ], [ -51.104830722578505, -30.049324548121653 ], [ -51.103182954416006, -30.048957577212999 ], [ -51.1026742, -30.0490753 ], [ -51.1020578, -30.0489055 ], [ -51.1014974, -30.0486225 ], [ -51.1007409, -30.04853360000001 ], [ -51.1002925, -30.0485902 ], [ -51.0995827, -30.0487842 ], [ -51.0991624, -30.0486225 ], [ -51.0987888, -30.0487034 ], [ -51.0986089, -30.0486331 ], [ -51.098504, -30.0493384 ], [ -51.0983692, -30.0500694 ], [ -51.0982848, -30.0505269 ], [ -51.098206, -30.0509727 ], [ -51.0981765, -30.051086399999985 ], [ -51.0980479, -30.051741 ], [ -51.0979752, -30.0519888 ], [ -51.0978876, -30.0522872 ], [ -51.0978577, -30.0524028 ], [ -51.097721, -30.0528758 ], [ -51.0978326, -30.053541 ], [ -51.0979823, -30.0537969 ], [ -51.0980169, -30.0538562 ], [ -51.0981479, -30.05402 ], [ -51.0985454, -30.0544262 ], [ -51.0987939, -30.0546736 ], [ -51.0988494, -30.0547456 ], [ -51.0989676, -30.054893 ], [ -51.09906860000001, -30.0550302 ], [ -51.0992548, -30.0552944 ], [ -51.0993973, -30.0555015 ], [ -51.0997161, -30.0558782 ], [ -51.10015, -30.0565383 ], [ -51.1003509, -30.0568387 ], [ -51.1006831, -30.0573048 ], [ -51.101181, -30.0579612 ], [ -51.1015893, -30.0589143 ], [ -51.1018006, -30.0593082 ], [ -51.1019411, -30.0596127 ], [ -51.1019853, -30.0597029 ], [ -51.1020281, -30.0597777 ], [ -51.1020672, -30.0598387 ], [ -51.1025166, -30.0604209 ], [ -51.1026102, -30.0605236 ], [ -51.1027618, -30.0606756 ], [ -51.1028878, -30.060801 ], [ -51.1030152, -30.0608695 ], [ -51.1034079, -30.060999600000013 ], [ -51.1035731, -30.0610436 ], [ -51.1037218, -30.0610837 ], [ -51.1048418, -30.0613245 ], [ -51.1042799, -30.0615462 ], [ -51.1037877, -30.0617388 ], [ -51.1035262, -30.0618421 ], [ -51.1032754, -30.0619338 ], [ -51.1030528, -30.0619895 ], [ -51.1027081, -30.062036 ], [ -51.1021972, -30.0620615 ], [ -51.10186190000001, -30.0620766 ], [ -51.1016943, -30.0621079 ], [ -51.1017684, -30.0621359 ], [ -51.1025915, -30.0624167 ], [ -51.1021729, -30.0629554 ], [ -51.1016822, -30.0635066 ], [ -51.1013469, -30.0639221 ], [ -51.1012048, -30.0641194 ], [ -51.0998127, -30.0637109 ], [ -51.0998985, -30.0643307 ], [ -51.099236, -30.064818100000011 ], [ -51.0989007, -30.065087399999985 ], [ -51.0987961, -30.06516 ], [ -51.0987619, -30.0652163 ], [ -51.0987458, -30.065278299999985 ], [ -51.0986854, -30.0656857 ], [ -51.099175, -30.0658117 ], [ -51.0994104, -30.0659481 ], [ -51.0997879, -30.0663653 ], [ -51.1003464, -30.0670054 ], [ -51.1003874, -30.0670663 ], [ -51.1009049, -30.0677319 ], [ -51.1013547, -30.0678358 ], [ -51.1013856, -30.0678459 ], [ -51.1014176, -30.0678605 ], [ -51.1015628, -30.0680494 ], [ -51.10184180000001, -30.068636699999985 ], [ -51.1021232, -30.0691919 ], [ -51.1026069, -30.0698325 ], [ -51.1026573, -30.0699085 ], [ -51.1030179, -30.0703847 ], [ -51.1030589, -30.0706309 ], [ -51.1029682, -30.0708676 ], [ -51.1028221, -30.0710681 ], [ -51.1025757, -30.0714489 ], [ -51.1024497, -30.0717272 ], [ -51.1023351, -30.0721257 ], [ -51.1023028, -30.0724 ], [ -51.1023209, -30.0727146 ], [ -51.1025012, -30.0733458 ], [ -51.1026894, -30.0736853 ], [ -51.1030421, -30.0742412 ], [ -51.1031842, -30.074609099999989 ], [ -51.1032218, -30.074977 ], [ -51.1032609, -30.0753914 ], [ -51.1032707, -30.0754763 ], [ -51.1032931, -30.0757005 ], [ -51.1033184, -30.0759036 ], [ -51.1033398, -30.076076 ], [ -51.1033787, -30.0764718 ], [ -51.103408, -30.076782 ], [ -51.1034136, -30.076828 ], [ -51.1034444, -30.077091499999987 ], [ -51.1034779, -30.0774872 ], [ -51.1035141, -30.0781022 ], [ -51.1035829, -30.0784779 ], [ -51.103718, -30.0789286 ], [ -51.1037312, -30.0793242 ], [ -51.1037334, -30.0798773 ], [ -51.1037365, -30.0800344 ], [ -51.1037394, -30.0800833 ], [ -51.1048029, -30.0794003 ], [ -51.1048507, -30.0794556 ], [ -51.1051213, -30.079878 ], [ -51.1058108, -30.0800258 ], [ -51.1067182, -30.0800581 ], [ -51.1068285, -30.0800359 ], [ -51.1071546, -30.0799525 ], [ -51.1076588, -30.0798351 ], [ -51.1078025, -30.0798372 ], [ -51.108469, -30.0800358 ], [ -51.1099668, -30.0802059 ], [ -51.1109216, -30.0803846 ], [ -51.1110695, -30.0804217 ], [ -51.1123534, -30.0808817 ], [ -51.1127498, -30.0806725 ], [ -51.1131131, -30.0804807 ], [ -51.1137249, -30.0801578 ], [ -51.1147837, -30.079609500000014 ], [ -51.114940261964932, -30.079525364322365 ], [ -51.1121771809999, -30.080263654 ], [ -51.109238311999903, -30.078326427 ], [ -51.109399607663917, -30.078159488999777 ], [ -51.1092849, -30.0781212 ], [ -51.1090952, -30.0780579 ], [ -51.1096922, -30.077221 ], [ -51.1098179, -30.0770449 ], [ -51.1103611, -30.0764158 ], [ -51.1109665, -30.0761521 ], [ -51.1118096, -30.0753404 ], [ -51.1120765, -30.0749085 ], [ -51.11258380000001, -30.0745399 ], [ -51.1130535, -30.0742189 ], [ -51.1134213, -30.0738519 ], [ -51.113738912786708, -30.073668103563708 ], [ -51.114753628, -30.072617745999899 ], [ -51.117046730888909, -30.0729089329072 ], [ -51.1170747, -30.0728826 ], [ -51.1172375, -30.0726066 ], [ -51.1173727, -30.0720343 ], [ -51.117476363201284, -30.071839111729908 ], [ -51.117752684727584, -30.070484612776056 ], [ -51.118021, -30.067957499999988 ], [ -51.1189044, -30.0672411 ], [ -51.1201167, -30.0667092 ], [ -51.1201193, -30.0663552 ], [ -51.1202231, -30.065833 ], [ -51.120381750445667, -30.065702958306719 ], [ -51.120423386, -30.063104363 ], [ -51.117425442999902, -30.063048314999907 ], [ -51.118426999, -30.057166571 ], [ -51.119846766637281, -30.0567311733016 ], [ -51.1200968, -30.0563823 ] ] ] } },
{ "type": "Feature", "properties": { "name": "Parque Saint Hilaire", "code_muni": 4323002.0, "name_muni": "Viamão" }, "geometry": { "type": "Polygon", "coordinates": [ [ [ -51.0760447, -30.1115656 ], [ -51.0760896, -30.1116863 ], [ -51.0762979, -30.1119556 ], [ -51.076831, -30.1124159 ], [ -51.0785796, -30.1139446 ], [ -51.0793029, -30.114506699999989 ], [ -51.079884, -30.1149667 ], [ -51.0805164, -30.1154519 ], [ -51.080725, -30.11564 ], [ -51.0810793, -30.1159595 ], [ -51.0814362, -30.1162765 ], [ -51.0815914, -30.116555 ], [ -51.0817811, -30.1168442 ], [ -51.0820056, -30.1172213 ], [ -51.0821902, -30.11752310000001 ], [ -51.0823596, -30.1184548 ], [ -51.0823676, -30.1184862 ], [ -51.082468, -30.1188826 ], [ -51.0828508, -30.1198582 ], [ -51.0831996, -30.1203563 ], [ -51.0833553, -30.1205046 ], [ -51.0836251, -30.1207662 ], [ -51.0839007, -30.1210335 ], [ -51.0843173, -30.121429 ], [ -51.0845358, -30.1215359 ], [ -51.0853186, -30.121654 ], [ -51.0853865, -30.1216625 ], [ -51.085960300000011, -30.1217366 ], [ -51.0862116, -30.1217951 ], [ -51.0869002, -30.1221086 ], [ -51.0880654, -30.1225481 ], [ -51.0886887, -30.1228411 ], [ -51.0893255, -30.1232571 ], [ -51.0900504, -30.1239955 ], [ -51.0906908, -30.1246777 ], [ -51.0907956, -30.1247894 ], [ -51.0913308, -30.1254047 ], [ -51.0918152, -30.1260551 ], [ -51.0921234, -30.1265824 ], [ -51.0928883, -30.1274186 ], [ -51.0931972, -30.127728 ], [ -51.093515, -30.1279004 ], [ -51.0942636, -30.1280791 ], [ -51.0949136, -30.1282438 ], [ -51.0950731, -30.1282842 ], [ -51.0956224, -30.1284412 ], [ -51.0958605, -30.1284837 ], [ -51.0960922, -30.1285067 ], [ -51.0962229, -30.1285311 ], [ -51.0963157, -30.1285729 ], [ -51.0964103, -30.1286716 ], [ -51.0965102, -30.12883 ], [ -51.0967879, -30.1292566 ], [ -51.096875, -30.129409 ], [ -51.0970471, -30.1297102 ], [ -51.0971697, -30.1298327 ], [ -51.0972949, -30.1299062 ], [ -51.097406, -30.1299309 ], [ -51.0974674, -30.1299445 ], [ -51.0977132, -30.129999 ], [ -51.0977495, -30.130002500000014 ], [ -51.0977998, -30.1295205 ], [ -51.0979863, -30.1291891 ], [ -51.0986136, -30.1286744 ], [ -51.097966, -30.1282144 ], [ -51.097671, -30.1283041 ], [ -51.0975489, -30.127982600000013 ], [ -51.0975575, -30.1279027 ], [ -51.0976358, -30.1271775 ], [ -51.0973086, -30.1261408 ], [ -51.0971225, -30.1259076 ], [ -51.0965589, -30.1257496 ], [ -51.0961901, -30.1252374 ], [ -51.0961768, -30.1249409 ], [ -51.09635, -30.1246421 ], [ -51.0965972, -30.1245115 ], [ -51.0962513, -30.123791 ], [ -51.0962732, -30.1233584 ], [ -51.096339593167031, -30.123257665702052 ], [ -51.095666937419239, -30.121679445521973 ], [ -51.0954628, -30.1215099 ], [ -51.095484124608902, -30.121250511153537 ], [ -51.095325073293537, -30.120877325210799 ], [ -51.0952475, -30.1208549 ], [ -51.095256149941385, -30.120715607743669 ], [ -51.094690903, -30.119389326 ], [ -51.096240094461564, -30.115136886097758 ], [ -51.0962427, -30.1150835 ], [ -51.0962202, -30.1147699 ], [ -51.0965431, -30.1147791 ], [ -51.09686530203043, -30.114788294093422 ], [ -51.100893401, -30.114205695999892 ], [ -51.100895809786344, -30.114194177088528 ], [ -51.1006815, -30.1115655 ], [ -51.1006962, -30.1112077 ], [ -51.1008164, -30.1108862 ], [ -51.101815075395656, -30.109798014295322 ], [ -51.1018248889999, -30.109751081 ], [ -51.101891625426781, -30.109714601856801 ], [ -51.1020269, -30.1095672 ], [ -51.1024933, -30.1091302 ], [ -51.1038096, -30.1081932 ], [ -51.1057707, -30.1067431 ], [ -51.1076554, -30.1057779 ], [ -51.1091313, -30.1052111 ], [ -51.110406533458921, -30.105059724972328 ], [ -51.110969103735421, -30.104752147685314 ], [ -51.1115593, -30.104212899999986 ], [ -51.111682561532696, -30.104362068578428 ], [ -51.11196947, -30.104205201 ], [ -51.111870490103236, -30.103138566085519 ], [ -51.1114464, -30.1027629 ], [ -51.1111509, -30.102074699999985 ], [ -51.1114805, -30.100826 ], [ -51.111625334995054, -30.100496604902659 ], [ -51.111106932151834, -30.094909460701309 ], [ -51.1106723, -30.0948083 ], [ -51.1105703, -30.0947193 ], [ -51.1104763, -30.0942383 ], [ -51.1104413, -30.0938823 ], [ -51.1104753, -30.0937043 ], [ -51.1104072, -30.0934743 ], [ -51.1104322, -30.0933263 ], [ -51.1103462, -30.0930963 ], [ -51.1102782, -30.0924963 ], [ -51.1101922, -30.0923703 ], [ -51.1101582, -30.0922073 ], [ -51.1104392, -30.0919852 ], [ -51.1106432, -30.0917472 ], [ -51.110802618865335, -30.091629389260984 ], [ -51.110436939999907, -30.087687587999902 ], [ -51.114284598, -30.081465170999891 ], [ -51.115435188167012, -30.080575644541888 ], [ -51.1154676, -30.0802256 ], [ -51.1155878, -30.0800028 ], [ -51.1158968, -30.0798097 ], [ -51.1165545, -30.0796472 ], [ -51.116770209662889, -30.079543500726501 ], [ -51.116924495633853, -30.079424215508435 ], [ -51.117083, -30.0792607 ], [ -51.1174039, -30.0789813 ], [ -51.1175073, -30.0788882 ], [ -51.117578573821177, -30.078820348235023 ], [ -51.114940261964932, -30.079525364322365 ], [ -51.1147837, -30.079609500000014 ], [ -51.1137249, -30.0801578 ], [ -51.1131131, -30.0804807 ], [ -51.1127498, -30.0806725 ], [ -51.1123534, -30.0808817 ], [ -51.1110695, -30.0804217 ], [ -51.1109216, -30.0803846 ], [ -51.1099668, -30.0802059 ], [ -51.108469, -30.0800358 ], [ -51.1078025, -30.0798372 ], [ -51.1076588, -30.0798351 ], [ -51.1071546, -30.0799525 ], [ -51.1068285, -30.0800359 ], [ -51.1067182, -30.0800581 ], [ -51.1058108, -30.0800258 ], [ -51.1051213, -30.079878 ], [ -51.1048507, -30.0794556 ], [ -51.1048029, -30.0794003 ], [ -51.1037394, -30.0800833 ], [ -51.1031333, -30.0804917 ], [ -51.1029158, -30.0806285 ], [ -51.1026572, -30.080761 ], [ -51.1023434, -30.0808794 ], [ -51.1021241, -30.0809252 ], [ -51.1017137, -30.0809525 ], [ -51.1013114, -30.0809078 ], [ -51.1007823, -30.0807952 ], [ -51.1004725, -30.0807471 ], [ -51.1000085, -30.0807662 ], [ -51.0996577, -30.0808573 ], [ -51.099454, -30.0809484 ], [ -51.0988421, -30.0812763 ], [ -51.0981031, -30.0816751 ], [ -51.0977906, -30.081867 ], [ -51.0974965, -30.0820886 ], [ -51.0972954, -30.0822777 ], [ -51.097042, -30.082533 ], [ -51.0944214, -30.0854643 ], [ -51.0945533, -30.0855704 ], [ -51.0968542, -30.0874208 ], [ -51.0955614, -30.0891621 ], [ -51.0948241, -30.0896968 ], [ -51.0944661, -30.0897189 ], [ -51.0944155, -30.0898435 ], [ -51.094258, -30.0902313 ], [ -51.0940895, -30.09033 ], [ -51.0936985, -30.0904479 ], [ -51.0910311, -30.0912365 ], [ -51.0905996, -30.0916324 ], [ -51.0848991, -30.096911 ], [ -51.0837034, -30.0980182 ], [ -51.0827551, -30.0988963 ], [ -51.0826492, -30.0984815 ], [ -51.082495, -30.0986521 ], [ -51.082185, -30.0990497 ], [ -51.0821089, -30.0993625 ], [ -51.0821081, -30.0993657 ], [ -51.0818173, -30.1000456 ], [ -51.0819306, -30.1003192 ], [ -51.0818831, -30.1004458 ], [ -51.0821836, -30.1005977 ], [ -51.0823336, -30.100837899999988 ], [ -51.0826308, -30.1008956 ], [ -51.0826355, -30.1009013 ], [ -51.0827401, -30.1010307 ], [ -51.0825175, -30.1011542 ], [ -51.0823777, -30.1013022 ], [ -51.0823051, -30.1017216 ], [ -51.0818533, -30.1021553 ], [ -51.0814603, -30.1032768 ], [ -51.0811044, -30.1037916 ], [ -51.0803835, -30.1036253 ], [ -51.0786503, -30.10424290000001 ], [ -51.078649, -30.1048084 ], [ -51.0785149, -30.10552130000001 ], [ -51.0783688, -30.1058856 ], [ -51.0781163, -30.1072455 ], [ -51.0786018, -30.1074207 ], [ -51.0778897, -30.1084451 ], [ -51.0772342, -30.1084298 ], [ -51.0771936, -30.1084289 ], [ -51.0769893, -30.1089219 ], [ -51.076789, -30.1094173 ], [ -51.0766458, -30.1097758 ], [ -51.0765198, -30.1100372 ], [ -51.076117, -30.1108908 ], [ -51.0760273, -30.1111123 ], [ -51.0760014, -30.1112271 ], [ -51.075941, -30.111493 ], [ -51.0759756, -30.1115386 ], [ -51.0760447, -30.1115656 ] ] ] } },
{ "type": "Feature", "properties": { "name": "Viamópolis", "code_muni": 4323002.0, "name_muni": "Viamão" }, "geometry": { "type": "Polygon", "coordinates": [ [ [ -51.0837034, -30.0980182 ], [ -51.0848991, -30.096911 ], [ -51.0905996, -30.0916324 ], [ -51.0910311, -30.0912365 ], [ -51.0936985, -30.0904479 ], [ -51.0940895, -30.09033 ], [ -51.094258, -30.0902313 ], [ -51.0944155, -30.0898435 ], [ -51.0944661, -30.0897189 ], [ -51.0948241, -30.0896968 ], [ -51.0955614, -30.0891621 ], [ -51.0968542, -30.0874208 ], [ -51.0945533, -30.0855704 ], [ -51.0944214, -30.0854643 ], [ -51.0937321, -30.0862186 ], [ -51.0929436, -30.0869334 ], [ -51.0923521, -30.0873848 ], [ -51.0917003, -30.0879395 ], [ -51.0912135, -30.0883677 ], [ -51.0906918, -30.088822600000011 ], [ -51.0901997, -30.089231 ], [ -51.0899515, -30.0894294 ], [ -51.0896967, -30.0896 ], [ -51.0893346, -30.0897601 ], [ -51.0880284, -30.0902394 ], [ -51.0860717, -30.0909762 ], [ -51.0851477, -30.0913092 ], [ -51.0844503, -30.091579600000014 ], [ -51.0840078, -30.0917502 ], [ -51.0837932, -30.091851099999989 ], [ -51.0835183, -30.0920055 ], [ -51.0832688, -30.0921795 ], [ -51.0829832, -30.092418 ], [ -51.0825285, -30.092921 ], [ -51.0816702, -30.0938365 ], [ -51.081347, -30.094173 ], [ -51.081166, -30.094347 ], [ -51.0810184, -30.094454899999988 ], [ -51.080883, -30.0945385 ], [ -51.0806671, -30.0946325 ], [ -51.0804337, -30.0946963 ], [ -51.0802057, -30.09473460000001 ], [ -51.0800153, -30.094745 ], [ -51.0797793, -30.0947334 ], [ -51.0795163, -30.0946693 ], [ -51.0792053, -30.0945385 ], [ -51.0787144, -30.0943145 ], [ -51.0783309, -30.094153200000015 ], [ -51.076735, -30.0934826 ], [ -51.0763299, -30.0933155 ], [ -51.076114, -30.0932517 ], [ -51.0759383, -30.0932238 ], [ -51.0757571, -30.0932054 ], [ -51.0755132, -30.0931994 ], [ -51.0733876, -30.0931159 ], [ -51.072945, -30.0930962 ], [ -51.0726151, -30.0930614 ], [ -51.0722798, -30.0930092 ], [ -51.0712324, -30.0927492 ], [ -51.0710487, -30.0927167 ], [ -51.0707644, -30.0926947 ], [ -51.07053770000001, -30.0927028 ], [ -51.0701032, -30.0927492 ], [ -51.0695238, -30.0927776 ], [ -51.0695142, -30.0928421 ], [ -51.0695098, -30.0929001 ], [ -51.0694934, -30.0930443 ], [ -51.0692605, -30.094511199999989 ], [ -51.0692135, -30.0947795 ], [ -51.0691284, -30.0952354 ], [ -51.0691365, -30.095297 ], [ -51.0691741, -30.0953479 ], [ -51.0694703, -30.0953992 ], [ -51.0699231, -30.0955017 ], [ -51.0700569, -30.0955576 ], [ -51.070161, -30.0956595 ], [ -51.070201, -30.0957132 ], [ -51.0702631, -30.0958254 ], [ -51.0705613, -30.0963576 ], [ -51.0712618, -30.0972223 ], [ -51.0717077, -30.0975873 ], [ -51.072476, -30.0982162 ], [ -51.0728402, -30.0984748 ], [ -51.0731839, -30.098969 ], [ -51.0744819, -30.1003486 ], [ -51.0746526, -30.1004813 ], [ -51.0749783, -30.1007396 ], [ -51.0753132, -30.1009848 ], [ -51.0756647, -30.1012697 ], [ -51.0757204, -30.1013158 ], [ -51.0759739, -30.1015091 ], [ -51.0761551, -30.1016428 ], [ -51.0762951, -30.1017461 ], [ -51.0764395, -30.1018529 ], [ -51.0769504, -30.102230699999989 ], [ -51.0775229, -30.103071799999988 ], [ -51.0776144, -30.103773599999986 ], [ -51.0776368, -30.1049895 ], [ -51.07764370000001, -30.1059072 ], [ -51.0776453, -30.1061175 ], [ -51.0775855, -30.1073448 ], [ -51.0775064, -30.107643199999988 ], [ -51.0774359, -30.1078175 ], [ -51.0771936, -30.1084289 ], [ -51.0772342, -30.1084298 ], [ -51.0778897, -30.1084451 ], [ -51.0786018, -30.1074207 ], [ -51.0781163, -30.1072455 ], [ -51.0783688, -30.1058856 ], [ -51.0785149, -30.10552130000001 ], [ -51.078649, -30.1048084 ], [ -51.0786503, -30.10424290000001 ], [ -51.0803835, -30.1036253 ], [ -51.0811044, -30.1037916 ], [ -51.0814603, -30.1032768 ], [ -51.0818533, -30.1021553 ], [ -51.0823051, -30.1017216 ], [ -51.0823777, -30.1013022 ], [ -51.0825175, -30.1011542 ], [ -51.0827401, -30.1010307 ], [ -51.0826355, -30.1009013 ], [ -51.0826308, -30.1008956 ], [ -51.0823336, -30.100837899999988 ], [ -51.0821836, -30.1005977 ], [ -51.0818831, -30.1004458 ], [ -51.0819306, -30.1003192 ], [ -51.0818173, -30.1000456 ], [ -51.0821081, -30.0993657 ], [ -51.0821089, -30.0993625 ], [ -51.082185, -30.0990497 ], [ -51.082495, -30.0986521 ], [ -51.0826492, -30.0984815 ], [ -51.0827551, -30.0988963 ], [ -51.0837034, -30.0980182 ] ] ] } },
{ "type": "Feature", "properties": { "name": "Martinica", "code_muni": 4323002.0, "name_muni": "Viamão" }, "geometry": { "type": "Polygon", "coordinates": [ [ [ -51.0744835, -30.1005822 ], [ -51.0737752, -30.1010001 ], [ -51.0734267, -30.1011386 ], [ -51.0728474, -30.1013896 ], [ -51.0726017, -30.1015477 ], [ -51.0720867, -30.1017763 ], [ -51.0716616, -30.1019399 ], [ -51.0708019, -30.102285599999988 ], [ -51.0704417, -30.1024621 ], [ -51.0703379, -30.102513 ], [ -51.0702683, -30.1025634 ], [ -51.0702, -30.1026144 ], [ -51.0696433, -30.1035343 ], [ -51.0692207, -30.1040956 ], [ -51.0687924, -30.1046849 ], [ -51.0686132, -30.1049564 ], [ -51.0683287, -30.1053792 ], [ -51.0676558, -30.1061893 ], [ -51.0673458, -30.106619 ], [ -51.0671514, -30.106819699999988 ], [ -51.0669248, -30.106974 ], [ -51.0664213, -30.1072559 ], [ -51.0663116, -30.1073252 ], [ -51.0662179, -30.1073952 ], [ -51.0660306, -30.1075692 ], [ -51.0656995, -30.1079121 ], [ -51.0652123, -30.1084044 ], [ -51.0648225, -30.1087553 ], [ -51.0647969, -30.1087774 ], [ -51.0647769, -30.1087889 ], [ -51.0643217, -30.109067 ], [ -51.06356, -30.1093848 ], [ -51.0630403, -30.1096248 ], [ -51.0628118, -30.1096484 ], [ -51.0626762, -30.109663299999987 ], [ -51.0625154, -30.1096761 ], [ -51.0620507, -30.1096882 ], [ -51.061874, -30.109723 ], [ -51.0616958, -30.109763 ], [ -51.0615089, -30.1098344 ], [ -51.061331, -30.1099324 ], [ -51.0610235, -30.1101116 ], [ -51.0608187, -30.1103021 ], [ -51.0607425, -30.1104247 ], [ -51.0606649, -30.1105532 ], [ -51.06053, -30.1108451 ], [ -51.0601965, -30.1115961 ], [ -51.0598568, -30.1120697 ], [ -51.0597265, -30.1123796 ], [ -51.0594819, -30.1129203 ], [ -51.0592152, -30.1132681 ], [ -51.0590002, -30.113517199999986 ], [ -51.0586649, -30.1139186 ], [ -51.0584436, -30.1142782 ], [ -51.058099, -30.1149058 ], [ -51.0578032, -30.115624 ], [ -51.0574445, -30.1161622 ], [ -51.0571334, -30.1164453 ], [ -51.0568692, -30.1166947 ], [ -51.0568397, -30.1167248 ], [ -51.0568142, -30.1167538 ], [ -51.056786, -30.1168211 ], [ -51.0567784, -30.1169079 ], [ -51.0567755, -30.1170404 ], [ -51.0567766, -30.1173547 ], [ -51.0567965, -30.1180806 ], [ -51.0568303, -30.1184299 ], [ -51.0569081, -30.1187561 ], [ -51.0569792, -30.1191134 ], [ -51.0570583, -30.1192793 ], [ -51.0571495, -30.1194521 ], [ -51.057495, -30.1200081 ], [ -51.0575066, -30.1202822 ], [ -51.0573352, -30.120639 ], [ -51.0572701, -30.1207584 ], [ -51.0572058, -30.1208763 ], [ -51.0569896, -30.1213217 ], [ -51.0569802, -30.121576199999989 ], [ -51.0569787, -30.121617 ], [ -51.057086, -30.1219326 ], [ -51.0572135, -30.1220669 ], [ -51.0573877, -30.1222504 ], [ -51.0575782, -30.1225091 ], [ -51.0575596, -30.122784700000011 ], [ -51.0574185, -30.1230601 ], [ -51.0570759, -30.1232364 ], [ -51.0569039, -30.1232638 ], [ -51.0567192, -30.1232932 ], [ -51.0559355, -30.1234147 ], [ -51.055344, -30.1235898 ], [ -51.0549954, -30.1238728 ], [ -51.0547097, -30.1244146 ], [ -51.0545716, -30.1248983 ], [ -51.0545099, -30.1252063 ], [ -51.0545133, -30.1253019 ], [ -51.0545255, -30.125369 ], [ -51.0545678, -30.125432700000012 ], [ -51.054717, -30.1256643 ], [ -51.0550701, -30.1258563 ], [ -51.0556997, -30.1261824 ], [ -51.0562596, -30.1264926 ], [ -51.0565657, -30.126665 ], [ -51.0574378, -30.1271817 ], [ -51.057871, -30.1274305 ], [ -51.0584334, -30.1277731 ], [ -51.0586009, -30.1278842 ], [ -51.059111, -30.1283038 ], [ -51.0602729, -30.1292782 ], [ -51.0605331, -30.1294661 ], [ -51.0610212, -30.1297631 ], [ -51.0615402, -30.1300391 ], [ -51.0621665, -30.1304683 ], [ -51.0631879, -30.131210200000019 ], [ -51.063317, -30.1313046 ], [ -51.0640159, -30.1316873 ], [ -51.0649378, -30.131865 ], [ -51.0657527, -30.1319866 ], [ -51.0657648, -30.131218 ], [ -51.0656811, -30.1302387 ], [ -51.0656676, -30.1300424 ], [ -51.065676, -30.129956 ], [ -51.0656659, -30.1299122 ], [ -51.0656557, -30.129868099999989 ], [ -51.0655795, -30.1297758 ], [ -51.0653458, -30.1295839 ], [ -51.0651713, -30.129411 ], [ -51.0650358, -30.129099 ], [ -51.064941, -30.128952599999987 ], [ -51.0647886, -30.128740199999985 ], [ -51.0645023, -30.1283315 ], [ -51.0644617, -30.1281835 ], [ -51.0644448, -30.1278979 ], [ -51.0644346, -30.1276635 ], [ -51.0644648, -30.1259813 ], [ -51.0644816, -30.125772099999988 ], [ -51.0645223, -30.1255898 ], [ -51.0646277, -30.1254489 ], [ -51.0647578, -30.1253429 ], [ -51.0660864, -30.1247984 ], [ -51.0665223, -30.124643 ], [ -51.0669127, -30.1245063 ], [ -51.0671019, -30.1244027 ], [ -51.0672337, -30.1242909 ], [ -51.067342, -30.1241483 ], [ -51.0674806, -30.1239656 ], [ -51.0676096, -30.1238016 ], [ -51.0678085, -30.1235533 ], [ -51.0678325, -30.1234767 ], [ -51.0678542, -30.1226435 ], [ -51.0678686, -30.1218645 ], [ -51.0677872, -30.1216864 ], [ -51.0676866, -30.1213466 ], [ -51.0676914, -30.1210524 ], [ -51.0679606, -30.1200753 ], [ -51.0680364, -30.119800299999987 ], [ -51.0682088, -30.1191 ], [ -51.0682759, -30.1188701 ], [ -51.0683477, -30.1187188 ], [ -51.0684043, -30.1186683 ], [ -51.0684749, -30.1186217 ], [ -51.0686202, -30.11855 ], [ -51.0688936, -30.1183483 ], [ -51.0691262, -30.1181097 ], [ -51.069331, -30.1179 ], [ -51.0699743, -30.117062099999988 ], [ -51.0705247, -30.1163438 ], [ -51.0707939, -30.1160647 ], [ -51.0709308, -30.1159507 ], [ -51.0710663, -30.115876 ], [ -51.0714097, -30.1157658 ], [ -51.071591, -30.1156856 ], [ -51.0717402, -30.1154847 ], [ -51.0721017, -30.1148385 ], [ -51.0725222, -30.1144077 ], [ -51.0725735, -30.1143583 ], [ -51.0728949, -30.1140953 ], [ -51.0731459, -30.113913 ], [ -51.0739061, -30.113519100000012 ], [ -51.0744287, -30.113252 ], [ -51.0745543, -30.1132051 ], [ -51.0748392, -30.1130938 ], [ -51.0749929, -30.1130338 ], [ -51.075155, -30.1129049 ], [ -51.0753417, -30.112671799999987 ], [ -51.0758041, -30.1118096 ], [ -51.07593, -30.111586 ], [ -51.0759756, -30.1115386 ], [ -51.075941, -30.111493 ], [ -51.0760014, -30.1112271 ], [ -51.0760273, -30.1111123 ], [ -51.076117, -30.1108908 ], [ -51.0765198, -30.1100372 ], [ -51.0766458, -30.1097758 ], [ -51.076789, -30.1094173 ], [ -51.0769893, -30.1089219 ], [ -51.0771936, -30.1084289 ], [ -51.0774359, -30.1078175 ], [ -51.0775064, -30.107643199999988 ], [ -51.0775855, -30.1073448 ], [ -51.0776453, -30.1061175 ], [ -51.07764370000001, -30.1059072 ], [ -51.0776368, -30.1049895 ], [ -51.0776144, -30.103773599999986 ], [ -51.0775229, -30.103071799999988 ], [ -51.0769504, -30.102230699999989 ], [ -51.0764395, -30.1018529 ], [ -51.0762951, -30.1017461 ], [ -51.0761551, -30.1016428 ], [ -51.0759739, -30.1015091 ], [ -51.0757204, -30.1013158 ], [ -51.0756647, -30.1012697 ], [ -51.0753132, -30.1009848 ], [ -51.0749783, -30.1007396 ], [ -51.0746526, -30.1004813 ], [ -51.0744835, -30.1005822 ] ] ] } },
{ "type": "Feature", "properties": { "name": "São Tomé", "code_muni": 4323002.0, "name_muni": "Viamão" }, "geometry": { "type": "Polygon", "coordinates": [ [ [ -51.067342, -30.1241483 ], [ -51.0672337, -30.1242909 ], [ -51.0671019, -30.1244027 ], [ -51.0669127, -30.1245063 ], [ -51.0665223, -30.124643 ], [ -51.0660864, -30.1247984 ], [ -51.0647578, -30.1253429 ], [ -51.0646277, -30.1254489 ], [ -51.0645223, -30.1255898 ], [ -51.0644816, -30.125772099999988 ], [ -51.0644648, -30.1259813 ], [ -51.0644346, -30.1276635 ], [ -51.0644448, -30.1278979 ], [ -51.0644617, -30.1281835 ], [ -51.0645023, -30.1283315 ], [ -51.0647886, -30.128740199999985 ], [ -51.064941, -30.128952599999987 ], [ -51.0650358, -30.129099 ], [ -51.0651713, -30.129411 ], [ -51.0653458, -30.1295839 ], [ -51.0655795, -30.1297758 ], [ -51.0656557, -30.129868099999989 ], [ -51.0656659, -30.1299122 ], [ -51.065676, -30.129956 ], [ -51.0656676, -30.1300424 ], [ -51.0656811, -30.1302387 ], [ -51.0657648, -30.131218 ], [ -51.0657527, -30.1319866 ], [ -51.0663635, -30.1322215 ], [ -51.06667, -30.132323 ], [ -51.0672024, -30.132577 ], [ -51.0679006, -30.1330401 ], [ -51.068105, -30.133252 ], [ -51.0684899, -30.1336899 ], [ -51.0690612, -30.1342878 ], [ -51.0694259, -30.1345012 ], [ -51.0697612, -30.1345893 ], [ -51.0703299, -30.1346678 ], [ -51.0705934, -30.134649099999987 ], [ -51.0712942, -30.1344671 ], [ -51.0717621, -30.1343862 ], [ -51.0720849, -30.1344133 ], [ -51.0740542, -30.1347985 ], [ -51.0746549, -30.1350069 ], [ -51.07563, -30.136474899999989 ], [ -51.076076, -30.1373083 ], [ -51.0762704, -30.1376042 ], [ -51.0766125, -30.1381248 ], [ -51.0768699, -30.1387186 ], [ -51.0770201, -30.1396649 ], [ -51.0771104, -30.1404149 ], [ -51.0777955, -30.140852 ], [ -51.0780086, -30.1408993 ], [ -51.07980950000001, -30.1412993 ], [ -51.0802153, -30.1413595 ], [ -51.0805689, -30.1413626 ], [ -51.0812588, -30.1413608 ], [ -51.0817952, -30.1413608 ], [ -51.0821353, -30.1412699 ], [ -51.0826074, -30.1410843 ], [ -51.0830086, -30.140937 ], [ -51.0833176, -30.1408949 ], [ -51.0835452, -30.140937 ], [ -51.0836142, -30.141001 ], [ -51.0838867, -30.1412535 ], [ -51.0843014, -30.1414925 ], [ -51.0846917, -30.1416965 ], [ -51.0851064, -30.1421254 ], [ -51.085296, -30.1424452 ], [ -51.0853483, -30.1426495 ], [ -51.0854036, -30.1428653 ], [ -51.085522, -30.1430349 ], [ -51.0856092, -30.1431103 ], [ -51.085703, -30.142999499999984 ], [ -51.0859837, -30.1425894 ], [ -51.0865416, -30.1417878 ], [ -51.0869879, -30.1411124 ], [ -51.0872923, -30.1408262 ], [ -51.0873827, -30.1407412 ], [ -51.0878977, -30.1404295 ], [ -51.0885611, -30.1401556 ], [ -51.089329, -30.1398833 ], [ -51.0903357, -30.1395262 ], [ -51.0904469, -30.1394868 ], [ -51.090521317434181, -30.139469546812126 ], [ -51.093235913471887, -30.138411702182662 ], [ -51.093340708893969, -30.138339532250157 ], [ -51.093826706588175, -30.137611853538228 ], [ -51.0938372, -30.1375792 ], [ -51.0938976, -30.136942300000015 ], [ -51.0941805, -30.135909 ], [ -51.0942427, -30.1356543 ], [ -51.0952005, -30.1344863 ], [ -51.0952517, -30.1343912 ], [ -51.0957362, -30.1338376 ], [ -51.097333353690885, -30.132361020229894 ], [ -51.09771906, -30.131783426 ], [ -51.097748209687225, -30.131688612179339 ], [ -51.0977929, -30.1312687 ], [ -51.0977495, -30.130002500000014 ], [ -51.0977132, -30.129999 ], [ -51.0974674, -30.1299445 ], [ -51.097406, -30.1299309 ], [ -51.0972949, -30.1299062 ], [ -51.0971697, -30.1298327 ], [ -51.0970471, -30.1297102 ], [ -51.096875, -30.129409 ], [ -51.0967879, -30.1292566 ], [ -51.0965102, -30.12883 ], [ -51.0964103, -30.1286716 ], [ -51.0963157, -30.1285729 ], [ -51.0962229, -30.1285311 ], [ -51.0960922, -30.1285067 ], [ -51.0958605, -30.1284837 ], [ -51.0956224, -30.1284412 ], [ -51.0950731, -30.1282842 ], [ -51.0949136, -30.1282438 ], [ -51.0942636, -30.1280791 ], [ -51.093515, -30.1279004 ], [ -51.0931972, -30.127728 ], [ -51.0928883, -30.1274186 ], [ -51.0921234, -30.1265824 ], [ -51.0918152, -30.1260551 ], [ -51.0913308, -30.1254047 ], [ -51.0907956, -30.1247894 ], [ -51.0906908, -30.1246777 ], [ -51.0900504, -30.1239955 ], [ -51.0893255, -30.1232571 ], [ -51.0886887, -30.1228411 ], [ -51.0880654, -30.1225481 ], [ -51.0869002, -30.1221086 ], [ -51.0862116, -30.1217951 ], [ -51.085960300000011, -30.1217366 ], [ -51.0853865, -30.1216625 ], [ -51.0853186, -30.121654 ], [ -51.0845358, -30.1215359 ], [ -51.0843173, -30.121429 ], [ -51.0839007, -30.1210335 ], [ -51.0836251, -30.1207662 ], [ -51.0833553, -30.1205046 ], [ -51.0831996, -30.1203563 ], [ -51.0828508, -30.1198582 ], [ -51.082468, -30.1188826 ], [ -51.0823676, -30.1184862 ], [ -51.0823596, -30.1184548 ], [ -51.0821902, -30.11752310000001 ], [ -51.0820056, -30.1172213 ], [ -51.0817811, -30.1168442 ], [ -51.0815914, -30.116555 ], [ -51.0814362, -30.1162765 ], [ -51.0810793, -30.1159595 ], [ -51.080725, -30.11564 ], [ -51.0805164, -30.1154519 ], [ -51.079884, -30.1149667 ], [ -51.0793029, -30.114506699999989 ], [ -51.0785796, -30.1139446 ], [ -51.076831, -30.1124159 ], [ -51.0762979, -30.1119556 ], [ -51.0760896, -30.1116863 ], [ -51.0760447, -30.1115656 ], [ -51.0759756, -30.1115386 ], [ -51.07593, -30.111586 ], [ -51.0758041, -30.1118096 ], [ -51.0753417, -30.112671799999987 ], [ -51.075155, -30.1129049 ], [ -51.0749929, -30.1130338 ], [ -51.0748392, -30.1130938 ], [ -51.0745543, -30.1132051 ], [ -51.0744287, -30.113252 ], [ -51.0739061, -30.113519100000012 ], [ -51.0731459, -30.113913 ], [ -51.0728949, -30.1140953 ], [ -51.0725735, -30.1143583 ], [ -51.0725222, -30.1144077 ], [ -51.0721017, -30.1148385 ], [ -51.0717402, -30.1154847 ], [ -51.071591, -30.1156856 ], [ -51.0714097, -30.1157658 ], [ -51.0710663, -30.115876 ], [ -51.0709308, -30.1159507 ], [ -51.0707939, -30.1160647 ], [ -51.0705247, -30.1163438 ], [ -51.0699743, -30.117062099999988 ], [ -51.069331, -30.1179 ], [ -51.0691262, -30.1181097 ], [ -51.0688936, -30.1183483 ], [ -51.0686202, -30.11855 ], [ -51.0684749, -30.1186217 ], [ -51.0684043, -30.1186683 ], [ -51.0683477, -30.1187188 ], [ -51.0682759, -30.1188701 ], [ -51.0682088, -30.1191 ], [ -51.0680364, -30.119800299999987 ], [ -51.0679606, -30.1200753 ], [ -51.0676914, -30.1210524 ], [ -51.0676866, -30.1213466 ], [ -51.0677872, -30.1216864 ], [ -51.0678686, -30.1218645 ], [ -51.0678542, -30.1226435 ], [ -51.0678325, -30.1234767 ], [ -51.0678085, -30.1235533 ], [ -51.0676096, -30.1238016 ], [ -51.0674806, -30.1239656 ], [ -51.067342, -30.1241483 ] ] ] } },
{ "type": "Feature", "properties": { "name": "Branquinha", "code_muni": 4323002.0, "name_muni": "Viamão" }, "geometry": { "type": "Polygon", "coordinates": [ [ [ -51.0401134, -30.1556877 ], [ -51.0402797, -30.1557288 ], [ -51.040519, -30.1557265 ], [ -51.0407666, -30.1556669 ], [ -51.041126, -30.1555827 ], [ -51.04140360000001, -30.1554842 ], [ -51.0418206, -30.1552604 ], [ -51.0421393, -30.1550353 ], [ -51.0431805, -30.1542596 ], [ -51.0437143, -30.1538549 ], [ -51.0439879, -30.1536346 ], [ -51.0441992, -30.1534324 ], [ -51.0444412, -30.1531777 ], [ -51.0446871, -30.1529365 ], [ -51.0448328, -30.1527996 ], [ -51.0449766, -30.1527235 ], [ -51.0453271, -30.1526192 ], [ -51.0460371, -30.1523729 ], [ -51.0464233, -30.1522361 ], [ -51.046741, -30.1521049 ], [ -51.0470027, -30.1519531 ], [ -51.0471684, -30.1518115 ], [ -51.0477907, -30.1511506 ], [ -51.0486683, -30.1502206 ], [ -51.0494799, -30.1493187 ], [ -51.0495856, -30.1492302 ], [ -51.0497251, -30.1491861 ], [ -51.049901, -30.1491703 ], [ -51.0500765, -30.1491699 ], [ -51.0502937, -30.149207 ], [ -51.0505206, -30.1493094 ], [ -51.0509712, -30.1495783 ], [ -51.0513532, -30.1499005 ], [ -51.0515158, -30.1500771 ], [ -51.0516134, -30.150253 ], [ -51.0517073, -30.1504734 ], [ -51.0518859, -30.1508077 ], [ -51.0521767, -30.151280500000013 ], [ -51.0523054, -30.1514684 ], [ -51.0523751, -30.1515472 ], [ -51.0524491, -30.1516172 ], [ -51.052689, -30.151767599999989 ], [ -51.0529239, -30.1519094 ], [ -51.0532925, -30.1521085 ], [ -51.0535285, -30.152201299999987 ], [ -51.053713, -30.1522638 ], [ -51.0538906, -30.1523033 ], [ -51.0540596, -30.1523149 ], [ -51.0543991, -30.152313 ], [ -51.0549581, -30.15225 ], [ -51.0555149, -30.1521901 ], [ -51.0559613, -30.1521711 ], [ -51.0563896, -30.1521731 ], [ -51.0567337, -30.152185 ], [ -51.0571028, -30.152185500000012 ], [ -51.0578951, -30.1521201 ], [ -51.058268, -30.1521386 ], [ -51.0586269, -30.1521873 ], [ -51.0591611, -30.1523196 ], [ -51.0597018, -30.1524703 ], [ -51.060037, -30.1525724 ], [ -51.0602997, -30.1526176 ], [ -51.0607547, -30.1526987 ], [ -51.0608582, -30.1527172 ], [ -51.0609107, -30.1527444 ], [ -51.0609503, -30.1527904 ], [ -51.0609738, -30.1528456 ], [ -51.0609765, -30.1529028 ], [ -51.0609508, -30.1529569 ], [ -51.0606575, -30.1535463 ], [ -51.0603783, -30.1541819 ], [ -51.060346, -30.154288 ], [ -51.060233, -30.1547697 ], [ -51.0598794, -30.1558077 ], [ -51.0598177, -30.156000099999989 ], [ -51.05976, -30.1564375 ], [ -51.0597609, -30.1570697 ], [ -51.0597117, -30.1583184 ], [ -51.059742, -30.1588091 ], [ -51.0598548, -30.159695 ], [ -51.0599819, -30.160809 ], [ -51.0600516, -30.1610258 ], [ -51.0602434, -30.1613516 ], [ -51.0602821, -30.1614497 ], [ -51.0602946, -30.1623063 ], [ -51.0601738, -30.163299 ], [ -51.0601211, -30.1637712 ], [ -51.0601208, -30.164183800000011 ], [ -51.0602218, -30.1645678 ], [ -51.0606284, -30.1655855 ], [ -51.061076, -30.1664604 ], [ -51.0613887, -30.1670645 ], [ -51.0616691, -30.1669863 ], [ -51.062227, -30.167079 ], [ -51.0626133, -30.166875 ], [ -51.0631926, -30.1668008 ], [ -51.0636861, -30.1670419 ], [ -51.0643728, -30.1670976 ], [ -51.0646517, -30.1673759 ], [ -51.06505940000001, -30.1673759 ], [ -51.0657461, -30.167654099999989 ], [ -51.0657461, -30.1682107 ], [ -51.0659177, -30.1686002 ], [ -51.0659821, -30.169064 ], [ -51.0662611, -30.169231 ], [ -51.0670335, -30.1689342 ], [ -51.0680635, -30.169156799999985 ], [ -51.0695441, -30.1686188 ], [ -51.0704882, -30.1688229 ], [ -51.070853, -30.1687487 ], [ -51.0720975, -30.1690084 ], [ -51.07287, -30.1695835 ], [ -51.0735996, -30.1697504 ], [ -51.074136, -30.1700287 ], [ -51.0746939, -30.170344 ], [ -51.0751445, -30.1708264 ], [ -51.0757024, -30.1711417 ], [ -51.0758741, -30.1717353 ], [ -51.0764749, -30.1724959 ], [ -51.076584349872618, -30.172804972917159 ], [ -51.076697588599174, -30.170009869551858 ], [ -51.0766557, -30.1698368 ], [ -51.0765325, -30.1691762 ], [ -51.0766434, -30.16875 ], [ -51.076752818990293, -30.168646546189088 ], [ -51.076785017, -30.167851744 ], [ -51.076838682745084, -30.167767404995619 ], [ -51.0766109, -30.167290199999986 ], [ -51.0763651, -30.1664124 ], [ -51.0761299, -30.1651094 ], [ -51.0761086, -30.1641945 ], [ -51.0759376, -30.1635846 ], [ -51.0755207, -30.1632888 ], [ -51.0749542, -30.1630024 ], [ -51.0741632, -30.1624386 ], [ -51.0732821, -30.1623666 ], [ -51.0722393, -30.161533 ], [ -51.0722389, -30.1612989 ], [ -51.0724266, -30.161118 ], [ -51.0725178, -30.1610856 ], [ -51.0725929, -30.1609186 ], [ -51.07274850000001, -30.1608119 ], [ -51.0728343, -30.160529 ], [ -51.073006, -30.1603434 ], [ -51.0732474, -30.1602275 ], [ -51.07335470000001, -30.1601208 ], [ -51.0735907, -30.1598472 ], [ -51.0736658, -30.1596987 ], [ -51.0736605, -30.1590633 ], [ -51.0738589, -30.1588778 ], [ -51.074036, -30.1587108 ], [ -51.0740467, -30.158465 ], [ -51.0741218, -30.1582748 ], [ -51.0741862, -30.1581264 ], [ -51.0744598, -30.157964 ], [ -51.074728, -30.1579362 ], [ -51.0748245, -30.1578666 ], [ -51.075023, -30.157727500000011 ], [ -51.0753073, -30.1577553 ], [ -51.0754629, -30.1576022 ], [ -51.0756399, -30.1573518 ], [ -51.0758223, -30.1571152 ], [ -51.0757579, -30.1568601 ], [ -51.0757579, -30.1566514 ], [ -51.0759564, -30.1563963 ], [ -51.0765626, -30.1559278 ], [ -51.0767879, -30.1558628 ], [ -51.077083, -30.1557886 ], [ -51.0772385, -30.1556031 ], [ -51.0773565, -30.1554918 ], [ -51.0775872, -30.1553944 ], [ -51.0778125, -30.1551856 ], [ -51.0780217, -30.1550233 ], [ -51.0782524, -30.1549769 ], [ -51.0784616, -30.1550465 ], [ -51.0786655, -30.1549769 ], [ -51.0789659, -30.1548934 ], [ -51.0791751, -30.1546522 ], [ -51.0792395, -30.1545826 ], [ -51.0794058, -30.1544713 ], [ -51.0796418, -30.1544574 ], [ -51.0798081, -30.1544528 ], [ -51.0799529, -30.1544203 ], [ -51.0801675, -30.1542997 ], [ -51.0803767, -30.1540121 ], [ -51.0805055, -30.1539518 ], [ -51.0806557, -30.1538451 ], [ -51.0807898, -30.1534346 ], [ -51.0807951, -30.1532978 ], [ -51.0808193, -30.1531633 ], [ -51.0808756, -30.1530264 ], [ -51.0809105, -30.1528989 ], [ -51.0807844, -30.152762 ], [ -51.0806074, -30.1527759 ], [ -51.0804196, -30.1527319 ], [ -51.0803848, -30.1526808 ], [ -51.0804062, -30.1523492 ], [ -51.0805081, -30.152159 ], [ -51.0807066, -30.151709099999987 ], [ -51.0807174, -30.1511988 ], [ -51.0806208, -30.150864800000011 ], [ -51.080492, -30.1506607 ], [ -51.0805457, -30.1504566 ], [ -51.0805886, -30.150206099999988 ], [ -51.0806852, -30.1499 ], [ -51.0808246, -30.1498165 ], [ -51.0810499, -30.1496309 ], [ -51.0811572, -30.149399 ], [ -51.0813396, -30.1492413 ], [ -51.0816829, -30.1491207 ], [ -51.0819083, -30.1490557 ], [ -51.0821979, -30.1488516 ], [ -51.0823267, -30.1487681 ], [ -51.0826164, -30.1488145 ], [ -51.0827344, -30.1487774 ], [ -51.0827973, -30.1486997 ], [ -51.0851761, -30.1487184 ], [ -51.0852892, -30.1473642 ], [ -51.0851439, -30.1468198 ], [ -51.0849178, -30.1462474 ], [ -51.0846918, -30.1455354 ], [ -51.0844174, -30.1452003 ], [ -51.0837583, -30.1445481 ], [ -51.084323, -30.144183699999989 ], [ -51.084618, -30.1439496 ], [ -51.0849323, -30.1436909 ], [ -51.0856092, -30.1431103 ], [ -51.085522, -30.1430349 ], [ -51.0854036, -30.1428653 ], [ -51.0853483, -30.1426495 ], [ -51.085296, -30.1424452 ], [ -51.0851064, -30.1421254 ], [ -51.0846917, -30.1416965 ], [ -51.0843014, -30.1414925 ], [ -51.0838867, -30.1412535 ], [ -51.0836142, -30.141001 ], [ -51.0835452, -30.140937 ], [ -51.0833176, -30.1408949 ], [ -51.0830086, -30.140937 ], [ -51.0826074, -30.1410843 ], [ -51.0821353, -30.1412699 ], [ -51.0817952, -30.1413608 ], [ -51.0812588, -30.1413608 ], [ -51.0805689, -30.1413626 ], [ -51.0802153, -30.1413595 ], [ -51.07980950000001, -30.1412993 ], [ -51.0780086, -30.1408993 ], [ -51.0777955, -30.140852 ], [ -51.0771104, -30.1404149 ], [ -51.0770201, -30.1396649 ], [ -51.0768699, -30.1387186 ], [ -51.0766125, -30.1381248 ], [ -51.0762704, -30.1376042 ], [ -51.076076, -30.1373083 ], [ -51.07563, -30.136474899999989 ], [ -51.0746549, -30.1350069 ], [ -51.0740542, -30.1347985 ], [ -51.0720849, -30.1344133 ], [ -51.0717621, -30.1343862 ], [ -51.0712942, -30.1344671 ], [ -51.0705934, -30.134649099999987 ], [ -51.0703299, -30.1346678 ], [ -51.0697612, -30.1345893 ], [ -51.0694259, -30.1345012 ], [ -51.0690612, -30.1342878 ], [ -51.0684899, -30.1336899 ], [ -51.068105, -30.133252 ], [ -51.0679006, -30.1330401 ], [ -51.0672024, -30.132577 ], [ -51.06667, -30.132323 ], [ -51.0663635, -30.1322215 ], [ -51.0657527, -30.1319866 ], [ -51.0649378, -30.131865 ], [ -51.0640159, -30.1316873 ], [ -51.063317, -30.1313046 ], [ -51.0631879, -30.131210200000019 ], [ -51.0621665, -30.1304683 ], [ -51.0615402, -30.1300391 ], [ -51.0610212, -30.1297631 ], [ -51.0605331, -30.1294661 ], [ -51.0602729, -30.1292782 ], [ -51.059111, -30.1283038 ], [ -51.0586009, -30.1278842 ], [ -51.0584334, -30.1277731 ], [ -51.057871, -30.1274305 ], [ -51.0574378, -30.1271817 ], [ -51.0565657, -30.126665 ], [ -51.0562596, -30.1264926 ], [ -51.0556997, -30.1261824 ], [ -51.0550701, -30.1258563 ], [ -51.054717, -30.1256643 ], [ -51.0545678, -30.125432700000012 ], [ -51.0545255, -30.125369 ], [ -51.0545133, -30.1253019 ], [ -51.0545099, -30.1252063 ], [ -51.0543515, -30.1252296 ], [ -51.0542695, -30.1252444 ], [ -51.053498, -30.125098 ], [ -51.052983, -30.1251166 ], [ -51.0526468, -30.1251615 ], [ -51.0506227, -30.1254321 ], [ -51.0497, -30.1255249 ], [ -51.0485842, -30.1256177 ], [ -51.0479652, -30.1256344 ], [ -51.047404, -30.1256919 ], [ -51.0471895, -30.126007399999988 ], [ -51.0470393, -30.12649 ], [ -51.0468279, -30.126933599999987 ], [ -51.0467174, -30.1272138 ], [ -51.0464814, -30.1273066 ], [ -51.0461595, -30.127380799999987 ], [ -51.0457336, -30.1272491 ], [ -51.0448753, -30.127082 ], [ -51.0445287, -30.1267869 ], [ -51.0442101, -30.126618 ], [ -51.0435417, -30.1262673 ], [ -51.0428368, -30.126172599999986 ], [ -51.0421287, -30.12582 ], [ -51.0417981, -30.1257165 ], [ -51.0404001, -30.1262566 ], [ -51.0400171, -30.1267002 ], [ -51.0397811, -30.1273683 ], [ -51.0390268, -30.1287806 ], [ -51.038279, -30.130226299999986 ], [ -51.0375033, -30.1313788 ], [ -51.0368182, -30.1329518 ], [ -51.0365999, -30.1340505 ], [ -51.0364611, -30.1347365 ], [ -51.0361237, -30.1359076 ], [ -51.0358713, -30.1368867 ], [ -51.0356412, -30.1370997 ], [ -51.0348976, -30.1372904 ], [ -51.0333897, -30.1375713 ], [ -51.0326483, -30.1377165 ], [ -51.0322377, -30.1380609 ], [ -51.0306833, -30.1400893 ], [ -51.0310328, -30.1402794 ], [ -51.0312903, -30.1404394 ], [ -51.0315666, -30.1406621 ], [ -51.0317848, -30.1408687 ], [ -51.0318737, -30.1409666 ], [ -51.0319501, -30.1410762 ], [ -51.0320105, -30.1411945 ], [ -51.0321338, -30.1414612 ], [ -51.0323229, -30.1419137 ], [ -51.032445, -30.1421942 ], [ -51.0325662, -30.1424556 ], [ -51.0327038, -30.1427207 ], [ -51.0328685, -30.1430121 ], [ -51.0330836, -30.143394 ], [ -51.033428, -30.1439443 ], [ -51.0336211, -30.1442156 ], [ -51.0338264, -30.1444867 ], [ -51.0340398, -30.1447148 ], [ -51.0349729, -30.1456638 ], [ -51.0351446, -30.1458717 ], [ -51.0352814, -30.1460851 ], [ -51.035511, -30.1465216 ], [ -51.0359037, -30.1473283 ], [ -51.0361075, -30.1476971 ], [ -51.036353, -30.1480832 ], [ -51.0366493, -30.1484973 ], [ -51.0369379, -30.148930499999988 ], [ -51.0370275, -30.1491212 ], [ -51.0370793, -30.1492953 ], [ -51.037222, -30.150104599999985 ], [ -51.0372984, -30.1505082 ], [ -51.0373481, -30.1507181 ], [ -51.0373987, -30.1509124 ], [ -51.0374486, -30.1510463 ], [ -51.0375186, -30.1511894 ], [ -51.037704, -30.1514748 ], [ -51.0383874, -30.1524541 ], [ -51.0390216, -30.1534513 ], [ -51.039298, -30.1538607 ], [ -51.0394415, -30.154064800000018 ], [ -51.0395545, -30.1542583 ], [ -51.0396615, -30.1544973 ], [ -51.0397263, -30.1547545 ], [ -51.0397513, -30.1549531 ], [ -51.0397563, -30.1551015 ], [ -51.039806, -30.1553433 ], [ -51.0398628, -30.1554826 ], [ -51.0399121, -30.155539 ], [ -51.0399713, -30.1556069 ], [ -51.0401134, -30.1556877 ] ] ] } },
{ "type": "Feature", "properties": { "name": "Águas Claras", "code_muni": 4323002.0, "name_muni": "Viamão" }, "geometry": { "type": "Polygon", "coordinates": [ [ [ -50.820694, -30.1721405 ], [ -50.8249426, -30.1730309 ], [ -50.8263159, -30.1703225 ], [ -50.8387614, -30.1744407 ], [ -50.8367014, -30.1790411 ], [ -50.839684, -30.1799685 ], [ -50.8418083, -30.1752569 ], [ -50.8464861, -30.1766018 ], [ -50.8461186, -30.1791848 ], [ -50.8459833, -30.1821868 ], [ -50.8465553, -30.1820851 ], [ -50.84768, -30.1815894 ], [ -50.8490946, -30.1815009 ], [ -50.8506674, -30.1806562 ], [ -50.8516166, -30.1803826 ], [ -50.8534314, -30.1799401 ], [ -50.8540177, -30.1794574 ], [ -50.8546894, -30.179306 ], [ -50.8557119, -30.1791534 ], [ -50.8564053, -30.1792016 ], [ -50.85712190000001, -30.1793344 ], [ -50.8579362, -30.1791775 ], [ -50.8584992, -30.1793303 ], [ -50.8588343, -30.1795878 ], [ -50.8593368, -30.1794792 ], [ -50.8597272, -30.1793588 ], [ -50.860225, -30.179439200000015 ], [ -50.8609649, -30.1793387 ], [ -50.8613279, -30.1794231 ], [ -50.8617234, -30.1797248 ], [ -50.8620823, -30.1797965 ], [ -50.8639051, -30.179950099999989 ], [ -50.8643067, -30.179848 ], [ -50.8642383, -30.1807337 ], [ -50.8650416, -30.1817771 ], [ -50.866722, -30.1838139 ], [ -50.8678365, -30.1851805 ], [ -50.8689201, -30.1865463 ], [ -50.8691347, -30.1867225 ], [ -50.8692822, -30.1867434 ], [ -50.870221, -30.186847700000015 ], [ -50.871039, -30.1867202 ], [ -50.8720985, -30.186646 ], [ -50.872997, -30.186692399999988 ], [ -50.8738446, -30.1867757 ], [ -50.8741926, -30.1868239 ], [ -50.8745849, -30.1867642 ], [ -50.8756015, -30.1865092 ], [ -50.8761607, -30.1863145 ], [ -50.8766556, -30.1862368 ], [ -50.8771035, -30.1862206 ], [ -50.8774669, -30.1861835 ], [ -50.8776426, -30.1861336 ], [ -50.8778572, -30.1860338 ], [ -50.8788174, -30.185525 ], [ -50.8795108, -30.1854711 ], [ -50.8800674, -30.1854588 ], [ -50.8815023, -30.1853986 ], [ -50.8822654, -30.185343 ], [ -50.882545, -30.1853378 ], [ -50.8828005, -30.185356899999988 ], [ -50.8840115, -30.18530710000001 ], [ -50.884438, -30.185325599999985 ], [ -50.884554, -30.185336 ], [ -50.8848074, -30.1853799 ], [ -50.8847035, -30.1853245 ], [ -50.883919, -30.1839785 ], [ -50.8828354, -30.181804900000014 ], [ -50.8867192, -30.1755352 ], [ -50.8803463, -30.1746633 ], [ -50.8807755, -30.1724002 ], [ -50.8837903, -30.1668998 ], [ -50.8847398, -30.1635257 ], [ -50.8852547, -30.1635304 ], [ -50.8855855, -30.1635715 ], [ -50.8864309, -30.1636788 ], [ -50.8868507, -30.1637646 ], [ -50.8879128, -30.1642353 ], [ -50.8884063, -30.1643861 ], [ -50.889276, -30.1643907 ], [ -50.8893822, -30.1643969 ], [ -50.8904146, -30.1646626 ], [ -50.8908807, -30.164744399999989 ], [ -50.891059, -30.1647884 ], [ -50.8912897, -30.1648812 ], [ -50.8922808, -30.165229 ], [ -50.8933966, -30.165549 ], [ -50.8940886, -30.1656256 ], [ -50.8945955, -30.1657488 ], [ -50.8948115, -30.1657299 ], [ -50.89536, -30.1652511 ], [ -50.895659, -30.1648916 ], [ -50.8960533, -30.1645368 ], [ -50.8963309, -30.164393 ], [ -50.8972308, -30.164269 ], [ -50.8985771, -30.1636205 ], [ -50.8991647, -30.1632289 ], [ -50.8998379, -30.1628277 ], [ -50.9004314, -30.1621708 ], [ -50.9009868, -30.161728 ], [ -50.9022801, -30.1610188 ], [ -50.9024236, -30.1608878 ], [ -50.9026093, -30.1604883 ], [ -50.9029721, -30.1598303 ], [ -50.9034951, -30.1574488 ], [ -50.9040578, -30.15767 ], [ -50.9054531, -30.1581396 ], [ -50.9066756, -30.1585977 ], [ -50.9079416, -30.159043 ], [ -50.9081206, -30.1590766 ], [ -50.9085833, -30.1591786 ], [ -50.9091626, -30.1592146 ], [ -50.9100692, -30.1592273 ], [ -50.9114338, -30.1593114 ], [ -50.9122512, -30.1593291 ], [ -50.9131344, -30.1593027 ], [ -50.9136923, -30.1593027 ], [ -50.9141386, -30.159401 ], [ -50.914922, -30.159636 ], [ -50.9153644, -30.159768 ], [ -50.9154921, -30.1598084 ], [ -50.9152237, -30.1592464 ], [ -50.9151003, -30.1586737 ], [ -50.9150819, -30.1580953 ], [ -50.9150592, -30.1575187 ], [ -50.9150493, -30.156933 ], [ -50.9150096, -30.1563729 ], [ -50.9148388, -30.155365700000011 ], [ -50.914987, -30.154778 ], [ -50.9158533, -30.1530854 ], [ -50.9161484, -30.1525353 ], [ -50.9163509, -30.152183899999986 ], [ -50.9164456, -30.1519982 ], [ -50.9167077, -30.1512712 ], [ -50.9169544, -30.1504989 ], [ -50.9175727, -30.1485182 ], [ -50.9178489, -30.1476762 ], [ -50.9180287, -30.1472703 ], [ -50.9183103, -30.1467809 ], [ -50.9185816, -30.1463497 ], [ -50.9188812, -30.145930899999989 ], [ -50.9192182, -30.1455273 ], [ -50.9195547, -30.1451496 ], [ -50.9199155, -30.1447711 ], [ -50.9200685, -30.1445508 ], [ -50.920224, -30.1442551 ], [ -50.9204695, -30.1437355 ], [ -50.9208798, -30.1430454 ], [ -50.9212004, -30.1425062 ], [ -50.9215266, -30.141887499999985 ], [ -50.9216791, -30.1415934 ], [ -50.9217744, -30.1413626 ], [ -50.9218146, -30.1410715 ], [ -50.921769, -30.1408257 ], [ -50.9215705, -30.1403455 ], [ -50.9214042, -30.1399744 ], [ -50.9212138, -30.1396763 ], [ -50.9207348, -30.1390184 ], [ -50.9204534, -30.1386221 ], [ -50.9202777, -30.1383866 ], [ -50.9200752, -30.1381117 ], [ -50.9198499, -30.1377626 ], [ -50.9197091, -30.1374588 ], [ -50.9195186, -30.136945 ], [ -50.9193309, -30.1364486 ], [ -50.9190452, -30.1357445 ], [ -50.9186938, -30.1349338 ], [ -50.9185718, -30.1346299 ], [ -50.9184471, -30.1343469 ], [ -50.918289, -30.1339802 ], [ -50.9181031, -30.133687899999988 ], [ -50.9179278, -30.133805 ], [ -50.9172576, -30.1342509 ], [ -50.9164703, -30.1346857 ], [ -50.9156009, -30.1350886 ], [ -50.9147458, -30.1353822 ], [ -50.9123994, -30.1360475 ], [ -50.9099417, -30.1367196 ], [ -50.9092196, -30.1369171 ], [ -50.9090848, -30.1368383 ], [ -50.9089883, -30.1367826 ], [ -50.9088837, -30.136742 ], [ -50.9086946, -30.1366944 ], [ -50.9081715, -30.1365715 ], [ -50.9075546, -30.1363906 ], [ -50.9054048, -30.1357295 ], [ -50.9047719, -30.1355126 ], [ -50.903888, -30.1352029 ], [ -50.902956, -30.1348816 ], [ -50.9013882, -30.134297 ], [ -50.9011558, -30.1342291 ], [ -50.900711, -30.1341045 ], [ -50.9002805, -30.1340256 ], [ -50.8999076, -30.134021 ], [ -50.8993994, -30.134079 ], [ -50.8987972, -30.1342414 ], [ -50.8984754, -30.134362 ], [ -50.8982876, -30.1344177 ], [ -50.8981836, -30.1344643 ], [ -50.8980234, -30.1345777 ], [ -50.8978906, -30.134703 ], [ -50.8975205, -30.1350672 ], [ -50.8957221, -30.1368591 ], [ -50.8951906, -30.1373394 ], [ -50.8947256, -30.1376629 ], [ -50.8937413, -30.1382903 ], [ -50.892958, -30.1387786 ], [ -50.8924793, -30.1391741 ], [ -50.891912, -30.1396647 ], [ -50.891633, -30.1398793 ], [ -50.8911221, -30.1402353 ], [ -50.8907363, -30.1404276 ], [ -50.8902892, -30.1405791 ], [ -50.8901042, -30.1406424 ], [ -50.8897921, -30.1407059 ], [ -50.8887295, -30.1407642 ], [ -50.8870371, -30.140828 ], [ -50.8863156, -30.1408802 ], [ -50.8861211, -30.1409254 ], [ -50.8858019, -30.1408732 ], [ -50.8849141, -30.1409892 ], [ -50.8845053, -30.140919300000011 ], [ -50.8844553, -30.1403596 ], [ -50.8841825, -30.138279 ], [ -50.8836514, -30.1370257 ], [ -50.8859061, -30.1331773 ], [ -50.8858671, -30.1327943 ], [ -50.8857621, -30.1326043 ], [ -50.8855571, -30.1323783 ], [ -50.8852251, -30.1321573 ], [ -50.8828661, -30.1312703 ], [ -50.8834511, -30.1301253 ], [ -50.8824181, -30.130020300000012 ], [ -50.8817721, -30.1301413 ], [ -50.8812701, -30.1303083 ], [ -50.8803061, -30.1298653 ], [ -50.8799221, -30.1296123 ], [ -50.8793591, -30.1294443 ], [ -50.8797431, -30.1285873 ], [ -50.8715311, -30.1230213 ], [ -50.8703561, -30.1206553 ], [ -50.8665511, -30.1141583 ], [ -50.8641721, -30.1104123 ], [ -50.8608842, -30.1124824 ], [ -50.8583737, -30.1139859 ], [ -50.8572793, -30.1155265 ], [ -50.8550477, -30.1111645 ], [ -50.848074, -30.1123339 ], [ -50.8461428, -30.1090484 ], [ -50.8271635, -30.1072107 ], [ -50.8094073, -30.1091041 ], [ -50.8083558, -30.1141344 ], [ -50.7980837, -30.1160831 ], [ -50.7978921, -30.1162523 ], [ -50.7976076, -30.1164649 ], [ -50.7970306, -30.1168697 ], [ -50.7965256, -30.1190636 ], [ -50.796182, -30.1207746 ], [ -50.7968357, -30.1227222 ], [ -50.7976477, -30.1240197 ], [ -50.7980027, -30.1245704 ], [ -50.7987118, -30.1257079 ], [ -50.7992185, -30.1264891 ], [ -50.7999995, -30.1274018 ], [ -50.803766, -30.1316435 ], [ -50.8048287, -30.1327155 ], [ -50.8056961, -30.1340423 ], [ -50.8061012, -30.1346724 ], [ -50.8065271, -30.1351193 ], [ -50.8071047, -30.1354934 ], [ -50.8081906, -30.1361967 ], [ -50.809264, -30.136891899999984 ], [ -50.8104721, -30.138772799999987 ], [ -50.8121102, -30.1415081 ], [ -50.8123168, -30.1420691 ], [ -50.812463, -30.1427135 ], [ -50.8125704, -30.1427695 ], [ -50.8150246, -30.142809 ], [ -50.816294, -30.1429559 ], [ -50.8171289, -30.1431453 ], [ -50.8181813, -30.1433841 ], [ -50.8194302, -30.143829 ], [ -50.8216974, -30.1445413 ], [ -50.8233963, -30.1449755 ], [ -50.8235381, -30.1450362 ], [ -50.8238903, -30.1452237 ], [ -50.8252663, -30.1462261 ], [ -50.8254717, -30.1463332 ], [ -50.8264382, -30.1465081 ], [ -50.8271135, -30.1465292 ], [ -50.8277665, -30.1465983 ], [ -50.8285857, -30.1467703 ], [ -50.828792, -30.1468429 ], [ -50.8289216, -30.1469092 ], [ -50.8300449, -30.1477586 ], [ -50.8302063, -30.147839 ], [ -50.8315611, -30.1482267 ], [ -50.8328638, -30.1486693 ], [ -50.8341713, -30.149339 ], [ -50.8360006, -30.1500679 ], [ -50.8373114, -30.1504993 ], [ -50.8374353, -30.1505655 ], [ -50.8388531, -30.15132010000001 ], [ -50.8393219, -30.1515476 ], [ -50.8402718, -30.1521728 ], [ -50.8393568, -30.1537285 ], [ -50.8392817, -30.1537761 ], [ -50.8392347, -30.1538248 ], [ -50.8389679, -30.154270099999987 ], [ -50.8385655, -30.1550992 ], [ -50.8375061, -30.1571331 ], [ -50.837265, -30.1576488 ], [ -50.8362106, -30.1601666 ], [ -50.8361381, -30.1601967 ], [ -50.835894, -30.1601515 ], [ -50.83286050000001, -30.1594557 ], [ -50.83123, -30.1590931 ], [ -50.8266516, -30.1580722 ], [ -50.820694, -30.1721405 ] ] ] } },
{ "type": "Feature", "properties": { "name": "Itapuã", "code_muni": 4323002.0, "name_muni": "Viamão" }, "geometry": { "type": "Polygon", "coordinates": [ [ [ -51.0519127, -30.2298348 ], [ -51.0517569, -30.2299616 ], [ -51.0512599, -30.2304115 ], [ -51.0511895, -30.2304783 ], [ -51.0510978, -30.2305654 ], [ -51.05066, -30.2310474 ], [ -51.0481453, -30.231021 ], [ -51.0321808, -30.2337648 ], [ -51.0359574, -30.2414025 ], [ -51.0418797, -30.2361192 ], [ -51.0473818, -30.2399859 ], [ -51.046935, -30.2405763 ], [ -51.0468148, -30.2407987 ], [ -51.0467547, -30.2410286 ], [ -51.0467805, -30.2413623 ], [ -51.0468406, -30.2418146 ], [ -51.046935, -30.2423707 ], [ -51.0469779, -30.2428082 ], [ -51.0469693, -30.2431789 ], [ -51.0469178, -30.2434459 ], [ -51.0465745, -30.2443653 ], [ -51.0462483, -30.245003 ], [ -51.0456561, -30.2458631 ], [ -51.045184, -30.246523 ], [ -51.04478060000001, -30.2471384 ], [ -51.0444197, -30.2478509 ], [ -51.04436, -30.2479688 ], [ -51.0438708, -30.2489179 ], [ -51.0434932, -30.2496593 ], [ -51.0431842, -30.2502228 ], [ -51.0428151, -30.2507863 ], [ -51.0423688, -30.2512979 ], [ -51.0418023, -30.2519651 ], [ -51.0413256, -30.2524812 ], [ -51.041111, -30.2526591 ], [ -51.0409565, -30.2527258 ], [ -51.0406132, -30.2528741 ], [ -51.0386477, -30.2534524 ], [ -51.0380812, -30.2535562 ], [ -51.03615, -30.2537638 ], [ -51.0357552, -30.2538602 ], [ -51.0354033, -30.2540085 ], [ -51.0350771, -30.2541864 ], [ -51.0346995, -30.2544014 ], [ -51.0342617, -30.2545645 ], [ -51.0339002, -30.2546438 ], [ -51.033721, -30.2546831 ], [ -51.033, -30.2548907 ], [ -51.0327597, -30.2549797 ], [ -51.0324986, -30.2551251 ], [ -51.0321932, -30.2554245 ], [ -51.031867, -30.2557952 ], [ -51.0313435, -30.2567146 ], [ -51.0303135, -30.2585235 ], [ -51.0302191, -30.258657 ], [ -51.0300695, -30.2588242 ], [ -51.0273867, -30.261822599999984 ], [ -51.0271893, -30.2619931 ], [ -51.0260563, -30.2626899 ], [ -51.0256014, -30.2629049 ], [ -51.0232411, -30.2637426 ], [ -51.0222798, -30.264172599999984 ], [ -51.020877, -30.2649025 ], [ -51.0208121, -30.2649362 ], [ -51.0174389, -30.2667376 ], [ -51.016675, -30.2673084 ], [ -51.0144777, -30.2691023 ], [ -51.013834, -30.2694359 ], [ -51.0107699, -30.2707628 ], [ -51.0098279, -30.2711861 ], [ -51.0080337, -30.2719923 ], [ -51.0074483, -30.272295599999985 ], [ -51.0070402, -30.2726284 ], [ -51.0069017, -30.2727705 ], [ -51.0068282, -30.2728842 ], [ -51.0067636, -30.2729842 ], [ -51.006657, -30.2732169 ], [ -51.0066408, -30.2733213 ], [ -51.0066354, -30.2734811 ], [ -51.0066596, -30.2736757 ], [ -51.0070565, -30.275023799999985 ], [ -51.0071853, -30.2753458 ], [ -51.0072845, -30.2755543 ], [ -51.0075388, -30.2759242 ], [ -51.0055257, -30.2788785 ], [ -51.005347, -30.2790701 ], [ -51.0050944, -30.2791765 ], [ -51.0005931, -30.2789336 ], [ -50.9999752, -30.2788905 ], [ -50.9993291, -30.280508900000012 ], [ -51.0081267, -30.2846596 ], [ -51.0084157, -30.2846845 ], [ -51.0088637, -30.2845433 ], [ -51.0097298, -30.2843366 ], [ -51.0117383, -30.283942 ], [ -51.012674, -30.2837842 ], [ -51.0136494, -30.2836023 ], [ -51.0136972, -30.283605 ], [ -51.0138055, -30.2836304 ], [ -51.013858, -30.2839042 ], [ -51.0139858, -30.2845833 ], [ -51.0141932, -30.2854958 ], [ -51.0142137, -30.28579190000001 ], [ -51.014213, -30.2861561 ], [ -51.0141122, -30.286893 ], [ -51.0140937, -30.2870283 ], [ -51.0139799, -30.2878604 ], [ -51.0138219, -30.2888416 ], [ -51.0137613, -30.2890419 ], [ -51.0136844, -30.289204 ], [ -51.0135556, -30.2893818 ], [ -51.0130837, -30.2897924 ], [ -51.0204732, -30.2924517 ], [ -51.020542, -30.2917453 ], [ -51.0207063, -30.290739300000013 ], [ -51.0212454, -30.2885854 ], [ -51.0214412, -30.288418599999989 ], [ -51.0216732, -30.2876842 ], [ -51.0218134, -30.28730770000001 ], [ -51.0218327, -30.2872739 ], [ -51.0225206, -30.2860683 ], [ -51.0226563, -30.285833899999989 ], [ -51.0226502, -30.2857073 ], [ -51.0224973, -30.2855684 ], [ -51.0225061, -30.2854054 ], [ -51.022832666178758, -30.285101681650321 ], [ -51.022484511, -30.284153790999895 ], [ -51.023163449017567, -30.284124725600055 ], [ -51.0234227, -30.283954 ], [ -51.023800102261418, -30.284097467200784 ], [ -51.02396408074101, -30.284090445934975 ], [ -51.0226394, -30.2834142 ], [ -51.0227344, -30.2832708 ], [ -51.022844, -30.2831054 ], [ -51.0230874, -30.2832127 ], [ -51.0231042, -30.2831749 ], [ -51.0229103, -30.2828028 ], [ -51.0229272, -30.2826491 ], [ -51.025847400000011, -30.278858199999984 ], [ -51.0266628, -30.2782282 ], [ -51.0276069, -30.2768198 ], [ -51.0286369, -30.2761713 ], [ -51.0302462, -30.2747073 ], [ -51.0318341, -30.2735028 ], [ -51.034786754616206, -30.271665511135307 ], [ -51.034818237, -30.271637235 ], [ -51.034843092458239, -30.27163045360501 ], [ -51.0352888, -30.2713531 ], [ -51.0378208, -30.2704265 ], [ -51.0386362, -30.270306 ], [ -51.0424342, -30.2684065 ], [ -51.045803, -30.2678042 ], [ -51.047863, -30.2675725 ], [ -51.0481097, -30.2677486 ], [ -51.0484209, -30.2675447 ], [ -51.0496869, -30.2675632 ], [ -51.0507383, -30.2684528 ], [ -51.0513498, -30.2682767 ], [ -51.0518756, -30.2684713 ], [ -51.0526695, -30.2694443 ], [ -51.05522, -30.27014 ], [ -51.0570476, -30.2708217 ], [ -51.0572595, -30.2714359 ], [ -51.0577298, -30.2720692 ], [ -51.057836, -30.2733394 ], [ -51.057800295549193, -30.273604287301637 ], [ -51.058473126254732, -30.275085805349654 ], [ -51.0591068, -30.2752447 ], [ -51.059375, -30.2755412 ], [ -51.0593428, -30.276338 ], [ -51.0599436, -30.2759859 ], [ -51.0611024, -30.2758006 ], [ -51.0625829, -30.2759489 ], [ -51.0643639, -30.2758933 ], [ -51.065351, -30.275115 ], [ -51.0664453, -30.2740587 ], [ -51.0689129, -30.2714457 ], [ -51.069156590360663, -30.271445700112693 ], [ -51.069257387689071, -30.271336904841416 ], [ -51.0690632, -30.2702968 ], [ -51.0691919, -30.2693516 ], [ -51.069039629623468, -30.26885043357564 ], [ -51.066572823500529, -30.266670241364466 ], [ -51.0663772, -30.266736 ], [ -51.0659254, -30.2665456 ], [ -51.0656118, -30.266178 ], [ -51.0652772, -30.2660624 ], [ -51.0650959, -30.2659107 ], [ -51.0646023, -30.2656798 ], [ -51.0643578, -30.2654676 ], [ -51.0637937, -30.2646757 ], [ -51.0633802, -30.2645115 ], [ -51.0630691, -30.2642288 ], [ -51.0630501, -30.2638189 ], [ -51.0627955, -30.2636589 ], [ -51.0627902, -30.263367 ], [ -51.0628277, -30.26295 ], [ -51.0629779, -30.262704499999987 ], [ -51.0627305, -30.2622804 ], [ -51.0623771, -30.2620419 ], [ -51.0625541, -30.2613422 ], [ -51.0627687, -30.2610411 ], [ -51.06254460000001, -30.2603611 ], [ -51.062960732917809, -30.260215281342656 ], [ -51.062904022117458, -30.259681344173821 ], [ -51.0628511, -30.2596403 ], [ -51.0622349, -30.2597761 ], [ -51.0615659, -30.259775 ], [ -51.061337121169473, -30.259636698889487 ], [ -51.057516413140021, -30.259698214905566 ], [ -51.0574788, -30.259726 ], [ -51.0573268, -30.2599 ], [ -51.0569558, -30.260144 ], [ -51.0567668, -30.2601711 ], [ -51.0565908, -30.2602921 ], [ -51.0561818, -30.2603791 ], [ -51.0560628, -30.2603251 ], [ -51.0559118, -30.260384099999989 ], [ -51.0556278, -30.2603581 ], [ -51.0554548, -30.2604331 ], [ -51.0552928, -30.2604261 ], [ -51.0551728, -30.2603561 ], [ -51.0550618, -30.260444099999987 ], [ -51.0549308, -30.2603871 ], [ -51.0545208, -30.2600511 ], [ -51.0542708, -30.2599581 ], [ -51.0541418, -30.2598401 ], [ -51.0537918, -30.2598931 ], [ -51.0535288, -30.2600001 ], [ -51.0534328, -30.2599761 ], [ -51.0533908, -30.2599031 ], [ -51.0534378, -30.259760100000012 ], [ -51.0533928, -30.2595981 ], [ -51.0534158, -30.2594851 ], [ -51.0536218, -30.2593601 ], [ -51.0536958, -30.2591831 ], [ -51.0539178, -30.2589701 ], [ -51.0543478, -30.258767099999989 ], [ -51.05465980000001, -30.2587781 ], [ -51.0547258, -30.2589121 ], [ -51.0548918, -30.2588311 ], [ -51.054941153765739, -30.258846603834488 ], [ -51.055202963999903, -30.25867159699991 ], [ -51.054474196827385, -30.258285018080436 ], [ -51.0543548, -30.2582831 ], [ -51.05418538406186, -30.258131813648667 ], [ -51.054037861426444, -30.258053557945733 ], [ -51.0539068, -30.2580891 ], [ -51.0536277, -30.2579841 ], [ -51.053641867857166, -30.257843495486004 ], [ -51.053597022, -30.257819706 ], [ -51.053650111693749, -30.257761681896085 ], [ -51.0536937, -30.25732910000001 ], [ -51.0542817, -30.2570321 ], [ -51.0544867, -30.2568371 ], [ -51.054494817531669, -30.256838452927465 ], [ -51.054952865012822, -30.256337816201935 ], [ -51.0550917, -30.2561351 ], [ -51.0550307, -30.2559971 ], [ -51.0551417, -30.2558191 ], [ -51.0551677, -30.2552561 ], [ -51.0547557, -30.2547611 ], [ -51.0545127, -30.2546331 ], [ -51.0540047, -30.25460510000001 ], [ -51.0535707, -30.2544361 ], [ -51.0535497, -30.2543811 ], [ -51.0537137, -30.2541571 ], [ -51.0538406, -30.2535021 ], [ -51.0539566, -30.2532191 ], [ -51.0539776, -30.2525051 ], [ -51.0540836, -30.251951099999985 ], [ -51.0543807, -30.2513873 ], [ -51.05466160000001, -30.2508543 ], [ -51.0554446, -30.249903 ], [ -51.057067071478841, -30.247827331819551 ], [ -51.057280181140932, -30.247509957540604 ], [ -51.057268669118031, -30.247134247984654 ], [ -51.057213059185614, -30.246701251601603 ], [ -51.0569345, -30.245899 ], [ -51.0569595, -30.245643 ], [ -51.0568715, -30.245276 ], [ -51.0569045, -30.245111 ], [ -51.056992536640131, -30.244984155716459 ], [ -51.056963751999902, -30.244760019999902 ], [ -51.058864750999902, -30.243642531 ], [ -51.058835771251026, -30.243123885120575 ], [ -51.0585044, -30.2420009 ], [ -51.0582674, -30.2419609 ], [ -51.0581704, -30.2418059 ], [ -51.0581814, -30.2413979 ], [ -51.0581314, -30.2410489 ], [ -51.0581434, -30.2408379 ], [ -51.0582134, -30.2407639 ], [ -51.0581403, -30.2402769 ], [ -51.0581903, -30.2400739 ], [ -51.057932725502397, -30.239517329326311 ], [ -51.055575727, -30.238774583 ], [ -51.053920878611535, -30.233508605522612 ], [ -51.0538311, -30.233447 ], [ -51.0532711, -30.233172 ], [ -51.0526691, -30.232612 ], [ -51.05223, -30.231624 ], [ -51.052253, -30.231481 ], [ -51.052446, -30.231288 ], [ -51.052458, -30.231182 ], [ -51.052599, -30.231179 ], [ -51.052814, -30.231102 ], [ -51.052937, -30.230939 ], [ -51.052926, -30.230845 ], [ -51.053019863655543, -30.230693634333925 ], [ -51.052905176098584, -30.230581905486506 ], [ -51.052863, -30.230555 ], [ -51.052865099438854, -30.230542862640661 ], [ -51.052050648469006, -30.229749411774986 ], [ -51.0519127, -30.2298348 ] ] ] } },
{ "type": "Feature", "properties": { "name": "Santo Onofre", "code_muni": 4323002.0, "name_muni": "Viamão" }, "geometry": { "type": "Polygon", "coordinates": [ [ [ -51.0280378, -30.1224786 ], [ -51.0281901, -30.1231732 ], [ -51.0282999, -30.1236042 ], [ -51.0282932, -30.1239027 ], [ -51.0282051, -30.1242012 ], [ -51.0273926, -30.1252342 ], [ -51.0272069, -30.1258962 ], [ -51.0269509, -30.1265422 ], [ -51.0269049, -30.127170599999989 ], [ -51.0271812, -30.1281612 ], [ -51.0274015, -30.1287149 ], [ -51.027787, -30.1292051 ], [ -51.0284011, -30.1298003 ], [ -51.0285866, -30.1300791 ], [ -51.0287129, -30.130357799999985 ], [ -51.0288235, -30.1307313 ], [ -51.02883760000001, -30.1309705 ], [ -51.0287655, -30.1313675 ], [ -51.0285264, -30.1320909 ], [ -51.0284617, -30.1323789 ], [ -51.0284373, -30.1326703 ], [ -51.0284239, -30.133003 ], [ -51.028521, -30.133693 ], [ -51.0283537, -30.1347365 ], [ -51.0281717, -30.1361752 ], [ -51.0281599, -30.1365023 ], [ -51.0282294, -30.136816599999989 ], [ -51.0285609, -30.137362 ], [ -51.0293423, -30.138564699999989 ], [ -51.0296342, -30.1391258 ], [ -51.0299289, -30.1395898 ], [ -51.0300782, -30.1397544 ], [ -51.0302116, -30.1398461 ], [ -51.030432, -30.1399732 ], [ -51.0306833, -30.1400893 ], [ -51.0322377, -30.1380609 ], [ -51.0326483, -30.1377165 ], [ -51.0333897, -30.1375713 ], [ -51.0348976, -30.1372904 ], [ -51.0356412, -30.1370997 ], [ -51.0358713, -30.1368867 ], [ -51.0361237, -30.1359076 ], [ -51.0364611, -30.1347365 ], [ -51.0365999, -30.1340505 ], [ -51.0368182, -30.1329518 ], [ -51.0375033, -30.1313788 ], [ -51.038279, -30.130226299999986 ], [ -51.0390268, -30.1287806 ], [ -51.0397811, -30.1273683 ], [ -51.0400171, -30.1267002 ], [ -51.0404001, -30.1262566 ], [ -51.0417981, -30.1257165 ], [ -51.0421287, -30.12582 ], [ -51.0428368, -30.126172599999986 ], [ -51.0435417, -30.1262673 ], [ -51.0442101, -30.126618 ], [ -51.0445287, -30.1267869 ], [ -51.0448753, -30.127082 ], [ -51.0457336, -30.1272491 ], [ -51.0461595, -30.127380799999987 ], [ -51.0464814, -30.1273066 ], [ -51.0467174, -30.1272138 ], [ -51.0468279, -30.126933599999987 ], [ -51.0470393, -30.12649 ], [ -51.0471895, -30.126007399999988 ], [ -51.047404, -30.1256919 ], [ -51.0479652, -30.1256344 ], [ -51.0485842, -30.1256177 ], [ -51.0497, -30.1255249 ], [ -51.0506227, -30.1254321 ], [ -51.0526468, -30.1251615 ], [ -51.052983, -30.1251166 ], [ -51.053498, -30.125098 ], [ -51.0542695, -30.1252444 ], [ -51.0543515, -30.1252296 ], [ -51.0545099, -30.1252063 ], [ -51.0545716, -30.1248983 ], [ -51.0547097, -30.1244146 ], [ -51.0549954, -30.1238728 ], [ -51.055344, -30.1235898 ], [ -51.0559355, -30.1234147 ], [ -51.0567192, -30.1232932 ], [ -51.0569039, -30.1232638 ], [ -51.0570759, -30.1232364 ], [ -51.0574185, -30.1230601 ], [ -51.0575596, -30.122784700000011 ], [ -51.0575782, -30.1225091 ], [ -51.0573877, -30.1222504 ], [ -51.0572135, -30.1220669 ], [ -51.057086, -30.1219326 ], [ -51.0569787, -30.121617 ], [ -51.0569802, -30.121576199999989 ], [ -51.0569896, -30.1213217 ], [ -51.0572058, -30.1208763 ], [ -51.0572701, -30.1207584 ], [ -51.0573352, -30.120639 ], [ -51.0575066, -30.1202822 ], [ -51.057495, -30.1200081 ], [ -51.0571495, -30.1194521 ], [ -51.0570583, -30.1192793 ], [ -51.0569792, -30.1191134 ], [ -51.0569081, -30.1187561 ], [ -51.0568303, -30.1184299 ], [ -51.0567965, -30.1180806 ], [ -51.0567766, -30.1173547 ], [ -51.0567755, -30.1170404 ], [ -51.0567784, -30.1169079 ], [ -51.056786, -30.1168211 ], [ -51.0568142, -30.1167538 ], [ -51.0568397, -30.1167248 ], [ -51.0568692, -30.1166947 ], [ -51.0571334, -30.1164453 ], [ -51.0574445, -30.1161622 ], [ -51.0578032, -30.115624 ], [ -51.058099, -30.1149058 ], [ -51.0584436, -30.1142782 ], [ -51.0586649, -30.1139186 ], [ -51.0590002, -30.113517199999986 ], [ -51.0592152, -30.1132681 ], [ -51.0594819, -30.1129203 ], [ -51.0597265, -30.1123796 ], [ -51.0598568, -30.1120697 ], [ -51.0601965, -30.1115961 ], [ -51.06053, -30.1108451 ], [ -51.0606649, -30.1105532 ], [ -51.0607425, -30.1104247 ], [ -51.0608187, -30.1103021 ], [ -51.0610235, -30.1101116 ], [ -51.061331, -30.1099324 ], [ -51.0615089, -30.1098344 ], [ -51.0616958, -30.109763 ], [ -51.061874, -30.109723 ], [ -51.0620507, -30.1096882 ], [ -51.0625154, -30.1096761 ], [ -51.0626762, -30.109663299999987 ], [ -51.0628118, -30.1096484 ], [ -51.0630403, -30.1096248 ], [ -51.06356, -30.1093848 ], [ -51.0643217, -30.109067 ], [ -51.0647769, -30.1087889 ], [ -51.0647969, -30.1087774 ], [ -51.0648225, -30.1087553 ], [ -51.0652123, -30.1084044 ], [ -51.0656995, -30.1079121 ], [ -51.0660306, -30.1075692 ], [ -51.0662179, -30.1073952 ], [ -51.0663116, -30.1073252 ], [ -51.0664213, -30.1072559 ], [ -51.0669248, -30.106974 ], [ -51.0671514, -30.106819699999988 ], [ -51.0673458, -30.106619 ], [ -51.0676558, -30.1061893 ], [ -51.0683287, -30.1053792 ], [ -51.0686132, -30.1049564 ], [ -51.0687924, -30.1046849 ], [ -51.0692207, -30.1040956 ], [ -51.0696433, -30.1035343 ], [ -51.0702, -30.1026144 ], [ -51.0702683, -30.1025634 ], [ -51.0703379, -30.102513 ], [ -51.0704417, -30.1024621 ], [ -51.0708019, -30.102285599999988 ], [ -51.0716616, -30.1019399 ], [ -51.0720867, -30.1017763 ], [ -51.0726017, -30.1015477 ], [ -51.0728474, -30.1013896 ], [ -51.0734267, -30.1011386 ], [ -51.0737752, -30.1010001 ], [ -51.0744835, -30.1005822 ], [ -51.0746526, -30.1004813 ], [ -51.0744819, -30.1003486 ], [ -51.0731839, -30.098969 ], [ -51.0728402, -30.0984748 ], [ -51.072476, -30.0982162 ], [ -51.0717077, -30.0975873 ], [ -51.0712618, -30.0972223 ], [ -51.0705613, -30.0963576 ], [ -51.0702631, -30.0958254 ], [ -51.070201, -30.0957132 ], [ -51.070161, -30.0956595 ], [ -51.0700569, -30.0955576 ], [ -51.0699231, -30.0955017 ], [ -51.0694703, -30.0953992 ], [ -51.0691741, -30.0953479 ], [ -51.0691365, -30.095297 ], [ -51.0691284, -30.0952354 ], [ -51.0692135, -30.0947795 ], [ -51.0692605, -30.094511199999989 ], [ -51.0694934, -30.0930443 ], [ -51.0695098, -30.0929001 ], [ -51.0695142, -30.0928421 ], [ -51.0695238, -30.0927776 ], [ -51.0692328, -30.0927794 ], [ -51.0679252, -30.0927574 ], [ -51.0664018, -30.0927295 ], [ -51.0658747, -30.092692399999986 ], [ -51.0655421, -30.092646 ], [ -51.0646704, -30.0924754 ], [ -51.0643499, -30.0923826 ], [ -51.0640132, -30.0922364 ], [ -51.063678, -30.091988 ], [ -51.0635103, -30.091785 ], [ -51.063395, -30.0916202 ], [ -51.0630785, -30.0909936 ], [ -51.0630047, -30.0908381 ], [ -51.0629095, -30.0906664 ], [ -51.0628063, -30.090526 ], [ -51.0626628, -30.0903833 ], [ -51.0624602, -30.0902266 ], [ -51.061897, -30.089875 ], [ -51.0607544, -30.089173 ], [ -51.06012, -30.0886984 ], [ -51.0584373, -30.0873401 ], [ -51.0481131, -30.0925079 ], [ -51.046102, -30.0989368 ], [ -51.0387844, -30.1137215 ], [ -51.0388262, -30.1145166 ], [ -51.0384559, -30.1160895 ], [ -51.0380215, -30.1176373 ], [ -51.0374841, -30.1180945 ], [ -51.0373403, -30.1182006 ], [ -51.0372013, -30.1182899 ], [ -51.0370706, -30.1183592 ], [ -51.0369463, -30.1184096 ], [ -51.0366477, -30.1184903 ], [ -51.0360956, -30.1186076 ], [ -51.035571, -30.118563 ], [ -51.0329557, -30.118087899999988 ], [ -51.0319287, -30.1180264 ], [ -51.0316859, -30.118074 ], [ -51.0314715, -30.1182338 ], [ -51.0313466, -30.1185438 ], [ -51.0311396, -30.1190857 ], [ -51.0308021, -30.1201945 ], [ -51.030601, -30.1206423 ], [ -51.030314, -30.121046 ], [ -51.0299921, -30.1213777 ], [ -51.029748, -30.1216167 ], [ -51.0294557, -30.1218348 ], [ -51.0292465, -30.1219206 ], [ -51.0290667, -30.1219554 ], [ -51.028887, -30.1219461 ], [ -51.0286242, -30.121913599999985 ], [ -51.0284514, -30.1218579 ], [ -51.0281248, -30.12157650000001 ], [ -51.0280395, -30.121503 ], [ -51.0279248, -30.1214285 ], [ -51.0278779, -30.1214009 ], [ -51.0278504, -30.1213951 ], [ -51.0278282, -30.1213951 ], [ -51.0278061, -30.121400900000012 ], [ -51.027703, -30.1214329 ], [ -51.0277411, -30.1214746 ], [ -51.0277813, -30.1215372 ], [ -51.0278363, -30.1216416 ], [ -51.0278982, -30.12178 ], [ -51.0279603, -30.1220633 ], [ -51.0280378, -30.1224786 ] ] ] } },
{ "type": "Feature", "properties": { "name": "Querência", "code_muni": 4323002.0, "name_muni": "Viamão" }, "geometry": { "type": "Polygon", "coordinates": [ [ [ -51.0582009, -30.0871493 ], [ -51.0574821, -30.0865981 ], [ -51.0565183, -30.085833 ], [ -51.0558862, -30.0852636 ], [ -51.0553591, -30.0847623 ], [ -51.0546322, -30.0840312 ], [ -51.0541843, -30.0835508 ], [ -51.0536505, -30.0829415 ], [ -51.0531865, -30.082378699999985 ], [ -51.0527399, -30.0817741 ], [ -51.0516644, -30.0804001 ], [ -51.0504203, -30.0788046 ], [ -51.0502455, -30.0785804 ], [ -51.0496768, -30.0778447 ], [ -51.0494006, -30.07753360000001 ], [ -51.0491484, -30.0773015 ], [ -51.0489044, -30.0771019 ], [ -51.0484993, -30.0768559 ], [ -51.0480863, -30.0766516 ], [ -51.0468954, -30.0762037 ], [ -51.0465615, -30.076124699999987 ], [ -51.0462436, -30.0760818 ], [ -51.0459446, -30.0760807 ], [ -51.0444251, -30.076252400000012 ], [ -51.043615, -30.076365 ], [ -51.0432422, -30.0764369 ], [ -51.0428238, -30.0765437 ], [ -51.0424952, -30.076666699999986 ], [ -51.0420419, -30.0768582 ], [ -51.0417254, -30.0770184 ], [ -51.0411823, -30.0773514 ], [ -51.0378805, -30.0793498 ], [ -51.0374996, -30.0795924 ], [ -51.0375306, -30.0796273 ], [ -51.0376266, -30.079790500000012 ], [ -51.037783, -30.0800121 ], [ -51.0379587, -30.0802035 ], [ -51.038378, -30.0806605 ], [ -51.0386289, -30.0809339 ], [ -51.0388149, -30.0812157 ], [ -51.0394287, -30.0808757 ], [ -51.0404635, -30.0830483 ], [ -51.041016, -30.0832572 ], [ -51.0414827, -30.0836796 ], [ -51.0429096, -30.0843016 ], [ -51.043886, -30.0845661 ], [ -51.044181, -30.0848261 ], [ -51.0442936, -30.0851464 ], [ -51.0443634, -30.085619799999986 ], [ -51.0447389, -30.0860701 ], [ -51.0447765, -30.08646 ], [ -51.0438591, -30.0871284 ], [ -51.0436714, -30.0876482 ], [ -51.0440791, -30.0887111 ], [ -51.0456884, -30.0883955 ], [ -51.0465038, -30.0909948 ], [ -51.0481131, -30.0925079 ], [ -51.0584373, -30.0873401 ], [ -51.0582009, -30.0871493 ] ] ] } },
{ "type": "Feature", "properties": { "name": "Krahe", "code_muni": 4323002.0, "name_muni": "Viamão" }, "geometry": { "type": "Polygon", "coordinates": [ [ [ -51.0374996, -30.0795924 ], [ -51.0371187, -30.079857 ], [ -51.0368371, -30.0800798 ], [ -51.036593, -30.0803212 ], [ -51.035901, -30.0810546 ], [ -51.0342568, -30.0829253 ], [ -51.0333781, -30.083953499999989 ], [ -51.0330162, -30.084441 ], [ -51.0329595, -30.0845094 ], [ -51.0328782, -30.0846044 ], [ -51.0326129, -30.0849351 ], [ -51.0323868, -30.0852253 ], [ -51.0322804, -30.0853596 ], [ -51.0321564, -30.0855269 ], [ -51.0317845, -30.0859328 ], [ -51.0314392, -30.086243 ], [ -51.0311822, -30.086453 ], [ -51.030841, -30.0866921 ], [ -51.0304594, -30.0869225 ], [ -51.0300887, -30.0871168 ], [ -51.0297296, -30.0872706 ], [ -51.0294224, -30.087369 ], [ -51.0301906, -30.0885348 ], [ -51.031014, -30.0885766 ], [ -51.0310268, -30.0889398 ], [ -51.0304414, -30.0892124 ], [ -51.0299546, -30.0905155 ], [ -51.0297319, -30.0909437 ], [ -51.0293256, -30.0920031 ], [ -51.0286108, -30.0946615 ], [ -51.0291814, -30.0949492 ], [ -51.0294476, -30.096091 ], [ -51.030196, -30.0958914 ], [ -51.0306573, -30.0963068 ], [ -51.0302389, -30.0968892 ], [ -51.030491, -30.0979242 ], [ -51.0318348, -30.0979869 ], [ -51.0328996, -30.09850440000001 ], [ -51.0327011, -30.1002366 ], [ -51.0333596, -30.1010071 ], [ -51.0341911, -30.1007309 ], [ -51.034525, -30.1015466 ], [ -51.0357504, -30.1017453 ], [ -51.0358519, -30.1016009 ], [ -51.036366, -30.1013256 ], [ -51.038427, -30.1005897 ], [ -51.0404152, -30.0999259 ], [ -51.0407482, -30.0998169 ], [ -51.0419177, -30.0995082 ], [ -51.0419746, -30.099494 ], [ -51.0425648, -30.099413799999986 ], [ -51.0426397, -30.0994023 ], [ -51.0434786, -30.0993096 ], [ -51.0445101, -30.099107600000011 ], [ -51.0448544, -30.0990132 ], [ -51.045164, -30.0989355 ], [ -51.045571, -30.0988552 ], [ -51.0456223, -30.0988482 ], [ -51.0456718, -30.0988513 ], [ -51.046102, -30.0989368 ], [ -51.0481131, -30.0925079 ], [ -51.0465038, -30.0909948 ], [ -51.0456884, -30.0883955 ], [ -51.0440791, -30.0887111 ], [ -51.0436714, -30.0876482 ], [ -51.0438591, -30.0871284 ], [ -51.0447765, -30.08646 ], [ -51.0447389, -30.0860701 ], [ -51.0443634, -30.085619799999986 ], [ -51.0442936, -30.0851464 ], [ -51.044181, -30.0848261 ], [ -51.043886, -30.0845661 ], [ -51.0429096, -30.0843016 ], [ -51.0414827, -30.0836796 ], [ -51.041016, -30.0832572 ], [ -51.0404635, -30.0830483 ], [ -51.0394287, -30.0808757 ], [ -51.0388149, -30.0812157 ], [ -51.0386289, -30.0809339 ], [ -51.038378, -30.0806605 ], [ -51.0379587, -30.0802035 ], [ -51.037783, -30.0800121 ], [ -51.0376266, -30.079790500000012 ], [ -51.0375306, -30.0796273 ], [ -51.0374996, -30.0795924 ] ] ] } },
{ "type": "Feature", "properties": { "name": "Fiúza", "code_muni": 4323002.0, "name_muni": "Viamão" }, "geometry": { "type": "Polygon", "coordinates": [ [ [ -51.0445101, -30.099107600000011 ], [ -51.0434786, -30.0993096 ], [ -51.0426397, -30.0994023 ], [ -51.0425648, -30.099413799999986 ], [ -51.0419746, -30.099494 ], [ -51.0419177, -30.0995082 ], [ -51.0407482, -30.0998169 ], [ -51.0404152, -30.0999259 ], [ -51.038427, -30.1005897 ], [ -51.036366, -30.1013256 ], [ -51.0358519, -30.1016009 ], [ -51.0357504, -30.1017453 ], [ -51.034525, -30.1015466 ], [ -51.0341911, -30.1007309 ], [ -51.0333596, -30.1010071 ], [ -51.0327011, -30.1002366 ], [ -51.0328996, -30.09850440000001 ], [ -51.0318348, -30.0979869 ], [ -51.030491, -30.0979242 ], [ -51.0302389, -30.0968892 ], [ -51.0306573, -30.0963068 ], [ -51.030196, -30.0958914 ], [ -51.0294476, -30.096091 ], [ -51.0291814, -30.0949492 ], [ -51.0286108, -30.0946615 ], [ -51.0293256, -30.0920031 ], [ -51.0297319, -30.0909437 ], [ -51.0299546, -30.0905155 ], [ -51.0304414, -30.0892124 ], [ -51.0310268, -30.0889398 ], [ -51.031014, -30.0885766 ], [ -51.0301906, -30.0885348 ], [ -51.0294224, -30.087369 ], [ -51.0291051, -30.087468099999985 ], [ -51.0286945, -30.087565200000011 ], [ -51.0279563, -30.087712 ], [ -51.0277124, -30.0877473 ], [ -51.0274785, -30.0877746 ], [ -51.0236178, -30.0883503 ], [ -51.0226012, -30.0885174 ], [ -51.0221983, -30.0885783 ], [ -51.0221205, -30.0885951 ], [ -51.0215002, -30.088699599999988 ], [ -51.0202649, -30.0888815 ], [ -51.0180159, -30.089222 ], [ -51.0177579, -30.0892635 ], [ -51.0176338, -30.0893088 ], [ -51.0174789, -30.0893302 ], [ -51.0173146, -30.0893529 ], [ -51.0171718, -30.0893581 ], [ -51.0170227, -30.0893863 ], [ -51.0164707, -30.0894594 ], [ -51.0161596, -30.089512200000012 ], [ -51.0157702, -30.0895706 ], [ -51.0137693, -30.0898805 ], [ -51.0117598, -30.0901918 ], [ -51.0115595, -30.0902283 ], [ -51.0108612, -30.0903531 ], [ -51.0101632, -30.090504299999989 ], [ -51.0090128, -30.0907945 ], [ -51.0078342, -30.0911097 ], [ -51.0073898, -30.0912218 ], [ -51.0008341, -30.0929538 ], [ -51.0006371, -30.0930003 ], [ -51.0004965, -30.0930451 ], [ -50.9980127, -30.093674 ], [ -50.9872878, -30.0965099 ], [ -50.9853116, -30.097074 ], [ -50.9837681, -30.0976039 ], [ -50.9815167, -30.0983806 ], [ -50.9784815, -30.0994225 ], [ -50.9783673, -30.0994671 ], [ -50.9766376, -30.1000638 ], [ -50.9750995, -30.1004918 ], [ -50.9735599, -30.1008538 ], [ -50.97231, -30.1010905 ], [ -50.9699335, -30.1014293 ], [ -50.9681204, -30.1016567 ], [ -50.9662857, -30.101949099999985 ], [ -50.9640166, -30.1023436 ], [ -50.9638761, -30.1023751 ], [ -50.9625683, -30.102668 ], [ -50.9607869, -30.1031379 ], [ -50.9587421, -30.1037764 ], [ -50.9574415, -30.1042169 ], [ -50.9539327, -30.105352 ], [ -50.9525943, -30.1057307 ], [ -50.9527281, -30.1060071 ], [ -50.9540148, -30.1069223 ], [ -50.954916, -30.107739 ], [ -50.956521, -30.1096046 ], [ -50.9561348, -30.1107554 ], [ -50.9565639, -30.1109782 ], [ -50.9570789, -30.1111638 ], [ -50.957551, -30.111386499999984 ], [ -50.9579201, -30.1118227 ], [ -50.9584951, -30.1122775 ], [ -50.9587955, -30.1127972 ], [ -50.9593963, -30.1130571 ], [ -50.9599542, -30.113317 ], [ -50.9607267, -30.114245 ], [ -50.9610529, -30.1151267 ], [ -50.9703441, -30.11291 ], [ -50.9757471, -30.1118884 ], [ -50.9908319, -30.1067466 ], [ -51.0016036, -30.1039436 ], [ -51.0017109, -30.1135032 ], [ -51.0061312, -30.121076099999986 ], [ -51.0104541, -30.1280373 ], [ -51.0096415, -30.1288642 ], [ -51.0077361, -30.1306903 ], [ -51.0068435, -30.131403 ], [ -51.00638, -30.1318261 ], [ -51.006071, -30.1324422 ], [ -51.0057448, -30.133385 ], [ -51.0056075, -30.1343054 ], [ -51.0055985, -30.1344284 ], [ -51.0055646, -30.1348919 ], [ -51.0057963, -30.1356935 ], [ -51.0059422, -30.1364358 ], [ -51.0059336, -30.1374379 ], [ -51.0060023, -30.1380021 ], [ -51.0064915, -30.1388631 ], [ -51.0066929, -30.1392288 ], [ -51.0074623, -30.1392449 ], [ -51.0081275, -30.1393005 ], [ -51.0088313, -30.1393061 ], [ -51.009518, -30.1394731 ], [ -51.0100587, -30.1396531 ], [ -51.0105308, -30.1396346 ], [ -51.010917, -30.1396717 ], [ -51.0115565, -30.1397144 ], [ -51.0118826, -30.1396902 ], [ -51.0123332, -30.1395928 ], [ -51.0129125, -30.139759799999986 ], [ -51.0134876, -30.1400623 ], [ -51.0143287, -30.140632 ], [ -51.0146935, -30.140966 ], [ -51.0150583, -30.1412443 ], [ -51.0154403, -30.1414726 ], [ -51.0159552, -30.1415839 ], [ -51.0163887, -30.1418196 ], [ -51.0167535, -30.142135 ], [ -51.0172684, -30.1427103 ], [ -51.0183199, -30.143935 ], [ -51.0188091, -30.1448127 ], [ -51.0193928, -30.1451226 ], [ -51.0204442, -30.145605 ], [ -51.02086640000001, -30.1457891 ], [ -51.0209316, -30.1458485 ], [ -51.021004, -30.1459251 ], [ -51.0211856, -30.1461371 ], [ -51.0216646, -30.146687 ], [ -51.0217993, -30.146832 ], [ -51.0218476, -30.1468656 ], [ -51.0218926, -30.1468807 ], [ -51.0220085, -30.1468807 ], [ -51.022135, -30.1468584 ], [ -51.0229118, -30.1465096 ], [ -51.0238061, -30.1461 ], [ -51.0247779, -30.145656 ], [ -51.0258006, -30.1450089 ], [ -51.0270585, -30.1441762 ], [ -51.0282505, -30.143346799999989 ], [ -51.0287483, -30.1429701 ], [ -51.0289843, -30.142599 ], [ -51.0294993, -30.1421536 ], [ -51.0301817, -30.1417695 ], [ -51.0310376, -30.1413544 ], [ -51.0313815, -30.1411585 ], [ -51.0317034, -30.1409648 ], [ -51.0317848, -30.1408687 ], [ -51.0315666, -30.1406621 ], [ -51.0312903, -30.1404394 ], [ -51.0310328, -30.1402794 ], [ -51.0306833, -30.1400893 ], [ -51.030432, -30.1399732 ], [ -51.0302116, -30.1398461 ], [ -51.0300782, -30.1397544 ], [ -51.0299289, -30.1395898 ], [ -51.0296342, -30.1391258 ], [ -51.0293423, -30.138564699999989 ], [ -51.0285609, -30.137362 ], [ -51.0282294, -30.136816599999989 ], [ -51.0281599, -30.1365023 ], [ -51.0281717, -30.1361752 ], [ -51.0283537, -30.1347365 ], [ -51.028521, -30.133693 ], [ -51.0284239, -30.133003 ], [ -51.0284373, -30.1326703 ], [ -51.0284617, -30.1323789 ], [ -51.0285264, -30.1320909 ], [ -51.0287655, -30.1313675 ], [ -51.02883760000001, -30.1309705 ], [ -51.0288235, -30.1307313 ], [ -51.0287129, -30.130357799999985 ], [ -51.0285866, -30.1300791 ], [ -51.0284011, -30.1298003 ], [ -51.027787, -30.1292051 ], [ -51.0274015, -30.1287149 ], [ -51.0271812, -30.1281612 ], [ -51.0269049, -30.127170599999989 ], [ -51.0269509, -30.1265422 ], [ -51.0272069, -30.1258962 ], [ -51.0273926, -30.1252342 ], [ -51.0282051, -30.1242012 ], [ -51.0282932, -30.1239027 ], [ -51.0282999, -30.1236042 ], [ -51.0281901, -30.1231732 ], [ -51.0280378, -30.1224786 ], [ -51.0279603, -30.1220633 ], [ -51.0278982, -30.12178 ], [ -51.0278363, -30.1216416 ], [ -51.0277813, -30.1215372 ], [ -51.0277411, -30.1214746 ], [ -51.027703, -30.1214329 ], [ -51.0278061, -30.121400900000012 ], [ -51.0278282, -30.1213951 ], [ -51.0278504, -30.1213951 ], [ -51.0278779, -30.1214009 ], [ -51.0279248, -30.1214285 ], [ -51.0280395, -30.121503 ], [ -51.0281248, -30.12157650000001 ], [ -51.0284514, -30.1218579 ], [ -51.0286242, -30.121913599999985 ], [ -51.028887, -30.1219461 ], [ -51.0290667, -30.1219554 ], [ -51.0292465, -30.1219206 ], [ -51.0294557, -30.1218348 ], [ -51.029748, -30.1216167 ], [ -51.0299921, -30.1213777 ], [ -51.030314, -30.121046 ], [ -51.030601, -30.1206423 ], [ -51.0308021, -30.1201945 ], [ -51.0311396, -30.1190857 ], [ -51.0313466, -30.1185438 ], [ -51.0314715, -30.1182338 ], [ -51.0316859, -30.118074 ], [ -51.0319287, -30.1180264 ], [ -51.0329557, -30.118087899999988 ], [ -51.035571, -30.118563 ], [ -51.0360956, -30.1186076 ], [ -51.0366477, -30.1184903 ], [ -51.0369463, -30.1184096 ], [ -51.0370706, -30.1183592 ], [ -51.0372013, -30.1182899 ], [ -51.0373403, -30.1182006 ], [ -51.0374841, -30.1180945 ], [ -51.0380215, -30.1176373 ], [ -51.0384559, -30.1160895 ], [ -51.0388262, -30.1145166 ], [ -51.0387844, -30.1137215 ], [ -51.046102, -30.0989368 ], [ -51.0456718, -30.0988513 ], [ -51.0456223, -30.0988482 ], [ -51.045571, -30.0988552 ], [ -51.045164, -30.0989355 ], [ -51.0448544, -30.0990132 ], [ -51.0445101, -30.099107600000011 ] ] ] } },
{ "type": "Feature", "properties": { "name": "Passo do Vigário", "code_muni": 4323002.0, "name_muni": "Viamão" }, "geometry": { "type": "Polygon", "coordinates": [ [ [ -51.017116, -30.081136 ], [ -51.016989700000011, -30.081115 ], [ -51.0169357, -30.081111 ], [ -51.0168656, -30.0811075 ], [ -51.0165024, -30.0811687 ], [ -51.0164774, -30.081173 ], [ -51.0159203, -30.0812694 ], [ -51.0153636, -30.0813715 ], [ -51.0141367, -30.0815879 ], [ -51.0136463, -30.0816769 ], [ -51.012732, -30.0818206 ], [ -51.0127984, -30.0815447 ], [ -51.0120267, -30.0813958 ], [ -51.0123593, -30.0800218 ], [ -51.0121501, -30.0792698 ], [ -51.0121608, -30.0780535 ], [ -51.0112596, -30.0763267 ], [ -51.0120354, -30.0738447 ], [ -51.0117446, -30.0733616 ], [ -51.0114772, -30.0731147 ], [ -51.0110731, -30.0729413 ], [ -51.0104907, -30.0728152 ], [ -51.0102461, -30.0727853 ], [ -51.0101894, -30.072794 ], [ -51.0100644, -30.0728409 ], [ -51.0097765, -30.072949 ], [ -51.0096755, -30.0729457 ], [ -51.0091378, -30.0729283 ], [ -51.008344, -30.0727568 ], [ -51.0077597, -30.0726502 ], [ -51.0071243, -30.0724914 ], [ -51.0068546, -30.0724522 ], [ -51.0066852, -30.0724276 ], [ -51.0062673, -30.0723146 ], [ -51.0052756, -30.0721315 ], [ -51.0051947, -30.0721166 ], [ -51.0047797, -30.072014799999987 ], [ -51.0042731, -30.071897 ], [ -51.0039346, -30.0718371 ], [ -51.0027985, -30.071616 ], [ -51.002733, -30.0716035 ], [ -51.002531, -30.0715649 ], [ -51.002255, -30.0715114 ], [ -51.0017663, -30.0714638 ], [ -51.0013977, -30.0714441 ], [ -51.0011515, -30.0714309 ], [ -50.9995712, -30.0714144 ], [ -50.9991144, -30.071391199999987 ], [ -50.9987045, -30.0713703 ], [ -50.9982687, -30.071362600000011 ], [ -50.996282, -30.0713168 ], [ -50.9957431, -30.0713044 ], [ -50.998106, -30.0759646 ], [ -50.9982348, -30.0771901 ], [ -50.9990287, -30.0778029 ], [ -50.9988356, -30.0796411 ], [ -50.9989214, -30.0810151 ], [ -50.9973121, -30.0809037 ], [ -50.9932137, -30.0809223 ], [ -50.9916902, -30.0817207 ], [ -50.9905744, -30.0829461 ], [ -50.9899092, -30.08509990000001 ], [ -50.9902954, -30.086641 ], [ -50.9867335, -30.0880706 ], [ -50.9780431, -30.0882377 ], [ -50.9767986, -30.0856012 ], [ -50.9707475, -30.0861582 ], [ -50.9712196, -30.0879592 ], [ -50.9740091, -30.0876993 ], [ -50.9742022, -30.0891289 ], [ -50.9701252, -30.0910783 ], [ -50.9654474, -30.0965179 ], [ -50.9632802, -30.096815 ], [ -50.9614134, -30.0975576 ], [ -50.9601045, -30.0985229 ], [ -50.958302, -30.0985786 ], [ -50.9537745, -30.1001566 ], [ -50.9507275, -30.1020501 ], [ -50.9471972, -30.1070372 ], [ -50.9481478, -30.1067672 ], [ -50.9505406, -30.1062163 ], [ -50.9515472, -30.1059889 ], [ -50.9523615, -30.1057895 ], [ -50.9525943, -30.1057307 ], [ -50.9539327, -30.105352 ], [ -50.9574415, -30.1042169 ], [ -50.9587421, -30.1037764 ], [ -50.9607869, -30.1031379 ], [ -50.9625683, -30.102668 ], [ -50.9638761, -30.1023751 ], [ -50.9640166, -30.1023436 ], [ -50.9662857, -30.101949099999985 ], [ -50.9681204, -30.1016567 ], [ -50.9699335, -30.1014293 ], [ -50.97231, -30.1010905 ], [ -50.9735599, -30.1008538 ], [ -50.9750995, -30.1004918 ], [ -50.9766376, -30.1000638 ], [ -50.9783673, -30.0994671 ], [ -50.9784815, -30.0994225 ], [ -50.9815167, -30.0983806 ], [ -50.9837681, -30.0976039 ], [ -50.9853116, -30.097074 ], [ -50.9872878, -30.0965099 ], [ -50.9980127, -30.093674 ], [ -51.0004965, -30.0930451 ], [ -51.0006371, -30.0930003 ], [ -51.0008341, -30.0929538 ], [ -51.0073898, -30.0912218 ], [ -51.0078342, -30.0911097 ], [ -51.0090128, -30.0907945 ], [ -51.0101632, -30.090504299999989 ], [ -51.0108612, -30.0903531 ], [ -51.0115595, -30.0902283 ], [ -51.0117598, -30.0901918 ], [ -51.0137693, -30.0898805 ], [ -51.0157702, -30.0895706 ], [ -51.0161596, -30.089512200000012 ], [ -51.0164707, -30.0894594 ], [ -51.0170227, -30.0893863 ], [ -51.0171718, -30.0893581 ], [ -51.0173146, -30.0893529 ], [ -51.0174789, -30.0893302 ], [ -51.0176338, -30.0893088 ], [ -51.0177579, -30.0892635 ], [ -51.0180159, -30.089222 ], [ -51.0202649, -30.0888815 ], [ -51.0215002, -30.088699599999988 ], [ -51.0221205, -30.0885951 ], [ -51.0221983, -30.0885783 ], [ -51.0226012, -30.0885174 ], [ -51.0236178, -30.0883503 ], [ -51.0235843, -30.088182 ], [ -51.0235615, -30.0881008 ], [ -51.0235026, -30.0880182 ], [ -51.0232931, -30.0877799 ], [ -51.0230173, -30.0875637 ], [ -51.0228919, -30.08746 ], [ -51.0227567, -30.0873508 ], [ -51.0224943, -30.0871333 ], [ -51.0219145, -30.0866548 ], [ -51.0216029, -30.0863717 ], [ -51.0207216, -30.085571099999989 ], [ -51.0201963, -30.0850753 ], [ -51.0186927, -30.083612 ], [ -51.0179897, -30.0829391 ], [ -51.017747, -30.0826598 ], [ -51.0175361, -30.0823649 ], [ -51.0173435, -30.0819346 ], [ -51.017312, -30.0818135 ], [ -51.0172851, -30.0817103 ], [ -51.01724990000001, -30.0814491 ], [ -51.0171885, -30.0812659 ], [ -51.0171501, -30.081161 ], [ -51.017116, -30.081136 ] ] ] } },
{ "type": "Feature", "properties": { "name": "Centro", "code_muni": 4323002.0, "name_muni": "Viamão" }, "geometry": { "type": "Polygon", "coordinates": [ [ [ -51.0171501, -30.081161 ], [ -51.0171885, -30.0812659 ], [ -51.01724990000001, -30.0814491 ], [ -51.0172851, -30.0817103 ], [ -51.017312, -30.0818135 ], [ -51.0173435, -30.0819346 ], [ -51.0175361, -30.0823649 ], [ -51.017747, -30.0826598 ], [ -51.0179897, -30.0829391 ], [ -51.0186927, -30.083612 ], [ -51.0201963, -30.0850753 ], [ -51.0207216, -30.085571099999989 ], [ -51.0216029, -30.0863717 ], [ -51.0219145, -30.0866548 ], [ -51.0224943, -30.0871333 ], [ -51.0227567, -30.0873508 ], [ -51.0228919, -30.08746 ], [ -51.0230173, -30.0875637 ], [ -51.0232931, -30.0877799 ], [ -51.0235026, -30.0880182 ], [ -51.0235615, -30.0881008 ], [ -51.0235843, -30.088182 ], [ -51.0236178, -30.0883503 ], [ -51.0274785, -30.0877746 ], [ -51.0277124, -30.0877473 ], [ -51.0279563, -30.087712 ], [ -51.0286945, -30.087565200000011 ], [ -51.0291051, -30.087468099999985 ], [ -51.0294224, -30.087369 ], [ -51.0297296, -30.0872706 ], [ -51.0300887, -30.0871168 ], [ -51.0304594, -30.0869225 ], [ -51.030841, -30.0866921 ], [ -51.0311822, -30.086453 ], [ -51.0314392, -30.086243 ], [ -51.0317845, -30.0859328 ], [ -51.0321564, -30.0855269 ], [ -51.0322804, -30.0853596 ], [ -51.0323868, -30.0852253 ], [ -51.0326129, -30.0849351 ], [ -51.0328782, -30.0846044 ], [ -51.0329595, -30.0845094 ], [ -51.0330162, -30.084441 ], [ -51.0333781, -30.083953499999989 ], [ -51.0342568, -30.0829253 ], [ -51.035901, -30.0810546 ], [ -51.036593, -30.0803212 ], [ -51.0368371, -30.0800798 ], [ -51.0371187, -30.079857 ], [ -51.0374996, -30.0795924 ], [ -51.0378805, -30.0793498 ], [ -51.0378347, -30.0793001 ], [ -51.0377852, -30.0792141 ], [ -51.0377593, -30.0791262 ], [ -51.0376784, -30.0783048 ], [ -51.0376287, -30.0781061 ], [ -51.0375995, -30.077989399999986 ], [ -51.0372977, -30.077158 ], [ -51.0372292, -30.0769633 ], [ -51.0370768, -30.0765301 ], [ -51.0369678, -30.076263 ], [ -51.0368058, -30.0758709 ], [ -51.0364533, -30.0751241 ], [ -51.0363972, -30.0750353 ], [ -51.0363305, -30.0749595 ], [ -51.0350588, -30.0757325 ], [ -51.0332215, -30.0754632 ], [ -51.0318428, -30.0759924 ], [ -51.0309067, -30.075895 ], [ -51.0292009, -30.075758 ], [ -51.0289254, -30.0763828 ], [ -51.0288624, -30.0763439 ], [ -51.0287811, -30.0762965 ], [ -51.0281687, -30.075964399999986 ], [ -51.0277649, -30.0757638 ], [ -51.0275364, -30.0756411 ], [ -51.0270257, -30.0753256 ], [ -51.0268683, -30.07554 ], [ -51.0266556, -30.0758074 ], [ -51.0262562, -30.0761302 ], [ -51.0257928, -30.0763825 ], [ -51.0250806, -30.0767056 ], [ -51.0247024, -30.076852 ], [ -51.0240715, -30.0767472 ], [ -51.0232996, -30.0766518 ], [ -51.0225376, -30.0765573 ], [ -51.0218929, -30.0764633 ], [ -51.0213603, -30.0764108 ], [ -51.0209905, -30.0763657 ], [ -51.0207881, -30.0763615 ], [ -51.0203392, -30.0764539 ], [ -51.0199025, -30.0766333 ], [ -51.0198103, -30.076686 ], [ -51.0195496, -30.0768349 ], [ -51.0192767, -30.077008 ], [ -51.0188907, -30.0773115 ], [ -51.018668, -30.0774831 ], [ -51.0184583, -30.0776902 ], [ -51.0182843, -30.077898 ], [ -51.0181703, -30.0781091 ], [ -51.0177668, -30.0787701 ], [ -51.0176839, -30.078750299999985 ], [ -51.0173289, -30.0786707 ], [ -51.0171761, -30.0786338 ], [ -51.0171413, -30.0786305 ], [ -51.0171668, -30.0794922 ], [ -51.0171901, -30.0802799 ], [ -51.017214, -30.0806046 ], [ -51.0171591, -30.0807888 ], [ -51.0171106, -30.0809228 ], [ -51.017088, -30.080955399999986 ], [ -51.017071, -30.0809917 ], [ -51.0170666, -30.0810302 ], [ -51.0170729, -30.0810686 ], [ -51.0170897, -30.0811045 ], [ -51.017116, -30.081136 ], [ -51.0171501, -30.081161 ] ] ] } },
{ "type": "Feature", "properties": { "name": "Tarumã", "code_muni": 4323002.0, "name_muni": "Viamão" }, "geometry": { "type": "Polygon", "coordinates": [ [ [ -51.0170897, -30.0811045 ], [ -51.0170729, -30.0810686 ], [ -51.0170666, -30.0810302 ], [ -51.017071, -30.0809917 ], [ -51.017088, -30.080955399999986 ], [ -51.0171106, -30.0809228 ], [ -51.0171591, -30.0807888 ], [ -51.017214, -30.0806046 ], [ -51.0171901, -30.0802799 ], [ -51.0171668, -30.0794922 ], [ -51.0171413, -30.0786305 ], [ -51.0171761, -30.0786338 ], [ -51.0173289, -30.0786707 ], [ -51.0176839, -30.078750299999985 ], [ -51.0177668, -30.0787701 ], [ -51.0181703, -30.0781091 ], [ -51.0182843, -30.077898 ], [ -51.0184583, -30.0776902 ], [ -51.018668, -30.0774831 ], [ -51.0188907, -30.0773115 ], [ -51.0192767, -30.077008 ], [ -51.0195496, -30.0768349 ], [ -51.0198103, -30.076686 ], [ -51.0199025, -30.0766333 ], [ -51.0203392, -30.0764539 ], [ -51.0207881, -30.0763615 ], [ -51.0209905, -30.0763657 ], [ -51.0213603, -30.0764108 ], [ -51.0218929, -30.0764633 ], [ -51.0225376, -30.0765573 ], [ -51.0232996, -30.0766518 ], [ -51.0240715, -30.0767472 ], [ -51.0247024, -30.076852 ], [ -51.0250806, -30.0767056 ], [ -51.0257928, -30.0763825 ], [ -51.0262562, -30.0761302 ], [ -51.0266556, -30.0758074 ], [ -51.0268683, -30.07554 ], [ -51.0270257, -30.0753256 ], [ -51.0275364, -30.0756411 ], [ -51.0277649, -30.0757638 ], [ -51.0281687, -30.075964399999986 ], [ -51.0287811, -30.0762965 ], [ -51.0288624, -30.0763439 ], [ -51.0289254, -30.0763828 ], [ -51.0292009, -30.075758 ], [ -51.0309067, -30.075895 ], [ -51.0318428, -30.0759924 ], [ -51.0332215, -30.0754632 ], [ -51.0350588, -30.0757325 ], [ -51.0363305, -30.0749595 ], [ -51.0361867, -30.0748237 ], [ -51.0358128, -30.0744704 ], [ -51.0357839, -30.0743925 ], [ -51.0357547, -30.0743404 ], [ -51.0356928, -30.0742486 ], [ -51.0347638, -30.0734177 ], [ -51.0346226, -30.073244 ], [ -51.0344939, -30.0729098 ], [ -51.0343977, -30.072753 ], [ -51.0344084, -30.0726591 ], [ -51.0343958, -30.0726015 ], [ -51.034119, -30.072052 ], [ -51.0335837, -30.0712384 ], [ -51.0334873, -30.070951 ], [ -51.0334131, -30.0707299 ], [ -51.0331808, -30.0697615 ], [ -51.033074, -30.0694271 ], [ -51.0329667, -30.0691822 ], [ -51.0329613, -30.0690847 ], [ -51.0330525, -30.0686019 ], [ -51.0330445, -30.0684695 ], [ -51.0322103, -30.0661181 ], [ -51.032188, -30.0658679 ], [ -51.0321699, -30.065663700000012 ], [ -51.0320824, -30.0647176 ], [ -51.0318583, -30.0642569 ], [ -51.0314923, -30.0634083 ], [ -51.0311272, -30.062240699999986 ], [ -51.0309987, -30.0618298 ], [ -51.030804, -30.0604342 ], [ -51.0306769, -30.0596755 ], [ -51.0308048, -30.0586583 ], [ -51.0328227, -30.0566297 ], [ -51.0332304, -30.055853699999986 ], [ -51.0333549, -30.0545736 ], [ -51.0335468, -30.052599399999988 ], [ -51.0340028, -30.0507793 ], [ -51.0344373, -30.0499899 ], [ -51.0344057, -30.0497886 ], [ -51.0342281, -30.0495894 ], [ -51.0334843, -30.0492384 ], [ -51.032872, -30.0490281 ], [ -51.0325571, -30.0489115 ], [ -51.031259, -30.0482904 ], [ -51.0308244, -30.047898 ], [ -51.024456, -30.0491896 ], [ -51.0254055, -30.047824499999987 ], [ -51.0254753, -30.0460088 ], [ -51.0228467, -30.0460367 ], [ -51.0227555, -30.0457442 ], [ -51.0224551, -30.045498 ], [ -51.0220099, -30.0453355 ], [ -51.0216558, -30.0453262 ], [ -51.020304, -30.0456281 ], [ -51.0199392, -30.0455816 ], [ -51.0180616, -30.0462689 ], [ -51.0148325, -30.0456994 ], [ -51.0144799, -30.045241 ], [ -51.0144171, -30.0450993 ], [ -51.0143917, -30.0449258 ], [ -51.0143996, -30.0447557 ], [ -51.0144369, -30.0445856 ], [ -51.015039, -30.0433347 ], [ -51.0150589, -30.0431902 ], [ -51.0150471, -30.043034 ], [ -51.0147896, -30.04214240000001 ], [ -51.0147145, -30.0416408 ], [ -51.0146179, -30.0402756 ], [ -51.0146244, -30.0401926 ], [ -51.0146501, -30.0401146 ], [ -51.0146859, -30.0400529 ], [ -51.0140912, -30.040196 ], [ -51.0113867, -30.0412832 ], [ -51.0098487, -30.0417348 ], [ -51.0092151, -30.0420539 ], [ -51.0086793, -30.0424866 ], [ -51.0081589, -30.0428779 ], [ -51.0081163, -30.0429138 ], [ -51.0077432, -30.043146 ], [ -51.0073967, -30.043309 ], [ -51.0070565, -30.0434084 ], [ -51.0065583, -30.0434961 ], [ -51.0061151, -30.043536099999987 ], [ -51.0056081, -30.043526799999988 ], [ -51.0045724, -30.0434398 ], [ -51.0041571, -30.0434456 ], [ -51.0039559, -30.0434781 ], [ -51.0037655, -30.043528 ], [ -51.003394, -30.0437288 ], [ -51.0030091, -30.043997 ], [ -51.0024391, -30.0444509 ], [ -51.0020851, -30.0447423 ], [ -51.0012541, -30.0454529 ], [ -51.0011932, -30.045498 ], [ -51.0009642, -30.0456748 ], [ -51.0004275, -30.0451591 ], [ -51.0002793, -30.0450209 ], [ -50.9998896, -30.0446093 ], [ -50.9996916, -30.0444054 ], [ -50.9992103, -30.0439226 ], [ -50.998255, -30.0430052 ], [ -50.9968507, -30.0415834 ], [ -50.9966294, -30.0412804 ], [ -50.9963056, -30.0407815 ], [ -50.9961641, -30.0404805 ], [ -50.9958503, -30.04039 ], [ -50.9955928, -30.0403366 ], [ -50.9953675, -30.0403273 ], [ -50.9951663, -30.0403435 ], [ -50.9944931, -30.0404875 ], [ -50.9940746, -30.0406291 ], [ -50.9924566, -30.0412569 ], [ -50.9931064, -30.0427304 ], [ -51.0008311, -30.0504015 ], [ -51.0038138, -30.0542926 ], [ -51.0053748, -30.0557273 ], [ -51.0043354, -30.0564749 ], [ -51.0033846, -30.0573803 ], [ -51.0032411, -30.057472 ], [ -51.0030332, -30.057538099999988 ], [ -51.0011959, -30.0680633 ], [ -51.002255, -30.0715114 ], [ -51.002531, -30.0715649 ], [ -51.002733, -30.0716035 ], [ -51.0027985, -30.071616 ], [ -51.0039346, -30.0718371 ], [ -51.0042731, -30.071897 ], [ -51.0047797, -30.072014799999987 ], [ -51.0051947, -30.0721166 ], [ -51.0052756, -30.0721315 ], [ -51.0062673, -30.0723146 ], [ -51.0066852, -30.0724276 ], [ -51.0068546, -30.0724522 ], [ -51.0071243, -30.0724914 ], [ -51.0077597, -30.0726502 ], [ -51.008344, -30.0727568 ], [ -51.0091378, -30.0729283 ], [ -51.0096755, -30.0729457 ], [ -51.0097765, -30.072949 ], [ -51.0100644, -30.0728409 ], [ -51.0101894, -30.072794 ], [ -51.0102461, -30.0727853 ], [ -51.0104907, -30.0728152 ], [ -51.0110731, -30.0729413 ], [ -51.0114772, -30.0731147 ], [ -51.0117446, -30.0733616 ], [ -51.0120354, -30.0738447 ], [ -51.0112596, -30.0763267 ], [ -51.0121608, -30.0780535 ], [ -51.0121501, -30.0792698 ], [ -51.0123593, -30.0800218 ], [ -51.0120267, -30.0813958 ], [ -51.0127984, -30.0815447 ], [ -51.012732, -30.0818206 ], [ -51.0136463, -30.0816769 ], [ -51.0141367, -30.0815879 ], [ -51.0153636, -30.0813715 ], [ -51.0159203, -30.0812694 ], [ -51.0164774, -30.081173 ], [ -51.0165024, -30.0811687 ], [ -51.0168656, -30.0811075 ], [ -51.0169357, -30.081111 ], [ -51.016989700000011, -30.081115 ], [ -51.017116, -30.081136 ], [ -51.0170897, -30.0811045 ] ] ] } },
{ "type": "Feature", "properties": { "name": "Estância Grande", "code_muni": 4323002.0, "name_muni": "Viamão" }, "geometry": { "type": "Polygon", "coordinates": [ [ [ -50.994233, -30.030164 ], [ -50.9945656, -30.029903899999987 ], [ -50.9947694, -30.029393 ], [ -50.9950591, -30.0289007 ], [ -50.9957243, -30.0282319 ], [ -50.9965826, -30.0275446 ], [ -50.997634, -30.0269779 ], [ -50.9987713, -30.0260212 ], [ -50.9992015, -30.0255381 ], [ -50.9995116, -30.0249715 ], [ -50.9996188, -30.0245907 ], [ -51.0003055, -30.0243677 ], [ -51.0018612, -30.0237825 ], [ -51.0034169, -30.0232716 ], [ -51.004597, -30.0230022 ], [ -51.0050369, -30.0230672 ], [ -51.0054993, -30.0229186 ], [ -51.006142, -30.0225377 ], [ -51.0072685, -30.0218689 ], [ -51.0078264, -30.0215345 ], [ -51.0084487, -30.0212093 ], [ -51.0088361, -30.0210093 ], [ -51.0088915, -30.0209701 ], [ -51.0089325, -30.0209101 ], [ -51.0089377, -30.0208109 ], [ -51.0088104, -30.020403 ], [ -51.0092437, -30.0194722 ], [ -51.0095763, -30.0187383 ], [ -51.0097372, -30.018376 ], [ -51.0097683, -30.0178651 ], [ -51.0098756, -30.0177629 ], [ -51.0108627, -30.0175864 ], [ -51.01107720000001, -30.0174656 ], [ -51.0113171, -30.0171143 ], [ -51.0114694, -30.0168652 ], [ -51.0114966, -30.016736 ], [ -51.0114431, -30.0164159 ], [ -51.0113455, -30.0161372 ], [ -51.0115182, -30.0159421 ], [ -51.01228960000001, -30.0154311 ], [ -51.0128797, -30.0149481 ], [ -51.013503, -30.0145857 ], [ -51.0141066, -30.0141375 ], [ -51.0146548, -30.0138175 ], [ -51.014757, -30.0137117 ], [ -51.014915, -30.0133845 ], [ -51.01524, -30.0130714 ], [ -51.0154332, -30.0127556 ], [ -51.015401, -30.0124211 ], [ -51.0154576, -30.0122709 ], [ -51.0155726, -30.0119659 ], [ -51.0159385, -30.0109997 ], [ -51.0161614, -30.0103198 ], [ -51.0161812, -30.0102847 ], [ -51.01627460000001, -30.0101188 ], [ -51.0164535, -30.0097176 ], [ -51.0169586, -30.0088965 ], [ -51.0172796, -30.0083612 ], [ -51.0177077, -30.0073578 ], [ -51.0178911, -30.0068468 ], [ -51.0183836, -30.00615 ], [ -51.0188342, -30.0055647 ], [ -51.0193814, -30.0050351 ], [ -51.0195209, -30.0049494 ], [ -51.0198438, -30.0047378 ], [ -51.0202515, -30.0045148 ], [ -51.0211152, -30.004393 ], [ -51.0217535, -30.0042825 ], [ -51.0219445, -30.0042296 ], [ -51.0225244, -30.0040688 ], [ -51.0227839, -30.0039664 ], [ -51.0231313, -30.0038352 ], [ -51.0236049, -30.0036476 ], [ -51.0241644, -30.0034569 ], [ -51.024439, -30.0033499 ], [ -51.0248311, -30.0032233 ], [ -51.025317, -30.0031019 ], [ -51.0257967, -30.0030282 ], [ -51.0263715, -30.0029698 ], [ -51.0266574, -30.0029418 ], [ -51.0269436, -30.0029153 ], [ -51.0272236, -30.0028517 ], [ -51.0277033, -30.0026802 ], [ -51.0275502, -30.0026655 ], [ -51.0274462, -30.0026496 ], [ -51.0270031, -30.0025663 ], [ -51.02680830790915, -30.002523724462158 ], [ -51.026785973, -30.002526694 ], [ -51.026728580628905, -30.002506298446153 ], [ -51.0266563, -30.0024905 ], [ -51.0263444, -30.002389600000011 ], [ -51.0261908, -30.0023255 ], [ -51.026147358937813, -30.002299747537482 ], [ -51.020444789038038, -30.000273022253765 ], [ -51.0202729, -30.000248 ], [ -51.0198733, -30.0001677 ], [ -51.0194168, -29.9999998 ], [ -51.0193142, -29.9999583 ], [ -51.0181008, -29.9994769 ], [ -51.0175859, -29.9992661 ], [ -51.017458937068454, -29.999211702079407 ], [ -51.015275158703496, -29.998435421430205 ], [ -51.01503320667306, -29.998387135513084 ], [ -51.007199262796981, -29.999953992723064 ], [ -51.0069651, -30.0000216 ], [ -51.0064562, -30.0001505 ], [ -51.0059809, -30.0002211 ], [ -51.005759038264046, -30.000241994090231 ], [ -51.005640952, -30.000265607 ], [ -51.005527886498164, -30.000263762672905 ], [ -51.0053183, -30.0002835 ], [ -51.0044589, -30.0003126 ], [ -51.0039188, -30.0002864 ], [ -51.003717, -30.0002568 ], [ -51.003543860627239, -30.000231383383746 ], [ -51.000130089602074, -30.000175600630648 ], [ -51.0000959, -30.000178200000011 ], [ -50.9995628, -30.0001877 ], [ -50.9991552, -30.0001659 ], [ -50.999120536011915, -30.000159087040284 ], [ -50.999029404999895, -30.000157596 ], [ -50.998947814148615, -30.000125139639483 ], [ -50.9987848, -30.0000931 ], [ -50.9983077, -29.9999277 ], [ -50.9976744, -29.9996613 ], [ -50.997400859052078, -29.999509756410095 ], [ -50.988916977863823, -29.996134384614226 ], [ -50.9887599, -29.9961118 ], [ -50.9879101, -29.995994199999988 ], [ -50.987706, -29.9959552 ], [ -50.9875019, -29.995892 ], [ -50.9873235, -29.9958146 ], [ -50.9871591, -29.9957089 ], [ -50.9866695, -29.995337 ], [ -50.9864299, -29.9951674 ], [ -50.98628540589236, -29.995087237354532 ], [ -50.986243624796401, -29.995070611342904 ], [ -50.986235193866733, -29.995067881178727 ], [ -50.984789575648939, -29.995065287223202 ], [ -50.9847271, -29.9951836 ], [ -50.9844831, -29.9956946 ], [ -50.9837508, -29.997841 ], [ -50.9836945, -29.9983335 ], [ -50.9837669, -29.9986029 ], [ -50.9838455, -29.9987547 ], [ -50.9839761, -29.9990071 ], [ -50.984005, -29.9990703 ], [ -50.9844053, -29.9999479 ], [ -50.9845394, -30.0004682 ], [ -50.9845796, -30.0011929 ], [ -50.9842256, -30.0029397 ], [ -50.9840785, -30.0039885 ], [ -50.9838219, -30.0058327 ], [ -50.9837294, -30.0063332 ], [ -50.9835765, -30.0069604 ], [ -50.9830116, -30.0092962 ], [ -50.9824553, -30.0115964 ], [ -50.9820235, -30.013066500000011 ], [ -50.9819717, -30.0132327 ], [ -50.9813375, -30.0152661 ], [ -50.9812188, -30.0156469 ], [ -50.9811974, -30.0157978 ], [ -50.9811893, -30.0161857 ], [ -50.9811425, -30.0166534 ], [ -50.9806194, -30.018287 ], [ -50.98037930000001, -30.0188263 ], [ -50.9802344, -30.0190516 ], [ -50.979904500000011, -30.0193326 ], [ -50.9789684, -30.01998630000001 ], [ -50.9783649, -30.0204845 ], [ -50.9779894, -30.0208189 ], [ -50.9775361, -30.0213182 ], [ -50.9773161, -30.0219302 ], [ -50.9772572, -30.0221264 ], [ -50.9772411, -30.0223238 ], [ -50.9771231, -30.0232713 ], [ -50.9769809, -30.0239239 ], [ -50.9768012, -30.0245393 ], [ -50.9766778, -30.0248575 ], [ -50.976254, -30.0255495 ], [ -50.975908, -30.0259396 ], [ -50.9754105, -30.0265829 ], [ -50.9752053, -30.0268883 ], [ -50.9750497, -30.027326 ], [ -50.97494240000001, -30.0278624 ], [ -50.974972, -30.0281635 ], [ -50.9751356, -30.0298293 ], [ -50.975495, -30.03207020000001 ], [ -50.975554, -30.0323976 ], [ -50.9756666, -30.0327622 ], [ -50.9768746, -30.0350269 ], [ -50.9778875, -30.0369256 ], [ -50.9780189, -30.0372089 ], [ -50.9785688, -30.038016899999988 ], [ -50.9789094, -30.0384581 ], [ -50.9792259, -30.0387762 ], [ -50.9796578, -30.0391442 ], [ -50.9803498, -30.0396702 ], [ -50.98070460000001, -30.0398455 ], [ -50.9847003, -30.0418197 ], [ -50.9849022, -30.0418551 ], [ -50.9858912, -30.0420803 ], [ -50.9873493, -30.0424024 ], [ -50.9876244, -30.0424648 ], [ -50.9887773, -30.0422939 ], [ -50.9896141, -30.0421453 ], [ -50.9904264, -30.0419635 ], [ -50.9924566, -30.0412569 ], [ -50.9940746, -30.0406291 ], [ -50.9944931, -30.0404875 ], [ -50.9951663, -30.0403435 ], [ -50.9953675, -30.0403273 ], [ -50.9955928, -30.0403366 ], [ -50.9958503, -30.04039 ], [ -50.9961641, -30.0404805 ], [ -50.9958114, -30.0396504 ], [ -50.9956115, -30.0390247 ], [ -50.9954909, -30.0380854 ], [ -50.9951153, -30.0344016 ], [ -50.9950027, -30.0335819 ], [ -50.9949249, -30.033152300000012 ], [ -50.9947103, -30.0321352 ], [ -50.9941538, -30.030202 ], [ -50.994233, -30.030164 ] ] ] } },
{ "type": "Feature", "properties": { "name": "Elsa", "code_muni": 4323002.0, "name_muni": "Viamão" }, "geometry": { "type": "Polygon", "coordinates": [ [ [ -50.9963056, -30.0407815 ], [ -50.9966294, -30.0412804 ], [ -50.9968507, -30.0415834 ], [ -50.998255, -30.0430052 ], [ -50.9992103, -30.0439226 ], [ -50.9996916, -30.0444054 ], [ -50.9998896, -30.0446093 ], [ -51.0002793, -30.0450209 ], [ -51.0004275, -30.0451591 ], [ -51.0009642, -30.0456748 ], [ -51.0011932, -30.045498 ], [ -51.0012541, -30.0454529 ], [ -51.0020851, -30.0447423 ], [ -51.0024391, -30.0444509 ], [ -51.0030091, -30.043997 ], [ -51.003394, -30.0437288 ], [ -51.0037655, -30.043528 ], [ -51.0039559, -30.0434781 ], [ -51.0041571, -30.0434456 ], [ -51.0045724, -30.0434398 ], [ -51.0056081, -30.043526799999988 ], [ -51.0061151, -30.043536099999987 ], [ -51.0065583, -30.0434961 ], [ -51.0070565, -30.0434084 ], [ -51.0073967, -30.043309 ], [ -51.0077432, -30.043146 ], [ -51.0081163, -30.0429138 ], [ -51.0081589, -30.0428779 ], [ -51.0086793, -30.0424866 ], [ -51.0092151, -30.0420539 ], [ -51.0098487, -30.0417348 ], [ -51.0113867, -30.0412832 ], [ -51.0140912, -30.040196 ], [ -51.0146859, -30.0400529 ], [ -51.0147572, -30.0400022 ], [ -51.0148254, -30.0399709 ], [ -51.0151867, -30.0398865 ], [ -51.0170199, -30.0396563 ], [ -51.017235, -30.0396177 ], [ -51.0173965, -30.039579599999989 ], [ -51.0175472, -30.0395125 ], [ -51.0178296, -30.0393072 ], [ -51.0182765, -30.0389103 ], [ -51.0185876, -30.0384923 ], [ -51.0187164, -30.0381115 ], [ -51.0187807, -30.0373127 ], [ -51.0189565, -30.0336108 ], [ -51.0189953, -30.0329102 ], [ -51.0191133, -30.032325 ], [ -51.0196661, -30.0308406 ], [ -51.0198541, -30.0305271 ], [ -51.0202935, -30.0299285 ], [ -51.0212376, -30.028823199999987 ], [ -51.0216346, -30.0284331 ], [ -51.0224178, -30.0279036 ], [ -51.0233834, -30.027532 ], [ -51.0241237, -30.0271884 ], [ -51.0243383, -30.0270304 ], [ -51.0245314, -30.0267053 ], [ -51.0247206, -30.0262234 ], [ -51.0250257, -30.025446599999984 ], [ -51.0252524, -30.0248845 ], [ -51.0257092, -30.0237519 ], [ -51.0259939, -30.0231509 ], [ -51.0261895, -30.0229625 ], [ -51.0264278, -30.022795199999987 ], [ -51.0268475, -30.0226672 ], [ -51.0272271, -30.0225275 ], [ -51.0274022, -30.0223693 ], [ -51.0275279, -30.0221629 ], [ -51.0276375, -30.021835 ], [ -51.028037, -30.0206442 ], [ -51.0285228, -30.019504800000011 ], [ -51.0289119, -30.0186801 ], [ -51.0290789, -30.0183997 ], [ -51.0291154, -30.0183406 ], [ -51.0291344, -30.0183118 ], [ -51.029797, -30.0173099 ], [ -51.0302736, -30.0165915 ], [ -51.0305665, -30.0162728 ], [ -51.031188, -30.0157688 ], [ -51.0313968, -30.015567 ], [ -51.0315608, -30.0153562 ], [ -51.0317338, -30.0150842 ], [ -51.0317624, -30.0149577 ], [ -51.0317725, -30.014831199999986 ], [ -51.0318001, -30.0140853 ], [ -51.031816, -30.013285 ], [ -51.0318357, -30.0127072 ], [ -51.0317897, -30.0113373 ], [ -51.0317998, -30.0110617 ], [ -51.0318017, -30.0109238 ], [ -51.031816, -30.010786 ], [ -51.031923, -30.01056 ], [ -51.032094, -30.010389 ], [ -51.0323412, -30.0102167 ], [ -51.0327458, -30.0100007 ], [ -51.0329732, -30.0099021 ], [ -51.033088, -30.0098593 ], [ -51.0338329, -30.009627 ], [ -51.0342125, -30.0095136 ], [ -51.0343983, -30.0094516 ], [ -51.0345416, -30.0093783 ], [ -51.0346805, -30.0092633 ], [ -51.034777, -30.009144 ], [ -51.035249, -30.00835 ], [ -51.0353991, -30.0081704 ], [ -51.0356247, -30.0080195 ], [ -51.0364347, -30.0075899 ], [ -51.0367105, -30.007430099999986 ], [ -51.0377601, -30.0068032 ], [ -51.0380107, -30.0066375 ], [ -51.038553, -30.006279 ], [ -51.038705908836256, -30.00622000478716 ], [ -51.038100057224717, -30.006013405002943 ], [ -51.0380321, -30.0059958 ], [ -51.0375005, -30.0058509 ], [ -51.0373763, -30.0058073 ], [ -51.0371529, -30.0056956 ], [ -51.037130179997291, -30.005682662245945 ], [ -51.034388616170723, -30.004747697026062 ], [ -51.0340275, -30.0046923 ], [ -51.0337995, -30.0046504 ], [ -51.0335634, -30.0045842 ], [ -51.0329495, -30.0042856 ], [ -51.0327275, -30.0041618 ], [ -51.03256480000001, -30.0040456 ], [ -51.0323922, -30.0039456 ], [ -51.0323272, -30.0038906 ], [ -51.0322737, -30.0038279 ], [ -51.0322283, -30.0037459 ], [ -51.032195, -30.0036572 ], [ -51.0321089, -30.003332299999986 ], [ -51.032108896589705, -30.003332286614782 ], [ -51.031006359999893, -30.001965502 ], [ -51.02930979716605, -30.002191113855897 ], [ -51.0290581, -30.0022987 ], [ -51.0286209, -30.002488 ], [ -51.0284547, -30.0025385 ], [ -51.0282682, -30.002589 ], [ -51.028035, -30.0026344 ], [ -51.0278717, -30.0026597 ], [ -51.0277033, -30.0026802 ], [ -51.0272236, -30.0028517 ], [ -51.0269436, -30.0029153 ], [ -51.0266574, -30.0029418 ], [ -51.0263715, -30.0029698 ], [ -51.0257967, -30.0030282 ], [ -51.025317, -30.0031019 ], [ -51.0248311, -30.0032233 ], [ -51.024439, -30.0033499 ], [ -51.0241644, -30.0034569 ], [ -51.0236049, -30.0036476 ], [ -51.0231313, -30.0038352 ], [ -51.0227839, -30.0039664 ], [ -51.0225244, -30.0040688 ], [ -51.0219445, -30.0042296 ], [ -51.0217535, -30.0042825 ], [ -51.0211152, -30.004393 ], [ -51.0202515, -30.0045148 ], [ -51.0198438, -30.0047378 ], [ -51.0195209, -30.0049494 ], [ -51.0193814, -30.0050351 ], [ -51.0188342, -30.0055647 ], [ -51.0183836, -30.00615 ], [ -51.0178911, -30.0068468 ], [ -51.0177077, -30.0073578 ], [ -51.0172796, -30.0083612 ], [ -51.0169586, -30.0088965 ], [ -51.0164535, -30.0097176 ], [ -51.01627460000001, -30.0101188 ], [ -51.0161812, -30.0102847 ], [ -51.0161614, -30.0103198 ], [ -51.0159385, -30.0109997 ], [ -51.0155726, -30.0119659 ], [ -51.0154576, -30.0122709 ], [ -51.015401, -30.0124211 ], [ -51.0154332, -30.0127556 ], [ -51.01524, -30.0130714 ], [ -51.014915, -30.0133845 ], [ -51.014757, -30.0137117 ], [ -51.0146548, -30.0138175 ], [ -51.0141066, -30.0141375 ], [ -51.013503, -30.0145857 ], [ -51.0128797, -30.0149481 ], [ -51.01228960000001, -30.0154311 ], [ -51.0115182, -30.0159421 ], [ -51.0113455, -30.0161372 ], [ -51.0114431, -30.0164159 ], [ -51.0114966, -30.016736 ], [ -51.0114694, -30.0168652 ], [ -51.0113171, -30.0171143 ], [ -51.01107720000001, -30.0174656 ], [ -51.0108627, -30.0175864 ], [ -51.0098756, -30.0177629 ], [ -51.0097683, -30.0178651 ], [ -51.0097372, -30.018376 ], [ -51.0095763, -30.0187383 ], [ -51.0092437, -30.0194722 ], [ -51.0088104, -30.020403 ], [ -51.0089377, -30.0208109 ], [ -51.0089325, -30.0209101 ], [ -51.0088915, -30.0209701 ], [ -51.0088361, -30.0210093 ], [ -51.0084487, -30.0212093 ], [ -51.0078264, -30.0215345 ], [ -51.0072685, -30.0218689 ], [ -51.006142, -30.0225377 ], [ -51.0054993, -30.0229186 ], [ -51.0050369, -30.0230672 ], [ -51.004597, -30.0230022 ], [ -51.0034169, -30.0232716 ], [ -51.0018612, -30.0237825 ], [ -51.0003055, -30.0243677 ], [ -50.9996188, -30.0245907 ], [ -50.9995116, -30.0249715 ], [ -50.9992015, -30.0255381 ], [ -50.9987713, -30.0260212 ], [ -50.997634, -30.0269779 ], [ -50.9965826, -30.0275446 ], [ -50.9957243, -30.0282319 ], [ -50.9950591, -30.0289007 ], [ -50.9947694, -30.029393 ], [ -50.9945656, -30.029903899999987 ], [ -50.994233, -30.030164 ], [ -50.9941538, -30.030202 ], [ -50.9947103, -30.0321352 ], [ -50.9949249, -30.033152300000012 ], [ -50.9950027, -30.0335819 ], [ -50.9951153, -30.0344016 ], [ -50.9954909, -30.0380854 ], [ -50.9956115, -30.0390247 ], [ -50.9958114, -30.0396504 ], [ -50.9961641, -30.0404805 ], [ -50.9963056, -30.0407815 ] ] ] } }
]
}
